15:00:06 DIRECT pid=679921 tid=679923 cpu=0 used=1.6s/10s <editor/agent state> <editor/agent state> --cancellationReceive=file:a0
15:00:06 DIRECT pid=679921 tid=679924 cpu=5 used=1.6s/10s <editor/agent state> <editor/agent state> --cancellationReceive=file:a0
15:00:06 DIRECT pid=679921 tid=679925 cpu=4 used=1.6s/10s <editor/agent state> <editor/agent state> --cancellationReceive=file:a0
15:00:06 DIRECT pid=679921 tid=679926 cpu=2 used=1.6s/10s <editor/agent state> <editor/agent state> --cancellationReceive=file:a0
15:00:06 SIBLING pid=690210 tid=690210 cpu=18 used=9.2s/10s /home/sxing/project/OS_final_project/changes/0_reproduce/env/bin/python -B -m ta_launch_sim --trace data/tectonic/20230325/Region6/full_0_0.1.trace --learned-ap --ap mlnew --ap-threshold 0.806378 --si
15:00:06 SIBLING pid=691761 tid=691761 cpu=17 used=9.3s/10s /home/sxing/project/OS_final_project/changes/0_reproduce/env/bin/python -B -m ta_launch_sim --trace data/tectonic/20230325/Region6/full_0_0.1.trace --learned-ap --ap mlnew --ap-threshold 0.806378 --si
15:00:06 SIBLING pid=691761 tid=691770 cpu=17 used=1.4s/10s /home/sxing/project/OS_final_project/changes/0_reproduce/env/bin/python -B -m ta_launch_sim --trace data/tectonic/20230325/Region6/full_0_0.1.trace --learned-ap --ap mlnew --ap-threshold 0.806378 --si
15:00:06 SIBLING pid=692326 tid=692326 cpu=16 used=10.0s/10s /home/sxing/project/OS_final_project/changes/0_reproduce/env/bin/python -B -m BCacheSim.cachesim.simulate_ap --trace data/tectonic/20230325/Region7/full_0.1_0.1.trace --offline-ap --ap opt --ap-thresh
15:00:06 SIBLING pid=692395 tid=692395 cpu=12 used=10.0s/10s /home/sxing/project/OS_final_project/changes/0_reproduce/env/bin/python -B -m BCacheSim.cachesim.simulate_ap --trace data/tectonic/202110/Region4/full_0.3_0.1.trace --offline-ap --ap opt --ap-threshol
15:00:06 SIBLING pid=692469 tid=692469 cpu=14 used=10.0s/10s /home/sxing/project/OS_final_project/changes/0_reproduce/env/bin/python -B -m BCacheSim.cachesim.simulate_ap --trace data/tectonic/20230325/Region7/full_0.1_0.1.trace --offline-ap --ap opt --ap-thresh
15:00:06 SIBLING pid=692874 tid=692874 cpu=15 used=10.0s/10s /home/sxing/project/OS_final_project/changes/0_reproduce/env/bin/python -B -m BCacheSim.cachesim.simulate_ap --trace data/tectonic/20230325/Region5/full_0.3_0.1.trace --offline-ap --ap opt --ap-thresh
15:00:06 SIBLING pid=692879 tid=692879 cpu=19 used=10.0s/10s /home/sxing/project/OS_final_project/changes/0_reproduce/env/bin/python -B -m BCacheSim.cachesim.simulate_ap --trace data/tectonic/202110/Region4/full_0.3_0.1.trace --offline-ap --ap opt --ap-threshol
15:00:06 SIBLING pid=692894 tid=692894 cpu=13 used=10.0s/10s /home/sxing/project/OS_final_project/changes/0_reproduce/env/bin/python -B -m BCacheSim.cachesim.simulate_ap --trace data/tectonic/20230325/Region7/full_0.1_0.1.trace --offline-ap --ap opt --ap-thresh
15:00:16 SIBLING pid=690213 tid=690213 cpu=15 used=9.2s/10s /home/sxing/project/OS_final_project/changes/0_reproduce/env/bin/python -B -m ta_launch_sim --trace data/tectonic/20230325/Region6/full_0_0.1.trace --learned-ap --ap mlnew --ap-threshold 0.806378 --si
15:00:16 SIBLING pid=690213 tid=690220 cpu=15 used=1.6s/10s /home/sxing/project/OS_final_project/changes/0_reproduce/env/bin/python -B -m ta_launch_sim --trace data/tectonic/20230325/Region6/full_0_0.1.trace --learned-ap --ap mlnew --ap-threshold 0.806378 --si
15:00:16 SIBLING pid=691761 tid=691761 cpu=16 used=9.2s/10s /home/sxing/project/OS_final_project/changes/0_reproduce/env/bin/python -B -m ta_launch_sim --trace data/tectonic/20230325/Region6/full_0_0.1.trace --learned-ap --ap mlnew --ap-threshold 0.806378 --si
15:00:16 SIBLING pid=691761 tid=691770 cpu=18 used=1.4s/10s /home/sxing/project/OS_final_project/changes/0_reproduce/env/bin/python -B -m ta_launch_sim --trace data/tectonic/20230325/Region6/full_0_0.1.trace --learned-ap --ap mlnew --ap-threshold 0.806378 --si
15:00:16 SIBLING pid=691762 tid=691767 cpu=18 used=1.4s/10s /home/sxing/project/OS_final_project/changes/0_reproduce/env/bin/python -B -m ta_launch_sim --trace data/tectonic/20230325/Region6/full_0_0.1.trace --learned-ap --ap mlnew --ap-threshold 0.806378 --si
15:00:16 SIBLING pid=692874 tid=692874 cpu=12 used=10.0s/10s /home/sxing/project/OS_final_project/changes/0_reproduce/env/bin/python -B -m BCacheSim.cachesim.simulate_ap --trace data/tectonic/20230325/Region5/full_0.3_0.1.trace --offline-ap --ap opt --ap-thresh
15:00:16 SIBLING pid=692879 tid=692879 cpu=13 used=10.0s/10s /home/sxing/project/OS_final_project/changes/0_reproduce/env/bin/python -B -m BCacheSim.cachesim.simulate_ap --trace data/tectonic/202110/Region4/full_0.3_0.1.trace --offline-ap --ap opt --ap-threshol
15:00:16 SIBLING pid=692894 tid=692894 cpu=14 used=10.0s/10s /home/sxing/project/OS_final_project/changes/0_reproduce/env/bin/python -B -m BCacheSim.cachesim.simulate_ap --trace data/tectonic/20230325/Region7/full_0.1_0.1.trace --offline-ap --ap opt --ap-thresh
15:00:26 DIRECT pid=677676 tid=677676 cpu=7 used=0.6s/10s <editor/agent state> --dns-result-order=ipv4first <editor/agent state> --t
15:00:26 SIBLING pid=690210 tid=690217 cpu=19 used=1.6s/10s /home/sxing/project/OS_final_project/changes/0_reproduce/env/bin/python -B -m ta_launch_sim --trace data/tectonic/20230325/Region6/full_0_0.1.trace --learned-ap --ap mlnew --ap-threshold 0.806378 --si
15:00:26 SIBLING pid=690213 tid=690213 cpu=13 used=9.3s/10s /home/sxing/project/OS_final_project/changes/0_reproduce/env/bin/python -B -m ta_launch_sim --trace data/tectonic/20230325/Region6/full_0_0.1.trace --learned-ap --ap mlnew --ap-threshold 0.806378 --si
15:00:26 SIBLING pid=690213 tid=690220 cpu=15 used=1.6s/10s /home/sxing/project/OS_final_project/changes/0_reproduce/env/bin/python -B -m ta_launch_sim --trace data/tectonic/20230325/Region6/full_0_0.1.trace --learned-ap --ap mlnew --ap-threshold 0.806378 --si
15:00:26 SIBLING pid=691761 tid=691761 cpu=16 used=9.4s/10s /home/sxing/project/OS_final_project/changes/0_reproduce/env/bin/python -B -m ta_launch_sim --trace data/tectonic/20230325/Region6/full_0_0.1.trace --learned-ap --ap mlnew --ap-threshold 0.806378 --si
15:00:26 SIBLING pid=691761 tid=691770 cpu=17 used=1.5s/10s /home/sxing/project/OS_final_project/changes/0_reproduce/env/bin/python -B -m ta_launch_sim --trace data/tectonic/20230325/Region6/full_0_0.1.trace --learned-ap --ap mlnew --ap-threshold 0.806378 --si
15:00:26 SIBLING pid=691762 tid=691767 cpu=15 used=1.5s/10s /home/sxing/project/OS_final_project/changes/0_reproduce/env/bin/python -B -m ta_launch_sim --trace data/tectonic/20230325/Region6/full_0_0.1.trace --learned-ap --ap mlnew --ap-threshold 0.806378 --si
15:00:26 SIBLING pid=692874 tid=692874 cpu=19 used=10.0s/10s /home/sxing/project/OS_final_project/changes/0_reproduce/env/bin/python -B -m BCacheSim.cachesim.simulate_ap --trace data/tectonic/20230325/Region5/full_0.3_0.1.trace --offline-ap --ap opt --ap-thresh
15:00:26 SIBLING pid=692879 tid=692879 cpu=14 used=10.0s/10s /home/sxing/project/OS_final_project/changes/0_reproduce/env/bin/python -B -m BCacheSim.cachesim.simulate_ap --trace data/tectonic/202110/Region4/full_0.3_0.1.trace --offline-ap --ap opt --ap-threshol
15:00:26 SIBLING pid=692894 tid=692894 cpu=12 used=10.0s/10s /home/sxing/project/OS_final_project/changes/0_reproduce/env/bin/python -B -m BCacheSim.cachesim.simulate_ap --trace data/tectonic/20230325/Region7/full_0.1_0.1.trace --offline-ap --ap opt --ap-thresh
15:00:26 SIBLING pid=693063 tid=693063 cpu=17 used=3.2s/10s /home/sxing/project/OS_final_project/changes/0_reproduce/env/bin/python -B ../src/g1_replay.py /home/sxing/project/OS_final_project/changes/2_deployable_peak/wp0_overlay/results/g1/dumps/g1_Region7_tr
15:00:26 SIBLING pid=693063 tid=693082 cpu=17 used=1.5s/10s /home/sxing/project/OS_final_project/changes/0_reproduce/env/bin/python -B ../src/g1_replay.py /home/sxing/project/OS_final_project/changes/2_deployable_peak/wp0_overlay/results/g1/dumps/g1_Region7_tr
15:00:26 SIBLING pid=693063 tid=693083 cpu=17 used=1.3s/10s /home/sxing/project/OS_final_project/changes/0_reproduce/env/bin/python -B ../src/g1_replay.py /home/sxing/project/OS_final_project/changes/2_deployable_peak/wp0_overlay/results/g1/dumps/g1_Region7_tr
15:00:26 SIBLING pid=693063 tid=693084 cpu=17 used=1.1s/10s /home/sxing/project/OS_final_project/changes/0_reproduce/env/bin/python -B ../src/g1_replay.py /home/sxing/project/OS_final_project/changes/2_deployable_peak/wp0_overlay/results/g1/dumps/g1_Region7_tr
15:00:26 SIBLING pid=693063 tid=693085 cpu=17 used=1.0s/10s /home/sxing/project/OS_final_project/changes/0_reproduce/env/bin/python -B ../src/g1_replay.py /home/sxing/project/OS_final_project/changes/2_deployable_peak/wp0_overlay/results/g1/dumps/g1_Region7_tr
15:00:26 SIBLING pid=693063 tid=693086 cpu=17 used=0.9s/10s /home/sxing/project/OS_final_project/changes/0_reproduce/env/bin/python -B ../src/g1_replay.py /home/sxing/project/OS_final_project/changes/2_deployable_peak/wp0_overlay/results/g1/dumps/g1_Region7_tr
15:00:26 SIBLING pid=693063 tid=693087 cpu=17 used=1.0s/10s /home/sxing/project/OS_final_project/changes/0_reproduce/env/bin/python -B ../src/g1_replay.py /home/sxing/project/OS_final_project/changes/2_deployable_peak/wp0_overlay/results/g1/dumps/g1_Region7_tr
15:00:26 SIBLING pid=693063 tid=693088 cpu=15 used=0.9s/10s /home/sxing/project/OS_final_project/changes/0_reproduce/env/bin/python -B ../src/g1_replay.py /home/sxing/project/OS_final_project/changes/2_deployable_peak/wp0_overlay/results/g1/dumps/g1_Region7_tr
15:00:26 SIBLING pid=693063 tid=693089 cpu=17 used=0.9s/10s /home/sxing/project/OS_final_project/changes/0_reproduce/env/bin/python -B ../src/g1_replay.py /home/sxing/project/OS_final_project/changes/2_deployable_peak/wp0_overlay/results/g1/dumps/g1_Region7_tr
15:00:26 SIBLING pid=693063 tid=693090 cpu=15 used=0.9s/10s /home/sxing/project/OS_final_project/changes/0_reproduce/env/bin/python -B ../src/g1_replay.py /home/sxing/project/OS_final_project/changes/2_deployable_peak/wp0_overlay/results/g1/dumps/g1_Region7_tr
15:00:26 SIBLING pid=693063 tid=693092 cpu=17 used=0.9s/10s /home/sxing/project/OS_final_project/changes/0_reproduce/env/bin/python -B ../src/g1_replay.py /home/sxing/project/OS_final_project/changes/2_deployable_peak/wp0_overlay/results/g1/dumps/g1_Region7_tr
15:00:26 SIBLING pid=693063 tid=693093 cpu=18 used=0.9s/10s /home/sxing/project/OS_final_project/changes/0_reproduce/env/bin/python -B ../src/g1_replay.py /home/sxing/project/OS_final_project/changes/2_deployable_peak/wp0_overlay/results/g1/dumps/g1_Region7_tr
15:00:26 SIBLING pid=693063 tid=693094 cpu=17 used=0.9s/10s /home/sxing/project/OS_final_project/changes/0_reproduce/env/bin/python -B ../src/g1_replay.py /home/sxing/project/OS_final_project/changes/2_deployable_peak/wp0_overlay/results/g1/dumps/g1_Region7_tr
15:00:26 SIBLING pid=693063 tid=693095 cpu=15 used=0.9s/10s /home/sxing/project/OS_final_project/changes/0_reproduce/env/bin/python -B ../src/g1_replay.py /home/sxing/project/OS_final_project/changes/2_deployable_peak/wp0_overlay/results/g1/dumps/g1_Region7_tr
15:00:26 SIBLING pid=693063 tid=693096 cpu=17 used=0.9s/10s /home/sxing/project/OS_final_project/changes/0_reproduce/env/bin/python -B ../src/g1_replay.py /home/sxing/project/OS_final_project/changes/2_deployable_peak/wp0_overlay/results/g1/dumps/g1_Region7_tr
15:00:26 SIBLING pid=693063 tid=693098 cpu=15 used=0.9s/10s /home/sxing/project/OS_final_project/changes/0_reproduce/env/bin/python -B ../src/g1_replay.py /home/sxing/project/OS_final_project/changes/2_deployable_peak/wp0_overlay/results/g1/dumps/g1_Region7_tr
15:00:26 SIBLING pid=693063 tid=693099 cpu=17 used=0.9s/10s /home/sxing/project/OS_final_project/changes/0_reproduce/env/bin/python -B ../src/g1_replay.py /home/sxing/project/OS_final_project/changes/2_deployable_peak/wp0_overlay/results/g1/dumps/g1_Region7_tr
15:00:26 SIBLING pid=693063 tid=693100 cpu=17 used=0.9s/10s /home/sxing/project/OS_final_project/changes/0_reproduce/env/bin/python -B ../src/g1_replay.py /home/sxing/project/OS_final_project/changes/2_deployable_peak/wp0_overlay/results/g1/dumps/g1_Region7_tr
15:00:36 SIBLING pid=690210 tid=690210 cpu=12 used=9.6s/10s /home/sxing/project/OS_final_project/changes/0_reproduce/env/bin/python -B -m ta_launch_sim --trace data/tectonic/20230325/Region6/full_0_0.1.trace --learned-ap --ap mlnew --ap-threshold 0.806378 --si
15:00:36 SIBLING pid=690210 tid=690217 cpu=16 used=1.6s/10s /home/sxing/project/OS_final_project/changes/0_reproduce/env/bin/python -B -m ta_launch_sim --trace data/tectonic/20230325/Region6/full_0_0.1.trace --learned-ap --ap mlnew --ap-threshold 0.806378 --si
15:00:36 SIBLING pid=691762 tid=691762 cpu=17 used=9.7s/10s /home/sxing/project/OS_final_project/changes/0_reproduce/env/bin/python -B -m ta_launch_sim --trace data/tectonic/20230325/Region6/full_0_0.1.trace --learned-ap --ap mlnew --ap-threshold 0.806378 --si
15:00:36 SIBLING pid=691762 tid=691767 cpu=16 used=1.6s/10s /home/sxing/project/OS_final_project/changes/0_reproduce/env/bin/python -B -m ta_launch_sim --trace data/tectonic/20230325/Region6/full_0_0.1.trace --learned-ap --ap mlnew --ap-threshold 0.806378 --si
15:00:36 SIBLING pid=692874 tid=692874 cpu=13 used=10.0s/10s /home/sxing/project/OS_final_project/changes/0_reproduce/env/bin/python -B -m BCacheSim.cachesim.simulate_ap --trace data/tectonic/20230325/Region5/full_0.3_0.1.trace --offline-ap --ap opt --ap-thresh
15:00:36 SIBLING pid=692879 tid=692879 cpu=18 used=10.0s/10s /home/sxing/project/OS_final_project/changes/0_reproduce/env/bin/python -B -m BCacheSim.cachesim.simulate_ap --trace data/tectonic/202110/Region4/full_0.3_0.1.trace --offline-ap --ap opt --ap-threshol
15:00:36 SIBLING pid=692894 tid=692894 cpu=19 used=10.0s/10s /home/sxing/project/OS_final_project/changes/0_reproduce/env/bin/python -B -m BCacheSim.cachesim.simulate_ap --trace data/tectonic/20230325/Region7/full_0.1_0.1.trace --offline-ap --ap opt --ap-thresh
15:00:36 SIBLING pid=693211 tid=693211 cpu=15 used=9.6s/10s /home/sxing/project/OS_final_project/changes/0_reproduce/env/bin/python -B -m ta_launch_sim --trace data/tectonic/20230325/Region6/full_0_0.1.trace --learned-ap --ap mlnew --ap-threshold 0.806378 --si
15:00:36 SIBLING pid=693211 tid=693221 cpu=14 used=1.9s/10s /home/sxing/project/OS_final_project/changes/0_reproduce/env/bin/python -B -m ta_launch_sim --trace data/tectonic/20230325/Region6/full_0_0.1.trace --learned-ap --ap mlnew --ap-threshold 0.806378 --si
15:00:46 SIBLING pid=691761 tid=691761 cpu=12 used=9.7s/10s /home/sxing/project/OS_final_project/changes/0_reproduce/env/bin/python -B -m ta_launch_sim --trace data/tectonic/20230325/Region6/full_0_0.1.trace --learned-ap --ap mlnew --ap-threshold 0.806378 --si
15:00:46 SIBLING pid=691762 tid=691762 cpu=15 used=9.6s/10s /home/sxing/project/OS_final_project/changes/0_reproduce/env/bin/python -B -m ta_launch_sim --trace data/tectonic/20230325/Region6/full_0_0.1.trace --learned-ap --ap mlnew --ap-threshold 0.806378 --si
15:00:46 SIBLING pid=691762 tid=691767 cpu=16 used=1.5s/10s /home/sxing/project/OS_final_project/changes/0_reproduce/env/bin/python -B -m ta_launch_sim --trace data/tectonic/20230325/Region6/full_0_0.1.trace --learned-ap --ap mlnew --ap-threshold 0.806378 --si
15:00:46 SIBLING pid=692874 tid=692874 cpu=18 used=10.0s/10s /home/sxing/project/OS_final_project/changes/0_reproduce/env/bin/python -B -m BCacheSim.cachesim.simulate_ap --trace data/tectonic/20230325/Region5/full_0.3_0.1.trace --offline-ap --ap opt --ap-thresh
15:00:46 SIBLING pid=692879 tid=692879 cpu=19 used=10.0s/10s /home/sxing/project/OS_final_project/changes/0_reproduce/env/bin/python -B -m BCacheSim.cachesim.simulate_ap --trace data/tectonic/202110/Region4/full_0.3_0.1.trace --offline-ap --ap opt --ap-threshol
15:00:46 SIBLING pid=692894 tid=692894 cpu=13 used=10.0s/10s /home/sxing/project/OS_final_project/changes/0_reproduce/env/bin/python -B -m BCacheSim.cachesim.simulate_ap --trace data/tectonic/20230325/Region7/full_0.1_0.1.trace --offline-ap --ap opt --ap-thresh
15:00:46 SIBLING pid=693211 tid=693211 cpu=14 used=9.6s/10s /home/sxing/project/OS_final_project/changes/0_reproduce/env/bin/python -B -m ta_launch_sim --trace data/tectonic/20230325/Region6/full_0_0.1.trace --learned-ap --ap mlnew --ap-threshold 0.806378 --si
15:00:46 SIBLING pid=693402 tid=693402 cpu=16 used=1.9s/10s /home/sxing/project/OS_final_project/changes/0_reproduce/env/bin/python -B -m ta_launch_train --exp smoke_R7_load --policy PolicyUtilityServiceTimeSize2 --region Region7 --sample-ratio 0.1 --sample-st
15:00:46 SIBLING pid=693402 tid=693576 cpu=16 used=0.6s/10s /home/sxing/project/OS_final_project/changes/0_reproduce/env/bin/python -B -m ta_launch_train --exp smoke_R7_load --policy PolicyUtilityServiceTimeSize2 --region Region7 --sample-ratio 0.1 --sample-st
15:00:46 SIBLING pid=693402 tid=693577 cpu=16 used=0.6s/10s /home/sxing/project/OS_final_project/changes/0_reproduce/env/bin/python -B -m ta_launch_train --exp smoke_R7_load --policy PolicyUtilityServiceTimeSize2 --region Region7 --sample-ratio 0.1 --sample-st
15:00:46 SIBLING pid=693402 tid=693578 cpu=17 used=0.6s/10s /home/sxing/project/OS_final_project/changes/0_reproduce/env/bin/python -B -m ta_launch_train --exp smoke_R7_load --policy PolicyUtilityServiceTimeSize2 --region Region7 --sample-ratio 0.1 --sample-st
15:00:46 SIBLING pid=693402 tid=693579 cpu=17 used=0.6s/10s /home/sxing/project/OS_final_project/changes/0_reproduce/env/bin/python -B -m ta_launch_train --exp smoke_R7_load --policy PolicyUtilityServiceTimeSize2 --region Region7 --sample-ratio 0.1 --sample-st
15:00:46 SIBLING pid=693402 tid=693580 cpu=17 used=0.6s/10s /home/sxing/project/OS_final_project/changes/0_reproduce/env/bin/python -B -m ta_launch_train --exp smoke_R7_load --policy PolicyUtilityServiceTimeSize2 --region Region7 --sample-ratio 0.1 --sample-st
15:00:46 SIBLING pid=693402 tid=693584 cpu=17 used=0.6s/10s /home/sxing/project/OS_final_project/changes/0_reproduce/env/bin/python -B -m ta_launch_train --exp smoke_R7_load --policy PolicyUtilityServiceTimeSize2 --region Region7 --sample-ratio 0.1 --sample-st
15:00:46 SIBLING pid=693402 tid=693585 cpu=16 used=0.6s/10s /home/sxing/project/OS_final_project/changes/0_reproduce/env/bin/python -B -m ta_launch_train --exp smoke_R7_load --policy PolicyUtilityServiceTimeSize2 --region Region7 --sample-ratio 0.1 --sample-st
15:00:46 SIBLING pid=693402 tid=693586 cpu=17 used=0.6s/10s /home/sxing/project/OS_final_project/changes/0_reproduce/env/bin/python -B -m ta_launch_train --exp smoke_R7_load --policy PolicyUtilityServiceTimeSize2 --region Region7 --sample-ratio 0.1 --sample-st
15:00:46 SIBLING pid=693402 tid=693590 cpu=16 used=0.6s/10s /home/sxing/project/OS_final_project/changes/0_reproduce/env/bin/python -B -m ta_launch_train --exp smoke_R7_load --policy PolicyUtilityServiceTimeSize2 --region Region7 --sample-ratio 0.1 --sample-st
15:00:46 SIBLING pid=693402 tid=693591 cpu=16 used=0.6s/10s /home/sxing/project/OS_final_project/changes/0_reproduce/env/bin/python -B -m ta_launch_train --exp smoke_R7_load --policy PolicyUtilityServiceTimeSize2 --region Region7 --sample-ratio 0.1 --sample-st
15:00:56 SIBLING pid=690213 tid=690213 cpu=12 used=9.7s/10s /home/sxing/project/OS_final_project/changes/0_reproduce/env/bin/python -B -m ta_launch_sim --trace data/tectonic/20230325/Region6/full_0_0.1.trace --learned-ap --ap mlnew --ap-threshold 0.806378 --si
15:00:56 SIBLING pid=691761 tid=691761 cpu=17 used=9.7s/10s /home/sxing/project/OS_final_project/changes/0_reproduce/env/bin/python -B -m ta_launch_sim --trace data/tectonic/20230325/Region6/full_0_0.1.trace --learned-ap --ap mlnew --ap-threshold 0.806378 --si
15:00:56 SIBLING pid=691761 tid=691770 cpu=19 used=1.6s/10s /home/sxing/project/OS_final_project/changes/0_reproduce/env/bin/python -B -m ta_launch_sim --trace data/tectonic/20230325/Region6/full_0_0.1.trace --learned-ap --ap mlnew --ap-threshold 0.806378 --si
15:00:56 SIBLING pid=692879 tid=692879 cpu=13 used=10.0s/10s /home/sxing/project/OS_final_project/changes/0_reproduce/env/bin/python -B -m BCacheSim.cachesim.simulate_ap --trace data/tectonic/202110/Region4/full_0.3_0.1.trace --offline-ap --ap opt --ap-threshol
15:00:56 SIBLING pid=692894 tid=692894 cpu=15 used=10.0s/10s /home/sxing/project/OS_final_project/changes/0_reproduce/env/bin/python -B -m BCacheSim.cachesim.simulate_ap --trace data/tectonic/20230325/Region7/full_0.1_0.1.trace --offline-ap --ap opt --ap-thresh
15:00:56 SIBLING pid=693209 tid=693209 cpu=14 used=9.7s/10s /home/sxing/project/OS_final_project/changes/0_reproduce/env/bin/python -B -m ta_launch_sim --trace data/tectonic/20230325/Region7/full_0_0.1.trace --learned-ap --ap mlnew --ap-threshold 0.620940 --si
15:00:56 SIBLING pid=693209 tid=693229 cpu=19 used=1.9s/10s /home/sxing/project/OS_final_project/changes/0_reproduce/env/bin/python -B -m ta_launch_sim --trace data/tectonic/20230325/Region7/full_0_0.1.trace --learned-ap --ap mlnew --ap-threshold 0.620940 --si
15:00:56 SIBLING pid=693402 tid=693402 cpu=18 used=2.0s/10s /home/sxing/project/OS_final_project/changes/0_reproduce/env/bin/python -B -m ta_launch_train --exp smoke_R7_load --policy PolicyUtilityServiceTimeSize2 --region Region7 --sample-ratio 0.1 --sample-st
15:00:56 SIBLING pid=693402 tid=693574 cpu=18 used=0.8s/10s /home/sxing/project/OS_final_project/changes/0_reproduce/env/bin/python -B -m ta_launch_train --exp smoke_R7_load --policy PolicyUtilityServiceTimeSize2 --region Region7 --sample-ratio 0.1 --sample-st
15:00:56 SIBLING pid=693402 tid=693575 cpu=18 used=0.7s/10s /home/sxing/project/OS_final_project/changes/0_reproduce/env/bin/python -B -m ta_launch_train --exp smoke_R7_load --policy PolicyUtilityServiceTimeSize2 --region Region7 --sample-ratio 0.1 --sample-st
15:00:56 SIBLING pid=693402 tid=693578 cpu=18 used=0.6s/10s /home/sxing/project/OS_final_project/changes/0_reproduce/env/bin/python -B -m ta_launch_train --exp smoke_R7_load --policy PolicyUtilityServiceTimeSize2 --region Region7 --sample-ratio 0.1 --sample-st
15:00:56 SIBLING pid=693402 tid=693591 cpu=19 used=0.6s/10s /home/sxing/project/OS_final_project/changes/0_reproduce/env/bin/python -B -m ta_launch_train --exp smoke_R7_load --policy PolicyUtilityServiceTimeSize2 --region Region7 --sample-ratio 0.1 --sample-st
15:00:56 SIBLING pid=693402 tid=693592 cpu=18 used=0.6s/10s /home/sxing/project/OS_final_project/changes/0_reproduce/env/bin/python -B -m ta_launch_train --exp smoke_R7_load --policy PolicyUtilityServiceTimeSize2 --region Region7 --sample-ratio 0.1 --sample-st
15:01:06 SIBLING pid=690210 tid=690210 cpu=16 used=9.7s/10s /home/sxing/project/OS_final_project/changes/0_reproduce/env/bin/python -B -m ta_launch_sim --trace data/tectonic/20230325/Region6/full_0_0.1.trace --learned-ap --ap mlnew --ap-threshold 0.806378 --si
15:01:06 SIBLING pid=690210 tid=690217 cpu=18 used=1.6s/10s /home/sxing/project/OS_final_project/changes/0_reproduce/env/bin/python -B -m ta_launch_sim --trace data/tectonic/20230325/Region6/full_0_0.1.trace --learned-ap --ap mlnew --ap-threshold 0.806378 --si
15:01:06 SIBLING pid=690213 tid=690213 cpu=15 used=9.7s/10s /home/sxing/project/OS_final_project/changes/0_reproduce/env/bin/python -B -m ta_launch_sim --trace data/tectonic/20230325/Region6/full_0_0.1.trace --learned-ap --ap mlnew --ap-threshold 0.806378 --si
15:01:06 SIBLING pid=690213 tid=690220 cpu=12 used=1.7s/10s /home/sxing/project/OS_final_project/changes/0_reproduce/env/bin/python -B -m ta_launch_sim --trace data/tectonic/20230325/Region6/full_0_0.1.trace --learned-ap --ap mlnew --ap-threshold 0.806378 --si
15:01:06 SIBLING pid=691762 tid=691767 cpu=19 used=1.6s/10s /home/sxing/project/OS_final_project/changes/0_reproduce/env/bin/python -B -m ta_launch_sim --trace data/tectonic/20230325/Region6/full_0_0.1.trace --learned-ap --ap mlnew --ap-threshold 0.806378 --si
15:01:06 SIBLING pid=693209 tid=693209 cpu=14 used=9.7s/10s /home/sxing/project/OS_final_project/changes/0_reproduce/env/bin/python -B -m ta_launch_sim --trace data/tectonic/20230325/Region7/full_0_0.1.trace --learned-ap --ap mlnew --ap-threshold 0.620940 --si
15:01:06 SIBLING pid=693209 tid=693229 cpu=18 used=1.9s/10s /home/sxing/project/OS_final_project/changes/0_reproduce/env/bin/python -B -m ta_launch_sim --trace data/tectonic/20230325/Region7/full_0_0.1.trace --learned-ap --ap mlnew --ap-threshold 0.620940 --si
15:01:06 SIBLING pid=693211 tid=693211 cpu=17 used=9.7s/10s /home/sxing/project/OS_final_project/changes/0_reproduce/env/bin/python -B -m ta_launch_sim --trace data/tectonic/20230325/Region6/full_0_0.1.trace --learned-ap --ap mlnew --ap-threshold 0.806378 --si
15:01:06 SIBLING pid=693402 tid=693402 cpu=13 used=7.4s/10s /home/sxing/project/OS_final_project/changes/0_reproduce/env/bin/python -B -m ta_launch_train --exp smoke_R7_load --policy PolicyUtilityServiceTimeSize2 --region Region7 --sample-ratio 0.1 --sample-st
15:01:16 SIBLING pid=677676 tid=677676 cpu=18 used=0.5s/10s <editor/agent state> --dns-result-order=ipv4first <editor/agent state> --t
15:01:16 SIBLING pid=690210 tid=690210 cpu=17 used=9.8s/10s /home/sxing/project/OS_final_project/changes/0_reproduce/env/bin/python -B -m ta_launch_sim --trace data/tectonic/20230325/Region6/full_0_0.1.trace --learned-ap --ap mlnew --ap-threshold 0.806378 --si
15:01:16 SIBLING pid=690210 tid=690217 cpu=16 used=1.6s/10s /home/sxing/project/OS_final_project/changes/0_reproduce/env/bin/python -B -m ta_launch_sim --trace data/tectonic/20230325/Region6/full_0_0.1.trace --learned-ap --ap mlnew --ap-threshold 0.806378 --si
15:01:16 SIBLING pid=690213 tid=690213 cpu=12 used=9.8s/10s /home/sxing/project/OS_final_project/changes/0_reproduce/env/bin/python -B -m ta_launch_sim --trace data/tectonic/20230325/Region6/full_0_0.1.trace --learned-ap --ap mlnew --ap-threshold 0.806378 --si
15:01:16 SIBLING pid=691761 tid=691761 cpu=13 used=9.7s/10s /home/sxing/project/OS_final_project/changes/0_reproduce/env/bin/python -B -m ta_launch_sim --trace data/tectonic/20230325/Region6/full_0_0.1.trace --learned-ap --ap mlnew --ap-threshold 0.806378 --si
15:01:16 SIBLING pid=691761 tid=691770 cpu=12 used=1.7s/10s /home/sxing/project/OS_final_project/changes/0_reproduce/env/bin/python -B -m ta_launch_sim --trace data/tectonic/20230325/Region6/full_0_0.1.trace --learned-ap --ap mlnew --ap-threshold 0.806378 --si
15:01:16 SIBLING pid=693211 tid=693211 cpu=14 used=9.7s/10s /home/sxing/project/OS_final_project/changes/0_reproduce/env/bin/python -B -m ta_launch_sim --trace data/tectonic/20230325/Region6/full_0_0.1.trace --learned-ap --ap mlnew --ap-threshold 0.806378 --si
15:01:16 SIBLING pid=693211 tid=693221 cpu=15 used=1.5s/10s /home/sxing/project/OS_final_project/changes/0_reproduce/env/bin/python -B -m ta_launch_sim --trace data/tectonic/20230325/Region6/full_0_0.1.trace --learned-ap --ap mlnew --ap-threshold 0.806378 --si
15:01:16 SIBLING pid=693402 tid=693402 cpu=16 used=7.0s/10s /home/sxing/project/OS_final_project/changes/0_reproduce/env/bin/python -B -m ta_launch_train --exp smoke_R7_load --policy PolicyUtilityServiceTimeSize2 --region Region7 --sample-ratio 0.1 --sample-st
15:01:26 SIBLING pid=690210 tid=690210 cpu=17 used=9.6s/10s /home/sxing/project/OS_final_project/changes/0_reproduce/env/bin/python -B -m ta_launch_sim --trace data/tectonic/20230325/Region6/full_0_0.1.trace --learned-ap --ap mlnew --ap-threshold 0.806378 --si
15:01:26 SIBLING pid=690213 tid=690213 cpu=15 used=9.6s/10s /home/sxing/project/OS_final_project/changes/0_reproduce/env/bin/python -B -m ta_launch_sim --trace data/tectonic/20230325/Region6/full_0_0.1.trace --learned-ap --ap mlnew --ap-threshold 0.806378 --si
15:01:26 SIBLING pid=691761 tid=691761 cpu=13 used=9.7s/10s /home/sxing/project/OS_final_project/changes/0_reproduce/env/bin/python -B -m ta_launch_sim --trace data/tectonic/20230325/Region6/full_0_0.1.trace --learned-ap --ap mlnew --ap-threshold 0.806378 --si
15:01:26 SIBLING pid=691762 tid=691767 cpu=18 used=1.6s/10s /home/sxing/project/OS_final_project/changes/0_reproduce/env/bin/python -B -m ta_launch_sim --trace data/tectonic/20230325/Region6/full_0_0.1.trace --learned-ap --ap mlnew --ap-threshold 0.806378 --si
15:01:26 SIBLING pid=693209 tid=693209 cpu=14 used=9.6s/10s /home/sxing/project/OS_final_project/changes/0_reproduce/env/bin/python -B -m ta_launch_sim --trace data/tectonic/20230325/Region7/full_0_0.1.trace --learned-ap --ap mlnew --ap-threshold 0.620940 --si
15:01:26 SIBLING pid=693209 tid=693229 cpu=18 used=2.0s/10s /home/sxing/project/OS_final_project/changes/0_reproduce/env/bin/python -B -m ta_launch_sim --trace data/tectonic/20230325/Region7/full_0_0.1.trace --learned-ap --ap mlnew --ap-threshold 0.620940 --si
15:01:26 SIBLING pid=693211 tid=693211 cpu=16 used=9.6s/10s /home/sxing/project/OS_final_project/changes/0_reproduce/env/bin/python -B -m ta_launch_sim --trace data/tectonic/20230325/Region6/full_0_0.1.trace --learned-ap --ap mlnew --ap-threshold 0.806378 --si
15:01:26 SIBLING pid=693402 tid=693402 cpu=12 used=1.6s/10s /home/sxing/project/OS_final_project/changes/0_reproduce/env/bin/python -B -m ta_launch_train --exp smoke_R7_load --policy PolicyUtilityServiceTimeSize2 --region Region7 --sample-ratio 0.1 --sample-st
15:01:26 SIBLING pid=693402 tid=693574 cpu=12 used=0.8s/10s /home/sxing/project/OS_final_project/changes/0_reproduce/env/bin/python -B -m ta_launch_train --exp smoke_R7_load --policy PolicyUtilityServiceTimeSize2 --region Region7 --sample-ratio 0.1 --sample-st
15:01:26 SIBLING pid=693402 tid=693575 cpu=12 used=0.7s/10s /home/sxing/project/OS_final_project/changes/0_reproduce/env/bin/python -B -m ta_launch_train --exp smoke_R7_load --policy PolicyUtilityServiceTimeSize2 --region Region7 --sample-ratio 0.1 --sample-st
15:01:26 SIBLING pid=693402 tid=693576 cpu=12 used=0.7s/10s /home/sxing/project/OS_final_project/changes/0_reproduce/env/bin/python -B -m ta_launch_train --exp smoke_R7_load --policy PolicyUtilityServiceTimeSize2 --region Region7 --sample-ratio 0.1 --sample-st
15:01:26 SIBLING pid=693402 tid=693577 cpu=18 used=0.6s/10s /home/sxing/project/OS_final_project/changes/0_reproduce/env/bin/python -B -m ta_launch_train --exp smoke_R7_load --policy PolicyUtilityServiceTimeSize2 --region Region7 --sample-ratio 0.1 --sample-st
15:01:26 SIBLING pid=693402 tid=693578 cpu=18 used=0.6s/10s /home/sxing/project/OS_final_project/changes/0_reproduce/env/bin/python -B -m ta_launch_train --exp smoke_R7_load --policy PolicyUtilityServiceTimeSize2 --region Region7 --sample-ratio 0.1 --sample-st
15:01:26 SIBLING pid=693402 tid=693582 cpu=18 used=0.6s/10s /home/sxing/project/OS_final_project/changes/0_reproduce/env/bin/python -B -m ta_launch_train --exp smoke_R7_load --policy PolicyUtilityServiceTimeSize2 --region Region7 --sample-ratio 0.1 --sample-st
15:01:26 SIBLING pid=693402 tid=693583 cpu=19 used=0.5s/10s /home/sxing/project/OS_final_project/changes/0_reproduce/env/bin/python -B -m ta_launch_train --exp smoke_R7_load --policy PolicyUtilityServiceTimeSize2 --region Region7 --sample-ratio 0.1 --sample-st
15:01:26 SIBLING pid=693402 tid=693585 cpu=19 used=0.5s/10s /home/sxing/project/OS_final_project/changes/0_reproduce/env/bin/python -B -m ta_launch_train --exp smoke_R7_load --policy PolicyUtilityServiceTimeSize2 --region Region7 --sample-ratio 0.1 --sample-st
15:01:26 SIBLING pid=693402 tid=693589 cpu=12 used=0.6s/10s /home/sxing/project/OS_final_project/changes/0_reproduce/env/bin/python -B -m ta_launch_train --exp smoke_R7_load --policy PolicyUtilityServiceTimeSize2 --region Region7 --sample-ratio 0.1 --sample-st
15:01:26 SIBLING pid=693402 tid=693590 cpu=18 used=0.6s/10s /home/sxing/project/OS_final_project/changes/0_reproduce/env/bin/python -B -m ta_launch_train --exp smoke_R7_load --policy PolicyUtilityServiceTimeSize2 --region Region7 --sample-ratio 0.1 --sample-st
15:01:26 SIBLING pid=693402 tid=693592 cpu=12 used=0.6s/10s /home/sxing/project/OS_final_project/changes/0_reproduce/env/bin/python -B -m ta_launch_train --exp smoke_R7_load --policy PolicyUtilityServiceTimeSize2 --region Region7 --sample-ratio 0.1 --sample-st
15:01:36 SIBLING pid=690210 tid=690210 cpu=16 used=9.6s/10s /home/sxing/project/OS_final_project/changes/0_reproduce/env/bin/python -B -m ta_launch_sim --trace data/tectonic/20230325/Region6/full_0_0.1.trace --learned-ap --ap mlnew --ap-threshold 0.806378 --si
15:01:36 SIBLING pid=690210 tid=690217 cpu=13 used=1.6s/10s /home/sxing/project/OS_final_project/changes/0_reproduce/env/bin/python -B -m ta_launch_sim --trace data/tectonic/20230325/Region6/full_0_0.1.trace --learned-ap --ap mlnew --ap-threshold 0.806378 --si
15:01:36 SIBLING pid=690213 tid=690213 cpu=19 used=9.6s/10s /home/sxing/project/OS_final_project/changes/0_reproduce/env/bin/python -B -m ta_launch_sim --trace data/tectonic/20230325/Region6/full_0_0.1.trace --learned-ap --ap mlnew --ap-threshold 0.806378 --si
15:01:36 SIBLING pid=691761 tid=691761 cpu=18 used=9.6s/10s /home/sxing/project/OS_final_project/changes/0_reproduce/env/bin/python -B -m ta_launch_sim --trace data/tectonic/20230325/Region6/full_0_0.1.trace --learned-ap --ap mlnew --ap-threshold 0.806378 --si
15:01:36 SIBLING pid=691762 tid=691762 cpu=15 used=9.6s/10s /home/sxing/project/OS_final_project/changes/0_reproduce/env/bin/python -B -m ta_launch_sim --trace data/tectonic/20230325/Region6/full_0_0.1.trace --learned-ap --ap mlnew --ap-threshold 0.806378 --si
15:01:36 SIBLING pid=693209 tid=693209 cpu=17 used=9.6s/10s /home/sxing/project/OS_final_project/changes/0_reproduce/env/bin/python -B -m ta_launch_sim --trace data/tectonic/20230325/Region7/full_0_0.1.trace --learned-ap --ap mlnew --ap-threshold 0.620940 --si
15:01:36 SIBLING pid=693209 tid=693229 cpu=14 used=1.9s/10s /home/sxing/project/OS_final_project/changes/0_reproduce/env/bin/python -B -m ta_launch_sim --trace data/tectonic/20230325/Region7/full_0_0.1.trace --learned-ap --ap mlnew --ap-threshold 0.620940 --si
15:01:36 SIBLING pid=693211 tid=693211 cpu=12 used=9.6s/10s /home/sxing/project/OS_final_project/changes/0_reproduce/env/bin/python -B -m ta_launch_sim --trace data/tectonic/20230325/Region6/full_0_0.1.trace --learned-ap --ap mlnew --ap-threshold 0.806378 --si
15:01:36 SIBLING pid=693402 tid=693579 cpu=14 used=0.6s/10s /home/sxing/project/OS_final_project/changes/0_reproduce/env/bin/python -B -m ta_launch_train --exp smoke_R7_load --policy PolicyUtilityServiceTimeSize2 --region Region7 --sample-ratio 0.1 --sample-st
15:01:36 SIBLING pid=693402 tid=693582 cpu=14 used=0.6s/10s /home/sxing/project/OS_final_project/changes/0_reproduce/env/bin/python -B -m ta_launch_train --exp smoke_R7_load --policy PolicyUtilityServiceTimeSize2 --region Region7 --sample-ratio 0.1 --sample-st
15:01:36 SIBLING pid=693402 tid=693583 cpu=14 used=0.5s/10s /home/sxing/project/OS_final_project/changes/0_reproduce/env/bin/python -B -m ta_launch_train --exp smoke_R7_load --policy PolicyUtilityServiceTimeSize2 --region Region7 --sample-ratio 0.1 --sample-st
15:01:46 SIBLING pid=679921 tid=679921 cpu=13 used=5.6s/10s <editor/agent state> <editor/agent state> --cancellationReceive=file:a0
15:01:46 SIBLING pid=679921 tid=679923 cpu=16 used=0.7s/10s <editor/agent state> <editor/agent state> --cancellationReceive=file:a0
15:01:46 DIRECT pid=679921 tid=679925 cpu=1 used=0.8s/10s <editor/agent state> <editor/agent state> --cancellationReceive=file:a0
15:01:46 SIBLING pid=690210 tid=690210 cpu=18 used=9.4s/10s /home/sxing/project/OS_final_project/changes/0_reproduce/env/bin/python -B -m ta_launch_sim --trace data/tectonic/20230325/Region6/full_0_0.1.trace --learned-ap --ap mlnew --ap-threshold 0.806378 --si
15:01:46 SIBLING pid=690210 tid=690217 cpu=18 used=1.4s/10s /home/sxing/project/OS_final_project/changes/0_reproduce/env/bin/python -B -m ta_launch_sim --trace data/tectonic/20230325/Region6/full_0_0.1.trace --learned-ap --ap mlnew --ap-threshold 0.806378 --si
15:01:46 SIBLING pid=690213 tid=690213 cpu=12 used=9.2s/10s /home/sxing/project/OS_final_project/changes/0_reproduce/env/bin/python -B -m ta_launch_sim --trace data/tectonic/20230325/Region6/full_0_0.1.trace --learned-ap --ap mlnew --ap-threshold 0.806378 --si
15:01:46 SIBLING pid=690213 tid=690220 cpu=14 used=1.6s/10s /home/sxing/project/OS_final_project/changes/0_reproduce/env/bin/python -B -m ta_launch_sim --trace data/tectonic/20230325/Region6/full_0_0.1.trace --learned-ap --ap mlnew --ap-threshold 0.806378 --si
15:01:46 SIBLING pid=691761 tid=691761 cpu=16 used=9.3s/10s /home/sxing/project/OS_final_project/changes/0_reproduce/env/bin/python -B -m ta_launch_sim --trace data/tectonic/20230325/Region6/full_0_0.1.trace --learned-ap --ap mlnew --ap-threshold 0.806378 --si
15:01:46 SIBLING pid=691761 tid=691770 cpu=16 used=1.6s/10s /home/sxing/project/OS_final_project/changes/0_reproduce/env/bin/python -B -m ta_launch_sim --trace data/tectonic/20230325/Region6/full_0_0.1.trace --learned-ap --ap mlnew --ap-threshold 0.806378 --si
15:01:56 SIBLING pid=679921 tid=679923 cpu=12 used=0.8s/10s <editor/agent state> <editor/agent state> --cancellationReceive=file:a0
15:01:56 SIBLING pid=679921 tid=679925 cpu=16 used=0.9s/10s <editor/agent state> <editor/agent state> --cancellationReceive=file:a0
15:01:56 SIBLING pid=679921 tid=679926 cpu=16 used=0.9s/10s <editor/agent state> <editor/agent state> --cancellationReceive=file:a0
15:01:56 SIBLING pid=690210 tid=690210 cpu=13 used=9.3s/10s /home/sxing/project/OS_final_project/changes/0_reproduce/env/bin/python -B -m ta_launch_sim --trace data/tectonic/20230325/Region6/full_0_0.1.trace --learned-ap --ap mlnew --ap-threshold 0.806378 --si
15:01:56 SIBLING pid=690213 tid=690213 cpu=14 used=9.4s/10s /home/sxing/project/OS_final_project/changes/0_reproduce/env/bin/python -B -m ta_launch_sim --trace data/tectonic/20230325/Region6/full_0_0.1.trace --learned-ap --ap mlnew --ap-threshold 0.806378 --si
15:01:56 SIBLING pid=690213 tid=690220 cpu=18 used=1.5s/10s /home/sxing/project/OS_final_project/changes/0_reproduce/env/bin/python -B -m ta_launch_sim --trace data/tectonic/20230325/Region6/full_0_0.1.trace --learned-ap --ap mlnew --ap-threshold 0.806378 --si
15:01:56 SIBLING pid=691761 tid=691761 cpu=17 used=9.3s/10s /home/sxing/project/OS_final_project/changes/0_reproduce/env/bin/python -B -m ta_launch_sim --trace data/tectonic/20230325/Region6/full_0_0.1.trace --learned-ap --ap mlnew --ap-threshold 0.806378 --si
15:01:56 SIBLING pid=691761 tid=691770 cpu=18 used=1.5s/10s /home/sxing/project/OS_final_project/changes/0_reproduce/env/bin/python -B -m ta_launch_sim --trace data/tectonic/20230325/Region6/full_0_0.1.trace --learned-ap --ap mlnew --ap-threshold 0.806378 --si
15:01:56 SIBLING pid=691762 tid=691762 cpu=19 used=9.3s/10s /home/sxing/project/OS_final_project/changes/0_reproduce/env/bin/python -B -m ta_launch_sim --trace data/tectonic/20230325/Region6/full_0_0.1.trace --learned-ap --ap mlnew --ap-threshold 0.806378 --si
15:01:56 SIBLING pid=691762 tid=691767 cpu=18 used=1.5s/10s /home/sxing/project/OS_final_project/changes/0_reproduce/env/bin/python -B -m ta_launch_sim --trace data/tectonic/20230325/Region6/full_0_0.1.trace --learned-ap --ap mlnew --ap-threshold 0.806378 --si
15:01:56 SIBLING pid=693209 tid=693209 cpu=12 used=9.2s/10s /home/sxing/project/OS_final_project/changes/0_reproduce/env/bin/python -B -m ta_launch_sim --trace data/tectonic/20230325/Region7/full_0_0.1.trace --learned-ap --ap mlnew --ap-threshold 0.620940 --si
15:01:56 SIBLING pid=694135 tid=694135 cpu=16 used=9.2s/10s /home/sxing/project/OS_final_project/changes/0_reproduce/env/bin/python -B -m ta_launch_sim --trace data/tectonic/20230325/Region7/full_0_0.1.trace --learned-ap --ap mlnew --ap-threshold 0.620940 --si
15:01:56 SIBLING pid=694135 tid=694204 cpu=18 used=2.2s/10s /home/sxing/project/OS_final_project/changes/0_reproduce/env/bin/python -B -m ta_launch_sim --trace data/tectonic/20230325/Region7/full_0_0.1.trace --learned-ap --ap mlnew --ap-threshold 0.620940 --si
15:02:06 SIBLING pid=690210 tid=690210 cpu=17 used=9.5s/10s /home/sxing/project/OS_final_project/changes/0_reproduce/env/bin/python -B -m ta_launch_sim --trace data/tectonic/20230325/Region6/full_0_0.1.trace --learned-ap --ap mlnew --ap-threshold 0.806378 --si
15:02:06 SIBLING pid=690210 tid=690217 cpu=12 used=1.7s/10s /home/sxing/project/OS_final_project/changes/0_reproduce/env/bin/python -B -m ta_launch_sim --trace data/tectonic/20230325/Region6/full_0_0.1.trace --learned-ap --ap mlnew --ap-threshold 0.806378 --si
15:02:06 SIBLING pid=690213 tid=690213 cpu=14 used=9.5s/10s /home/sxing/project/OS_final_project/changes/0_reproduce/env/bin/python -B -m ta_launch_sim --trace data/tectonic/20230325/Region6/full_0_0.1.trace --learned-ap --ap mlnew --ap-threshold 0.806378 --si
15:02:06 SIBLING pid=690213 tid=690220 cpu=18 used=1.7s/10s /home/sxing/project/OS_final_project/changes/0_reproduce/env/bin/python -B -m ta_launch_sim --trace data/tectonic/20230325/Region6/full_0_0.1.trace --learned-ap --ap mlnew --ap-threshold 0.806378 --si
15:02:06 SIBLING pid=691762 tid=691762 cpu=16 used=9.6s/10s /home/sxing/project/OS_final_project/changes/0_reproduce/env/bin/python -B -m ta_launch_sim --trace data/tectonic/20230325/Region6/full_0_0.1.trace --learned-ap --ap mlnew --ap-threshold 0.806378 --si
15:02:06 SIBLING pid=691762 tid=691767 cpu=12 used=1.5s/10s /home/sxing/project/OS_final_project/changes/0_reproduce/env/bin/python -B -m ta_launch_sim --trace data/tectonic/20230325/Region6/full_0_0.1.trace --learned-ap --ap mlnew --ap-threshold 0.806378 --si
15:02:06 SIBLING pid=693209 tid=693209 cpu=13 used=9.4s/10s /home/sxing/project/OS_final_project/changes/0_reproduce/env/bin/python -B -m ta_launch_sim --trace data/tectonic/20230325/Region7/full_0_0.1.trace --learned-ap --ap mlnew --ap-threshold 0.620940 --si
15:02:06 SIBLING pid=693209 tid=693229 cpu=19 used=1.8s/10s /home/sxing/project/OS_final_project/changes/0_reproduce/env/bin/python -B -m ta_launch_sim --trace data/tectonic/20230325/Region7/full_0_0.1.trace --learned-ap --ap mlnew --ap-threshold 0.620940 --si
15:02:06 SIBLING pid=694132 tid=694140 cpu=18 used=0.6s/10s /home/sxing/project/OS_final_project/changes/0_reproduce/env/bin/python -B ../src/g1_replay.py /home/sxing/project/OS_final_project/changes/2_deployable_peak/wp0_overlay/results/g1/dumps/g1_Region6_tr
15:02:06 SIBLING pid=694132 tid=694141 cpu=12 used=0.6s/10s /home/sxing/project/OS_final_project/changes/0_reproduce/env/bin/python -B ../src/g1_replay.py /home/sxing/project/OS_final_project/changes/2_deployable_peak/wp0_overlay/results/g1/dumps/g1_Region6_tr
15:02:06 SIBLING pid=694132 tid=694143 cpu=12 used=0.5s/10s /home/sxing/project/OS_final_project/changes/0_reproduce/env/bin/python -B ../src/g1_replay.py /home/sxing/project/OS_final_project/changes/2_deployable_peak/wp0_overlay/results/g1/dumps/g1_Region6_tr
15:02:06 SIBLING pid=694135 tid=694135 cpu=15 used=9.4s/10s /home/sxing/project/OS_final_project/changes/0_reproduce/env/bin/python -B -m ta_launch_sim --trace data/tectonic/20230325/Region7/full_0_0.1.trace --learned-ap --ap mlnew --ap-threshold 0.620940 --si
15:02:06 SIBLING pid=694135 tid=694204 cpu=12 used=2.0s/10s /home/sxing/project/OS_final_project/changes/0_reproduce/env/bin/python -B -m ta_launch_sim --trace data/tectonic/20230325/Region7/full_0_0.1.trace --learned-ap --ap mlnew --ap-threshold 0.620940 --si
15:02:16 SIBLING pid=690213 tid=690213 cpu=19 used=9.4s/10s /home/sxing/project/OS_final_project/changes/0_reproduce/env/bin/python -B -m ta_launch_sim --trace data/tectonic/20230325/Region6/full_0_0.1.trace --learned-ap --ap mlnew --ap-threshold 0.806378 --si
15:02:16 SIBLING pid=691761 tid=691761 cpu=12 used=9.5s/10s /home/sxing/project/OS_final_project/changes/0_reproduce/env/bin/python -B -m ta_launch_sim --trace data/tectonic/20230325/Region6/full_0_0.1.trace --learned-ap --ap mlnew --ap-threshold 0.806378 --si
15:02:16 SIBLING pid=691761 tid=691770 cpu=12 used=1.6s/10s /home/sxing/project/OS_final_project/changes/0_reproduce/env/bin/python -B -m ta_launch_sim --trace data/tectonic/20230325/Region6/full_0_0.1.trace --learned-ap --ap mlnew --ap-threshold 0.806378 --si
15:02:16 SIBLING pid=691762 tid=691762 cpu=13 used=9.5s/10s /home/sxing/project/OS_final_project/changes/0_reproduce/env/bin/python -B -m ta_launch_sim --trace data/tectonic/20230325/Region6/full_0_0.1.trace --learned-ap --ap mlnew --ap-threshold 0.806378 --si
15:02:16 SIBLING pid=691762 tid=691767 cpu=14 used=1.6s/10s /home/sxing/project/OS_final_project/changes/0_reproduce/env/bin/python -B -m ta_launch_sim --trace data/tectonic/20230325/Region6/full_0_0.1.trace --learned-ap --ap mlnew --ap-threshold 0.806378 --si
15:02:16 SIBLING pid=693209 tid=693209 cpu=18 used=9.4s/10s /home/sxing/project/OS_final_project/changes/0_reproduce/env/bin/python -B -m ta_launch_sim --trace data/tectonic/20230325/Region7/full_0_0.1.trace --learned-ap --ap mlnew --ap-threshold 0.620940 --si
15:02:16 SIBLING pid=693209 tid=693229 cpu=19 used=1.9s/10s /home/sxing/project/OS_final_project/changes/0_reproduce/env/bin/python -B -m ta_launch_sim --trace data/tectonic/20230325/Region7/full_0_0.1.trace --learned-ap --ap mlnew --ap-threshold 0.620940 --si
15:02:16 SIBLING pid=693211 tid=693211 cpu=15 used=9.4s/10s /home/sxing/project/OS_final_project/changes/0_reproduce/env/bin/python -B -m ta_launch_sim --trace data/tectonic/20230325/Region6/full_0_0.1.trace --learned-ap --ap mlnew --ap-threshold 0.806378 --si
15:02:16 SIBLING pid=694132 tid=694132 cpu=14 used=1.6s/10s /home/sxing/project/OS_final_project/changes/0_reproduce/env/bin/python -B ../src/g1_replay.py /home/sxing/project/OS_final_project/changes/2_deployable_peak/wp0_overlay/results/g1/dumps/g1_Region6_tr
15:02:16 SIBLING pid=694135 tid=694135 cpu=16 used=9.4s/10s /home/sxing/project/OS_final_project/changes/0_reproduce/env/bin/python -B -m ta_launch_sim --trace data/tectonic/20230325/Region7/full_0_0.1.trace --learned-ap --ap mlnew --ap-threshold 0.620940 --si
15:02:16 SIBLING pid=694135 tid=694204 cpu=17 used=1.9s/10s /home/sxing/project/OS_final_project/changes/0_reproduce/env/bin/python -B -m ta_launch_sim --trace data/tectonic/20230325/Region7/full_0_0.1.trace --learned-ap --ap mlnew --ap-threshold 0.620940 --si
15:02:27 SIBLING pid=677676 tid=677676 cpu=19 used=0.9s/10s <editor/agent state> --dns-result-order=ipv4first <editor/agent state> --t
15:02:27 SIBLING pid=690210 tid=690210 cpu=12 used=9.4s/10s /home/sxing/project/OS_final_project/changes/0_reproduce/env/bin/python -B -m ta_launch_sim --trace data/tectonic/20230325/Region6/full_0_0.1.trace --learned-ap --ap mlnew --ap-threshold 0.806378 --si
15:02:27 SIBLING pid=690210 tid=690217 cpu=15 used=1.7s/10s /home/sxing/project/OS_final_project/changes/0_reproduce/env/bin/python -B -m ta_launch_sim --trace data/tectonic/20230325/Region6/full_0_0.1.trace --learned-ap --ap mlnew --ap-threshold 0.806378 --si
15:02:27 SIBLING pid=690213 tid=690213 cpu=17 used=9.5s/10s /home/sxing/project/OS_final_project/changes/0_reproduce/env/bin/python -B -m ta_launch_sim --trace data/tectonic/20230325/Region6/full_0_0.1.trace --learned-ap --ap mlnew --ap-threshold 0.806378 --si
15:02:27 SIBLING pid=690213 tid=690220 cpu=15 used=1.7s/10s /home/sxing/project/OS_final_project/changes/0_reproduce/env/bin/python -B -m ta_launch_sim --trace data/tectonic/20230325/Region6/full_0_0.1.trace --learned-ap --ap mlnew --ap-threshold 0.806378 --si
15:02:27 SIBLING pid=691761 tid=691761 cpu=16 used=9.5s/10s /home/sxing/project/OS_final_project/changes/0_reproduce/env/bin/python -B -m ta_launch_sim --trace data/tectonic/20230325/Region6/full_0_0.1.trace --learned-ap --ap mlnew --ap-threshold 0.806378 --si
15:02:27 SIBLING pid=691761 tid=691770 cpu=13 used=1.6s/10s /home/sxing/project/OS_final_project/changes/0_reproduce/env/bin/python -B -m ta_launch_sim --trace data/tectonic/20230325/Region6/full_0_0.1.trace --learned-ap --ap mlnew --ap-threshold 0.806378 --si
15:02:27 SIBLING pid=691762 tid=691762 cpu=14 used=9.4s/10s /home/sxing/project/OS_final_project/changes/0_reproduce/env/bin/python -B -m ta_launch_sim --trace data/tectonic/20230325/Region6/full_0_0.1.trace --learned-ap --ap mlnew --ap-threshold 0.806378 --si
15:02:27 SIBLING pid=691762 tid=691767 cpu=15 used=1.6s/10s /home/sxing/project/OS_final_project/changes/0_reproduce/env/bin/python -B -m ta_launch_sim --trace data/tectonic/20230325/Region6/full_0_0.1.trace --learned-ap --ap mlnew --ap-threshold 0.806378 --si
15:02:27 SIBLING pid=693209 tid=693209 cpu=18 used=9.3s/10s /home/sxing/project/OS_final_project/changes/0_reproduce/env/bin/python -B -m ta_launch_sim --trace data/tectonic/20230325/Region7/full_0_0.1.trace --learned-ap --ap mlnew --ap-threshold 0.620940 --si
15:02:27 SIBLING pid=693209 tid=693229 cpu=18 used=2.2s/10s /home/sxing/project/OS_final_project/changes/0_reproduce/env/bin/python -B -m ta_launch_sim --trace data/tectonic/20230325/Region7/full_0_0.1.trace --learned-ap --ap mlnew --ap-threshold 0.620940 --si
15:02:27 SIBLING pid=694135 tid=694135 cpu=19 used=9.4s/10s /home/sxing/project/OS_final_project/changes/0_reproduce/env/bin/python -B -m ta_launch_sim --trace data/tectonic/20230325/Region7/full_0_0.1.trace --learned-ap --ap mlnew --ap-threshold 0.620940 --si
15:02:37 DIRECT pid=677676 tid=677676 cpu=6 used=0.6s/10s <editor/agent state> --dns-result-order=ipv4first <editor/agent state> --t
15:02:37 SIBLING pid=690210 tid=690217 cpu=19 used=1.8s/10s /home/sxing/project/OS_final_project/changes/0_reproduce/env/bin/python -B -m ta_launch_sim --trace data/tectonic/20230325/Region6/full_0_0.1.trace --learned-ap --ap mlnew --ap-threshold 0.806378 --si
15:02:37 SIBLING pid=690213 tid=690220 cpu=19 used=1.9s/10s /home/sxing/project/OS_final_project/changes/0_reproduce/env/bin/python -B -m ta_launch_sim --trace data/tectonic/20230325/Region6/full_0_0.1.trace --learned-ap --ap mlnew --ap-threshold 0.806378 --si
15:02:37 SIBLING pid=691762 tid=691767 cpu=18 used=1.7s/10s /home/sxing/project/OS_final_project/changes/0_reproduce/env/bin/python -B -m ta_launch_sim --trace data/tectonic/20230325/Region6/full_0_0.1.trace --learned-ap --ap mlnew --ap-threshold 0.806378 --si
15:02:37 SIBLING pid=693209 tid=693209 cpu=13 used=9.4s/10s /home/sxing/project/OS_final_project/changes/0_reproduce/env/bin/python -B -m ta_launch_sim --trace data/tectonic/20230325/Region7/full_0_0.1.trace --learned-ap --ap mlnew --ap-threshold 0.620940 --si
15:02:37 SIBLING pid=693209 tid=693229 cpu=16 used=2.3s/10s /home/sxing/project/OS_final_project/changes/0_reproduce/env/bin/python -B -m ta_launch_sim --trace data/tectonic/20230325/Region7/full_0_0.1.trace --learned-ap --ap mlnew --ap-threshold 0.620940 --si
15:02:37 SIBLING pid=693211 tid=693211 cpu=12 used=9.6s/10s /home/sxing/project/OS_final_project/changes/0_reproduce/env/bin/python -B -m ta_launch_sim --trace data/tectonic/20230325/Region6/full_0_0.1.trace --learned-ap --ap mlnew --ap-threshold 0.806378 --si
15:02:37 SIBLING pid=693211 tid=693221 cpu=17 used=1.5s/10s /home/sxing/project/OS_final_project/changes/0_reproduce/env/bin/python -B -m ta_launch_sim --trace data/tectonic/20230325/Region6/full_0_0.1.trace --learned-ap --ap mlnew --ap-threshold 0.806378 --si
15:02:37 SIBLING pid=694135 tid=694204 cpu=18 used=2.0s/10s /home/sxing/project/OS_final_project/changes/0_reproduce/env/bin/python -B -m ta_launch_sim --trace data/tectonic/20230325/Region7/full_0_0.1.trace --learned-ap --ap mlnew --ap-threshold 0.620940 --si
15:02:47 SIBLING pid=690213 tid=690213 cpu=14 used=9.6s/10s /home/sxing/project/OS_final_project/changes/0_reproduce/env/bin/python -B -m ta_launch_sim --trace data/tectonic/20230325/Region6/full_0_0.1.trace --learned-ap --ap mlnew --ap-threshold 0.806378 --si
15:02:47 SIBLING pid=691761 tid=691761 cpu=12 used=9.7s/10s /home/sxing/project/OS_final_project/changes/0_reproduce/env/bin/python -B -m ta_launch_sim --trace data/tectonic/20230325/Region6/full_0_0.1.trace --learned-ap --ap mlnew --ap-threshold 0.806378 --si
15:02:47 SIBLING pid=691761 tid=691770 cpu=16 used=1.9s/10s /home/sxing/project/OS_final_project/changes/0_reproduce/env/bin/python -B -m ta_launch_sim --trace data/tectonic/20230325/Region6/full_0_0.1.trace --learned-ap --ap mlnew --ap-threshold 0.806378 --si
15:02:47 SIBLING pid=693209 tid=693209 cpu=15 used=9.6s/10s /home/sxing/project/OS_final_project/changes/0_reproduce/env/bin/python -B -m ta_launch_sim --trace data/tectonic/20230325/Region7/full_0_0.1.trace --learned-ap --ap mlnew --ap-threshold 0.620940 --si
15:02:47 SIBLING pid=693209 tid=693229 cpu=17 used=2.3s/10s /home/sxing/project/OS_final_project/changes/0_reproduce/env/bin/python -B -m ta_launch_sim --trace data/tectonic/20230325/Region7/full_0_0.1.trace --learned-ap --ap mlnew --ap-threshold 0.620940 --si
15:02:47 SIBLING pid=693211 tid=693211 cpu=19 used=9.7s/10s /home/sxing/project/OS_final_project/changes/0_reproduce/env/bin/python -B -m ta_launch_sim --trace data/tectonic/20230325/Region6/full_0_0.1.trace --learned-ap --ap mlnew --ap-threshold 0.806378 --si
15:02:47 SIBLING pid=694135 tid=694135 cpu=13 used=9.6s/10s /home/sxing/project/OS_final_project/changes/0_reproduce/env/bin/python -B -m ta_launch_sim --trace data/tectonic/20230325/Region7/full_0_0.1.trace --learned-ap --ap mlnew --ap-threshold 0.620940 --si
15:02:47 SIBLING pid=694135 tid=694204 cpu=17 used=2.2s/10s /home/sxing/project/OS_final_project/changes/0_reproduce/env/bin/python -B -m ta_launch_sim --trace data/tectonic/20230325/Region7/full_0_0.1.trace --learned-ap --ap mlnew --ap-threshold 0.620940 --si
15:02:57 SIBLING pid=679921 tid=679921 cpu=13 used=3.4s/10s <editor/agent state> <editor/agent state> --cancellationReceive=file:a0
15:02:57 DIRECT pid=679921 tid=679923 cpu=7 used=0.5s/10s <editor/agent state> <editor/agent state> --cancellationReceive=file:a0
15:02:57 SIBLING pid=679921 tid=679924 cpu=16 used=0.5s/10s <editor/agent state> <editor/agent state> --cancellationReceive=file:a0
15:02:57 SIBLING pid=690210 tid=690210 cpu=18 used=9.7s/10s /home/sxing/project/OS_final_project/changes/0_reproduce/env/bin/python -B -m ta_launch_sim --trace data/tectonic/20230325/Region6/full_0_0.1.trace --learned-ap --ap mlnew --ap-threshold 0.806378 --si
15:02:57 SIBLING pid=690210 tid=690217 cpu=14 used=1.8s/10s /home/sxing/project/OS_final_project/changes/0_reproduce/env/bin/python -B -m ta_launch_sim --trace data/tectonic/20230325/Region6/full_0_0.1.trace --learned-ap --ap mlnew --ap-threshold 0.806378 --si
15:02:57 SIBLING pid=690213 tid=690213 cpu=17 used=9.5s/10s /home/sxing/project/OS_final_project/changes/0_reproduce/env/bin/python -B -m ta_launch_sim --trace data/tectonic/20230325/Region6/full_0_0.1.trace --learned-ap --ap mlnew --ap-threshold 0.806378 --si
15:02:57 SIBLING pid=690213 tid=690220 cpu=14 used=1.9s/10s /home/sxing/project/OS_final_project/changes/0_reproduce/env/bin/python -B -m ta_launch_sim --trace data/tectonic/20230325/Region6/full_0_0.1.trace --learned-ap --ap mlnew --ap-threshold 0.806378 --si
15:02:57 SIBLING pid=691761 tid=691761 cpu=15 used=9.6s/10s /home/sxing/project/OS_final_project/changes/0_reproduce/env/bin/python -B -m ta_launch_sim --trace data/tectonic/20230325/Region6/full_0_0.1.trace --learned-ap --ap mlnew --ap-threshold 0.806378 --si
15:02:57 SIBLING pid=691761 tid=691770 cpu=12 used=1.7s/10s /home/sxing/project/OS_final_project/changes/0_reproduce/env/bin/python -B -m ta_launch_sim --trace data/tectonic/20230325/Region6/full_0_0.1.trace --learned-ap --ap mlnew --ap-threshold 0.806378 --si
15:02:57 SIBLING pid=693209 tid=693209 cpu=19 used=9.5s/10s /home/sxing/project/OS_final_project/changes/0_reproduce/env/bin/python -B -m ta_launch_sim --trace data/tectonic/20230325/Region7/full_0_0.1.trace --learned-ap --ap mlnew --ap-threshold 0.620940 --si
15:02:57 SIBLING pid=694135 tid=694135 cpu=16 used=9.5s/10s /home/sxing/project/OS_final_project/changes/0_reproduce/env/bin/python -B -m ta_launch_sim --trace data/tectonic/20230325/Region7/full_0_0.1.trace --learned-ap --ap mlnew --ap-threshold 0.620940 --si
15:02:57 SIBLING pid=694135 tid=694204 cpu=14 used=2.0s/10s /home/sxing/project/OS_final_project/changes/0_reproduce/env/bin/python -B -m ta_launch_sim --trace data/tectonic/20230325/Region7/full_0_0.1.trace --learned-ap --ap mlnew --ap-threshold 0.620940 --si
15:03:07 SIBLING pid=679921 tid=679921 cpu=17 used=9.9s/10s <editor/agent state> <editor/agent state> --cancellationReceive=file:a0
15:03:07 SIBLING pid=679921 tid=679924 cpu=13 used=1.4s/10s <editor/agent state> <editor/agent state> --cancellationReceive=file:a0
15:03:07 SIBLING pid=679921 tid=679925 cpu=16 used=1.4s/10s <editor/agent state> <editor/agent state> --cancellationReceive=file:a0
15:03:07 DIRECT pid=679921 tid=679926 cpu=3 used=1.4s/10s <editor/agent state> <editor/agent state> --cancellationReceive=file:a0
15:03:07 SIBLING pid=691761 tid=691761 cpu=14 used=8.8s/10s /home/sxing/project/OS_final_project/changes/0_reproduce/env/bin/python -B -m ta_launch_sim --trace data/tectonic/20230325/Region6/full_0_0.1.trace --learned-ap --ap mlnew --ap-threshold 0.806378 --si
15:03:07 SIBLING pid=691761 tid=691770 cpu=16 used=1.5s/10s /home/sxing/project/OS_final_project/changes/0_reproduce/env/bin/python -B -m ta_launch_sim --trace data/tectonic/20230325/Region6/full_0_0.1.trace --learned-ap --ap mlnew --ap-threshold 0.806378 --si
15:03:07 SIBLING pid=691762 tid=691762 cpu=18 used=8.9s/10s /home/sxing/project/OS_final_project/changes/0_reproduce/env/bin/python -B -m ta_launch_sim --trace data/tectonic/20230325/Region6/full_0_0.1.trace --learned-ap --ap mlnew --ap-threshold 0.806378 --si
15:03:07 SIBLING pid=693209 tid=693209 cpu=13 used=8.8s/10s /home/sxing/project/OS_final_project/changes/0_reproduce/env/bin/python -B -m ta_launch_sim --trace data/tectonic/20230325/Region7/full_0_0.1.trace --learned-ap --ap mlnew --ap-threshold 0.620940 --si
15:03:07 SIBLING pid=693209 tid=693229 cpu=12 used=1.7s/10s /home/sxing/project/OS_final_project/changes/0_reproduce/env/bin/python -B -m ta_launch_sim --trace data/tectonic/20230325/Region7/full_0_0.1.trace --learned-ap --ap mlnew --ap-threshold 0.620940 --si
15:03:07 SIBLING pid=693211 tid=693211 cpu=19 used=8.9s/10s /home/sxing/project/OS_final_project/changes/0_reproduce/env/bin/python -B -m ta_launch_sim --trace data/tectonic/20230325/Region6/full_0_0.1.trace --learned-ap --ap mlnew --ap-threshold 0.806378 --si
15:03:07 SIBLING pid=694135 tid=694135 cpu=15 used=8.8s/10s /home/sxing/project/OS_final_project/changes/0_reproduce/env/bin/python -B -m ta_launch_sim --trace data/tectonic/20230325/Region7/full_0_0.1.trace --learned-ap --ap mlnew --ap-threshold 0.620940 --si
15:03:07 SIBLING pid=694135 tid=694204 cpu=16 used=1.8s/10s /home/sxing/project/OS_final_project/changes/0_reproduce/env/bin/python -B -m ta_launch_sim --trace data/tectonic/20230325/Region7/full_0_0.1.trace --learned-ap --ap mlnew --ap-threshold 0.620940 --si
15:03:17 DIRECT pid=677676 tid=677676 cpu=7 used=0.6s/10s <editor/agent state> --dns-result-order=ipv4first <editor/agent state> --t
15:03:17 SIBLING pid=679921 tid=679921 cpu=19 used=7.5s/10s <editor/agent state> <editor/agent state> --cancellationReceive=file:a0
15:03:17 DIRECT pid=679921 tid=679923 cpu=3 used=1.2s/10s <editor/agent state> <editor/agent state> --cancellationReceive=file:a0
15:03:17 SIBLING pid=679921 tid=679924 cpu=18 used=1.2s/10s <editor/agent state> <editor/agent state> --cancellationReceive=file:a0
15:03:17 SIBLING pid=679921 tid=679925 cpu=12 used=1.2s/10s <editor/agent state> <editor/agent state> --cancellationReceive=file:a0
15:03:17 SIBLING pid=679921 tid=679926 cpu=12 used=1.2s/10s <editor/agent state> <editor/agent state> --cancellationReceive=file:a0
15:03:17 SIBLING pid=691761 tid=691761 cpu=15 used=9.6s/10s /home/sxing/project/OS_final_project/changes/0_reproduce/env/bin/python -B -m ta_launch_sim --trace data/tectonic/20230325/Region6/full_0_0.1.trace --learned-ap --ap mlnew --ap-threshold 0.806378 --si
15:03:17 SIBLING pid=691761 tid=691770 cpu=12 used=1.7s/10s /home/sxing/project/OS_final_project/changes/0_reproduce/env/bin/python -B -m ta_launch_sim --trace data/tectonic/20230325/Region6/full_0_0.1.trace --learned-ap --ap mlnew --ap-threshold 0.806378 --si
15:03:17 SIBLING pid=691762 tid=691767 cpu=16 used=1.4s/10s /home/sxing/project/OS_final_project/changes/0_reproduce/env/bin/python -B -m ta_launch_sim --trace data/tectonic/20230325/Region6/full_0_0.1.trace --learned-ap --ap mlnew --ap-threshold 0.806378 --si
15:03:17 SIBLING pid=693209 tid=693229 cpu=13 used=1.9s/10s /home/sxing/project/OS_final_project/changes/0_reproduce/env/bin/python -B -m ta_launch_sim --trace data/tectonic/20230325/Region7/full_0_0.1.trace --learned-ap --ap mlnew --ap-threshold 0.620940 --si
15:03:17 SIBLING pid=693211 tid=693221 cpu=19 used=1.6s/10s /home/sxing/project/OS_final_project/changes/0_reproduce/env/bin/python -B -m ta_launch_sim --trace data/tectonic/20230325/Region6/full_0_0.1.trace --learned-ap --ap mlnew --ap-threshold 0.806378 --si
15:03:17 SIBLING pid=694135 tid=694135 cpu=14 used=9.6s/10s /home/sxing/project/OS_final_project/changes/0_reproduce/env/bin/python -B -m ta_launch_sim --trace data/tectonic/20230325/Region7/full_0_0.1.trace --learned-ap --ap mlnew --ap-threshold 0.620940 --si
15:03:17 SIBLING pid=694135 tid=694204 cpu=18 used=1.9s/10s /home/sxing/project/OS_final_project/changes/0_reproduce/env/bin/python -B -m ta_launch_sim --trace data/tectonic/20230325/Region7/full_0_0.1.trace --learned-ap --ap mlnew --ap-threshold 0.620940 --si
15:03:27 SIBLING pid=691761 tid=691761 cpu=16 used=9.7s/10s /home/sxing/project/OS_final_project/changes/0_reproduce/env/bin/python -B -m ta_launch_sim --trace data/tectonic/20230325/Region6/full_0_0.1.trace --learned-ap --ap mlnew --ap-threshold 0.806378 --si
15:03:27 SIBLING pid=691761 tid=691770 cpu=13 used=1.9s/10s /home/sxing/project/OS_final_project/changes/0_reproduce/env/bin/python -B -m ta_launch_sim --trace data/tectonic/20230325/Region6/full_0_0.1.trace --learned-ap --ap mlnew --ap-threshold 0.806378 --si
15:03:27 SIBLING pid=691762 tid=691767 cpu=18 used=1.4s/10s /home/sxing/project/OS_final_project/changes/0_reproduce/env/bin/python -B -m ta_launch_sim --trace data/tectonic/20230325/Region6/full_0_0.1.trace --learned-ap --ap mlnew --ap-threshold 0.806378 --si
15:03:27 SIBLING pid=693211 tid=693211 cpu=17 used=9.7s/10s /home/sxing/project/OS_final_project/changes/0_reproduce/env/bin/python -B -m ta_launch_sim --trace data/tectonic/20230325/Region6/full_0_0.1.trace --learned-ap --ap mlnew --ap-threshold 0.806378 --si
15:03:27 SIBLING pid=693211 tid=693221 cpu=14 used=1.8s/10s /home/sxing/project/OS_final_project/changes/0_reproduce/env/bin/python -B -m ta_launch_sim --trace data/tectonic/20230325/Region6/full_0_0.1.trace --learned-ap --ap mlnew --ap-threshold 0.806378 --si
15:03:27 SIBLING pid=694135 tid=694135 cpu=12 used=9.7s/10s /home/sxing/project/OS_final_project/changes/0_reproduce/env/bin/python -B -m ta_launch_sim --trace data/tectonic/20230325/Region7/full_0_0.1.trace --learned-ap --ap mlnew --ap-threshold 0.620940 --si
15:03:27 SIBLING pid=694135 tid=694204 cpu=15 used=2.0s/10s /home/sxing/project/OS_final_project/changes/0_reproduce/env/bin/python -B -m ta_launch_sim --trace data/tectonic/20230325/Region7/full_0_0.1.trace --learned-ap --ap mlnew --ap-threshold 0.620940 --si
15:03:37 SIBLING pid=691761 tid=691761 cpu=14 used=9.7s/10s /home/sxing/project/OS_final_project/changes/0_reproduce/env/bin/python -B -m ta_launch_sim --trace data/tectonic/20230325/Region6/full_0_0.1.trace --learned-ap --ap mlnew --ap-threshold 0.806378 --si
15:03:37 SIBLING pid=691761 tid=691770 cpu=12 used=1.9s/10s /home/sxing/project/OS_final_project/changes/0_reproduce/env/bin/python -B -m ta_launch_sim --trace data/tectonic/20230325/Region6/full_0_0.1.trace --learned-ap --ap mlnew --ap-threshold 0.806378 --si
15:03:37 SIBLING pid=691762 tid=691762 cpu=13 used=9.7s/10s /home/sxing/project/OS_final_project/changes/0_reproduce/env/bin/python -B -m ta_launch_sim --trace data/tectonic/20230325/Region6/full_0_0.1.trace --learned-ap --ap mlnew --ap-threshold 0.806378 --si
15:03:37 SIBLING pid=691762 tid=691767 cpu=18 used=1.8s/10s /home/sxing/project/OS_final_project/changes/0_reproduce/env/bin/python -B -m ta_launch_sim --trace data/tectonic/20230325/Region6/full_0_0.1.trace --learned-ap --ap mlnew --ap-threshold 0.806378 --si
15:03:37 SIBLING pid=693209 tid=693229 cpu=18 used=1.7s/10s /home/sxing/project/OS_final_project/changes/0_reproduce/env/bin/python -B -m ta_launch_sim --trace data/tectonic/20230325/Region7/full_0_0.1.trace --learned-ap --ap mlnew --ap-threshold 0.620940 --si
15:03:37 SIBLING pid=693211 tid=693211 cpu=19 used=9.7s/10s /home/sxing/project/OS_final_project/changes/0_reproduce/env/bin/python -B -m ta_launch_sim --trace data/tectonic/20230325/Region6/full_0_0.1.trace --learned-ap --ap mlnew --ap-threshold 0.806378 --si
15:03:37 SIBLING pid=693211 tid=693221 cpu=17 used=1.8s/10s /home/sxing/project/OS_final_project/changes/0_reproduce/env/bin/python -B -m ta_launch_sim --trace data/tectonic/20230325/Region6/full_0_0.1.trace --learned-ap --ap mlnew --ap-threshold 0.806378 --si
15:03:47 DIRECT pid=677676 tid=677676 cpu=7 used=0.6s/10s <editor/agent state> --dns-result-order=ipv4first <editor/agent state> --t
15:03:47 SIBLING pid=691761 tid=691761 cpu=12 used=9.5s/10s /home/sxing/project/OS_final_project/changes/0_reproduce/env/bin/python -B -m ta_launch_sim --trace data/tectonic/20230325/Region6/full_0_0.1.trace --learned-ap --ap mlnew --ap-threshold 0.806378 --si
15:03:47 SIBLING pid=691761 tid=691770 cpu=14 used=1.6s/10s /home/sxing/project/OS_final_project/changes/0_reproduce/env/bin/python -B -m ta_launch_sim --trace data/tectonic/20230325/Region6/full_0_0.1.trace --learned-ap --ap mlnew --ap-threshold 0.806378 --si
15:03:47 SIBLING pid=691762 tid=691762 cpu=13 used=9.5s/10s /home/sxing/project/OS_final_project/changes/0_reproduce/env/bin/python -B -m ta_launch_sim --trace data/tectonic/20230325/Region6/full_0_0.1.trace --learned-ap --ap mlnew --ap-threshold 0.806378 --si
15:03:47 SIBLING pid=691762 tid=691767 cpu=17 used=1.6s/10s /home/sxing/project/OS_final_project/changes/0_reproduce/env/bin/python -B -m ta_launch_sim --trace data/tectonic/20230325/Region6/full_0_0.1.trace --learned-ap --ap mlnew --ap-threshold 0.806378 --si
15:03:47 SIBLING pid=693209 tid=693209 cpu=16 used=9.4s/10s /home/sxing/project/OS_final_project/changes/0_reproduce/env/bin/python -B -m ta_launch_sim --trace data/tectonic/20230325/Region7/full_0_0.1.trace --learned-ap --ap mlnew --ap-threshold 0.620940 --si
15:03:47 SIBLING pid=693209 tid=693229 cpu=15 used=1.9s/10s /home/sxing/project/OS_final_project/changes/0_reproduce/env/bin/python -B -m ta_launch_sim --trace data/tectonic/20230325/Region7/full_0_0.1.trace --learned-ap --ap mlnew --ap-threshold 0.620940 --si
15:03:47 SIBLING pid=693211 tid=693211 cpu=17 used=9.5s/10s /home/sxing/project/OS_final_project/changes/0_reproduce/env/bin/python -B -m ta_launch_sim --trace data/tectonic/20230325/Region6/full_0_0.1.trace --learned-ap --ap mlnew --ap-threshold 0.806378 --si
15:03:47 SIBLING pid=693211 tid=693221 cpu=15 used=1.7s/10s /home/sxing/project/OS_final_project/changes/0_reproduce/env/bin/python -B -m ta_launch_sim --trace data/tectonic/20230325/Region6/full_0_0.1.trace --learned-ap --ap mlnew --ap-threshold 0.806378 --si
15:03:47 SIBLING pid=694135 tid=694135 cpu=19 used=9.4s/10s /home/sxing/project/OS_final_project/changes/0_reproduce/env/bin/python -B -m ta_launch_sim --trace data/tectonic/20230325/Region7/full_0_0.1.trace --learned-ap --ap mlnew --ap-threshold 0.620940 --si
15:03:47 SIBLING pid=694135 tid=694204 cpu=18 used=2.0s/10s /home/sxing/project/OS_final_project/changes/0_reproduce/env/bin/python -B -m ta_launch_sim --trace data/tectonic/20230325/Region7/full_0_0.1.trace --learned-ap --ap mlnew --ap-threshold 0.620940 --si
15:03:47 SIBLING pid=695153 tid=695153 cpu=16 used=6.6s/10s /home/sxing/project/OS_final_project/changes/0_reproduce/env/bin/python -B -m ta_launch_train --exp smoke_R7_loadtod_pf --policy PolicyUtilityServiceTimeSize2 --region Region7 --sample-ratio 0.1 --sam
15:03:57 DIRECT pid=677676 tid=677676 cpu=7 used=0.6s/10s <editor/agent state> --dns-result-order=ipv4first <editor/agent state> --t
15:03:57 SIBLING pid=691761 tid=691761 cpu=13 used=9.6s/10s /home/sxing/project/OS_final_project/changes/0_reproduce/env/bin/python -B -m ta_launch_sim --trace data/tectonic/20230325/Region6/full_0_0.1.trace --learned-ap --ap mlnew --ap-threshold 0.806378 --si
15:03:57 SIBLING pid=691761 tid=691770 cpu=17 used=1.4s/10s /home/sxing/project/OS_final_project/changes/0_reproduce/env/bin/python -B -m ta_launch_sim --trace data/tectonic/20230325/Region6/full_0_0.1.trace --learned-ap --ap mlnew --ap-threshold 0.806378 --si
15:03:57 SIBLING pid=691762 tid=691762 cpu=15 used=9.6s/10s /home/sxing/project/OS_final_project/changes/0_reproduce/env/bin/python -B -m ta_launch_sim --trace data/tectonic/20230325/Region6/full_0_0.1.trace --learned-ap --ap mlnew --ap-threshold 0.806378 --si
15:03:57 SIBLING pid=691762 tid=691767 cpu=14 used=1.4s/10s /home/sxing/project/OS_final_project/changes/0_reproduce/env/bin/python -B -m ta_launch_sim --trace data/tectonic/20230325/Region6/full_0_0.1.trace --learned-ap --ap mlnew --ap-threshold 0.806378 --si
15:03:57 SIBLING pid=693209 tid=693209 cpu=12 used=9.5s/10s /home/sxing/project/OS_final_project/changes/0_reproduce/env/bin/python -B -m ta_launch_sim --trace data/tectonic/20230325/Region7/full_0_0.1.trace --learned-ap --ap mlnew --ap-threshold 0.620940 --si
15:03:57 SIBLING pid=693209 tid=693229 cpu=12 used=1.6s/10s /home/sxing/project/OS_final_project/changes/0_reproduce/env/bin/python -B -m ta_launch_sim --trace data/tectonic/20230325/Region7/full_0_0.1.trace --learned-ap --ap mlnew --ap-threshold 0.620940 --si
15:03:57 SIBLING pid=693211 tid=693211 cpu=16 used=9.5s/10s /home/sxing/project/OS_final_project/changes/0_reproduce/env/bin/python -B -m ta_launch_sim --trace data/tectonic/20230325/Region6/full_0_0.1.trace --learned-ap --ap mlnew --ap-threshold 0.806378 --si
15:03:57 SIBLING pid=693211 tid=693221 cpu=16 used=1.6s/10s /home/sxing/project/OS_final_project/changes/0_reproduce/env/bin/python -B -m ta_launch_sim --trace data/tectonic/20230325/Region6/full_0_0.1.trace --learned-ap --ap mlnew --ap-threshold 0.806378 --si
15:03:57 SIBLING pid=694135 tid=694135 cpu=14 used=9.5s/10s /home/sxing/project/OS_final_project/changes/0_reproduce/env/bin/python -B -m ta_launch_sim --trace data/tectonic/20230325/Region7/full_0_0.1.trace --learned-ap --ap mlnew --ap-threshold 0.620940 --si
15:03:57 SIBLING pid=694135 tid=694204 cpu=14 used=1.8s/10s /home/sxing/project/OS_final_project/changes/0_reproduce/env/bin/python -B -m ta_launch_sim --trace data/tectonic/20230325/Region7/full_0_0.1.trace --learned-ap --ap mlnew --ap-threshold 0.620940 --si
15:03:57 SIBLING pid=695153 tid=695153 cpu=17 used=1.2s/10s /home/sxing/project/OS_final_project/changes/0_reproduce/env/bin/python -B -m ta_launch_train --exp smoke_R7_loadtod_pf --policy PolicyUtilityServiceTimeSize2 --region Region7 --sample-ratio 0.1 --sam
15:03:57 SIBLING pid=695153 tid=695249 cpu=18 used=0.6s/10s /home/sxing/project/OS_final_project/changes/0_reproduce/env/bin/python -B -m ta_launch_train --exp smoke_R7_loadtod_pf --policy PolicyUtilityServiceTimeSize2 --region Region7 --sample-ratio 0.1 --sam
15:03:57 SIBLING pid=695153 tid=695250 cpu=17 used=0.5s/10s /home/sxing/project/OS_final_project/changes/0_reproduce/env/bin/python -B -m ta_launch_train --exp smoke_R7_loadtod_pf --policy PolicyUtilityServiceTimeSize2 --region Region7 --sample-ratio 0.1 --sam
15:03:57 SIBLING pid=695153 tid=695251 cpu=17 used=0.5s/10s /home/sxing/project/OS_final_project/changes/0_reproduce/env/bin/python -B -m ta_launch_train --exp smoke_R7_loadtod_pf --policy PolicyUtilityServiceTimeSize2 --region Region7 --sample-ratio 0.1 --sam
15:03:57 SIBLING pid=695153 tid=695254 cpu=17 used=0.5s/10s /home/sxing/project/OS_final_project/changes/0_reproduce/env/bin/python -B -m ta_launch_train --exp smoke_R7_loadtod_pf --policy PolicyUtilityServiceTimeSize2 --region Region7 --sample-ratio 0.1 --sam
15:04:07 DIRECT pid=677676 tid=677676 cpu=7 used=0.7s/10s <editor/agent state> --dns-result-order=ipv4first <editor/agent state> --t
15:04:07 SIBLING pid=691761 tid=691761 cpu=17 used=9.6s/10s /home/sxing/project/OS_final_project/changes/0_reproduce/env/bin/python -B -m ta_launch_sim --trace data/tectonic/20230325/Region6/full_0_0.1.trace --learned-ap --ap mlnew --ap-threshold 0.806378 --si
15:04:07 SIBLING pid=691761 tid=691770 cpu=18 used=1.4s/10s /home/sxing/project/OS_final_project/changes/0_reproduce/env/bin/python -B -m ta_launch_sim --trace data/tectonic/20230325/Region6/full_0_0.1.trace --learned-ap --ap mlnew --ap-threshold 0.806378 --si
15:04:07 SIBLING pid=691762 tid=691762 cpu=15 used=9.6s/10s /home/sxing/project/OS_final_project/changes/0_reproduce/env/bin/python -B -m ta_launch_sim --trace data/tectonic/20230325/Region6/full_0_0.1.trace --learned-ap --ap mlnew --ap-threshold 0.806378 --si
15:04:07 SIBLING pid=691762 tid=691767 cpu=17 used=1.4s/10s /home/sxing/project/OS_final_project/changes/0_reproduce/env/bin/python -B -m ta_launch_sim --trace data/tectonic/20230325/Region6/full_0_0.1.trace --learned-ap --ap mlnew --ap-threshold 0.806378 --si
15:04:07 SIBLING pid=693209 tid=693209 cpu=13 used=9.5s/10s /home/sxing/project/OS_final_project/changes/0_reproduce/env/bin/python -B -m ta_launch_sim --trace data/tectonic/20230325/Region7/full_0_0.1.trace --learned-ap --ap mlnew --ap-threshold 0.620940 --si
15:04:07 SIBLING pid=693209 tid=693229 cpu=14 used=1.8s/10s /home/sxing/project/OS_final_project/changes/0_reproduce/env/bin/python -B -m ta_launch_sim --trace data/tectonic/20230325/Region7/full_0_0.1.trace --learned-ap --ap mlnew --ap-threshold 0.620940 --si
15:04:07 SIBLING pid=693211 tid=693211 cpu=12 used=9.5s/10s /home/sxing/project/OS_final_project/changes/0_reproduce/env/bin/python -B -m ta_launch_sim --trace data/tectonic/20230325/Region6/full_0_0.1.trace --learned-ap --ap mlnew --ap-threshold 0.806378 --si
15:04:07 SIBLING pid=693211 tid=693221 cpu=12 used=1.5s/10s /home/sxing/project/OS_final_project/changes/0_reproduce/env/bin/python -B -m ta_launch_sim --trace data/tectonic/20230325/Region6/full_0_0.1.trace --learned-ap --ap mlnew --ap-threshold 0.806378 --si
15:04:07 SIBLING pid=694135 tid=694135 cpu=16 used=9.5s/10s /home/sxing/project/OS_final_project/changes/0_reproduce/env/bin/python -B -m ta_launch_sim --trace data/tectonic/20230325/Region7/full_0_0.1.trace --learned-ap --ap mlnew --ap-threshold 0.620940 --si
15:04:07 SIBLING pid=694135 tid=694204 cpu=16 used=1.7s/10s /home/sxing/project/OS_final_project/changes/0_reproduce/env/bin/python -B -m ta_launch_sim --trace data/tectonic/20230325/Region7/full_0_0.1.trace --learned-ap --ap mlnew --ap-threshold 0.620940 --si
15:04:07 SIBLING pid=695153 tid=695153 cpu=19 used=1.3s/10s /home/sxing/project/OS_final_project/changes/0_reproduce/env/bin/python -B -m ta_launch_train --exp smoke_R7_loadtod_pf --policy PolicyUtilityServiceTimeSize2 --region Region7 --sample-ratio 0.1 --sam
15:04:07 SIBLING pid=695153 tid=695249 cpu=19 used=0.6s/10s /home/sxing/project/OS_final_project/changes/0_reproduce/env/bin/python -B -m ta_launch_train --exp smoke_R7_loadtod_pf --policy PolicyUtilityServiceTimeSize2 --region Region7 --sample-ratio 0.1 --sam
15:04:07 SIBLING pid=695153 tid=695250 cpu=19 used=0.6s/10s /home/sxing/project/OS_final_project/changes/0_reproduce/env/bin/python -B -m ta_launch_train --exp smoke_R7_loadtod_pf --policy PolicyUtilityServiceTimeSize2 --region Region7 --sample-ratio 0.1 --sam
15:04:07 SIBLING pid=695153 tid=695251 cpu=19 used=0.6s/10s /home/sxing/project/OS_final_project/changes/0_reproduce/env/bin/python -B -m ta_launch_train --exp smoke_R7_loadtod_pf --policy PolicyUtilityServiceTimeSize2 --region Region7 --sample-ratio 0.1 --sam
15:04:07 SIBLING pid=695153 tid=695253 cpu=19 used=0.5s/10s /home/sxing/project/OS_final_project/changes/0_reproduce/env/bin/python -B -m ta_launch_train --exp smoke_R7_loadtod_pf --policy PolicyUtilityServiceTimeSize2 --region Region7 --sample-ratio 0.1 --sam
15:04:07 SIBLING pid=695153 tid=695257 cpu=19 used=0.5s/10s /home/sxing/project/OS_final_project/changes/0_reproduce/env/bin/python -B -m ta_launch_train --exp smoke_R7_loadtod_pf --policy PolicyUtilityServiceTimeSize2 --region Region7 --sample-ratio 0.1 --sam
15:04:17 SIBLING pid=691761 tid=691761 cpu=17 used=9.6s/10s /home/sxing/project/OS_final_project/changes/0_reproduce/env/bin/python -B -m ta_launch_sim --trace data/tectonic/20230325/Region6/full_0_0.1.trace --learned-ap --ap mlnew --ap-threshold 0.806378 --si
15:04:17 SIBLING pid=691761 tid=691770 cpu=13 used=1.6s/10s /home/sxing/project/OS_final_project/changes/0_reproduce/env/bin/python -B -m ta_launch_sim --trace data/tectonic/20230325/Region6/full_0_0.1.trace --learned-ap --ap mlnew --ap-threshold 0.806378 --si
15:04:17 SIBLING pid=691762 tid=691762 cpu=14 used=9.6s/10s /home/sxing/project/OS_final_project/changes/0_reproduce/env/bin/python -B -m ta_launch_sim --trace data/tectonic/20230325/Region6/full_0_0.1.trace --learned-ap --ap mlnew --ap-threshold 0.806378 --si
15:04:17 SIBLING pid=691762 tid=691767 cpu=13 used=1.5s/10s /home/sxing/project/OS_final_project/changes/0_reproduce/env/bin/python -B -m ta_launch_sim --trace data/tectonic/20230325/Region6/full_0_0.1.trace --learned-ap --ap mlnew --ap-threshold 0.806378 --si
15:04:17 SIBLING pid=693209 tid=693209 cpu=16 used=9.5s/10s /home/sxing/project/OS_final_project/changes/0_reproduce/env/bin/python -B -m ta_launch_sim --trace data/tectonic/20230325/Region7/full_0_0.1.trace --learned-ap --ap mlnew --ap-threshold 0.620940 --si
15:04:17 SIBLING pid=693209 tid=693229 cpu=18 used=1.9s/10s /home/sxing/project/OS_final_project/changes/0_reproduce/env/bin/python -B -m ta_launch_sim --trace data/tectonic/20230325/Region7/full_0_0.1.trace --learned-ap --ap mlnew --ap-threshold 0.620940 --si
15:04:17 SIBLING pid=693211 tid=693211 cpu=19 used=9.6s/10s /home/sxing/project/OS_final_project/changes/0_reproduce/env/bin/python -B -m ta_launch_sim --trace data/tectonic/20230325/Region6/full_0_0.1.trace --learned-ap --ap mlnew --ap-threshold 0.806378 --si
15:04:17 SIBLING pid=693211 tid=693221 cpu=19 used=1.5s/10s /home/sxing/project/OS_final_project/changes/0_reproduce/env/bin/python -B -m ta_launch_sim --trace data/tectonic/20230325/Region6/full_0_0.1.trace --learned-ap --ap mlnew --ap-threshold 0.806378 --si
15:04:17 SIBLING pid=694135 tid=694135 cpu=15 used=9.4s/10s /home/sxing/project/OS_final_project/changes/0_reproduce/env/bin/python -B -m ta_launch_sim --trace data/tectonic/20230325/Region7/full_0_0.1.trace --learned-ap --ap mlnew --ap-threshold 0.620940 --si
15:04:17 SIBLING pid=694135 tid=694204 cpu=12 used=1.8s/10s /home/sxing/project/OS_final_project/changes/0_reproduce/env/bin/python -B -m ta_launch_sim --trace data/tectonic/20230325/Region7/full_0_0.1.trace --learned-ap --ap mlnew --ap-threshold 0.620940 --si
15:04:17 SIBLING pid=695153 tid=695253 cpu=13 used=0.5s/10s /home/sxing/project/OS_final_project/changes/0_reproduce/env/bin/python -B -m ta_launch_train --exp smoke_R7_loadtod_pf --policy PolicyUtilityServiceTimeSize2 --region Region7 --sample-ratio 0.1 --sam
15:04:27 SIBLING pid=691761 tid=691761 cpu=16 used=9.4s/10s /home/sxing/project/OS_final_project/changes/0_reproduce/env/bin/python -B -m ta_launch_sim --trace data/tectonic/20230325/Region6/full_0_0.1.trace --learned-ap --ap mlnew --ap-threshold 0.806378 --si
15:04:27 SIBLING pid=691761 tid=691770 cpu=17 used=1.6s/10s /home/sxing/project/OS_final_project/changes/0_reproduce/env/bin/python -B -m ta_launch_sim --trace data/tectonic/20230325/Region6/full_0_0.1.trace --learned-ap --ap mlnew --ap-threshold 0.806378 --si
15:04:27 SIBLING pid=691762 tid=691762 cpu=17 used=9.3s/10s /home/sxing/project/OS_final_project/changes/0_reproduce/env/bin/python -B -m ta_launch_sim --trace data/tectonic/20230325/Region6/full_0_0.1.trace --learned-ap --ap mlnew --ap-threshold 0.806378 --si
15:04:27 SIBLING pid=691762 tid=691767 cpu=18 used=1.6s/10s /home/sxing/project/OS_final_project/changes/0_reproduce/env/bin/python -B -m ta_launch_sim --trace data/tectonic/20230325/Region6/full_0_0.1.trace --learned-ap --ap mlnew --ap-threshold 0.806378 --si
15:04:27 SIBLING pid=693209 tid=693209 cpu=13 used=9.3s/10s /home/sxing/project/OS_final_project/changes/0_reproduce/env/bin/python -B -m ta_launch_sim --trace data/tectonic/20230325/Region7/full_0_0.1.trace --learned-ap --ap mlnew --ap-threshold 0.620940 --si
15:04:27 SIBLING pid=693209 tid=693229 cpu=14 used=1.9s/10s /home/sxing/project/OS_final_project/changes/0_reproduce/env/bin/python -B -m ta_launch_sim --trace data/tectonic/20230325/Region7/full_0_0.1.trace --learned-ap --ap mlnew --ap-threshold 0.620940 --si
15:04:27 SIBLING pid=693211 tid=693211 cpu=12 used=9.6s/10s /home/sxing/project/OS_final_project/changes/0_reproduce/env/bin/python -B -m ta_launch_sim --trace data/tectonic/20230325/Region6/full_0_0.1.trace --learned-ap --ap mlnew --ap-threshold 0.806378 --si
15:04:27 SIBLING pid=693211 tid=693221 cpu=14 used=1.6s/10s /home/sxing/project/OS_final_project/changes/0_reproduce/env/bin/python -B -m ta_launch_sim --trace data/tectonic/20230325/Region6/full_0_0.1.trace --learned-ap --ap mlnew --ap-threshold 0.806378 --si
15:04:27 SIBLING pid=694135 tid=694135 cpu=15 used=9.4s/10s /home/sxing/project/OS_final_project/changes/0_reproduce/env/bin/python -B -m ta_launch_sim --trace data/tectonic/20230325/Region7/full_0_0.1.trace --learned-ap --ap mlnew --ap-threshold 0.620940 --si
15:04:27 SIBLING pid=694135 tid=694204 cpu=13 used=1.7s/10s /home/sxing/project/OS_final_project/changes/0_reproduce/env/bin/python -B -m ta_launch_sim --trace data/tectonic/20230325/Region7/full_0_0.1.trace --learned-ap --ap mlnew --ap-threshold 0.620940 --si
15:04:27 SIBLING pid=695153 tid=695153 cpu=19 used=8.6s/10s /home/sxing/project/OS_final_project/changes/0_reproduce/env/bin/python -B -m ta_launch_train --exp smoke_R7_loadtod_pf --policy PolicyUtilityServiceTimeSize2 --region Region7 --sample-ratio 0.1 --sam
15:04:37 SIBLING pid=691761 tid=691761 cpu=17 used=9.5s/10s /home/sxing/project/OS_final_project/changes/0_reproduce/env/bin/python -B -m ta_launch_sim --trace data/tectonic/20230325/Region6/full_0_0.1.trace --learned-ap --ap mlnew --ap-threshold 0.806378 --si
15:04:37 SIBLING pid=691761 tid=691770 cpu=19 used=1.6s/10s /home/sxing/project/OS_final_project/changes/0_reproduce/env/bin/python -B -m ta_launch_sim --trace data/tectonic/20230325/Region6/full_0_0.1.trace --learned-ap --ap mlnew --ap-threshold 0.806378 --si
15:04:37 SIBLING pid=691762 tid=691767 cpu=18 used=1.4s/10s /home/sxing/project/OS_final_project/changes/0_reproduce/env/bin/python -B -m ta_launch_sim --trace data/tectonic/20230325/Region6/full_0_0.1.trace --learned-ap --ap mlnew --ap-threshold 0.806378 --si
15:04:37 SIBLING pid=693209 tid=693209 cpu=13 used=9.4s/10s /home/sxing/project/OS_final_project/changes/0_reproduce/env/bin/python -B -m ta_launch_sim --trace data/tectonic/20230325/Region7/full_0_0.1.trace --learned-ap --ap mlnew --ap-threshold 0.620940 --si
15:04:37 SIBLING pid=693209 tid=693229 cpu=15 used=1.9s/10s /home/sxing/project/OS_final_project/changes/0_reproduce/env/bin/python -B -m ta_launch_sim --trace data/tectonic/20230325/Region7/full_0_0.1.trace --learned-ap --ap mlnew --ap-threshold 0.620940 --si
15:04:37 SIBLING pid=693211 tid=693211 cpu=14 used=9.5s/10s /home/sxing/project/OS_final_project/changes/0_reproduce/env/bin/python -B -m ta_launch_sim --trace data/tectonic/20230325/Region6/full_0_0.1.trace --learned-ap --ap mlnew --ap-threshold 0.806378 --si
15:04:37 SIBLING pid=693211 tid=693221 cpu=19 used=1.6s/10s /home/sxing/project/OS_final_project/changes/0_reproduce/env/bin/python -B -m ta_launch_sim --trace data/tectonic/20230325/Region6/full_0_0.1.trace --learned-ap --ap mlnew --ap-threshold 0.806378 --si
15:04:37 SIBLING pid=694135 tid=694135 cpu=12 used=9.4s/10s /home/sxing/project/OS_final_project/changes/0_reproduce/env/bin/python -B -m ta_launch_sim --trace data/tectonic/20230325/Region7/full_0_0.1.trace --learned-ap --ap mlnew --ap-threshold 0.620940 --si
15:04:37 SIBLING pid=694135 tid=694204 cpu=16 used=1.9s/10s /home/sxing/project/OS_final_project/changes/0_reproduce/env/bin/python -B -m ta_launch_sim --trace data/tectonic/20230325/Region7/full_0_0.1.trace --learned-ap --ap mlnew --ap-threshold 0.620940 --si
15:04:37 SIBLING pid=695153 tid=695153 cpu=16 used=1.2s/10s /home/sxing/project/OS_final_project/changes/0_reproduce/env/bin/python -B -m ta_launch_train --exp smoke_R7_loadtod_pf --policy PolicyUtilityServiceTimeSize2 --region Region7 --sample-ratio 0.1 --sam
15:04:37 SIBLING pid=695153 tid=695249 cpu=19 used=0.6s/10s /home/sxing/project/OS_final_project/changes/0_reproduce/env/bin/python -B -m ta_launch_train --exp smoke_R7_loadtod_pf --policy PolicyUtilityServiceTimeSize2 --region Region7 --sample-ratio 0.1 --sam
15:04:37 SIBLING pid=695153 tid=695250 cpu=16 used=0.6s/10s /home/sxing/project/OS_final_project/changes/0_reproduce/env/bin/python -B -m ta_launch_train --exp smoke_R7_loadtod_pf --policy PolicyUtilityServiceTimeSize2 --region Region7 --sample-ratio 0.1 --sam
15:04:37 SIBLING pid=695153 tid=695251 cpu=18 used=0.5s/10s /home/sxing/project/OS_final_project/changes/0_reproduce/env/bin/python -B -m ta_launch_train --exp smoke_R7_loadtod_pf --policy PolicyUtilityServiceTimeSize2 --region Region7 --sample-ratio 0.1 --sam
15:04:37 SIBLING pid=695153 tid=695252 cpu=14 used=0.5s/10s /home/sxing/project/OS_final_project/changes/0_reproduce/env/bin/python -B -m ta_launch_train --exp smoke_R7_loadtod_pf --policy PolicyUtilityServiceTimeSize2 --region Region7 --sample-ratio 0.1 --sam
15:04:47 SIBLING pid=691761 tid=691761 cpu=19 used=9.5s/10s /home/sxing/project/OS_final_project/changes/0_reproduce/env/bin/python -B -m ta_launch_sim --trace data/tectonic/20230325/Region6/full_0_0.1.trace --learned-ap --ap mlnew --ap-threshold 0.806378 --si
15:04:47 SIBLING pid=691762 tid=691762 cpu=15 used=9.5s/10s /home/sxing/project/OS_final_project/changes/0_reproduce/env/bin/python -B -m ta_launch_sim --trace data/tectonic/20230325/Region6/full_0_0.1.trace --learned-ap --ap mlnew --ap-threshold 0.806378 --si
15:04:47 SIBLING pid=691762 tid=691767 cpu=15 used=1.5s/10s /home/sxing/project/OS_final_project/changes/0_reproduce/env/bin/python -B -m ta_launch_sim --trace data/tectonic/20230325/Region6/full_0_0.1.trace --learned-ap --ap mlnew --ap-threshold 0.806378 --si
15:04:47 SIBLING pid=693209 tid=693209 cpu=13 used=9.4s/10s /home/sxing/project/OS_final_project/changes/0_reproduce/env/bin/python -B -m ta_launch_sim --trace data/tectonic/20230325/Region7/full_0_0.1.trace --learned-ap --ap mlnew --ap-threshold 0.620940 --si
15:04:47 SIBLING pid=693209 tid=693229 cpu=14 used=1.9s/10s /home/sxing/project/OS_final_project/changes/0_reproduce/env/bin/python -B -m ta_launch_sim --trace data/tectonic/20230325/Region7/full_0_0.1.trace --learned-ap --ap mlnew --ap-threshold 0.620940 --si
15:04:47 SIBLING pid=693211 tid=693211 cpu=12 used=9.5s/10s /home/sxing/project/OS_final_project/changes/0_reproduce/env/bin/python -B -m ta_launch_sim --trace data/tectonic/20230325/Region6/full_0_0.1.trace --learned-ap --ap mlnew --ap-threshold 0.806378 --si
15:04:47 SIBLING pid=693211 tid=693221 cpu=14 used=1.5s/10s /home/sxing/project/OS_final_project/changes/0_reproduce/env/bin/python -B -m ta_launch_sim --trace data/tectonic/20230325/Region6/full_0_0.1.trace --learned-ap --ap mlnew --ap-threshold 0.806378 --si
15:04:47 SIBLING pid=694135 tid=694135 cpu=15 used=9.5s/10s /home/sxing/project/OS_final_project/changes/0_reproduce/env/bin/python -B -m ta_launch_sim --trace data/tectonic/20230325/Region7/full_0_0.1.trace --learned-ap --ap mlnew --ap-threshold 0.620940 --si
15:04:47 SIBLING pid=694135 tid=694204 cpu=17 used=1.7s/10s /home/sxing/project/OS_final_project/changes/0_reproduce/env/bin/python -B -m ta_launch_sim --trace data/tectonic/20230325/Region7/full_0_0.1.trace --learned-ap --ap mlnew --ap-threshold 0.620940 --si
15:04:47 SIBLING pid=695153 tid=695250 cpu=18 used=0.5s/10s /home/sxing/project/OS_final_project/changes/0_reproduce/env/bin/python -B -m ta_launch_train --exp smoke_R7_loadtod_pf --policy PolicyUtilityServiceTimeSize2 --region Region7 --sample-ratio 0.1 --sam
15:04:47 SIBLING pid=695153 tid=695251 cpu=15 used=0.5s/10s /home/sxing/project/OS_final_project/changes/0_reproduce/env/bin/python -B -m ta_launch_train --exp smoke_R7_loadtod_pf --policy PolicyUtilityServiceTimeSize2 --region Region7 --sample-ratio 0.1 --sam
15:04:47 SIBLING pid=695153 tid=695252 cpu=18 used=0.5s/10s /home/sxing/project/OS_final_project/changes/0_reproduce/env/bin/python -B -m ta_launch_train --exp smoke_R7_loadtod_pf --policy PolicyUtilityServiceTimeSize2 --region Region7 --sample-ratio 0.1 --sam
15:04:47 SIBLING pid=695153 tid=695253 cpu=14 used=0.5s/10s /home/sxing/project/OS_final_project/changes/0_reproduce/env/bin/python -B -m ta_launch_train --exp smoke_R7_loadtod_pf --policy PolicyUtilityServiceTimeSize2 --region Region7 --sample-ratio 0.1 --sam
15:04:47 SIBLING pid=695153 tid=695256 cpu=15 used=0.5s/10s /home/sxing/project/OS_final_project/changes/0_reproduce/env/bin/python -B -m ta_launch_train --exp smoke_R7_loadtod_pf --policy PolicyUtilityServiceTimeSize2 --region Region7 --sample-ratio 0.1 --sam
15:04:57 SIBLING pid=691761 tid=691761 cpu=16 used=9.6s/10s /home/sxing/project/OS_final_project/changes/0_reproduce/env/bin/python -B -m ta_launch_sim --trace data/tectonic/20230325/Region6/full_0_0.1.trace --learned-ap --ap mlnew --ap-threshold 0.806378 --si
15:04:57 SIBLING pid=691761 tid=691770 cpu=13 used=1.6s/10s /home/sxing/project/OS_final_project/changes/0_reproduce/env/bin/python -B -m ta_launch_sim --trace data/tectonic/20230325/Region6/full_0_0.1.trace --learned-ap --ap mlnew --ap-threshold 0.806378 --si
15:04:57 SIBLING pid=691762 tid=691767 cpu=14 used=1.5s/10s /home/sxing/project/OS_final_project/changes/0_reproduce/env/bin/python -B -m ta_launch_sim --trace data/tectonic/20230325/Region6/full_0_0.1.trace --learned-ap --ap mlnew --ap-threshold 0.806378 --si
15:04:57 SIBLING pid=693209 tid=693209 cpu=12 used=9.4s/10s /home/sxing/project/OS_final_project/changes/0_reproduce/env/bin/python -B -m ta_launch_sim --trace data/tectonic/20230325/Region7/full_0_0.1.trace --learned-ap --ap mlnew --ap-threshold 0.620940 --si
15:04:57 SIBLING pid=693209 tid=693229 cpu=13 used=1.9s/10s /home/sxing/project/OS_final_project/changes/0_reproduce/env/bin/python -B -m ta_launch_sim --trace data/tectonic/20230325/Region7/full_0_0.1.trace --learned-ap --ap mlnew --ap-threshold 0.620940 --si
15:04:57 SIBLING pid=693211 tid=693211 cpu=18 used=9.6s/10s /home/sxing/project/OS_final_project/changes/0_reproduce/env/bin/python -B -m ta_launch_sim --trace data/tectonic/20230325/Region6/full_0_0.1.trace --learned-ap --ap mlnew --ap-threshold 0.806378 --si
15:04:57 SIBLING pid=693211 tid=693221 cpu=15 used=1.5s/10s /home/sxing/project/OS_final_project/changes/0_reproduce/env/bin/python -B -m ta_launch_sim --trace data/tectonic/20230325/Region6/full_0_0.1.trace --learned-ap --ap mlnew --ap-threshold 0.806378 --si
15:04:57 SIBLING pid=694135 tid=694135 cpu=17 used=9.4s/10s /home/sxing/project/OS_final_project/changes/0_reproduce/env/bin/python -B -m ta_launch_sim --trace data/tectonic/20230325/Region7/full_0_0.1.trace --learned-ap --ap mlnew --ap-threshold 0.620940 --si
15:04:57 SIBLING pid=694135 tid=694204 cpu=13 used=1.8s/10s /home/sxing/project/OS_final_project/changes/0_reproduce/env/bin/python -B -m ta_launch_sim --trace data/tectonic/20230325/Region7/full_0_0.1.trace --learned-ap --ap mlnew --ap-threshold 0.620940 --si
15:04:57 SIBLING pid=695153 tid=695153 cpu=19 used=1.2s/10s /home/sxing/project/OS_final_project/changes/0_reproduce/env/bin/python -B -m ta_launch_train --exp smoke_R7_loadtod_pf --policy PolicyUtilityServiceTimeSize2 --region Region7 --sample-ratio 0.1 --sam
15:04:57 SIBLING pid=695153 tid=695249 cpu=15 used=0.6s/10s /home/sxing/project/OS_final_project/changes/0_reproduce/env/bin/python -B -m ta_launch_train --exp smoke_R7_loadtod_pf --policy PolicyUtilityServiceTimeSize2 --region Region7 --sample-ratio 0.1 --sam
15:04:57 SIBLING pid=695153 tid=695250 cpu=15 used=0.5s/10s /home/sxing/project/OS_final_project/changes/0_reproduce/env/bin/python -B -m ta_launch_train --exp smoke_R7_loadtod_pf --policy PolicyUtilityServiceTimeSize2 --region Region7 --sample-ratio 0.1 --sam
15:05:07 DIRECT pid=677676 tid=677676 cpu=7 used=0.5s/10s <editor/agent state> --dns-result-order=ipv4first <editor/agent state> --t
15:05:07 SIBLING pid=691761 tid=691761 cpu=17 used=9.5s/10s /home/sxing/project/OS_final_project/changes/0_reproduce/env/bin/python -B -m ta_launch_sim --trace data/tectonic/20230325/Region6/full_0_0.1.trace --learned-ap --ap mlnew --ap-threshold 0.806378 --si
15:05:07 SIBLING pid=691761 tid=691770 cpu=16 used=1.8s/10s /home/sxing/project/OS_final_project/changes/0_reproduce/env/bin/python -B -m ta_launch_sim --trace data/tectonic/20230325/Region6/full_0_0.1.trace --learned-ap --ap mlnew --ap-threshold 0.806378 --si
15:05:07 SIBLING pid=691762 tid=691762 cpu=12 used=9.5s/10s /home/sxing/project/OS_final_project/changes/0_reproduce/env/bin/python -B -m ta_launch_sim --trace data/tectonic/20230325/Region6/full_0_0.1.trace --learned-ap --ap mlnew --ap-threshold 0.806378 --si
15:05:07 SIBLING pid=693209 tid=693209 cpu=18 used=9.4s/10s /home/sxing/project/OS_final_project/changes/0_reproduce/env/bin/python -B -m ta_launch_sim --trace data/tectonic/20230325/Region7/full_0_0.1.trace --learned-ap --ap mlnew --ap-threshold 0.620940 --si
15:05:07 SIBLING pid=693209 tid=693229 cpu=16 used=1.9s/10s /home/sxing/project/OS_final_project/changes/0_reproduce/env/bin/python -B -m ta_launch_sim --trace data/tectonic/20230325/Region7/full_0_0.1.trace --learned-ap --ap mlnew --ap-threshold 0.620940 --si
15:05:07 SIBLING pid=693211 tid=693221 cpu=13 used=1.6s/10s /home/sxing/project/OS_final_project/changes/0_reproduce/env/bin/python -B -m ta_launch_sim --trace data/tectonic/20230325/Region6/full_0_0.1.trace --learned-ap --ap mlnew --ap-threshold 0.806378 --si
15:05:17 SIBLING pid=677676 tid=677676 cpu=12 used=0.7s/10s <editor/agent state> --dns-result-order=ipv4first <editor/agent state> --t
15:05:17 SIBLING pid=691761 tid=691761 cpu=19 used=9.3s/10s /home/sxing/project/OS_final_project/changes/0_reproduce/env/bin/python -B -m ta_launch_sim --trace data/tectonic/20230325/Region6/full_0_0.1.trace --learned-ap --ap mlnew --ap-threshold 0.806378 --si
15:05:17 SIBLING pid=691761 tid=691770 cpu=15 used=1.7s/10s /home/sxing/project/OS_final_project/changes/0_reproduce/env/bin/python -B -m ta_launch_sim --trace data/tectonic/20230325/Region6/full_0_0.1.trace --learned-ap --ap mlnew --ap-threshold 0.806378 --si
15:05:17 SIBLING pid=691762 tid=691762 cpu=16 used=9.2s/10s /home/sxing/project/OS_final_project/changes/0_reproduce/env/bin/python -B -m ta_launch_sim --trace data/tectonic/20230325/Region6/full_0_0.1.trace --learned-ap --ap mlnew --ap-threshold 0.806378 --si
15:05:17 SIBLING pid=691762 tid=691767 cpu=14 used=1.6s/10s /home/sxing/project/OS_final_project/changes/0_reproduce/env/bin/python -B -m ta_launch_sim --trace data/tectonic/20230325/Region6/full_0_0.1.trace --learned-ap --ap mlnew --ap-threshold 0.806378 --si
15:05:17 SIBLING pid=693211 tid=693211 cpu=13 used=9.2s/10s /home/sxing/project/OS_final_project/changes/0_reproduce/env/bin/python -B -m ta_launch_sim --trace data/tectonic/20230325/Region6/full_0_0.1.trace --learned-ap --ap mlnew --ap-threshold 0.806378 --si
15:05:17 SIBLING pid=693211 tid=693221 cpu=12 used=1.6s/10s /home/sxing/project/OS_final_project/changes/0_reproduce/env/bin/python -B -m ta_launch_sim --trace data/tectonic/20230325/Region6/full_0_0.1.trace --learned-ap --ap mlnew --ap-threshold 0.806378 --si
15:05:17 SIBLING pid=694135 tid=694135 cpu=14 used=9.2s/10s /home/sxing/project/OS_final_project/changes/0_reproduce/env/bin/python -B -m ta_launch_sim --trace data/tectonic/20230325/Region7/full_0_0.1.trace --learned-ap --ap mlnew --ap-threshold 0.620940 --si
15:05:17 SIBLING pid=694135 tid=694204 cpu=15 used=1.8s/10s /home/sxing/project/OS_final_project/changes/0_reproduce/env/bin/python -B -m ta_launch_sim --trace data/tectonic/20230325/Region7/full_0_0.1.trace --learned-ap --ap mlnew --ap-threshold 0.620940 --si
15:05:17 SIBLING pid=695657 tid=695657 cpu=13 used=1.2s/10s /home/sxing/project/OS_final_project/changes/0_reproduce/env/bin/python -B ../src/g1_replay.py /home/sxing/project/OS_final_project/changes/2_deployable_peak/wp0_overlay/results/g1/dumps/g1_Region6_tr
15:05:17 SIBLING pid=695657 tid=695663 cpu=18 used=0.6s/10s /home/sxing/project/OS_final_project/changes/0_reproduce/env/bin/python -B ../src/g1_replay.py /home/sxing/project/OS_final_project/changes/2_deployable_peak/wp0_overlay/results/g1/dumps/g1_Region6_tr
15:05:17 SIBLING pid=695657 tid=695664 cpu=12 used=0.6s/10s /home/sxing/project/OS_final_project/changes/0_reproduce/env/bin/python -B ../src/g1_replay.py /home/sxing/project/OS_final_project/changes/2_deployable_peak/wp0_overlay/results/g1/dumps/g1_Region6_tr
15:05:17 SIBLING pid=695657 tid=695665 cpu=18 used=0.5s/10s /home/sxing/project/OS_final_project/changes/0_reproduce/env/bin/python -B ../src/g1_replay.py /home/sxing/project/OS_final_project/changes/2_deployable_peak/wp0_overlay/results/g1/dumps/g1_Region6_tr
15:05:17 SIBLING pid=695658 tid=695658 cpu=17 used=9.2s/10s /home/sxing/project/OS_final_project/changes/0_reproduce/env/bin/python -B -m ta_launch_sim --trace data/tectonic/20230325/Region7/full_0_0.1.trace --learned-ap --ap mlnew --ap-threshold 0.620940 --si
15:05:17 SIBLING pid=695658 tid=695685 cpu=13 used=1.8s/10s /home/sxing/project/OS_final_project/changes/0_reproduce/env/bin/python -B -m ta_launch_sim --trace data/tectonic/20230325/Region7/full_0_0.1.trace --learned-ap --ap mlnew --ap-threshold 0.620940 --si
15:05:27 DIRECT pid=677676 tid=677676 cpu=6 used=0.7s/10s <editor/agent state> --dns-result-order=ipv4first <editor/agent state> --t
15:05:27 SIBLING pid=691761 tid=691761 cpu=18 used=9.2s/10s /home/sxing/project/OS_final_project/changes/0_reproduce/env/bin/python -B -m ta_launch_sim --trace data/tectonic/20230325/Region6/full_0_0.1.trace --learned-ap --ap mlnew --ap-threshold 0.806378 --si
15:05:27 SIBLING pid=691761 tid=691770 cpu=16 used=1.6s/10s /home/sxing/project/OS_final_project/changes/0_reproduce/env/bin/python -B -m ta_launch_sim --trace data/tectonic/20230325/Region6/full_0_0.1.trace --learned-ap --ap mlnew --ap-threshold 0.806378 --si
15:05:27 SIBLING pid=691762 tid=691762 cpu=13 used=9.2s/10s /home/sxing/project/OS_final_project/changes/0_reproduce/env/bin/python -B -m ta_launch_sim --trace data/tectonic/20230325/Region6/full_0_0.1.trace --learned-ap --ap mlnew --ap-threshold 0.806378 --si
15:05:27 SIBLING pid=691762 tid=691767 cpu=12 used=1.6s/10s /home/sxing/project/OS_final_project/changes/0_reproduce/env/bin/python -B -m ta_launch_sim --trace data/tectonic/20230325/Region6/full_0_0.1.trace --learned-ap --ap mlnew --ap-threshold 0.806378 --si
15:05:27 SIBLING pid=693211 tid=693211 cpu=14 used=9.2s/10s /home/sxing/project/OS_final_project/changes/0_reproduce/env/bin/python -B -m ta_launch_sim --trace data/tectonic/20230325/Region6/full_0_0.1.trace --learned-ap --ap mlnew --ap-threshold 0.806378 --si
15:05:27 SIBLING pid=693211 tid=693221 cpu=13 used=1.5s/10s /home/sxing/project/OS_final_project/changes/0_reproduce/env/bin/python -B -m ta_launch_sim --trace data/tectonic/20230325/Region6/full_0_0.1.trace --learned-ap --ap mlnew --ap-threshold 0.806378 --si
15:05:27 SIBLING pid=694135 tid=694135 cpu=19 used=9.1s/10s /home/sxing/project/OS_final_project/changes/0_reproduce/env/bin/python -B -m ta_launch_sim --trace data/tectonic/20230325/Region7/full_0_0.1.trace --learned-ap --ap mlnew --ap-threshold 0.620940 --si
15:05:27 SIBLING pid=694135 tid=694204 cpu=19 used=1.8s/10s /home/sxing/project/OS_final_project/changes/0_reproduce/env/bin/python -B -m ta_launch_sim --trace data/tectonic/20230325/Region7/full_0_0.1.trace --learned-ap --ap mlnew --ap-threshold 0.620940 --si
15:05:27 SIBLING pid=695657 tid=695657 cpu=13 used=1.0s/10s /home/sxing/project/OS_final_project/changes/0_reproduce/env/bin/python -B ../src/g1_replay.py /home/sxing/project/OS_final_project/changes/2_deployable_peak/wp0_overlay/results/g1/dumps/g1_Region6_tr
15:05:27 SIBLING pid=695657 tid=695664 cpu=14 used=0.5s/10s /home/sxing/project/OS_final_project/changes/0_reproduce/env/bin/python -B ../src/g1_replay.py /home/sxing/project/OS_final_project/changes/2_deployable_peak/wp0_overlay/results/g1/dumps/g1_Region6_tr
15:05:27 SIBLING pid=695658 tid=695658 cpu=15 used=9.1s/10s /home/sxing/project/OS_final_project/changes/0_reproduce/env/bin/python -B -m ta_launch_sim --trace data/tectonic/20230325/Region7/full_0_0.1.trace --learned-ap --ap mlnew --ap-threshold 0.620940 --si
15:05:27 SIBLING pid=695658 tid=695685 cpu=17 used=1.8s/10s /home/sxing/project/OS_final_project/changes/0_reproduce/env/bin/python -B -m ta_launch_sim --trace data/tectonic/20230325/Region7/full_0_0.1.trace --learned-ap --ap mlnew --ap-threshold 0.620940 --si
15:05:37 SIBLING pid=691762 tid=691762 cpu=15 used=9.4s/10s /home/sxing/project/OS_final_project/changes/0_reproduce/env/bin/python -B -m ta_launch_sim --trace data/tectonic/20230325/Region6/full_0_0.1.trace --learned-ap --ap mlnew --ap-threshold 0.806378 --si
15:05:37 SIBLING pid=691762 tid=691767 cpu=17 used=1.6s/10s /home/sxing/project/OS_final_project/changes/0_reproduce/env/bin/python -B -m ta_launch_sim --trace data/tectonic/20230325/Region6/full_0_0.1.trace --learned-ap --ap mlnew --ap-threshold 0.806378 --si
15:05:37 SIBLING pid=693209 tid=693209 cpu=12 used=9.3s/10s /home/sxing/project/OS_final_project/changes/0_reproduce/env/bin/python -B -m ta_launch_sim --trace data/tectonic/20230325/Region7/full_0_0.1.trace --learned-ap --ap mlnew --ap-threshold 0.620940 --si
15:05:37 SIBLING pid=693209 tid=693229 cpu=18 used=1.8s/10s /home/sxing/project/OS_final_project/changes/0_reproduce/env/bin/python -B -m ta_launch_sim --trace data/tectonic/20230325/Region7/full_0_0.1.trace --learned-ap --ap mlnew --ap-threshold 0.620940 --si
15:05:37 SIBLING pid=693211 tid=693211 cpu=17 used=9.4s/10s /home/sxing/project/OS_final_project/changes/0_reproduce/env/bin/python -B -m ta_launch_sim --trace data/tectonic/20230325/Region6/full_0_0.1.trace --learned-ap --ap mlnew --ap-threshold 0.806378 --si
15:05:37 SIBLING pid=693211 tid=693221 cpu=16 used=1.6s/10s /home/sxing/project/OS_final_project/changes/0_reproduce/env/bin/python -B -m ta_launch_sim --trace data/tectonic/20230325/Region6/full_0_0.1.trace --learned-ap --ap mlnew --ap-threshold 0.806378 --si
15:05:37 SIBLING pid=694135 tid=694135 cpu=14 used=9.3s/10s /home/sxing/project/OS_final_project/changes/0_reproduce/env/bin/python -B -m ta_launch_sim --trace data/tectonic/20230325/Region7/full_0_0.1.trace --learned-ap --ap mlnew --ap-threshold 0.620940 --si
15:05:37 SIBLING pid=694135 tid=694204 cpu=14 used=1.8s/10s /home/sxing/project/OS_final_project/changes/0_reproduce/env/bin/python -B -m ta_launch_sim --trace data/tectonic/20230325/Region7/full_0_0.1.trace --learned-ap --ap mlnew --ap-threshold 0.620940 --si
15:05:37 SIBLING pid=695658 tid=695658 cpu=13 used=9.3s/10s /home/sxing/project/OS_final_project/changes/0_reproduce/env/bin/python -B -m ta_launch_sim --trace data/tectonic/20230325/Region7/full_0_0.1.trace --learned-ap --ap mlnew --ap-threshold 0.620940 --si
15:05:37 SIBLING pid=695658 tid=695685 cpu=13 used=1.8s/10s /home/sxing/project/OS_final_project/changes/0_reproduce/env/bin/python -B -m ta_launch_sim --trace data/tectonic/20230325/Region7/full_0_0.1.trace --learned-ap --ap mlnew --ap-threshold 0.620940 --si
15:05:47 SIBLING pid=693209 tid=693209 cpu=16 used=9.7s/10s /home/sxing/project/OS_final_project/changes/0_reproduce/env/bin/python -B -m ta_launch_sim --trace data/tectonic/20230325/Region7/full_0_0.1.trace --learned-ap --ap mlnew --ap-threshold 0.620940 --si
15:05:47 SIBLING pid=693209 tid=693229 cpu=17 used=1.7s/10s /home/sxing/project/OS_final_project/changes/0_reproduce/env/bin/python -B -m ta_launch_sim --trace data/tectonic/20230325/Region7/full_0_0.1.trace --learned-ap --ap mlnew --ap-threshold 0.620940 --si
15:05:47 SIBLING pid=693211 tid=693211 cpu=14 used=9.4s/10s /home/sxing/project/OS_final_project/changes/0_reproduce/env/bin/python -B -m ta_launch_sim --trace data/tectonic/20230325/Region6/full_0_0.1.trace --learned-ap --ap mlnew --ap-threshold 0.806378 --si
15:05:47 SIBLING pid=693211 tid=693221 cpu=17 used=1.7s/10s /home/sxing/project/OS_final_project/changes/0_reproduce/env/bin/python -B -m ta_launch_sim --trace data/tectonic/20230325/Region6/full_0_0.1.trace --learned-ap --ap mlnew --ap-threshold 0.806378 --si
15:05:47 SIBLING pid=694135 tid=694135 cpu=12 used=9.6s/10s /home/sxing/project/OS_final_project/changes/0_reproduce/env/bin/python -B -m ta_launch_sim --trace data/tectonic/20230325/Region7/full_0_0.1.trace --learned-ap --ap mlnew --ap-threshold 0.620940 --si
15:05:47 SIBLING pid=694135 tid=694204 cpu=13 used=2.0s/10s /home/sxing/project/OS_final_project/changes/0_reproduce/env/bin/python -B -m ta_launch_sim --trace data/tectonic/20230325/Region7/full_0_0.1.trace --learned-ap --ap mlnew --ap-threshold 0.620940 --si
15:05:47 SIBLING pid=695658 tid=695658 cpu=15 used=9.7s/10s /home/sxing/project/OS_final_project/changes/0_reproduce/env/bin/python -B -m ta_launch_sim --trace data/tectonic/20230325/Region7/full_0_0.1.trace --learned-ap --ap mlnew --ap-threshold 0.620940 --si
15:05:47 SIBLING pid=695658 tid=695685 cpu=18 used=1.8s/10s /home/sxing/project/OS_final_project/changes/0_reproduce/env/bin/python -B -m ta_launch_sim --trace data/tectonic/20230325/Region7/full_0_0.1.trace --learned-ap --ap mlnew --ap-threshold 0.620940 --si
15:05:57 SIBLING pid=693209 tid=693209 cpu=13 used=9.9s/10s /home/sxing/project/OS_final_project/changes/0_reproduce/env/bin/python -B -m ta_launch_sim --trace data/tectonic/20230325/Region7/full_0_0.1.trace --learned-ap --ap mlnew --ap-threshold 0.620940 --si
15:05:57 SIBLING pid=693209 tid=693229 cpu=14 used=1.9s/10s /home/sxing/project/OS_final_project/changes/0_reproduce/env/bin/python -B -m ta_launch_sim --trace data/tectonic/20230325/Region7/full_0_0.1.trace --learned-ap --ap mlnew --ap-threshold 0.620940 --si
15:05:57 SIBLING pid=693211 tid=693211 cpu=12 used=9.9s/10s /home/sxing/project/OS_final_project/changes/0_reproduce/env/bin/python -B -m ta_launch_sim --trace data/tectonic/20230325/Region6/full_0_0.1.trace --learned-ap --ap mlnew --ap-threshold 0.806378 --si
15:05:57 SIBLING pid=693211 tid=693221 cpu=14 used=1.6s/10s /home/sxing/project/OS_final_project/changes/0_reproduce/env/bin/python -B -m ta_launch_sim --trace data/tectonic/20230325/Region6/full_0_0.1.trace --learned-ap --ap mlnew --ap-threshold 0.806378 --si
15:05:57 SIBLING pid=694135 tid=694135 cpu=15 used=9.9s/10s /home/sxing/project/OS_final_project/changes/0_reproduce/env/bin/python -B -m ta_launch_sim --trace data/tectonic/20230325/Region7/full_0_0.1.trace --learned-ap --ap mlnew --ap-threshold 0.620940 --si
15:05:57 SIBLING pid=694135 tid=694204 cpu=17 used=1.9s/10s /home/sxing/project/OS_final_project/changes/0_reproduce/env/bin/python -B -m ta_launch_sim --trace data/tectonic/20230325/Region7/full_0_0.1.trace --learned-ap --ap mlnew --ap-threshold 0.620940 --si
15:05:57 SIBLING pid=695658 tid=695658 cpu=19 used=9.8s/10s /home/sxing/project/OS_final_project/changes/0_reproduce/env/bin/python -B -m ta_launch_sim --trace data/tectonic/20230325/Region7/full_0_0.1.trace --learned-ap --ap mlnew --ap-threshold 0.620940 --si
15:05:57 SIBLING pid=695658 tid=695685 cpu=18 used=1.9s/10s /home/sxing/project/OS_final_project/changes/0_reproduce/env/bin/python -B -m ta_launch_sim --trace data/tectonic/20230325/Region7/full_0_0.1.trace --learned-ap --ap mlnew --ap-threshold 0.620940 --si
15:06:07 SIBLING pid=693209 tid=693209 cpu=14 used=9.8s/10s /home/sxing/project/OS_final_project/changes/0_reproduce/env/bin/python -B -m ta_launch_sim --trace data/tectonic/20230325/Region7/full_0_0.1.trace --learned-ap --ap mlnew --ap-threshold 0.620940 --si
15:06:07 SIBLING pid=693209 tid=693229 cpu=17 used=2.1s/10s /home/sxing/project/OS_final_project/changes/0_reproduce/env/bin/python -B -m ta_launch_sim --trace data/tectonic/20230325/Region7/full_0_0.1.trace --learned-ap --ap mlnew --ap-threshold 0.620940 --si
15:06:07 SIBLING pid=693211 tid=693211 cpu=18 used=9.8s/10s /home/sxing/project/OS_final_project/changes/0_reproduce/env/bin/python -B -m ta_launch_sim --trace data/tectonic/20230325/Region6/full_0_0.1.trace --learned-ap --ap mlnew --ap-threshold 0.806378 --si
15:06:07 SIBLING pid=693211 tid=693221 cpu=19 used=1.5s/10s /home/sxing/project/OS_final_project/changes/0_reproduce/env/bin/python -B -m ta_launch_sim --trace data/tectonic/20230325/Region6/full_0_0.1.trace --learned-ap --ap mlnew --ap-threshold 0.806378 --si
15:06:07 SIBLING pid=694135 tid=694135 cpu=15 used=9.8s/10s /home/sxing/project/OS_final_project/changes/0_reproduce/env/bin/python -B -m ta_launch_sim --trace data/tectonic/20230325/Region7/full_0_0.1.trace --learned-ap --ap mlnew --ap-threshold 0.620940 --si
15:06:07 SIBLING pid=694135 tid=694204 cpu=12 used=2.0s/10s /home/sxing/project/OS_final_project/changes/0_reproduce/env/bin/python -B -m ta_launch_sim --trace data/tectonic/20230325/Region7/full_0_0.1.trace --learned-ap --ap mlnew --ap-threshold 0.620940 --si
15:06:07 SIBLING pid=695658 tid=695658 cpu=13 used=9.8s/10s /home/sxing/project/OS_final_project/changes/0_reproduce/env/bin/python -B -m ta_launch_sim --trace data/tectonic/20230325/Region7/full_0_0.1.trace --learned-ap --ap mlnew --ap-threshold 0.620940 --si
15:06:07 SIBLING pid=695658 tid=695685 cpu=16 used=1.9s/10s /home/sxing/project/OS_final_project/changes/0_reproduce/env/bin/python -B -m ta_launch_sim --trace data/tectonic/20230325/Region7/full_0_0.1.trace --learned-ap --ap mlnew --ap-threshold 0.620940 --si
15:06:17 SIBLING pid=693209 tid=693209 cpu=15 used=9.8s/10s /home/sxing/project/OS_final_project/changes/0_reproduce/env/bin/python -B -m ta_launch_sim --trace data/tectonic/20230325/Region7/full_0_0.1.trace --learned-ap --ap mlnew --ap-threshold 0.620940 --si
15:06:17 SIBLING pid=693209 tid=693229 cpu=16 used=2.0s/10s /home/sxing/project/OS_final_project/changes/0_reproduce/env/bin/python -B -m ta_launch_sim --trace data/tectonic/20230325/Region7/full_0_0.1.trace --learned-ap --ap mlnew --ap-threshold 0.620940 --si
15:06:17 SIBLING pid=693211 tid=693211 cpu=13 used=9.8s/10s /home/sxing/project/OS_final_project/changes/0_reproduce/env/bin/python -B -m ta_launch_sim --trace data/tectonic/20230325/Region6/full_0_0.1.trace --learned-ap --ap mlnew --ap-threshold 0.806378 --si
15:06:17 SIBLING pid=693211 tid=693221 cpu=12 used=1.5s/10s /home/sxing/project/OS_final_project/changes/0_reproduce/env/bin/python -B -m ta_launch_sim --trace data/tectonic/20230325/Region6/full_0_0.1.trace --learned-ap --ap mlnew --ap-threshold 0.806378 --si
15:06:17 SIBLING pid=694135 tid=694135 cpu=14 used=9.8s/10s /home/sxing/project/OS_final_project/changes/0_reproduce/env/bin/python -B -m ta_launch_sim --trace data/tectonic/20230325/Region7/full_0_0.1.trace --learned-ap --ap mlnew --ap-threshold 0.620940 --si
15:06:17 SIBLING pid=694135 tid=694204 cpu=17 used=2.0s/10s /home/sxing/project/OS_final_project/changes/0_reproduce/env/bin/python -B -m ta_launch_sim --trace data/tectonic/20230325/Region7/full_0_0.1.trace --learned-ap --ap mlnew --ap-threshold 0.620940 --si
15:06:27 SIBLING pid=693209 tid=693209 cpu=17 used=9.8s/10s /home/sxing/project/OS_final_project/changes/0_reproduce/env/bin/python -B -m ta_launch_sim --trace data/tectonic/20230325/Region7/full_0_0.1.trace --learned-ap --ap mlnew --ap-threshold 0.620940 --si
15:06:27 SIBLING pid=693209 tid=693229 cpu=12 used=2.0s/10s /home/sxing/project/OS_final_project/changes/0_reproduce/env/bin/python -B -m ta_launch_sim --trace data/tectonic/20230325/Region7/full_0_0.1.trace --learned-ap --ap mlnew --ap-threshold 0.620940 --si
15:06:27 SIBLING pid=693211 tid=693211 cpu=13 used=9.8s/10s /home/sxing/project/OS_final_project/changes/0_reproduce/env/bin/python -B -m ta_launch_sim --trace data/tectonic/20230325/Region6/full_0_0.1.trace --learned-ap --ap mlnew --ap-threshold 0.806378 --si
15:06:27 SIBLING pid=693211 tid=693221 cpu=15 used=1.7s/10s /home/sxing/project/OS_final_project/changes/0_reproduce/env/bin/python -B -m ta_launch_sim --trace data/tectonic/20230325/Region6/full_0_0.1.trace --learned-ap --ap mlnew --ap-threshold 0.806378 --si
15:06:27 SIBLING pid=694135 tid=694135 cpu=16 used=9.8s/10s /home/sxing/project/OS_final_project/changes/0_reproduce/env/bin/python -B -m ta_launch_sim --trace data/tectonic/20230325/Region7/full_0_0.1.trace --learned-ap --ap mlnew --ap-threshold 0.620940 --si
15:06:27 SIBLING pid=694135 tid=694204 cpu=12 used=2.0s/10s /home/sxing/project/OS_final_project/changes/0_reproduce/env/bin/python -B -m ta_launch_sim --trace data/tectonic/20230325/Region7/full_0_0.1.trace --learned-ap --ap mlnew --ap-threshold 0.620940 --si
15:06:27 SIBLING pid=695658 tid=695658 cpu=14 used=9.8s/10s /home/sxing/project/OS_final_project/changes/0_reproduce/env/bin/python -B -m ta_launch_sim --trace data/tectonic/20230325/Region7/full_0_0.1.trace --learned-ap --ap mlnew --ap-threshold 0.620940 --si
15:06:27 SIBLING pid=695658 tid=695685 cpu=18 used=1.9s/10s /home/sxing/project/OS_final_project/changes/0_reproduce/env/bin/python -B -m ta_launch_sim --trace data/tectonic/20230325/Region7/full_0_0.1.trace --learned-ap --ap mlnew --ap-threshold 0.620940 --si
15:06:37 SIBLING pid=693209 tid=693209 cpu=16 used=9.8s/10s /home/sxing/project/OS_final_project/changes/0_reproduce/env/bin/python -B -m ta_launch_sim --trace data/tectonic/20230325/Region7/full_0_0.1.trace --learned-ap --ap mlnew --ap-threshold 0.620940 --si
15:06:37 SIBLING pid=693209 tid=693229 cpu=15 used=2.1s/10s /home/sxing/project/OS_final_project/changes/0_reproduce/env/bin/python -B -m ta_launch_sim --trace data/tectonic/20230325/Region7/full_0_0.1.trace --learned-ap --ap mlnew --ap-threshold 0.620940 --si
15:06:37 SIBLING pid=693211 tid=693211 cpu=14 used=9.8s/10s /home/sxing/project/OS_final_project/changes/0_reproduce/env/bin/python -B -m ta_launch_sim --trace data/tectonic/20230325/Region6/full_0_0.1.trace --learned-ap --ap mlnew --ap-threshold 0.806378 --si
15:06:37 SIBLING pid=693211 tid=693221 cpu=17 used=1.6s/10s /home/sxing/project/OS_final_project/changes/0_reproduce/env/bin/python -B -m ta_launch_sim --trace data/tectonic/20230325/Region6/full_0_0.1.trace --learned-ap --ap mlnew --ap-threshold 0.806378 --si
15:06:37 SIBLING pid=694135 tid=694135 cpu=13 used=9.8s/10s /home/sxing/project/OS_final_project/changes/0_reproduce/env/bin/python -B -m ta_launch_sim --trace data/tectonic/20230325/Region7/full_0_0.1.trace --learned-ap --ap mlnew --ap-threshold 0.620940 --si
15:06:37 SIBLING pid=694135 tid=694204 cpu=12 used=1.7s/10s /home/sxing/project/OS_final_project/changes/0_reproduce/env/bin/python -B -m ta_launch_sim --trace data/tectonic/20230325/Region7/full_0_0.1.trace --learned-ap --ap mlnew --ap-threshold 0.620940 --si
15:06:37 SIBLING pid=695658 tid=695658 cpu=19 used=9.7s/10s /home/sxing/project/OS_final_project/changes/0_reproduce/env/bin/python -B -m ta_launch_sim --trace data/tectonic/20230325/Region7/full_0_0.1.trace --learned-ap --ap mlnew --ap-threshold 0.620940 --si
15:06:37 SIBLING pid=695658 tid=695685 cpu=18 used=2.0s/10s /home/sxing/project/OS_final_project/changes/0_reproduce/env/bin/python -B -m ta_launch_sim --trace data/tectonic/20230325/Region7/full_0_0.1.trace --learned-ap --ap mlnew --ap-threshold 0.620940 --si
15:06:47 SIBLING pid=693209 tid=693209 cpu=12 used=9.7s/10s /home/sxing/project/OS_final_project/changes/0_reproduce/env/bin/python -B -m ta_launch_sim --trace data/tectonic/20230325/Region7/full_0_0.1.trace --learned-ap --ap mlnew --ap-threshold 0.620940 --si
15:06:47 SIBLING pid=693209 tid=693229 cpu=13 used=2.0s/10s /home/sxing/project/OS_final_project/changes/0_reproduce/env/bin/python -B -m ta_launch_sim --trace data/tectonic/20230325/Region7/full_0_0.1.trace --learned-ap --ap mlnew --ap-threshold 0.620940 --si
15:06:47 SIBLING pid=693211 tid=693211 cpu=15 used=9.8s/10s /home/sxing/project/OS_final_project/changes/0_reproduce/env/bin/python -B -m ta_launch_sim --trace data/tectonic/20230325/Region6/full_0_0.1.trace --learned-ap --ap mlnew --ap-threshold 0.806378 --si
15:06:47 SIBLING pid=693211 tid=693221 cpu=17 used=1.7s/10s /home/sxing/project/OS_final_project/changes/0_reproduce/env/bin/python -B -m ta_launch_sim --trace data/tectonic/20230325/Region6/full_0_0.1.trace --learned-ap --ap mlnew --ap-threshold 0.806378 --si
15:06:47 SIBLING pid=694135 tid=694135 cpu=14 used=9.7s/10s /home/sxing/project/OS_final_project/changes/0_reproduce/env/bin/python -B -m ta_launch_sim --trace data/tectonic/20230325/Region7/full_0_0.1.trace --learned-ap --ap mlnew --ap-threshold 0.620940 --si
15:06:47 SIBLING pid=694135 tid=694204 cpu=16 used=1.9s/10s /home/sxing/project/OS_final_project/changes/0_reproduce/env/bin/python -B -m ta_launch_sim --trace data/tectonic/20230325/Region7/full_0_0.1.trace --learned-ap --ap mlnew --ap-threshold 0.620940 --si
15:06:47 SIBLING pid=695658 tid=695685 cpu=19 used=1.8s/10s /home/sxing/project/OS_final_project/changes/0_reproduce/env/bin/python -B -m ta_launch_sim --trace data/tectonic/20230325/Region7/full_0_0.1.trace --learned-ap --ap mlnew --ap-threshold 0.620940 --si
15:06:57 SIBLING pid=693209 tid=693209 cpu=13 used=9.7s/10s /home/sxing/project/OS_final_project/changes/0_reproduce/env/bin/python -B -m ta_launch_sim --trace data/tectonic/20230325/Region7/full_0_0.1.trace --learned-ap --ap mlnew --ap-threshold 0.620940 --si
15:06:57 SIBLING pid=693209 tid=693229 cpu=17 used=2.1s/10s /home/sxing/project/OS_final_project/changes/0_reproduce/env/bin/python -B -m ta_launch_sim --trace data/tectonic/20230325/Region7/full_0_0.1.trace --learned-ap --ap mlnew --ap-threshold 0.620940 --si
15:06:57 SIBLING pid=693211 tid=693211 cpu=14 used=9.7s/10s /home/sxing/project/OS_final_project/changes/0_reproduce/env/bin/python -B -m ta_launch_sim --trace data/tectonic/20230325/Region6/full_0_0.1.trace --learned-ap --ap mlnew --ap-threshold 0.806378 --si
15:06:57 SIBLING pid=693211 tid=693221 cpu=16 used=1.8s/10s /home/sxing/project/OS_final_project/changes/0_reproduce/env/bin/python -B -m ta_launch_sim --trace data/tectonic/20230325/Region6/full_0_0.1.trace --learned-ap --ap mlnew --ap-threshold 0.806378 --si
15:06:57 SIBLING pid=694135 tid=694135 cpu=15 used=9.7s/10s /home/sxing/project/OS_final_project/changes/0_reproduce/env/bin/python -B -m ta_launch_sim --trace data/tectonic/20230325/Region7/full_0_0.1.trace --learned-ap --ap mlnew --ap-threshold 0.620940 --si
15:06:57 SIBLING pid=694135 tid=694204 cpu=12 used=2.1s/10s /home/sxing/project/OS_final_project/changes/0_reproduce/env/bin/python -B -m ta_launch_sim --trace data/tectonic/20230325/Region7/full_0_0.1.trace --learned-ap --ap mlnew --ap-threshold 0.620940 --si
15:07:07 SIBLING pid=693209 tid=693209 cpu=13 used=9.7s/10s /home/sxing/project/OS_final_project/changes/0_reproduce/env/bin/python -B -m ta_launch_sim --trace data/tectonic/20230325/Region7/full_0_0.1.trace --learned-ap --ap mlnew --ap-threshold 0.620940 --si
15:07:07 SIBLING pid=693209 tid=693229 cpu=17 used=2.1s/10s /home/sxing/project/OS_final_project/changes/0_reproduce/env/bin/python -B -m ta_launch_sim --trace data/tectonic/20230325/Region7/full_0_0.1.trace --learned-ap --ap mlnew --ap-threshold 0.620940 --si
15:07:07 SIBLING pid=693211 tid=693211 cpu=15 used=9.7s/10s /home/sxing/project/OS_final_project/changes/0_reproduce/env/bin/python -B -m ta_launch_sim --trace data/tectonic/20230325/Region6/full_0_0.1.trace --learned-ap --ap mlnew --ap-threshold 0.806378 --si
15:07:07 SIBLING pid=693211 tid=693221 cpu=17 used=1.8s/10s /home/sxing/project/OS_final_project/changes/0_reproduce/env/bin/python -B -m ta_launch_sim --trace data/tectonic/20230325/Region6/full_0_0.1.trace --learned-ap --ap mlnew --ap-threshold 0.806378 --si
15:07:07 SIBLING pid=694135 tid=694135 cpu=14 used=9.6s/10s /home/sxing/project/OS_final_project/changes/0_reproduce/env/bin/python -B -m ta_launch_sim --trace data/tectonic/20230325/Region7/full_0_0.1.trace --learned-ap --ap mlnew --ap-threshold 0.620940 --si
15:07:07 SIBLING pid=694135 tid=694204 cpu=17 used=2.1s/10s /home/sxing/project/OS_final_project/changes/0_reproduce/env/bin/python -B -m ta_launch_sim --trace data/tectonic/20230325/Region7/full_0_0.1.trace --learned-ap --ap mlnew --ap-threshold 0.620940 --si
15:07:07 SIBLING pid=695658 tid=695658 cpu=12 used=9.8s/10s /home/sxing/project/OS_final_project/changes/0_reproduce/env/bin/python -B -m ta_launch_sim --trace data/tectonic/20230325/Region7/full_0_0.1.trace --learned-ap --ap mlnew --ap-threshold 0.620940 --si
15:07:07 SIBLING pid=695658 tid=695685 cpu=16 used=1.9s/10s /home/sxing/project/OS_final_project/changes/0_reproduce/env/bin/python -B -m ta_launch_sim --trace data/tectonic/20230325/Region7/full_0_0.1.trace --learned-ap --ap mlnew --ap-threshold 0.620940 --si
15:07:17 SIBLING pid=693209 tid=693209 cpu=14 used=9.6s/10s /home/sxing/project/OS_final_project/changes/0_reproduce/env/bin/python -B -m ta_launch_sim --trace data/tectonic/20230325/Region7/full_0_0.1.trace --learned-ap --ap mlnew --ap-threshold 0.620940 --si
15:07:17 SIBLING pid=693209 tid=693229 cpu=13 used=1.8s/10s /home/sxing/project/OS_final_project/changes/0_reproduce/env/bin/python -B -m ta_launch_sim --trace data/tectonic/20230325/Region7/full_0_0.1.trace --learned-ap --ap mlnew --ap-threshold 0.620940 --si
15:07:17 SIBLING pid=693211 tid=693211 cpu=16 used=9.5s/10s /home/sxing/project/OS_final_project/changes/0_reproduce/env/bin/python -B -m ta_launch_sim --trace data/tectonic/20230325/Region6/full_0_0.1.trace --learned-ap --ap mlnew --ap-threshold 0.806378 --si
15:07:17 SIBLING pid=693211 tid=693221 cpu=17 used=1.6s/10s /home/sxing/project/OS_final_project/changes/0_reproduce/env/bin/python -B -m ta_launch_sim --trace data/tectonic/20230325/Region6/full_0_0.1.trace --learned-ap --ap mlnew --ap-threshold 0.806378 --si
15:07:17 SIBLING pid=694135 tid=694135 cpu=12 used=9.6s/10s /home/sxing/project/OS_final_project/changes/0_reproduce/env/bin/python -B -m ta_launch_sim --trace data/tectonic/20230325/Region7/full_0_0.1.trace --learned-ap --ap mlnew --ap-threshold 0.620940 --si
15:07:17 SIBLING pid=694135 tid=694204 cpu=17 used=1.9s/10s /home/sxing/project/OS_final_project/changes/0_reproduce/env/bin/python -B -m ta_launch_sim --trace data/tectonic/20230325/Region7/full_0_0.1.trace --learned-ap --ap mlnew --ap-threshold 0.620940 --si
15:07:17 SIBLING pid=695658 tid=695658 cpu=15 used=9.5s/10s /home/sxing/project/OS_final_project/changes/0_reproduce/env/bin/python -B -m ta_launch_sim --trace data/tectonic/20230325/Region7/full_0_0.1.trace --learned-ap --ap mlnew --ap-threshold 0.620940 --si
15:07:17 SIBLING pid=695658 tid=695685 cpu=17 used=2.0s/10s /home/sxing/project/OS_final_project/changes/0_reproduce/env/bin/python -B -m ta_launch_sim --trace data/tectonic/20230325/Region7/full_0_0.1.trace --learned-ap --ap mlnew --ap-threshold 0.620940 --si
15:07:27 SIBLING pid=693211 tid=693211 cpu=13 used=9.6s/10s /home/sxing/project/OS_final_project/changes/0_reproduce/env/bin/python -B -m ta_launch_sim --trace data/tectonic/20230325/Region6/full_0_0.1.trace --learned-ap --ap mlnew --ap-threshold 0.806378 --si
15:07:27 SIBLING pid=693211 tid=693221 cpu=16 used=1.9s/10s /home/sxing/project/OS_final_project/changes/0_reproduce/env/bin/python -B -m ta_launch_sim --trace data/tectonic/20230325/Region6/full_0_0.1.trace --learned-ap --ap mlnew --ap-threshold 0.806378 --si
15:07:27 SIBLING pid=694135 tid=694135 cpu=12 used=9.7s/10s /home/sxing/project/OS_final_project/changes/0_reproduce/env/bin/python -B -m ta_launch_sim --trace data/tectonic/20230325/Region7/full_0_0.1.trace --learned-ap --ap mlnew --ap-threshold 0.620940 --si
15:07:27 SIBLING pid=694135 tid=694204 cpu=17 used=2.0s/10s /home/sxing/project/OS_final_project/changes/0_reproduce/env/bin/python -B -m ta_launch_sim --trace data/tectonic/20230325/Region7/full_0_0.1.trace --learned-ap --ap mlnew --ap-threshold 0.620940 --si
15:07:27 SIBLING pid=695658 tid=695658 cpu=15 used=9.6s/10s /home/sxing/project/OS_final_project/changes/0_reproduce/env/bin/python -B -m ta_launch_sim --trace data/tectonic/20230325/Region7/full_0_0.1.trace --learned-ap --ap mlnew --ap-threshold 0.620940 --si
15:07:27 SIBLING pid=695658 tid=695685 cpu=14 used=2.0s/10s /home/sxing/project/OS_final_project/changes/0_reproduce/env/bin/python -B -m ta_launch_sim --trace data/tectonic/20230325/Region7/full_0_0.1.trace --learned-ap --ap mlnew --ap-threshold 0.620940 --si
15:07:37 SIBLING pid=693211 tid=693211 cpu=12 used=9.6s/10s /home/sxing/project/OS_final_project/changes/0_reproduce/env/bin/python -B -m ta_launch_sim --trace data/tectonic/20230325/Region6/full_0_0.1.trace --learned-ap --ap mlnew --ap-threshold 0.806378 --si
15:07:37 SIBLING pid=693211 tid=693221 cpu=16 used=1.8s/10s /home/sxing/project/OS_final_project/changes/0_reproduce/env/bin/python -B -m ta_launch_sim --trace data/tectonic/20230325/Region6/full_0_0.1.trace --learned-ap --ap mlnew --ap-threshold 0.806378 --si
15:07:37 SIBLING pid=694135 tid=694135 cpu=14 used=9.6s/10s /home/sxing/project/OS_final_project/changes/0_reproduce/env/bin/python -B -m ta_launch_sim --trace data/tectonic/20230325/Region7/full_0_0.1.trace --learned-ap --ap mlnew --ap-threshold 0.620940 --si
15:07:37 SIBLING pid=694135 tid=694204 cpu=17 used=2.3s/10s /home/sxing/project/OS_final_project/changes/0_reproduce/env/bin/python -B -m ta_launch_sim --trace data/tectonic/20230325/Region7/full_0_0.1.trace --learned-ap --ap mlnew --ap-threshold 0.620940 --si
15:07:37 SIBLING pid=695658 tid=695658 cpu=15 used=9.7s/10s /home/sxing/project/OS_final_project/changes/0_reproduce/env/bin/python -B -m ta_launch_sim --trace data/tectonic/20230325/Region7/full_0_0.1.trace --learned-ap --ap mlnew --ap-threshold 0.620940 --si
15:07:37 SIBLING pid=695658 tid=695685 cpu=13 used=2.1s/10s /home/sxing/project/OS_final_project/changes/0_reproduce/env/bin/python -B -m ta_launch_sim --trace data/tectonic/20230325/Region7/full_0_0.1.trace --learned-ap --ap mlnew --ap-threshold 0.620940 --si
15:07:47 SIBLING pid=694135 tid=694135 cpu=13 used=9.7s/10s /home/sxing/project/OS_final_project/changes/0_reproduce/env/bin/python -B -m ta_launch_sim --trace data/tectonic/20230325/Region7/full_0_0.1.trace --learned-ap --ap mlnew --ap-threshold 0.620940 --si
15:07:47 SIBLING pid=694135 tid=694204 cpu=14 used=2.1s/10s /home/sxing/project/OS_final_project/changes/0_reproduce/env/bin/python -B -m ta_launch_sim --trace data/tectonic/20230325/Region7/full_0_0.1.trace --learned-ap --ap mlnew --ap-threshold 0.620940 --si
15:07:47 SIBLING pid=695658 tid=695658 cpu=14 used=9.6s/10s /home/sxing/project/OS_final_project/changes/0_reproduce/env/bin/python -B -m ta_launch_sim --trace data/tectonic/20230325/Region7/full_0_0.1.trace --learned-ap --ap mlnew --ap-threshold 0.620940 --si
15:07:47 SIBLING pid=695658 tid=695685 cpu=16 used=2.1s/10s /home/sxing/project/OS_final_project/changes/0_reproduce/env/bin/python -B -m ta_launch_sim --trace data/tectonic/20230325/Region7/full_0_0.1.trace --learned-ap --ap mlnew --ap-threshold 0.620940 --si
15:07:57 SIBLING pid=694135 tid=694135 cpu=14 used=9.8s/10s /home/sxing/project/OS_final_project/changes/0_reproduce/env/bin/python -B -m ta_launch_sim --trace data/tectonic/20230325/Region7/full_0_0.1.trace --learned-ap --ap mlnew --ap-threshold 0.620940 --si
15:07:57 SIBLING pid=694135 tid=694204 cpu=12 used=1.9s/10s /home/sxing/project/OS_final_project/changes/0_reproduce/env/bin/python -B -m ta_launch_sim --trace data/tectonic/20230325/Region7/full_0_0.1.trace --learned-ap --ap mlnew --ap-threshold 0.620940 --si
15:07:57 SIBLING pid=695658 tid=695658 cpu=17 used=9.8s/10s /home/sxing/project/OS_final_project/changes/0_reproduce/env/bin/python -B -m ta_launch_sim --trace data/tectonic/20230325/Region7/full_0_0.1.trace --learned-ap --ap mlnew --ap-threshold 0.620940 --si
15:07:57 SIBLING pid=695658 tid=695685 cpu=12 used=1.8s/10s /home/sxing/project/OS_final_project/changes/0_reproduce/env/bin/python -B -m ta_launch_sim --trace data/tectonic/20230325/Region7/full_0_0.1.trace --learned-ap --ap mlnew --ap-threshold 0.620940 --si
15:07:57 SIBLING pid=696854 tid=696854 cpu=18 used=3.3s/10s /home/sxing/project/OS_final_project/changes/0_reproduce/env/bin/python -B ../src/g1_replay.py /home/sxing/project/OS_final_project/changes/2_deployable_peak/wp0_overlay/results/g1/dumps/g1_Region6_tr
15:07:57 SIBLING pid=696854 tid=696859 cpu=16 used=1.3s/10s /home/sxing/project/OS_final_project/changes/0_reproduce/env/bin/python -B ../src/g1_replay.py /home/sxing/project/OS_final_project/changes/2_deployable_peak/wp0_overlay/results/g1/dumps/g1_Region6_tr
15:07:57 SIBLING pid=696854 tid=696860 cpu=14 used=1.3s/10s /home/sxing/project/OS_final_project/changes/0_reproduce/env/bin/python -B ../src/g1_replay.py /home/sxing/project/OS_final_project/changes/2_deployable_peak/wp0_overlay/results/g1/dumps/g1_Region6_tr
15:07:57 SIBLING pid=696854 tid=696861 cpu=16 used=1.2s/10s /home/sxing/project/OS_final_project/changes/0_reproduce/env/bin/python -B ../src/g1_replay.py /home/sxing/project/OS_final_project/changes/2_deployable_peak/wp0_overlay/results/g1/dumps/g1_Region6_tr
15:07:57 SIBLING pid=696854 tid=696862 cpu=19 used=1.1s/10s /home/sxing/project/OS_final_project/changes/0_reproduce/env/bin/python -B ../src/g1_replay.py /home/sxing/project/OS_final_project/changes/2_deployable_peak/wp0_overlay/results/g1/dumps/g1_Region6_tr
15:07:57 SIBLING pid=696854 tid=696863 cpu=14 used=1.0s/10s /home/sxing/project/OS_final_project/changes/0_reproduce/env/bin/python -B ../src/g1_replay.py /home/sxing/project/OS_final_project/changes/2_deployable_peak/wp0_overlay/results/g1/dumps/g1_Region6_tr
15:07:57 SIBLING pid=696854 tid=696864 cpu=13 used=1.0s/10s /home/sxing/project/OS_final_project/changes/0_reproduce/env/bin/python -B ../src/g1_replay.py /home/sxing/project/OS_final_project/changes/2_deployable_peak/wp0_overlay/results/g1/dumps/g1_Region6_tr
15:07:57 SIBLING pid=696854 tid=696865 cpu=15 used=1.0s/10s /home/sxing/project/OS_final_project/changes/0_reproduce/env/bin/python -B ../src/g1_replay.py /home/sxing/project/OS_final_project/changes/2_deployable_peak/wp0_overlay/results/g1/dumps/g1_Region6_tr
15:07:57 SIBLING pid=696854 tid=696866 cpu=16 used=1.0s/10s /home/sxing/project/OS_final_project/changes/0_reproduce/env/bin/python -B ../src/g1_replay.py /home/sxing/project/OS_final_project/changes/2_deployable_peak/wp0_overlay/results/g1/dumps/g1_Region6_tr
15:07:57 SIBLING pid=696854 tid=696867 cpu=14 used=1.0s/10s /home/sxing/project/OS_final_project/changes/0_reproduce/env/bin/python -B ../src/g1_replay.py /home/sxing/project/OS_final_project/changes/2_deployable_peak/wp0_overlay/results/g1/dumps/g1_Region6_tr
15:07:57 SIBLING pid=696854 tid=696868 cpu=14 used=0.9s/10s /home/sxing/project/OS_final_project/changes/0_reproduce/env/bin/python -B ../src/g1_replay.py /home/sxing/project/OS_final_project/changes/2_deployable_peak/wp0_overlay/results/g1/dumps/g1_Region6_tr
15:07:57 SIBLING pid=696854 tid=696869 cpu=16 used=1.0s/10s /home/sxing/project/OS_final_project/changes/0_reproduce/env/bin/python -B ../src/g1_replay.py /home/sxing/project/OS_final_project/changes/2_deployable_peak/wp0_overlay/results/g1/dumps/g1_Region6_tr
15:07:57 SIBLING pid=696854 tid=696870 cpu=19 used=1.0s/10s /home/sxing/project/OS_final_project/changes/0_reproduce/env/bin/python -B ../src/g1_replay.py /home/sxing/project/OS_final_project/changes/2_deployable_peak/wp0_overlay/results/g1/dumps/g1_Region6_tr
15:07:57 SIBLING pid=696854 tid=696871 cpu=16 used=1.0s/10s /home/sxing/project/OS_final_project/changes/0_reproduce/env/bin/python -B ../src/g1_replay.py /home/sxing/project/OS_final_project/changes/2_deployable_peak/wp0_overlay/results/g1/dumps/g1_Region6_tr
15:07:57 SIBLING pid=696854 tid=696872 cpu=15 used=1.0s/10s /home/sxing/project/OS_final_project/changes/0_reproduce/env/bin/python -B ../src/g1_replay.py /home/sxing/project/OS_final_project/changes/2_deployable_peak/wp0_overlay/results/g1/dumps/g1_Region6_tr
15:07:57 SIBLING pid=696854 tid=696873 cpu=15 used=1.0s/10s /home/sxing/project/OS_final_project/changes/0_reproduce/env/bin/python -B ../src/g1_replay.py /home/sxing/project/OS_final_project/changes/2_deployable_peak/wp0_overlay/results/g1/dumps/g1_Region6_tr
15:07:57 SIBLING pid=696854 tid=696874 cpu=14 used=1.0s/10s /home/sxing/project/OS_final_project/changes/0_reproduce/env/bin/python -B ../src/g1_replay.py /home/sxing/project/OS_final_project/changes/2_deployable_peak/wp0_overlay/results/g1/dumps/g1_Region6_tr
15:07:57 SIBLING pid=696854 tid=696876 cpu=16 used=0.9s/10s /home/sxing/project/OS_final_project/changes/0_reproduce/env/bin/python -B ../src/g1_replay.py /home/sxing/project/OS_final_project/changes/2_deployable_peak/wp0_overlay/results/g1/dumps/g1_Region6_tr
15:07:57 SIBLING pid=696854 tid=696877 cpu=13 used=0.9s/10s /home/sxing/project/OS_final_project/changes/0_reproduce/env/bin/python -B ../src/g1_replay.py /home/sxing/project/OS_final_project/changes/2_deployable_peak/wp0_overlay/results/g1/dumps/g1_Region6_tr
15:08:07 SIBLING pid=694135 tid=694135 cpu=19 used=9.7s/10s /home/sxing/project/OS_final_project/changes/0_reproduce/env/bin/python -B -m ta_launch_sim --trace data/tectonic/20230325/Region7/full_0_0.1.trace --learned-ap --ap mlnew --ap-threshold 0.620940 --si
15:08:07 SIBLING pid=694135 tid=694204 cpu=18 used=1.8s/10s /home/sxing/project/OS_final_project/changes/0_reproduce/env/bin/python -B -m ta_launch_sim --trace data/tectonic/20230325/Region7/full_0_0.1.trace --learned-ap --ap mlnew --ap-threshold 0.620940 --si
15:08:07 SIBLING pid=695658 tid=695685 cpu=18 used=2.0s/10s /home/sxing/project/OS_final_project/changes/0_reproduce/env/bin/python -B -m ta_launch_sim --trace data/tectonic/20230325/Region7/full_0_0.1.trace --learned-ap --ap mlnew --ap-threshold 0.620940 --si
15:08:17 SIBLING pid=695658 tid=695658 cpu=12 used=9.8s/10s /home/sxing/project/OS_final_project/changes/0_reproduce/env/bin/python -B -m ta_launch_sim --trace data/tectonic/20230325/Region7/full_0_0.1.trace --learned-ap --ap mlnew --ap-threshold 0.620940 --si
15:08:17 SIBLING pid=695658 tid=695685 cpu=12 used=1.8s/10s /home/sxing/project/OS_final_project/changes/0_reproduce/env/bin/python -B -m ta_launch_sim --trace data/tectonic/20230325/Region7/full_0_0.1.trace --learned-ap --ap mlnew --ap-threshold 0.620940 --si
15:08:17 SIBLING pid=696945 tid=696945 cpu=14 used=4.9s/10s /home/sxing/project/OS_final_project/changes/0_reproduce/env/bin/python -B -m ta_launch_train --exp g1det_Region7_frozen1 --policy PolicyUtilityServiceTimeSize2 --region Region7 --sample-ratio 0.1 --s
15:08:27 SIBLING pid=695658 tid=695658 cpu=14 used=9.8s/10s /home/sxing/project/OS_final_project/changes/0_reproduce/env/bin/python -B -m ta_launch_sim --trace data/tectonic/20230325/Region7/full_0_0.1.trace --learned-ap --ap mlnew --ap-threshold 0.620940 --si
15:08:27 SIBLING pid=695658 tid=695685 cpu=15 used=1.9s/10s /home/sxing/project/OS_final_project/changes/0_reproduce/env/bin/python -B -m ta_launch_sim --trace data/tectonic/20230325/Region7/full_0_0.1.trace --learned-ap --ap mlnew --ap-threshold 0.620940 --si
15:08:27 SIBLING pid=696945 tid=696945 cpu=13 used=8.2s/10s /home/sxing/project/OS_final_project/changes/0_reproduce/env/bin/python -B -m ta_launch_train --exp g1det_Region7_frozen1 --policy PolicyUtilityServiceTimeSize2 --region Region7 --sample-ratio 0.1 --s
15:08:27 SIBLING pid=696945 tid=696974 cpu=13 used=0.5s/10s /home/sxing/project/OS_final_project/changes/0_reproduce/env/bin/python -B -m ta_launch_train --exp g1det_Region7_frozen1 --policy PolicyUtilityServiceTimeSize2 --region Region7 --sample-ratio 0.1 --s
15:08:37 SIBLING pid=695658 tid=695658 cpu=12 used=9.8s/10s /home/sxing/project/OS_final_project/changes/0_reproduce/env/bin/python -B -m ta_launch_sim --trace data/tectonic/20230325/Region7/full_0_0.1.trace --learned-ap --ap mlnew --ap-threshold 0.620940 --si
15:08:37 SIBLING pid=695658 tid=695685 cpu=14 used=2.0s/10s /home/sxing/project/OS_final_project/changes/0_reproduce/env/bin/python -B -m ta_launch_sim --trace data/tectonic/20230325/Region7/full_0_0.1.trace --learned-ap --ap mlnew --ap-threshold 0.620940 --si
15:08:37 SIBLING pid=696945 tid=696974 cpu=18 used=1.5s/10s /home/sxing/project/OS_final_project/changes/0_reproduce/env/bin/python -B -m ta_launch_train --exp g1det_Region7_frozen1 --policy PolicyUtilityServiceTimeSize2 --region Region7 --sample-ratio 0.1 --s
15:08:37 SIBLING pid=696945 tid=696975 cpu=15 used=1.5s/10s /home/sxing/project/OS_final_project/changes/0_reproduce/env/bin/python -B -m ta_launch_train --exp g1det_Region7_frozen1 --policy PolicyUtilityServiceTimeSize2 --region Region7 --sample-ratio 0.1 --s
15:08:37 SIBLING pid=696945 tid=696977 cpu=13 used=1.2s/10s /home/sxing/project/OS_final_project/changes/0_reproduce/env/bin/python -B -m ta_launch_train --exp g1det_Region7_frozen1 --policy PolicyUtilityServiceTimeSize2 --region Region7 --sample-ratio 0.1 --s
15:08:37 SIBLING pid=696945 tid=696978 cpu=18 used=1.2s/10s /home/sxing/project/OS_final_project/changes/0_reproduce/env/bin/python -B -m ta_launch_train --exp g1det_Region7_frozen1 --policy PolicyUtilityServiceTimeSize2 --region Region7 --sample-ratio 0.1 --s
15:08:37 SIBLING pid=696945 tid=696979 cpu=19 used=1.2s/10s /home/sxing/project/OS_final_project/changes/0_reproduce/env/bin/python -B -m ta_launch_train --exp g1det_Region7_frozen1 --policy PolicyUtilityServiceTimeSize2 --region Region7 --sample-ratio 0.1 --s
15:08:37 SIBLING pid=696945 tid=696980 cpu=18 used=1.2s/10s /home/sxing/project/OS_final_project/changes/0_reproduce/env/bin/python -B -m ta_launch_train --exp g1det_Region7_frozen1 --policy PolicyUtilityServiceTimeSize2 --region Region7 --sample-ratio 0.1 --s
15:08:37 SIBLING pid=696945 tid=696981 cpu=18 used=1.2s/10s /home/sxing/project/OS_final_project/changes/0_reproduce/env/bin/python -B -m ta_launch_train --exp g1det_Region7_frozen1 --policy PolicyUtilityServiceTimeSize2 --region Region7 --sample-ratio 0.1 --s
15:08:37 SIBLING pid=696945 tid=696982 cpu=14 used=1.1s/10s /home/sxing/project/OS_final_project/changes/0_reproduce/env/bin/python -B -m ta_launch_train --exp g1det_Region7_frozen1 --policy PolicyUtilityServiceTimeSize2 --region Region7 --sample-ratio 0.1 --s
15:08:37 SIBLING pid=696945 tid=696983 cpu=18 used=1.1s/10s /home/sxing/project/OS_final_project/changes/0_reproduce/env/bin/python -B -m ta_launch_train --exp g1det_Region7_frozen1 --policy PolicyUtilityServiceTimeSize2 --region Region7 --sample-ratio 0.1 --s
15:08:37 SIBLING pid=696945 tid=696984 cpu=18 used=1.1s/10s /home/sxing/project/OS_final_project/changes/0_reproduce/env/bin/python -B -m ta_launch_train --exp g1det_Region7_frozen1 --policy PolicyUtilityServiceTimeSize2 --region Region7 --sample-ratio 0.1 --s
15:08:37 SIBLING pid=696945 tid=696985 cpu=16 used=1.1s/10s /home/sxing/project/OS_final_project/changes/0_reproduce/env/bin/python -B -m ta_launch_train --exp g1det_Region7_frozen1 --policy PolicyUtilityServiceTimeSize2 --region Region7 --sample-ratio 0.1 --s
15:08:37 SIBLING pid=696945 tid=696986 cpu=18 used=1.1s/10s /home/sxing/project/OS_final_project/changes/0_reproduce/env/bin/python -B -m ta_launch_train --exp g1det_Region7_frozen1 --policy PolicyUtilityServiceTimeSize2 --region Region7 --sample-ratio 0.1 --s
15:08:37 SIBLING pid=696945 tid=696988 cpu=14 used=1.1s/10s /home/sxing/project/OS_final_project/changes/0_reproduce/env/bin/python -B -m ta_launch_train --exp g1det_Region7_frozen1 --policy PolicyUtilityServiceTimeSize2 --region Region7 --sample-ratio 0.1 --s
15:08:37 SIBLING pid=696945 tid=696990 cpu=17 used=1.0s/10s /home/sxing/project/OS_final_project/changes/0_reproduce/env/bin/python -B -m ta_launch_train --exp g1det_Region7_frozen1 --policy PolicyUtilityServiceTimeSize2 --region Region7 --sample-ratio 0.1 --s
15:08:37 SIBLING pid=696945 tid=696992 cpu=15 used=1.0s/10s /home/sxing/project/OS_final_project/changes/0_reproduce/env/bin/python -B -m ta_launch_train --exp g1det_Region7_frozen1 --policy PolicyUtilityServiceTimeSize2 --region Region7 --sample-ratio 0.1 --s
15:08:47 SIBLING pid=695658 tid=695658 cpu=12 used=9.7s/10s /home/sxing/project/OS_final_project/changes/0_reproduce/env/bin/python -B -m ta_launch_sim --trace data/tectonic/20230325/Region7/full_0_0.1.trace --learned-ap --ap mlnew --ap-threshold 0.620940 --si
15:08:47 SIBLING pid=695658 tid=695685 cpu=14 used=2.0s/10s /home/sxing/project/OS_final_project/changes/0_reproduce/env/bin/python -B -m ta_launch_sim --trace data/tectonic/20230325/Region7/full_0_0.1.trace --learned-ap --ap mlnew --ap-threshold 0.620940 --si
15:08:57 SIBLING pid=695658 tid=695658 cpu=12 used=9.6s/10s /home/sxing/project/OS_final_project/changes/0_reproduce/env/bin/python -B -m ta_launch_sim --trace data/tectonic/20230325/Region7/full_0_0.1.trace --learned-ap --ap mlnew --ap-threshold 0.620940 --si
15:08:57 SIBLING pid=695658 tid=695685 cpu=14 used=2.3s/10s /home/sxing/project/OS_final_project/changes/0_reproduce/env/bin/python -B -m ta_launch_sim --trace data/tectonic/20230325/Region7/full_0_0.1.trace --learned-ap --ap mlnew --ap-threshold 0.620940 --si
15:08:57 SIBLING pid=697116 tid=697116 cpu=16 used=9.7s/10s /home/sxing/project/OS_final_project/changes/0_reproduce/env/bin/python -B -m ta_launch_sim --trace data/tectonic/20230325/Region7/full_0_0.1.trace --learned-ap --ap mlnew --ap-threshold 0.620940 --si
15:08:57 SIBLING pid=697116 tid=697119 cpu=17 used=2.0s/10s /home/sxing/project/OS_final_project/changes/0_reproduce/env/bin/python -B -m ta_launch_sim --trace data/tectonic/20230325/Region7/full_0_0.1.trace --learned-ap --ap mlnew --ap-threshold 0.620940 --si
15:09:07 SIBLING pid=695658 tid=695658 cpu=12 used=9.7s/10s /home/sxing/project/OS_final_project/changes/0_reproduce/env/bin/python -B -m ta_launch_sim --trace data/tectonic/20230325/Region7/full_0_0.1.trace --learned-ap --ap mlnew --ap-threshold 0.620940 --si
15:09:07 SIBLING pid=695658 tid=695685 cpu=15 used=2.1s/10s /home/sxing/project/OS_final_project/changes/0_reproduce/env/bin/python -B -m ta_launch_sim --trace data/tectonic/20230325/Region7/full_0_0.1.trace --learned-ap --ap mlnew --ap-threshold 0.620940 --si
15:09:07 SIBLING pid=697116 tid=697116 cpu=13 used=9.7s/10s /home/sxing/project/OS_final_project/changes/0_reproduce/env/bin/python -B -m ta_launch_sim --trace data/tectonic/20230325/Region7/full_0_0.1.trace --learned-ap --ap mlnew --ap-threshold 0.620940 --si
15:09:07 SIBLING pid=697116 tid=697119 cpu=17 used=2.0s/10s /home/sxing/project/OS_final_project/changes/0_reproduce/env/bin/python -B -m ta_launch_sim --trace data/tectonic/20230325/Region7/full_0_0.1.trace --learned-ap --ap mlnew --ap-threshold 0.620940 --si
15:09:17 SIBLING pid=695658 tid=695658 cpu=16 used=9.7s/10s /home/sxing/project/OS_final_project/changes/0_reproduce/env/bin/python -B -m ta_launch_sim --trace data/tectonic/20230325/Region7/full_0_0.1.trace --learned-ap --ap mlnew --ap-threshold 0.620940 --si
15:09:17 SIBLING pid=695658 tid=695685 cpu=12 used=2.0s/10s /home/sxing/project/OS_final_project/changes/0_reproduce/env/bin/python -B -m ta_launch_sim --trace data/tectonic/20230325/Region7/full_0_0.1.trace --learned-ap --ap mlnew --ap-threshold 0.620940 --si
15:09:17 SIBLING pid=697116 tid=697116 cpu=15 used=9.6s/10s /home/sxing/project/OS_final_project/changes/0_reproduce/env/bin/python -B -m ta_launch_sim --trace data/tectonic/20230325/Region7/full_0_0.1.trace --learned-ap --ap mlnew --ap-threshold 0.620940 --si
15:09:17 SIBLING pid=697116 tid=697119 cpu=13 used=2.0s/10s /home/sxing/project/OS_final_project/changes/0_reproduce/env/bin/python -B -m ta_launch_sim --trace data/tectonic/20230325/Region7/full_0_0.1.trace --learned-ap --ap mlnew --ap-threshold 0.620940 --si
15:09:27 SIBLING pid=695658 tid=695658 cpu=14 used=9.7s/10s /home/sxing/project/OS_final_project/changes/0_reproduce/env/bin/python -B -m ta_launch_sim --trace data/tectonic/20230325/Region7/full_0_0.1.trace --learned-ap --ap mlnew --ap-threshold 0.620940 --si
15:09:27 SIBLING pid=695658 tid=695685 cpu=12 used=2.2s/10s /home/sxing/project/OS_final_project/changes/0_reproduce/env/bin/python -B -m ta_launch_sim --trace data/tectonic/20230325/Region7/full_0_0.1.trace --learned-ap --ap mlnew --ap-threshold 0.620940 --si
15:09:27 SIBLING pid=697116 tid=697116 cpu=13 used=9.7s/10s /home/sxing/project/OS_final_project/changes/0_reproduce/env/bin/python -B -m ta_launch_sim --trace data/tectonic/20230325/Region7/full_0_0.1.trace --learned-ap --ap mlnew --ap-threshold 0.620940 --si
15:09:27 SIBLING pid=697116 tid=697119 cpu=15 used=2.0s/10s /home/sxing/project/OS_final_project/changes/0_reproduce/env/bin/python -B -m ta_launch_sim --trace data/tectonic/20230325/Region7/full_0_0.1.trace --learned-ap --ap mlnew --ap-threshold 0.620940 --si
15:09:37 SIBLING pid=695658 tid=695658 cpu=12 used=9.7s/10s /home/sxing/project/OS_final_project/changes/0_reproduce/env/bin/python -B -m ta_launch_sim --trace data/tectonic/20230325/Region7/full_0_0.1.trace --learned-ap --ap mlnew --ap-threshold 0.620940 --si
15:09:37 SIBLING pid=695658 tid=695685 cpu=13 used=2.1s/10s /home/sxing/project/OS_final_project/changes/0_reproduce/env/bin/python -B -m ta_launch_sim --trace data/tectonic/20230325/Region7/full_0_0.1.trace --learned-ap --ap mlnew --ap-threshold 0.620940 --si
15:09:37 SIBLING pid=697116 tid=697116 cpu=14 used=9.7s/10s /home/sxing/project/OS_final_project/changes/0_reproduce/env/bin/python -B -m ta_launch_sim --trace data/tectonic/20230325/Region7/full_0_0.1.trace --learned-ap --ap mlnew --ap-threshold 0.620940 --si
15:09:37 SIBLING pid=697116 tid=697119 cpu=15 used=2.0s/10s /home/sxing/project/OS_final_project/changes/0_reproduce/env/bin/python -B -m ta_launch_sim --trace data/tectonic/20230325/Region7/full_0_0.1.trace --learned-ap --ap mlnew --ap-threshold 0.620940 --si
15:09:47 SIBLING pid=695658 tid=695658 cpu=15 used=9.8s/10s /home/sxing/project/OS_final_project/changes/0_reproduce/env/bin/python -B -m ta_launch_sim --trace data/tectonic/20230325/Region7/full_0_0.1.trace --learned-ap --ap mlnew --ap-threshold 0.620940 --si
15:09:47 SIBLING pid=695658 tid=695685 cpu=14 used=1.9s/10s /home/sxing/project/OS_final_project/changes/0_reproduce/env/bin/python -B -m ta_launch_sim --trace data/tectonic/20230325/Region7/full_0_0.1.trace --learned-ap --ap mlnew --ap-threshold 0.620940 --si
15:09:47 SIBLING pid=697116 tid=697116 cpu=12 used=9.8s/10s /home/sxing/project/OS_final_project/changes/0_reproduce/env/bin/python -B -m ta_launch_sim --trace data/tectonic/20230325/Region7/full_0_0.1.trace --learned-ap --ap mlnew --ap-threshold 0.620940 --si
15:09:47 SIBLING pid=697116 tid=697119 cpu=13 used=2.0s/10s /home/sxing/project/OS_final_project/changes/0_reproduce/env/bin/python -B -m ta_launch_sim --trace data/tectonic/20230325/Region7/full_0_0.1.trace --learned-ap --ap mlnew --ap-threshold 0.620940 --si
15:09:57 SIBLING pid=695658 tid=695658 cpu=16 used=9.8s/10s /home/sxing/project/OS_final_project/changes/0_reproduce/env/bin/python -B -m ta_launch_sim --trace data/tectonic/20230325/Region7/full_0_0.1.trace --learned-ap --ap mlnew --ap-threshold 0.620940 --si
15:09:57 SIBLING pid=695658 tid=695685 cpu=12 used=1.9s/10s /home/sxing/project/OS_final_project/changes/0_reproduce/env/bin/python -B -m ta_launch_sim --trace data/tectonic/20230325/Region7/full_0_0.1.trace --learned-ap --ap mlnew --ap-threshold 0.620940 --si
15:09:57 SIBLING pid=697116 tid=697116 cpu=15 used=9.8s/10s /home/sxing/project/OS_final_project/changes/0_reproduce/env/bin/python -B -m ta_launch_sim --trace data/tectonic/20230325/Region7/full_0_0.1.trace --learned-ap --ap mlnew --ap-threshold 0.620940 --si
15:09:57 SIBLING pid=697116 tid=697119 cpu=13 used=1.8s/10s /home/sxing/project/OS_final_project/changes/0_reproduce/env/bin/python -B -m ta_launch_sim --trace data/tectonic/20230325/Region7/full_0_0.1.trace --learned-ap --ap mlnew --ap-threshold 0.620940 --si
15:10:07 SIBLING pid=695658 tid=695658 cpu=12 used=9.8s/10s /home/sxing/project/OS_final_project/changes/0_reproduce/env/bin/python -B -m ta_launch_sim --trace data/tectonic/20230325/Region7/full_0_0.1.trace --learned-ap --ap mlnew --ap-threshold 0.620940 --si
15:10:07 SIBLING pid=695658 tid=695685 cpu=17 used=1.9s/10s /home/sxing/project/OS_final_project/changes/0_reproduce/env/bin/python -B -m ta_launch_sim --trace data/tectonic/20230325/Region7/full_0_0.1.trace --learned-ap --ap mlnew --ap-threshold 0.620940 --si
15:10:07 SIBLING pid=697116 tid=697116 cpu=14 used=9.8s/10s /home/sxing/project/OS_final_project/changes/0_reproduce/env/bin/python -B -m ta_launch_sim --trace data/tectonic/20230325/Region7/full_0_0.1.trace --learned-ap --ap mlnew --ap-threshold 0.620940 --si
15:10:07 SIBLING pid=697116 tid=697119 cpu=16 used=1.9s/10s /home/sxing/project/OS_final_project/changes/0_reproduce/env/bin/python -B -m ta_launch_sim --trace data/tectonic/20230325/Region7/full_0_0.1.trace --learned-ap --ap mlnew --ap-threshold 0.620940 --si
15:10:07 SIBLING pid=697601 tid=697608 cpu=19 used=1.0s/10s /home/sxing/project/OS_final_project/changes/0_reproduce/env/bin/python -B ../src/g1_replay.py /home/sxing/project/OS_final_project/changes/2_deployable_peak/wp0_overlay/results/g1/dumps/g1_Region6_tr
15:10:07 SIBLING pid=697601 tid=697609 cpu=16 used=0.9s/10s /home/sxing/project/OS_final_project/changes/0_reproduce/env/bin/python -B ../src/g1_replay.py /home/sxing/project/OS_final_project/changes/2_deployable_peak/wp0_overlay/results/g1/dumps/g1_Region6_tr
15:10:07 SIBLING pid=697601 tid=697611 cpu=13 used=0.9s/10s /home/sxing/project/OS_final_project/changes/0_reproduce/env/bin/python -B ../src/g1_replay.py /home/sxing/project/OS_final_project/changes/2_deployable_peak/wp0_overlay/results/g1/dumps/g1_Region6_tr
15:10:07 SIBLING pid=697601 tid=697612 cpu=17 used=0.8s/10s /home/sxing/project/OS_final_project/changes/0_reproduce/env/bin/python -B ../src/g1_replay.py /home/sxing/project/OS_final_project/changes/2_deployable_peak/wp0_overlay/results/g1/dumps/g1_Region6_tr
15:10:07 SIBLING pid=697601 tid=697613 cpu=16 used=0.9s/10s /home/sxing/project/OS_final_project/changes/0_reproduce/env/bin/python -B ../src/g1_replay.py /home/sxing/project/OS_final_project/changes/2_deployable_peak/wp0_overlay/results/g1/dumps/g1_Region6_tr
15:10:07 SIBLING pid=697601 tid=697614 cpu=13 used=0.8s/10s /home/sxing/project/OS_final_project/changes/0_reproduce/env/bin/python -B ../src/g1_replay.py /home/sxing/project/OS_final_project/changes/2_deployable_peak/wp0_overlay/results/g1/dumps/g1_Region6_tr
15:10:07 SIBLING pid=697601 tid=697616 cpu=13 used=0.8s/10s /home/sxing/project/OS_final_project/changes/0_reproduce/env/bin/python -B ../src/g1_replay.py /home/sxing/project/OS_final_project/changes/2_deployable_peak/wp0_overlay/results/g1/dumps/g1_Region6_tr
15:10:07 SIBLING pid=697601 tid=697617 cpu=19 used=0.8s/10s /home/sxing/project/OS_final_project/changes/0_reproduce/env/bin/python -B ../src/g1_replay.py /home/sxing/project/OS_final_project/changes/2_deployable_peak/wp0_overlay/results/g1/dumps/g1_Region6_tr
15:10:07 SIBLING pid=697601 tid=697618 cpu=13 used=0.8s/10s /home/sxing/project/OS_final_project/changes/0_reproduce/env/bin/python -B ../src/g1_replay.py /home/sxing/project/OS_final_project/changes/2_deployable_peak/wp0_overlay/results/g1/dumps/g1_Region6_tr
15:10:07 SIBLING pid=697601 tid=697619 cpu=13 used=0.8s/10s /home/sxing/project/OS_final_project/changes/0_reproduce/env/bin/python -B ../src/g1_replay.py /home/sxing/project/OS_final_project/changes/2_deployable_peak/wp0_overlay/results/g1/dumps/g1_Region6_tr
15:10:07 SIBLING pid=697601 tid=697620 cpu=15 used=0.8s/10s /home/sxing/project/OS_final_project/changes/0_reproduce/env/bin/python -B ../src/g1_replay.py /home/sxing/project/OS_final_project/changes/2_deployable_peak/wp0_overlay/results/g1/dumps/g1_Region6_tr
15:10:07 SIBLING pid=697601 tid=697621 cpu=17 used=0.8s/10s /home/sxing/project/OS_final_project/changes/0_reproduce/env/bin/python -B ../src/g1_replay.py /home/sxing/project/OS_final_project/changes/2_deployable_peak/wp0_overlay/results/g1/dumps/g1_Region6_tr
15:10:07 SIBLING pid=697601 tid=697622 cpu=16 used=0.8s/10s /home/sxing/project/OS_final_project/changes/0_reproduce/env/bin/python -B ../src/g1_replay.py /home/sxing/project/OS_final_project/changes/2_deployable_peak/wp0_overlay/results/g1/dumps/g1_Region6_tr
15:10:07 SIBLING pid=697601 tid=697623 cpu=18 used=0.8s/10s /home/sxing/project/OS_final_project/changes/0_reproduce/env/bin/python -B ../src/g1_replay.py /home/sxing/project/OS_final_project/changes/2_deployable_peak/wp0_overlay/results/g1/dumps/g1_Region6_tr
15:10:07 SIBLING pid=697601 tid=697624 cpu=13 used=0.8s/10s /home/sxing/project/OS_final_project/changes/0_reproduce/env/bin/python -B ../src/g1_replay.py /home/sxing/project/OS_final_project/changes/2_deployable_peak/wp0_overlay/results/g1/dumps/g1_Region6_tr
15:10:17 SIBLING pid=695658 tid=695685 cpu=19 used=2.1s/10s /home/sxing/project/OS_final_project/changes/0_reproduce/env/bin/python -B -m ta_launch_sim --trace data/tectonic/20230325/Region7/full_0_0.1.trace --learned-ap --ap mlnew --ap-threshold 0.620940 --si
15:10:17 SIBLING pid=697116 tid=697116 cpu=13 used=9.8s/10s /home/sxing/project/OS_final_project/changes/0_reproduce/env/bin/python -B -m ta_launch_sim --trace data/tectonic/20230325/Region7/full_0_0.1.trace --learned-ap --ap mlnew --ap-threshold 0.620940 --si
15:10:17 SIBLING pid=697116 tid=697119 cpu=15 used=2.0s/10s /home/sxing/project/OS_final_project/changes/0_reproduce/env/bin/python -B -m ta_launch_sim --trace data/tectonic/20230325/Region7/full_0_0.1.trace --learned-ap --ap mlnew --ap-threshold 0.620940 --si
15:10:27 SIBLING pid=695658 tid=695658 cpu=17 used=9.8s/10s /home/sxing/project/OS_final_project/changes/0_reproduce/env/bin/python -B -m ta_launch_sim --trace data/tectonic/20230325/Region7/full_0_0.1.trace --learned-ap --ap mlnew --ap-threshold 0.620940 --si
15:10:27 SIBLING pid=695658 tid=695685 cpu=12 used=2.1s/10s /home/sxing/project/OS_final_project/changes/0_reproduce/env/bin/python -B -m ta_launch_sim --trace data/tectonic/20230325/Region7/full_0_0.1.trace --learned-ap --ap mlnew --ap-threshold 0.620940 --si
15:10:27 SIBLING pid=697116 tid=697116 cpu=13 used=9.8s/10s /home/sxing/project/OS_final_project/changes/0_reproduce/env/bin/python -B -m ta_launch_sim --trace data/tectonic/20230325/Region7/full_0_0.1.trace --learned-ap --ap mlnew --ap-threshold 0.620940 --si
15:10:27 SIBLING pid=697116 tid=697119 cpu=15 used=2.1s/10s /home/sxing/project/OS_final_project/changes/0_reproduce/env/bin/python -B -m ta_launch_sim --trace data/tectonic/20230325/Region7/full_0_0.1.trace --learned-ap --ap mlnew --ap-threshold 0.620940 --si
15:10:27 SIBLING pid=697781 tid=697781 cpu=14 used=3.4s/10s /home/sxing/project/OS_final_project/changes/0_reproduce/env/bin/python -B -m ta_launch_train --exp g1det_Region7_overlay1 --policy PolicyUtilityServiceTimeSize2 --region Region7 --sample-ratio 0.1 --
15:10:27 SIBLING pid=697781 tid=697833 cpu=19 used=1.3s/10s /home/sxing/project/OS_final_project/changes/0_reproduce/env/bin/python -B -m ta_launch_train --exp g1det_Region7_overlay1 --policy PolicyUtilityServiceTimeSize2 --region Region7 --sample-ratio 0.1 --
15:10:27 SIBLING pid=697781 tid=697835 cpu=13 used=0.9s/10s /home/sxing/project/OS_final_project/changes/0_reproduce/env/bin/python -B -m ta_launch_train --exp g1det_Region7_overlay1 --policy PolicyUtilityServiceTimeSize2 --region Region7 --sample-ratio 0.1 --
15:10:27 SIBLING pid=697781 tid=697836 cpu=19 used=0.9s/10s /home/sxing/project/OS_final_project/changes/0_reproduce/env/bin/python -B -m ta_launch_train --exp g1det_Region7_overlay1 --policy PolicyUtilityServiceTimeSize2 --region Region7 --sample-ratio 0.1 --
15:10:27 SIBLING pid=697781 tid=697837 cpu=17 used=0.8s/10s /home/sxing/project/OS_final_project/changes/0_reproduce/env/bin/python -B -m ta_launch_train --exp g1det_Region7_overlay1 --policy PolicyUtilityServiceTimeSize2 --region Region7 --sample-ratio 0.1 --
15:10:27 SIBLING pid=697781 tid=697839 cpu=15 used=0.8s/10s /home/sxing/project/OS_final_project/changes/0_reproduce/env/bin/python -B -m ta_launch_train --exp g1det_Region7_overlay1 --policy PolicyUtilityServiceTimeSize2 --region Region7 --sample-ratio 0.1 --
15:10:27 SIBLING pid=697781 tid=697840 cpu=15 used=0.8s/10s /home/sxing/project/OS_final_project/changes/0_reproduce/env/bin/python -B -m ta_launch_train --exp g1det_Region7_overlay1 --policy PolicyUtilityServiceTimeSize2 --region Region7 --sample-ratio 0.1 --
15:10:27 SIBLING pid=697781 tid=697841 cpu=12 used=0.8s/10s /home/sxing/project/OS_final_project/changes/0_reproduce/env/bin/python -B -m ta_launch_train --exp g1det_Region7_overlay1 --policy PolicyUtilityServiceTimeSize2 --region Region7 --sample-ratio 0.1 --
15:10:27 SIBLING pid=697781 tid=697842 cpu=16 used=0.8s/10s /home/sxing/project/OS_final_project/changes/0_reproduce/env/bin/python -B -m ta_launch_train --exp g1det_Region7_overlay1 --policy PolicyUtilityServiceTimeSize2 --region Region7 --sample-ratio 0.1 --
15:10:27 SIBLING pid=697781 tid=697843 cpu=16 used=0.8s/10s /home/sxing/project/OS_final_project/changes/0_reproduce/env/bin/python -B -m ta_launch_train --exp g1det_Region7_overlay1 --policy PolicyUtilityServiceTimeSize2 --region Region7 --sample-ratio 0.1 --
15:10:27 SIBLING pid=697781 tid=697844 cpu=18 used=0.8s/10s /home/sxing/project/OS_final_project/changes/0_reproduce/env/bin/python -B -m ta_launch_train --exp g1det_Region7_overlay1 --policy PolicyUtilityServiceTimeSize2 --region Region7 --sample-ratio 0.1 --
15:10:27 SIBLING pid=697781 tid=697845 cpu=18 used=0.8s/10s /home/sxing/project/OS_final_project/changes/0_reproduce/env/bin/python -B -m ta_launch_train --exp g1det_Region7_overlay1 --policy PolicyUtilityServiceTimeSize2 --region Region7 --sample-ratio 0.1 --
15:10:27 SIBLING pid=697781 tid=697846 cpu=19 used=0.8s/10s /home/sxing/project/OS_final_project/changes/0_reproduce/env/bin/python -B -m ta_launch_train --exp g1det_Region7_overlay1 --policy PolicyUtilityServiceTimeSize2 --region Region7 --sample-ratio 0.1 --
15:10:27 SIBLING pid=697781 tid=697848 cpu=17 used=0.8s/10s /home/sxing/project/OS_final_project/changes/0_reproduce/env/bin/python -B -m ta_launch_train --exp g1det_Region7_overlay1 --policy PolicyUtilityServiceTimeSize2 --region Region7 --sample-ratio 0.1 --
15:10:27 SIBLING pid=697781 tid=697849 cpu=16 used=0.8s/10s /home/sxing/project/OS_final_project/changes/0_reproduce/env/bin/python -B -m ta_launch_train --exp g1det_Region7_overlay1 --policy PolicyUtilityServiceTimeSize2 --region Region7 --sample-ratio 0.1 --
15:10:27 SIBLING pid=697781 tid=697850 cpu=15 used=0.8s/10s /home/sxing/project/OS_final_project/changes/0_reproduce/env/bin/python -B -m ta_launch_train --exp g1det_Region7_overlay1 --policy PolicyUtilityServiceTimeSize2 --region Region7 --sample-ratio 0.1 --
15:10:27 SIBLING pid=697781 tid=697851 cpu=12 used=0.8s/10s /home/sxing/project/OS_final_project/changes/0_reproduce/env/bin/python -B -m ta_launch_train --exp g1det_Region7_overlay1 --policy PolicyUtilityServiceTimeSize2 --region Region7 --sample-ratio 0.1 --
15:10:37 SIBLING pid=695658 tid=695658 cpu=16 used=9.7s/10s /home/sxing/project/OS_final_project/changes/0_reproduce/env/bin/python -B -m ta_launch_sim --trace data/tectonic/20230325/Region7/full_0_0.1.trace --learned-ap --ap mlnew --ap-threshold 0.620940 --si
15:10:37 SIBLING pid=695658 tid=695685 cpu=13 used=2.1s/10s /home/sxing/project/OS_final_project/changes/0_reproduce/env/bin/python -B -m ta_launch_sim --trace data/tectonic/20230325/Region7/full_0_0.1.trace --learned-ap --ap mlnew --ap-threshold 0.620940 --si
15:10:37 SIBLING pid=697116 tid=697116 cpu=15 used=9.7s/10s /home/sxing/project/OS_final_project/changes/0_reproduce/env/bin/python -B -m ta_launch_sim --trace data/tectonic/20230325/Region7/full_0_0.1.trace --learned-ap --ap mlnew --ap-threshold 0.620940 --si
15:10:37 SIBLING pid=697116 tid=697119 cpu=12 used=2.0s/10s /home/sxing/project/OS_final_project/changes/0_reproduce/env/bin/python -B -m ta_launch_sim --trace data/tectonic/20230325/Region7/full_0_0.1.trace --learned-ap --ap mlnew --ap-threshold 0.620940 --si
15:10:37 SIBLING pid=697781 tid=697781 cpu=19 used=8.7s/10s /home/sxing/project/OS_final_project/changes/0_reproduce/env/bin/python -B -m ta_launch_train --exp g1det_Region7_overlay1 --policy PolicyUtilityServiceTimeSize2 --region Region7 --sample-ratio 0.1 --
15:10:47 SIBLING pid=695658 tid=695658 cpu=15 used=9.7s/10s /home/sxing/project/OS_final_project/changes/0_reproduce/env/bin/python -B -m ta_launch_sim --trace data/tectonic/20230325/Region7/full_0_0.1.trace --learned-ap --ap mlnew --ap-threshold 0.620940 --si
15:10:47 SIBLING pid=695658 tid=695685 cpu=17 used=2.0s/10s /home/sxing/project/OS_final_project/changes/0_reproduce/env/bin/python -B -m ta_launch_sim --trace data/tectonic/20230325/Region7/full_0_0.1.trace --learned-ap --ap mlnew --ap-threshold 0.620940 --si
15:10:47 SIBLING pid=697116 tid=697116 cpu=16 used=9.7s/10s /home/sxing/project/OS_final_project/changes/0_reproduce/env/bin/python -B -m ta_launch_sim --trace data/tectonic/20230325/Region7/full_0_0.1.trace --learned-ap --ap mlnew --ap-threshold 0.620940 --si
15:10:47 SIBLING pid=697116 tid=697119 cpu=14 used=1.7s/10s /home/sxing/project/OS_final_project/changes/0_reproduce/env/bin/python -B -m ta_launch_sim --trace data/tectonic/20230325/Region7/full_0_0.1.trace --learned-ap --ap mlnew --ap-threshold 0.620940 --si
15:10:57 SIBLING pid=695658 tid=695658 cpu=13 used=9.8s/10s /home/sxing/project/OS_final_project/changes/0_reproduce/env/bin/python -B -m ta_launch_sim --trace data/tectonic/20230325/Region7/full_0_0.1.trace --learned-ap --ap mlnew --ap-threshold 0.620940 --si
15:10:57 SIBLING pid=695658 tid=695685 cpu=16 used=1.8s/10s /home/sxing/project/OS_final_project/changes/0_reproduce/env/bin/python -B -m ta_launch_sim --trace data/tectonic/20230325/Region7/full_0_0.1.trace --learned-ap --ap mlnew --ap-threshold 0.620940 --si
15:10:57 SIBLING pid=697116 tid=697116 cpu=15 used=9.8s/10s /home/sxing/project/OS_final_project/changes/0_reproduce/env/bin/python -B -m ta_launch_sim --trace data/tectonic/20230325/Region7/full_0_0.1.trace --learned-ap --ap mlnew --ap-threshold 0.620940 --si
15:10:57 SIBLING pid=697116 tid=697119 cpu=13 used=2.0s/10s /home/sxing/project/OS_final_project/changes/0_reproduce/env/bin/python -B -m ta_launch_sim --trace data/tectonic/20230325/Region7/full_0_0.1.trace --learned-ap --ap mlnew --ap-threshold 0.620940 --si
15:10:57 SIBLING pid=698073 tid=698073 cpu=12 used=9.8s/10s /home/sxing/project/OS_final_project/changes/0_reproduce/env/bin/python -B -m ta_launch_sim --trace data/tectonic/20230325/Region7/full_0_0.1.trace --learned-ap --ap mlnew --ap-threshold 0.620940 --si
15:10:57 SIBLING pid=698073 tid=698094 cpu=17 used=1.5s/10s /home/sxing/project/OS_final_project/changes/0_reproduce/env/bin/python -B -m ta_launch_sim --trace data/tectonic/20230325/Region7/full_0_0.1.trace --learned-ap --ap mlnew --ap-threshold 0.620940 --si
15:11:07 SIBLING pid=695658 tid=695658 cpu=15 used=9.8s/10s /home/sxing/project/OS_final_project/changes/0_reproduce/env/bin/python -B -m ta_launch_sim --trace data/tectonic/20230325/Region7/full_0_0.1.trace --learned-ap --ap mlnew --ap-threshold 0.620940 --si
15:11:07 SIBLING pid=695658 tid=695685 cpu=16 used=2.1s/10s /home/sxing/project/OS_final_project/changes/0_reproduce/env/bin/python -B -m ta_launch_sim --trace data/tectonic/20230325/Region7/full_0_0.1.trace --learned-ap --ap mlnew --ap-threshold 0.620940 --si
15:11:07 SIBLING pid=697116 tid=697116 cpu=12 used=9.7s/10s /home/sxing/project/OS_final_project/changes/0_reproduce/env/bin/python -B -m ta_launch_sim --trace data/tectonic/20230325/Region7/full_0_0.1.trace --learned-ap --ap mlnew --ap-threshold 0.620940 --si
15:11:07 SIBLING pid=697116 tid=697119 cpu=13 used=2.0s/10s /home/sxing/project/OS_final_project/changes/0_reproduce/env/bin/python -B -m ta_launch_sim --trace data/tectonic/20230325/Region7/full_0_0.1.trace --learned-ap --ap mlnew --ap-threshold 0.620940 --si
15:11:07 SIBLING pid=698073 tid=698073 cpu=14 used=9.7s/10s /home/sxing/project/OS_final_project/changes/0_reproduce/env/bin/python -B -m ta_launch_sim --trace data/tectonic/20230325/Region7/full_0_0.1.trace --learned-ap --ap mlnew --ap-threshold 0.620940 --si
15:11:07 SIBLING pid=698073 tid=698094 cpu=17 used=2.0s/10s /home/sxing/project/OS_final_project/changes/0_reproduce/env/bin/python -B -m ta_launch_sim --trace data/tectonic/20230325/Region7/full_0_0.1.trace --learned-ap --ap mlnew --ap-threshold 0.620940 --si
15:11:17 SIBLING pid=695658 tid=695658 cpu=13 used=9.7s/10s /home/sxing/project/OS_final_project/changes/0_reproduce/env/bin/python -B -m ta_launch_sim --trace data/tectonic/20230325/Region7/full_0_0.1.trace --learned-ap --ap mlnew --ap-threshold 0.620940 --si
15:11:17 SIBLING pid=695658 tid=695685 cpu=16 used=2.1s/10s /home/sxing/project/OS_final_project/changes/0_reproduce/env/bin/python -B -m ta_launch_sim --trace data/tectonic/20230325/Region7/full_0_0.1.trace --learned-ap --ap mlnew --ap-threshold 0.620940 --si
15:11:17 SIBLING pid=697116 tid=697116 cpu=15 used=9.6s/10s /home/sxing/project/OS_final_project/changes/0_reproduce/env/bin/python -B -m ta_launch_sim --trace data/tectonic/20230325/Region7/full_0_0.1.trace --learned-ap --ap mlnew --ap-threshold 0.620940 --si
15:11:17 SIBLING pid=697116 tid=697119 cpu=17 used=2.1s/10s /home/sxing/project/OS_final_project/changes/0_reproduce/env/bin/python -B -m ta_launch_sim --trace data/tectonic/20230325/Region7/full_0_0.1.trace --learned-ap --ap mlnew --ap-threshold 0.620940 --si
15:11:17 SIBLING pid=698073 tid=698073 cpu=14 used=9.8s/10s /home/sxing/project/OS_final_project/changes/0_reproduce/env/bin/python -B -m ta_launch_sim --trace data/tectonic/20230325/Region7/full_0_0.1.trace --learned-ap --ap mlnew --ap-threshold 0.620940 --si
15:11:17 SIBLING pid=698073 tid=698094 cpu=12 used=2.0s/10s /home/sxing/project/OS_final_project/changes/0_reproduce/env/bin/python -B -m ta_launch_sim --trace data/tectonic/20230325/Region7/full_0_0.1.trace --learned-ap --ap mlnew --ap-threshold 0.620940 --si
15:11:27 SIBLING pid=695658 tid=695658 cpu=13 used=9.8s/10s /home/sxing/project/OS_final_project/changes/0_reproduce/env/bin/python -B -m ta_launch_sim --trace data/tectonic/20230325/Region7/full_0_0.1.trace --learned-ap --ap mlnew --ap-threshold 0.620940 --si
15:11:27 SIBLING pid=695658 tid=695685 cpu=16 used=1.9s/10s /home/sxing/project/OS_final_project/changes/0_reproduce/env/bin/python -B -m ta_launch_sim --trace data/tectonic/20230325/Region7/full_0_0.1.trace --learned-ap --ap mlnew --ap-threshold 0.620940 --si
15:11:27 SIBLING pid=697116 tid=697116 cpu=14 used=9.8s/10s /home/sxing/project/OS_final_project/changes/0_reproduce/env/bin/python -B -m ta_launch_sim --trace data/tectonic/20230325/Region7/full_0_0.1.trace --learned-ap --ap mlnew --ap-threshold 0.620940 --si
15:11:27 SIBLING pid=697116 tid=697119 cpu=15 used=1.9s/10s /home/sxing/project/OS_final_project/changes/0_reproduce/env/bin/python -B -m ta_launch_sim --trace data/tectonic/20230325/Region7/full_0_0.1.trace --learned-ap --ap mlnew --ap-threshold 0.620940 --si
15:11:27 SIBLING pid=698073 tid=698073 cpu=12 used=9.8s/10s /home/sxing/project/OS_final_project/changes/0_reproduce/env/bin/python -B -m ta_launch_sim --trace data/tectonic/20230325/Region7/full_0_0.1.trace --learned-ap --ap mlnew --ap-threshold 0.620940 --si
15:11:27 SIBLING pid=698073 tid=698094 cpu=17 used=1.9s/10s /home/sxing/project/OS_final_project/changes/0_reproduce/env/bin/python -B -m ta_launch_sim --trace data/tectonic/20230325/Region7/full_0_0.1.trace --learned-ap --ap mlnew --ap-threshold 0.620940 --si
15:11:37 SIBLING pid=697116 tid=697116 cpu=12 used=9.8s/10s /home/sxing/project/OS_final_project/changes/0_reproduce/env/bin/python -B -m ta_launch_sim --trace data/tectonic/20230325/Region7/full_0_0.1.trace --learned-ap --ap mlnew --ap-threshold 0.620940 --si
15:11:37 SIBLING pid=697116 tid=697119 cpu=15 used=1.9s/10s /home/sxing/project/OS_final_project/changes/0_reproduce/env/bin/python -B -m ta_launch_sim --trace data/tectonic/20230325/Region7/full_0_0.1.trace --learned-ap --ap mlnew --ap-threshold 0.620940 --si
15:11:37 SIBLING pid=698073 tid=698073 cpu=14 used=9.8s/10s /home/sxing/project/OS_final_project/changes/0_reproduce/env/bin/python -B -m ta_launch_sim --trace data/tectonic/20230325/Region7/full_0_0.1.trace --learned-ap --ap mlnew --ap-threshold 0.620940 --si
15:11:37 SIBLING pid=698073 tid=698094 cpu=16 used=1.9s/10s /home/sxing/project/OS_final_project/changes/0_reproduce/env/bin/python -B -m ta_launch_sim --trace data/tectonic/20230325/Region7/full_0_0.1.trace --learned-ap --ap mlnew --ap-threshold 0.620940 --si
15:11:47 SIBLING pid=697116 tid=697116 cpu=16 used=9.7s/10s /home/sxing/project/OS_final_project/changes/0_reproduce/env/bin/python -B -m ta_launch_sim --trace data/tectonic/20230325/Region7/full_0_0.1.trace --learned-ap --ap mlnew --ap-threshold 0.620940 --si
15:11:47 SIBLING pid=697116 tid=697119 cpu=12 used=1.9s/10s /home/sxing/project/OS_final_project/changes/0_reproduce/env/bin/python -B -m ta_launch_sim --trace data/tectonic/20230325/Region7/full_0_0.1.trace --learned-ap --ap mlnew --ap-threshold 0.620940 --si
15:11:47 SIBLING pid=698073 tid=698073 cpu=19 used=9.7s/10s /home/sxing/project/OS_final_project/changes/0_reproduce/env/bin/python -B -m ta_launch_sim --trace data/tectonic/20230325/Region7/full_0_0.1.trace --learned-ap --ap mlnew --ap-threshold 0.620940 --si
15:11:47 SIBLING pid=698073 tid=698094 cpu=18 used=1.8s/10s /home/sxing/project/OS_final_project/changes/0_reproduce/env/bin/python -B -m ta_launch_sim --trace data/tectonic/20230325/Region7/full_0_0.1.trace --learned-ap --ap mlnew --ap-threshold 0.620940 --si
15:11:47 SIBLING pid=698684 tid=698684 cpu=16 used=0.8s/10s <editor/agent state> <editor/agent state> --type=fileWatcher 
15:11:47 SIBLING pid=698684 tid=698691 cpu=15 used=1.4s/10s <editor/agent state> <editor/agent state> --type=fileWatcher 
15:11:47 SIBLING pid=698684 tid=698692 cpu=14 used=1.5s/10s <editor/agent state> <editor/agent state> --type=fileWatcher 
15:11:47 SIBLING pid=698684 tid=698694 cpu=18 used=3.7s/10s <editor/agent state> <editor/agent state> --type=fileWatcher 
15:11:47 DIRECT pid=698928 tid=698928 cpu=3 used=2.7s/10s <editor/agent state> --dns-result-order=ipv4first <editor/agent state> --t
15:11:57 SIBLING pid=697116 tid=697116 cpu=15 used=9.7s/10s /home/sxing/project/OS_final_project/changes/0_reproduce/env/bin/python -B -m ta_launch_sim --trace data/tectonic/20230325/Region7/full_0_0.1.trace --learned-ap --ap mlnew --ap-threshold 0.620940 --si
15:11:57 SIBLING pid=697116 tid=697119 cpu=12 used=1.7s/10s /home/sxing/project/OS_final_project/changes/0_reproduce/env/bin/python -B -m ta_launch_sim --trace data/tectonic/20230325/Region7/full_0_0.1.trace --learned-ap --ap mlnew --ap-threshold 0.620940 --si
15:11:57 SIBLING pid=698073 tid=698073 cpu=13 used=9.6s/10s /home/sxing/project/OS_final_project/changes/0_reproduce/env/bin/python -B -m ta_launch_sim --trace data/tectonic/20230325/Region7/full_0_0.1.trace --learned-ap --ap mlnew --ap-threshold 0.620940 --si
15:11:57 SIBLING pid=698073 tid=698094 cpu=16 used=2.0s/10s /home/sxing/project/OS_final_project/changes/0_reproduce/env/bin/python -B -m ta_launch_sim --trace data/tectonic/20230325/Region7/full_0_0.1.trace --learned-ap --ap mlnew --ap-threshold 0.620940 --si
15:11:57 DIRECT pid=698684 tid=698692 cpu=0 used=0.9s/10s <editor/agent state> <editor/agent state> --type=fileWatcher 
15:11:57 DIRECT pid=698928 tid=698928 cpu=6 used=3.7s/10s <editor/agent state> --dns-result-order=ipv4first <editor/agent state> --t
15:11:57 SIBLING pid=698928 tid=698931 cpu=19 used=0.6s/10s <editor/agent state> --dns-result-order=ipv4first <editor/agent state> --t
15:11:57 SIBLING pid=698928 tid=698933 cpu=17 used=0.6s/10s <editor/agent state> --dns-result-order=ipv4first <editor/agent state> --t
15:12:07 SIBLING pid=697116 tid=697116 cpu=17 used=9.5s/10s /home/sxing/project/OS_final_project/changes/0_reproduce/env/bin/python -B -m ta_launch_sim --trace data/tectonic/20230325/Region7/full_0_0.1.trace --learned-ap --ap mlnew --ap-threshold 0.620940 --si
15:12:07 SIBLING pid=697116 tid=697119 cpu=16 used=2.0s/10s /home/sxing/project/OS_final_project/changes/0_reproduce/env/bin/python -B -m ta_launch_sim --trace data/tectonic/20230325/Region7/full_0_0.1.trace --learned-ap --ap mlnew --ap-threshold 0.620940 --si
15:12:07 SIBLING pid=698073 tid=698073 cpu=13 used=9.6s/10s /home/sxing/project/OS_final_project/changes/0_reproduce/env/bin/python -B -m ta_launch_sim --trace data/tectonic/20230325/Region7/full_0_0.1.trace --learned-ap --ap mlnew --ap-threshold 0.620940 --si
15:12:07 SIBLING pid=698073 tid=698094 cpu=16 used=1.9s/10s /home/sxing/project/OS_final_project/changes/0_reproduce/env/bin/python -B -m ta_launch_sim --trace data/tectonic/20230325/Region7/full_0_0.1.trace --learned-ap --ap mlnew --ap-threshold 0.620940 --si
15:12:07 DIRECT pid=698928 tid=698928 cpu=4 used=1.7s/10s <editor/agent state> --dns-result-order=ipv4first <editor/agent state> --t
15:12:07 DIRECT pid=698928 tid=698930 cpu=5 used=0.7s/10s <editor/agent state> --dns-result-order=ipv4first <editor/agent state> --t
15:12:07 DIRECT pid=698928 tid=698931 cpu=0 used=0.7s/10s <editor/agent state> --dns-result-order=ipv4first <editor/agent state> --t
15:12:07 DIRECT pid=698928 tid=698932 cpu=6 used=0.7s/10s <editor/agent state> --dns-result-order=ipv4first <editor/agent state> --t
15:12:07 DIRECT pid=698928 tid=698933 cpu=1 used=0.7s/10s <editor/agent state> --dns-result-order=ipv4first <editor/agent state> --t
15:12:18 SIBLING pid=697116 tid=697116 cpu=12 used=9.6s/10s /home/sxing/project/OS_final_project/changes/0_reproduce/env/bin/python -B -m ta_launch_sim --trace data/tectonic/20230325/Region7/full_0_0.1.trace --learned-ap --ap mlnew --ap-threshold 0.620940 --si
15:12:18 SIBLING pid=697116 tid=697119 cpu=15 used=1.8s/10s /home/sxing/project/OS_final_project/changes/0_reproduce/env/bin/python -B -m ta_launch_sim --trace data/tectonic/20230325/Region7/full_0_0.1.trace --learned-ap --ap mlnew --ap-threshold 0.620940 --si
15:12:18 SIBLING pid=698073 tid=698073 cpu=13 used=9.6s/10s /home/sxing/project/OS_final_project/changes/0_reproduce/env/bin/python -B -m ta_launch_sim --trace data/tectonic/20230325/Region7/full_0_0.1.trace --learned-ap --ap mlnew --ap-threshold 0.620940 --si
15:12:18 SIBLING pid=698073 tid=698094 cpu=16 used=1.8s/10s /home/sxing/project/OS_final_project/changes/0_reproduce/env/bin/python -B -m ta_launch_sim --trace data/tectonic/20230325/Region7/full_0_0.1.trace --learned-ap --ap mlnew --ap-threshold 0.620940 --si
15:12:18 SIBLING pid=698928 tid=698928 cpu=16 used=0.9s/10s <editor/agent state> --dns-result-order=ipv4first <editor/agent state> --t
15:12:18 SIBLING pid=700386 tid=700386 cpu=14 used=3.0s/10s /home/sxing/project/OS_final_project/changes/0_reproduce/env/bin/python -B -m ta_launch_train --exp g1det_Region7_frozen2 --policy PolicyUtilityServiceTimeSize2 --region Region7 --sample-ratio 0.1 --s
15:12:18 SIBLING pid=700386 tid=700410 cpu=15 used=1.1s/10s /home/sxing/project/OS_final_project/changes/0_reproduce/env/bin/python -B -m ta_launch_train --exp g1det_Region7_frozen2 --policy PolicyUtilityServiceTimeSize2 --region Region7 --sample-ratio 0.1 --s
15:12:18 SIBLING pid=700386 tid=700411 cpu=16 used=0.9s/10s /home/sxing/project/OS_final_project/changes/0_reproduce/env/bin/python -B -m ta_launch_train --exp g1det_Region7_frozen2 --policy PolicyUtilityServiceTimeSize2 --region Region7 --sample-ratio 0.1 --s
15:12:18 SIBLING pid=700386 tid=700413 cpu=13 used=0.8s/10s /home/sxing/project/OS_final_project/changes/0_reproduce/env/bin/python -B -m ta_launch_train --exp g1det_Region7_frozen2 --policy PolicyUtilityServiceTimeSize2 --region Region7 --sample-ratio 0.1 --s
15:12:18 SIBLING pid=700386 tid=700414 cpu=19 used=0.8s/10s /home/sxing/project/OS_final_project/changes/0_reproduce/env/bin/python -B -m ta_launch_train --exp g1det_Region7_frozen2 --policy PolicyUtilityServiceTimeSize2 --region Region7 --sample-ratio 0.1 --s
15:12:18 SIBLING pid=700386 tid=700415 cpu=15 used=0.8s/10s /home/sxing/project/OS_final_project/changes/0_reproduce/env/bin/python -B -m ta_launch_train --exp g1det_Region7_frozen2 --policy PolicyUtilityServiceTimeSize2 --region Region7 --sample-ratio 0.1 --s
15:12:18 SIBLING pid=700386 tid=700418 cpu=16 used=0.8s/10s /home/sxing/project/OS_final_project/changes/0_reproduce/env/bin/python -B -m ta_launch_train --exp g1det_Region7_frozen2 --policy PolicyUtilityServiceTimeSize2 --region Region7 --sample-ratio 0.1 --s
15:12:18 SIBLING pid=700386 tid=700420 cpu=15 used=0.8s/10s /home/sxing/project/OS_final_project/changes/0_reproduce/env/bin/python -B -m ta_launch_train --exp g1det_Region7_frozen2 --policy PolicyUtilityServiceTimeSize2 --region Region7 --sample-ratio 0.1 --s
15:12:18 SIBLING pid=700386 tid=700422 cpu=19 used=0.8s/10s /home/sxing/project/OS_final_project/changes/0_reproduce/env/bin/python -B -m ta_launch_train --exp g1det_Region7_frozen2 --policy PolicyUtilityServiceTimeSize2 --region Region7 --sample-ratio 0.1 --s
15:12:18 SIBLING pid=700386 tid=700423 cpu=16 used=0.8s/10s /home/sxing/project/OS_final_project/changes/0_reproduce/env/bin/python -B -m ta_launch_train --exp g1det_Region7_frozen2 --policy PolicyUtilityServiceTimeSize2 --region Region7 --sample-ratio 0.1 --s
15:12:18 SIBLING pid=700386 tid=700424 cpu=16 used=0.8s/10s /home/sxing/project/OS_final_project/changes/0_reproduce/env/bin/python -B -m ta_launch_train --exp g1det_Region7_frozen2 --policy PolicyUtilityServiceTimeSize2 --region Region7 --sample-ratio 0.1 --s
15:12:18 SIBLING pid=700386 tid=700426 cpu=19 used=0.8s/10s /home/sxing/project/OS_final_project/changes/0_reproduce/env/bin/python -B -m ta_launch_train --exp g1det_Region7_frozen2 --policy PolicyUtilityServiceTimeSize2 --region Region7 --sample-ratio 0.1 --s
15:12:18 SIBLING pid=700386 tid=700427 cpu=16 used=0.8s/10s /home/sxing/project/OS_final_project/changes/0_reproduce/env/bin/python -B -m ta_launch_train --exp g1det_Region7_frozen2 --policy PolicyUtilityServiceTimeSize2 --region Region7 --sample-ratio 0.1 --s
15:12:18 SIBLING pid=700386 tid=700428 cpu=13 used=0.8s/10s /home/sxing/project/OS_final_project/changes/0_reproduce/env/bin/python -B -m ta_launch_train --exp g1det_Region7_frozen2 --policy PolicyUtilityServiceTimeSize2 --region Region7 --sample-ratio 0.1 --s
15:12:18 SIBLING pid=700432 tid=700432 cpu=16 used=6.7s/10s <editor/agent state> <editor/agent state> --cancellationReceive=file:f9
15:12:18 DIRECT pid=700432 tid=700434 cpu=2 used=1.0s/10s <editor/agent state> <editor/agent state> --cancellationReceive=file:f9
15:12:18 SIBLING pid=700432 tid=700435 cpu=18 used=1.0s/10s <editor/agent state> <editor/agent state> --cancellationReceive=file:f9
15:12:18 DIRECT pid=700432 tid=700436 cpu=7 used=1.0s/10s <editor/agent state> <editor/agent state> --cancellationReceive=file:f9
15:12:18 SIBLING pid=700432 tid=700437 cpu=12 used=1.1s/10s <editor/agent state> <editor/agent state> --cancellationReceive=file:f9
15:12:28 SIBLING pid=697116 tid=697116 cpu=13 used=9.8s/10s /home/sxing/project/OS_final_project/changes/0_reproduce/env/bin/python -B -m ta_launch_sim --trace data/tectonic/20230325/Region7/full_0_0.1.trace --learned-ap --ap mlnew --ap-threshold 0.620940 --si
15:12:28 SIBLING pid=697116 tid=697119 cpu=14 used=2.0s/10s /home/sxing/project/OS_final_project/changes/0_reproduce/env/bin/python -B -m ta_launch_sim --trace data/tectonic/20230325/Region7/full_0_0.1.trace --learned-ap --ap mlnew --ap-threshold 0.620940 --si
15:12:28 SIBLING pid=698073 tid=698073 cpu=12 used=9.8s/10s /home/sxing/project/OS_final_project/changes/0_reproduce/env/bin/python -B -m ta_launch_sim --trace data/tectonic/20230325/Region7/full_0_0.1.trace --learned-ap --ap mlnew --ap-threshold 0.620940 --si
15:12:28 SIBLING pid=698073 tid=698094 cpu=17 used=2.1s/10s /home/sxing/project/OS_final_project/changes/0_reproduce/env/bin/python -B -m ta_launch_sim --trace data/tectonic/20230325/Region7/full_0_0.1.trace --learned-ap --ap mlnew --ap-threshold 0.620940 --si
15:12:38 SIBLING pid=697116 tid=697116 cpu=12 used=9.8s/10s /home/sxing/project/OS_final_project/changes/0_reproduce/env/bin/python -B -m ta_launch_sim --trace data/tectonic/20230325/Region7/full_0_0.1.trace --learned-ap --ap mlnew --ap-threshold 0.620940 --si
15:12:38 SIBLING pid=697116 tid=697119 cpu=12 used=1.9s/10s /home/sxing/project/OS_final_project/changes/0_reproduce/env/bin/python -B -m ta_launch_sim --trace data/tectonic/20230325/Region7/full_0_0.1.trace --learned-ap --ap mlnew --ap-threshold 0.620940 --si
15:12:38 SIBLING pid=698073 tid=698073 cpu=17 used=9.8s/10s /home/sxing/project/OS_final_project/changes/0_reproduce/env/bin/python -B -m ta_launch_sim --trace data/tectonic/20230325/Region7/full_0_0.1.trace --learned-ap --ap mlnew --ap-threshold 0.620940 --si
15:12:38 SIBLING pid=698073 tid=698094 cpu=17 used=2.0s/10s /home/sxing/project/OS_final_project/changes/0_reproduce/env/bin/python -B -m ta_launch_sim --trace data/tectonic/20230325/Region7/full_0_0.1.trace --learned-ap --ap mlnew --ap-threshold 0.620940 --si
15:12:38 SIBLING pid=698928 tid=698928 cpu=14 used=0.6s/10s <editor/agent state> --dns-result-order=ipv4first <editor/agent state> --t
15:12:38 SIBLING pid=700386 tid=700386 cpu=16 used=3.3s/10s /home/sxing/project/OS_final_project/changes/0_reproduce/env/bin/python -B -m ta_launch_train --exp g1det_Region7_frozen2 --policy PolicyUtilityServiceTimeSize2 --region Region7 --sample-ratio 0.1 --s
15:12:38 SIBLING pid=700386 tid=700412 cpu=17 used=1.1s/10s /home/sxing/project/OS_final_project/changes/0_reproduce/env/bin/python -B -m ta_launch_train --exp g1det_Region7_frozen2 --policy PolicyUtilityServiceTimeSize2 --region Region7 --sample-ratio 0.1 --s
15:12:38 SIBLING pid=700386 tid=700413 cpu=15 used=1.1s/10s /home/sxing/project/OS_final_project/changes/0_reproduce/env/bin/python -B -m ta_launch_train --exp g1det_Region7_frozen2 --policy PolicyUtilityServiceTimeSize2 --region Region7 --sample-ratio 0.1 --s
15:12:38 SIBLING pid=700386 tid=700414 cpu=18 used=1.1s/10s /home/sxing/project/OS_final_project/changes/0_reproduce/env/bin/python -B -m ta_launch_train --exp g1det_Region7_frozen2 --policy PolicyUtilityServiceTimeSize2 --region Region7 --sample-ratio 0.1 --s
15:12:38 SIBLING pid=700386 tid=700415 cpu=19 used=1.1s/10s /home/sxing/project/OS_final_project/changes/0_reproduce/env/bin/python -B -m ta_launch_train --exp g1det_Region7_frozen2 --policy PolicyUtilityServiceTimeSize2 --region Region7 --sample-ratio 0.1 --s
15:12:38 SIBLING pid=700386 tid=700416 cpu=15 used=1.0s/10s /home/sxing/project/OS_final_project/changes/0_reproduce/env/bin/python -B -m ta_launch_train --exp g1det_Region7_frozen2 --policy PolicyUtilityServiceTimeSize2 --region Region7 --sample-ratio 0.1 --s
15:12:38 SIBLING pid=700386 tid=700417 cpu=14 used=1.0s/10s /home/sxing/project/OS_final_project/changes/0_reproduce/env/bin/python -B -m ta_launch_train --exp g1det_Region7_frozen2 --policy PolicyUtilityServiceTimeSize2 --region Region7 --sample-ratio 0.1 --s
15:12:38 SIBLING pid=700386 tid=700418 cpu=13 used=1.0s/10s /home/sxing/project/OS_final_project/changes/0_reproduce/env/bin/python -B -m ta_launch_train --exp g1det_Region7_frozen2 --policy PolicyUtilityServiceTimeSize2 --region Region7 --sample-ratio 0.1 --s
15:12:38 SIBLING pid=700386 tid=700419 cpu=16 used=0.9s/10s /home/sxing/project/OS_final_project/changes/0_reproduce/env/bin/python -B -m ta_launch_train --exp g1det_Region7_frozen2 --policy PolicyUtilityServiceTimeSize2 --region Region7 --sample-ratio 0.1 --s
15:12:38 SIBLING pid=700386 tid=700420 cpu=15 used=0.9s/10s /home/sxing/project/OS_final_project/changes/0_reproduce/env/bin/python -B -m ta_launch_train --exp g1det_Region7_frozen2 --policy PolicyUtilityServiceTimeSize2 --region Region7 --sample-ratio 0.1 --s
15:12:38 SIBLING pid=700386 tid=700421 cpu=19 used=0.9s/10s /home/sxing/project/OS_final_project/changes/0_reproduce/env/bin/python -B -m ta_launch_train --exp g1det_Region7_frozen2 --policy PolicyUtilityServiceTimeSize2 --region Region7 --sample-ratio 0.1 --s
15:12:38 SIBLING pid=700386 tid=700422 cpu=15 used=0.9s/10s /home/sxing/project/OS_final_project/changes/0_reproduce/env/bin/python -B -m ta_launch_train --exp g1det_Region7_frozen2 --policy PolicyUtilityServiceTimeSize2 --region Region7 --sample-ratio 0.1 --s
15:12:38 SIBLING pid=700386 tid=700423 cpu=15 used=1.0s/10s /home/sxing/project/OS_final_project/changes/0_reproduce/env/bin/python -B -m ta_launch_train --exp g1det_Region7_frozen2 --policy PolicyUtilityServiceTimeSize2 --region Region7 --sample-ratio 0.1 --s
15:12:38 SIBLING pid=700386 tid=700424 cpu=13 used=0.9s/10s /home/sxing/project/OS_final_project/changes/0_reproduce/env/bin/python -B -m ta_launch_train --exp g1det_Region7_frozen2 --policy PolicyUtilityServiceTimeSize2 --region Region7 --sample-ratio 0.1 --s
15:12:38 SIBLING pid=700386 tid=700426 cpu=18 used=0.9s/10s /home/sxing/project/OS_final_project/changes/0_reproduce/env/bin/python -B -m ta_launch_train --exp g1det_Region7_frozen2 --policy PolicyUtilityServiceTimeSize2 --region Region7 --sample-ratio 0.1 --s
15:12:38 SIBLING pid=700386 tid=700427 cpu=15 used=0.9s/10s /home/sxing/project/OS_final_project/changes/0_reproduce/env/bin/python -B -m ta_launch_train --exp g1det_Region7_frozen2 --policy PolicyUtilityServiceTimeSize2 --region Region7 --sample-ratio 0.1 --s
15:12:38 SIBLING pid=700386 tid=700428 cpu=14 used=0.9s/10s /home/sxing/project/OS_final_project/changes/0_reproduce/env/bin/python -B -m ta_launch_train --exp g1det_Region7_frozen2 --policy PolicyUtilityServiceTimeSize2 --region Region7 --sample-ratio 0.1 --s
15:12:48 SIBLING pid=697116 tid=697116 cpu=12 used=9.6s/10s /home/sxing/project/OS_final_project/changes/0_reproduce/env/bin/python -B -m ta_launch_sim --trace data/tectonic/20230325/Region7/full_0_0.1.trace --learned-ap --ap mlnew --ap-threshold 0.620940 --si
15:12:48 SIBLING pid=697116 tid=697119 cpu=16 used=1.9s/10s /home/sxing/project/OS_final_project/changes/0_reproduce/env/bin/python -B -m ta_launch_sim --trace data/tectonic/20230325/Region7/full_0_0.1.trace --learned-ap --ap mlnew --ap-threshold 0.620940 --si
15:12:48 SIBLING pid=698073 tid=698073 cpu=15 used=9.7s/10s /home/sxing/project/OS_final_project/changes/0_reproduce/env/bin/python -B -m ta_launch_sim --trace data/tectonic/20230325/Region7/full_0_0.1.trace --learned-ap --ap mlnew --ap-threshold 0.620940 --si
15:12:48 SIBLING pid=698073 tid=698094 cpu=16 used=1.8s/10s /home/sxing/project/OS_final_project/changes/0_reproduce/env/bin/python -B -m ta_launch_sim --trace data/tectonic/20230325/Region7/full_0_0.1.trace --learned-ap --ap mlnew --ap-threshold 0.620940 --si
15:12:48 DIRECT pid=698928 tid=698928 cpu=2 used=1.1s/10s <editor/agent state> --dns-result-order=ipv4first <editor/agent state> --t
15:12:58 SIBLING pid=697116 tid=697116 cpu=14 used=9.8s/10s /home/sxing/project/OS_final_project/changes/0_reproduce/env/bin/python -B -m ta_launch_sim --trace data/tectonic/20230325/Region7/full_0_0.1.trace --learned-ap --ap mlnew --ap-threshold 0.620940 --si
15:12:58 SIBLING pid=697116 tid=697119 cpu=17 used=1.8s/10s /home/sxing/project/OS_final_project/changes/0_reproduce/env/bin/python -B -m ta_launch_sim --trace data/tectonic/20230325/Region7/full_0_0.1.trace --learned-ap --ap mlnew --ap-threshold 0.620940 --si
15:12:58 SIBLING pid=698073 tid=698073 cpu=13 used=9.8s/10s /home/sxing/project/OS_final_project/changes/0_reproduce/env/bin/python -B -m ta_launch_sim --trace data/tectonic/20230325/Region7/full_0_0.1.trace --learned-ap --ap mlnew --ap-threshold 0.620940 --si
15:12:58 SIBLING pid=698073 tid=698094 cpu=15 used=1.8s/10s /home/sxing/project/OS_final_project/changes/0_reproduce/env/bin/python -B -m ta_launch_sim --trace data/tectonic/20230325/Region7/full_0_0.1.trace --learned-ap --ap mlnew --ap-threshold 0.620940 --si
15:12:58 SIBLING pid=698928 tid=698928 cpu=16 used=0.6s/10s <editor/agent state> --dns-result-order=ipv4first <editor/agent state> --t
15:12:58 SIBLING pid=700803 tid=701233 cpu=12 used=1.0s/10s /home/sxing/project/OS_final_project/changes/0_reproduce/env/bin/python -B -m ta_launch_train --exp g1det_Region7_overlay2 --policy PolicyUtilityServiceTimeSize2 --region Region7 --sample-ratio 0.1 --
15:12:58 SIBLING pid=700803 tid=701236 cpu=19 used=0.8s/10s /home/sxing/project/OS_final_project/changes/0_reproduce/env/bin/python -B -m ta_launch_train --exp g1det_Region7_overlay2 --policy PolicyUtilityServiceTimeSize2 --region Region7 --sample-ratio 0.1 --
15:12:58 SIBLING pid=700803 tid=701242 cpu=18 used=0.8s/10s /home/sxing/project/OS_final_project/changes/0_reproduce/env/bin/python -B -m ta_launch_train --exp g1det_Region7_overlay2 --policy PolicyUtilityServiceTimeSize2 --region Region7 --sample-ratio 0.1 --
15:13:08 SIBLING pid=697116 tid=697116 cpu=14 used=9.8s/10s /home/sxing/project/OS_final_project/changes/0_reproduce/env/bin/python -B -m ta_launch_sim --trace data/tectonic/20230325/Region7/full_0_0.1.trace --learned-ap --ap mlnew --ap-threshold 0.620940 --si
15:13:08 SIBLING pid=697116 tid=697119 cpu=17 used=1.8s/10s /home/sxing/project/OS_final_project/changes/0_reproduce/env/bin/python -B -m ta_launch_sim --trace data/tectonic/20230325/Region7/full_0_0.1.trace --learned-ap --ap mlnew --ap-threshold 0.620940 --si
15:13:08 SIBLING pid=698073 tid=698073 cpu=13 used=9.8s/10s /home/sxing/project/OS_final_project/changes/0_reproduce/env/bin/python -B -m ta_launch_sim --trace data/tectonic/20230325/Region7/full_0_0.1.trace --learned-ap --ap mlnew --ap-threshold 0.620940 --si
15:13:08 SIBLING pid=698073 tid=698094 cpu=14 used=1.8s/10s /home/sxing/project/OS_final_project/changes/0_reproduce/env/bin/python -B -m ta_launch_sim --trace data/tectonic/20230325/Region7/full_0_0.1.trace --learned-ap --ap mlnew --ap-threshold 0.620940 --si
15:13:08 SIBLING pid=700803 tid=700803 cpu=18 used=9.2s/10s /home/sxing/project/OS_final_project/changes/0_reproduce/env/bin/python -B -m ta_launch_train --exp g1det_Region7_overlay2 --policy PolicyUtilityServiceTimeSize2 --region Region7 --sample-ratio 0.1 --
15:13:18 SIBLING pid=697116 tid=697116 cpu=15 used=9.8s/10s /home/sxing/project/OS_final_project/changes/0_reproduce/env/bin/python -B -m ta_launch_sim --trace data/tectonic/20230325/Region7/full_0_0.1.trace --learned-ap --ap mlnew --ap-threshold 0.620940 --si
15:13:18 SIBLING pid=697116 tid=697119 cpu=17 used=1.9s/10s /home/sxing/project/OS_final_project/changes/0_reproduce/env/bin/python -B -m ta_launch_sim --trace data/tectonic/20230325/Region7/full_0_0.1.trace --learned-ap --ap mlnew --ap-threshold 0.620940 --si
15:13:18 SIBLING pid=698073 tid=698073 cpu=14 used=9.8s/10s /home/sxing/project/OS_final_project/changes/0_reproduce/env/bin/python -B -m ta_launch_sim --trace data/tectonic/20230325/Region7/full_0_0.1.trace --learned-ap --ap mlnew --ap-threshold 0.620940 --si
15:13:18 SIBLING pid=698073 tid=698094 cpu=16 used=1.8s/10s /home/sxing/project/OS_final_project/changes/0_reproduce/env/bin/python -B -m ta_launch_sim --trace data/tectonic/20230325/Region7/full_0_0.1.trace --learned-ap --ap mlnew --ap-threshold 0.620940 --si
15:13:18 SIBLING pid=700803 tid=700803 cpu=12 used=3.0s/10s /home/sxing/project/OS_final_project/changes/0_reproduce/env/bin/python -B -m ta_launch_train --exp g1det_Region7_overlay2 --policy PolicyUtilityServiceTimeSize2 --region Region7 --sample-ratio 0.1 --
15:13:18 SIBLING pid=700803 tid=701233 cpu=19 used=1.2s/10s /home/sxing/project/OS_final_project/changes/0_reproduce/env/bin/python -B -m ta_launch_train --exp g1det_Region7_overlay2 --policy PolicyUtilityServiceTimeSize2 --region Region7 --sample-ratio 0.1 --
15:13:18 SIBLING pid=700803 tid=701234 cpu=18 used=1.0s/10s /home/sxing/project/OS_final_project/changes/0_reproduce/env/bin/python -B -m ta_launch_train --exp g1det_Region7_overlay2 --policy PolicyUtilityServiceTimeSize2 --region Region7 --sample-ratio 0.1 --
15:13:18 SIBLING pid=700803 tid=701235 cpu=12 used=0.9s/10s /home/sxing/project/OS_final_project/changes/0_reproduce/env/bin/python -B -m ta_launch_train --exp g1det_Region7_overlay2 --policy PolicyUtilityServiceTimeSize2 --region Region7 --sample-ratio 0.1 --
15:13:18 SIBLING pid=700803 tid=701236 cpu=19 used=0.9s/10s /home/sxing/project/OS_final_project/changes/0_reproduce/env/bin/python -B -m ta_launch_train --exp g1det_Region7_overlay2 --policy PolicyUtilityServiceTimeSize2 --region Region7 --sample-ratio 0.1 --
15:13:18 SIBLING pid=700803 tid=701237 cpu=19 used=0.9s/10s /home/sxing/project/OS_final_project/changes/0_reproduce/env/bin/python -B -m ta_launch_train --exp g1det_Region7_overlay2 --policy PolicyUtilityServiceTimeSize2 --region Region7 --sample-ratio 0.1 --
15:13:18 SIBLING pid=700803 tid=701238 cpu=13 used=0.9s/10s /home/sxing/project/OS_final_project/changes/0_reproduce/env/bin/python -B -m ta_launch_train --exp g1det_Region7_overlay2 --policy PolicyUtilityServiceTimeSize2 --region Region7 --sample-ratio 0.1 --
15:13:18 SIBLING pid=700803 tid=701239 cpu=19 used=0.9s/10s /home/sxing/project/OS_final_project/changes/0_reproduce/env/bin/python -B -m ta_launch_train --exp g1det_Region7_overlay2 --policy PolicyUtilityServiceTimeSize2 --region Region7 --sample-ratio 0.1 --
15:13:18 SIBLING pid=700803 tid=701240 cpu=19 used=0.9s/10s /home/sxing/project/OS_final_project/changes/0_reproduce/env/bin/python -B -m ta_launch_train --exp g1det_Region7_overlay2 --policy PolicyUtilityServiceTimeSize2 --region Region7 --sample-ratio 0.1 --
15:13:18 SIBLING pid=700803 tid=701241 cpu=12 used=0.8s/10s /home/sxing/project/OS_final_project/changes/0_reproduce/env/bin/python -B -m ta_launch_train --exp g1det_Region7_overlay2 --policy PolicyUtilityServiceTimeSize2 --region Region7 --sample-ratio 0.1 --
15:13:18 SIBLING pid=700803 tid=701242 cpu=19 used=0.8s/10s /home/sxing/project/OS_final_project/changes/0_reproduce/env/bin/python -B -m ta_launch_train --exp g1det_Region7_overlay2 --policy PolicyUtilityServiceTimeSize2 --region Region7 --sample-ratio 0.1 --
15:13:18 SIBLING pid=700803 tid=701243 cpu=17 used=0.8s/10s /home/sxing/project/OS_final_project/changes/0_reproduce/env/bin/python -B -m ta_launch_train --exp g1det_Region7_overlay2 --policy PolicyUtilityServiceTimeSize2 --region Region7 --sample-ratio 0.1 --
15:13:18 SIBLING pid=700803 tid=701244 cpu=17 used=0.8s/10s /home/sxing/project/OS_final_project/changes/0_reproduce/env/bin/python -B -m ta_launch_train --exp g1det_Region7_overlay2 --policy PolicyUtilityServiceTimeSize2 --region Region7 --sample-ratio 0.1 --
15:13:18 SIBLING pid=700803 tid=701247 cpu=18 used=0.8s/10s /home/sxing/project/OS_final_project/changes/0_reproduce/env/bin/python -B -m ta_launch_train --exp g1det_Region7_overlay2 --policy PolicyUtilityServiceTimeSize2 --region Region7 --sample-ratio 0.1 --
15:13:18 SIBLING pid=700803 tid=701248 cpu=19 used=0.8s/10s /home/sxing/project/OS_final_project/changes/0_reproduce/env/bin/python -B -m ta_launch_train --exp g1det_Region7_overlay2 --policy PolicyUtilityServiceTimeSize2 --region Region7 --sample-ratio 0.1 --
15:13:18 SIBLING pid=700803 tid=701249 cpu=19 used=0.8s/10s /home/sxing/project/OS_final_project/changes/0_reproduce/env/bin/python -B -m ta_launch_train --exp g1det_Region7_overlay2 --policy PolicyUtilityServiceTimeSize2 --region Region7 --sample-ratio 0.1 --
15:13:18 SIBLING pid=700803 tid=701250 cpu=19 used=0.8s/10s /home/sxing/project/OS_final_project/changes/0_reproduce/env/bin/python -B -m ta_launch_train --exp g1det_Region7_overlay2 --policy PolicyUtilityServiceTimeSize2 --region Region7 --sample-ratio 0.1 --
15:13:28 SIBLING pid=697116 tid=697116 cpu=12 used=9.8s/10s /home/sxing/project/OS_final_project/changes/0_reproduce/env/bin/python -B -m ta_launch_sim --trace data/tectonic/20230325/Region7/full_0_0.1.trace --learned-ap --ap mlnew --ap-threshold 0.620940 --si
15:13:28 SIBLING pid=697116 tid=697119 cpu=17 used=2.0s/10s /home/sxing/project/OS_final_project/changes/0_reproduce/env/bin/python -B -m ta_launch_sim --trace data/tectonic/20230325/Region7/full_0_0.1.trace --learned-ap --ap mlnew --ap-threshold 0.620940 --si
15:13:28 SIBLING pid=698073 tid=698073 cpu=13 used=9.7s/10s /home/sxing/project/OS_final_project/changes/0_reproduce/env/bin/python -B -m ta_launch_sim --trace data/tectonic/20230325/Region7/full_0_0.1.trace --learned-ap --ap mlnew --ap-threshold 0.620940 --si
15:13:28 SIBLING pid=698073 tid=698094 cpu=14 used=1.9s/10s /home/sxing/project/OS_final_project/changes/0_reproduce/env/bin/python -B -m ta_launch_sim --trace data/tectonic/20230325/Region7/full_0_0.1.trace --learned-ap --ap mlnew --ap-threshold 0.620940 --si
15:13:38 SIBLING pid=697116 tid=697116 cpu=12 used=9.8s/10s /home/sxing/project/OS_final_project/changes/0_reproduce/env/bin/python -B -m ta_launch_sim --trace data/tectonic/20230325/Region7/full_0_0.1.trace --learned-ap --ap mlnew --ap-threshold 0.620940 --si
15:13:38 SIBLING pid=697116 tid=697119 cpu=13 used=1.8s/10s /home/sxing/project/OS_final_project/changes/0_reproduce/env/bin/python -B -m ta_launch_sim --trace data/tectonic/20230325/Region7/full_0_0.1.trace --learned-ap --ap mlnew --ap-threshold 0.620940 --si
15:13:38 SIBLING pid=698073 tid=698073 cpu=16 used=9.8s/10s /home/sxing/project/OS_final_project/changes/0_reproduce/env/bin/python -B -m ta_launch_sim --trace data/tectonic/20230325/Region7/full_0_0.1.trace --learned-ap --ap mlnew --ap-threshold 0.620940 --si
15:13:38 SIBLING pid=698073 tid=698094 cpu=15 used=1.9s/10s /home/sxing/project/OS_final_project/changes/0_reproduce/env/bin/python -B -m ta_launch_sim --trace data/tectonic/20230325/Region7/full_0_0.1.trace --learned-ap --ap mlnew --ap-threshold 0.620940 --si
15:13:48 SIBLING pid=697116 tid=697116 cpu=13 used=9.8s/10s /home/sxing/project/OS_final_project/changes/0_reproduce/env/bin/python -B -m ta_launch_sim --trace data/tectonic/20230325/Region7/full_0_0.1.trace --learned-ap --ap mlnew --ap-threshold 0.620940 --si
15:13:48 SIBLING pid=697116 tid=697119 cpu=15 used=2.0s/10s /home/sxing/project/OS_final_project/changes/0_reproduce/env/bin/python -B -m ta_launch_sim --trace data/tectonic/20230325/Region7/full_0_0.1.trace --learned-ap --ap mlnew --ap-threshold 0.620940 --si
15:13:48 SIBLING pid=698073 tid=698073 cpu=12 used=9.8s/10s /home/sxing/project/OS_final_project/changes/0_reproduce/env/bin/python -B -m ta_launch_sim --trace data/tectonic/20230325/Region7/full_0_0.1.trace --learned-ap --ap mlnew --ap-threshold 0.620940 --si
15:13:48 SIBLING pid=698073 tid=698094 cpu=14 used=1.9s/10s /home/sxing/project/OS_final_project/changes/0_reproduce/env/bin/python -B -m ta_launch_sim --trace data/tectonic/20230325/Region7/full_0_0.1.trace --learned-ap --ap mlnew --ap-threshold 0.620940 --si
15:13:58 SIBLING pid=697116 tid=697116 cpu=13 used=9.7s/10s /home/sxing/project/OS_final_project/changes/0_reproduce/env/bin/python -B -m ta_launch_sim --trace data/tectonic/20230325/Region7/full_0_0.1.trace --learned-ap --ap mlnew --ap-threshold 0.620940 --si
15:13:58 SIBLING pid=697116 tid=697119 cpu=15 used=2.1s/10s /home/sxing/project/OS_final_project/changes/0_reproduce/env/bin/python -B -m ta_launch_sim --trace data/tectonic/20230325/Region7/full_0_0.1.trace --learned-ap --ap mlnew --ap-threshold 0.620940 --si
15:13:58 SIBLING pid=698073 tid=698073 cpu=12 used=9.8s/10s /home/sxing/project/OS_final_project/changes/0_reproduce/env/bin/python -B -m ta_launch_sim --trace data/tectonic/20230325/Region7/full_0_0.1.trace --learned-ap --ap mlnew --ap-threshold 0.620940 --si
15:13:58 SIBLING pid=698073 tid=698094 cpu=14 used=1.9s/10s /home/sxing/project/OS_final_project/changes/0_reproduce/env/bin/python -B -m ta_launch_sim --trace data/tectonic/20230325/Region7/full_0_0.1.trace --learned-ap --ap mlnew --ap-threshold 0.620940 --si
15:14:08 SIBLING pid=697116 tid=697116 cpu=15 used=9.8s/10s /home/sxing/project/OS_final_project/changes/0_reproduce/env/bin/python -B -m ta_launch_sim --trace data/tectonic/20230325/Region7/full_0_0.1.trace --learned-ap --ap mlnew --ap-threshold 0.620940 --si
15:14:08 SIBLING pid=697116 tid=697119 cpu=12 used=1.9s/10s /home/sxing/project/OS_final_project/changes/0_reproduce/env/bin/python -B -m ta_launch_sim --trace data/tectonic/20230325/Region7/full_0_0.1.trace --learned-ap --ap mlnew --ap-threshold 0.620940 --si
15:14:08 SIBLING pid=698073 tid=698073 cpu=13 used=9.9s/10s /home/sxing/project/OS_final_project/changes/0_reproduce/env/bin/python -B -m ta_launch_sim --trace data/tectonic/20230325/Region7/full_0_0.1.trace --learned-ap --ap mlnew --ap-threshold 0.620940 --si
15:14:08 SIBLING pid=698073 tid=698094 cpu=16 used=1.8s/10s /home/sxing/project/OS_final_project/changes/0_reproduce/env/bin/python -B -m ta_launch_sim --trace data/tectonic/20230325/Region7/full_0_0.1.trace --learned-ap --ap mlnew --ap-threshold 0.620940 --si
15:14:18 SIBLING pid=697116 tid=697116 cpu=13 used=9.8s/10s /home/sxing/project/OS_final_project/changes/0_reproduce/env/bin/python -B -m ta_launch_sim --trace data/tectonic/20230325/Region7/full_0_0.1.trace --learned-ap --ap mlnew --ap-threshold 0.620940 --si
15:14:18 SIBLING pid=697116 tid=697119 cpu=12 used=1.9s/10s /home/sxing/project/OS_final_project/changes/0_reproduce/env/bin/python -B -m ta_launch_sim --trace data/tectonic/20230325/Region7/full_0_0.1.trace --learned-ap --ap mlnew --ap-threshold 0.620940 --si
15:14:18 SIBLING pid=698073 tid=698073 cpu=16 used=9.9s/10s /home/sxing/project/OS_final_project/changes/0_reproduce/env/bin/python -B -m ta_launch_sim --trace data/tectonic/20230325/Region7/full_0_0.1.trace --learned-ap --ap mlnew --ap-threshold 0.620940 --si
15:14:18 SIBLING pid=698073 tid=698094 cpu=14 used=1.9s/10s /home/sxing/project/OS_final_project/changes/0_reproduce/env/bin/python -B -m ta_launch_sim --trace data/tectonic/20230325/Region7/full_0_0.1.trace --learned-ap --ap mlnew --ap-threshold 0.620940 --si
15:14:28 SIBLING pid=697116 tid=697116 cpu=14 used=9.8s/10s /home/sxing/project/OS_final_project/changes/0_reproduce/env/bin/python -B -m ta_launch_sim --trace data/tectonic/20230325/Region7/full_0_0.1.trace --learned-ap --ap mlnew --ap-threshold 0.620940 --si
15:14:28 SIBLING pid=697116 tid=697119 cpu=13 used=1.9s/10s /home/sxing/project/OS_final_project/changes/0_reproduce/env/bin/python -B -m ta_launch_sim --trace data/tectonic/20230325/Region7/full_0_0.1.trace --learned-ap --ap mlnew --ap-threshold 0.620940 --si
15:14:28 SIBLING pid=698073 tid=698073 cpu=12 used=9.8s/10s /home/sxing/project/OS_final_project/changes/0_reproduce/env/bin/python -B -m ta_launch_sim --trace data/tectonic/20230325/Region7/full_0_0.1.trace --learned-ap --ap mlnew --ap-threshold 0.620940 --si
15:14:28 SIBLING pid=698073 tid=698094 cpu=16 used=1.9s/10s /home/sxing/project/OS_final_project/changes/0_reproduce/env/bin/python -B -m ta_launch_sim --trace data/tectonic/20230325/Region7/full_0_0.1.trace --learned-ap --ap mlnew --ap-threshold 0.620940 --si
15:14:38 SIBLING pid=697116 tid=697116 cpu=13 used=9.7s/10s /home/sxing/project/OS_final_project/changes/0_reproduce/env/bin/python -B -m ta_launch_sim --trace data/tectonic/20230325/Region7/full_0_0.1.trace --learned-ap --ap mlnew --ap-threshold 0.620940 --si
15:14:38 SIBLING pid=697116 tid=697119 cpu=12 used=1.6s/10s /home/sxing/project/OS_final_project/changes/0_reproduce/env/bin/python -B -m ta_launch_sim --trace data/tectonic/20230325/Region7/full_0_0.1.trace --learned-ap --ap mlnew --ap-threshold 0.620940 --si
15:14:38 SIBLING pid=698073 tid=698073 cpu=15 used=9.7s/10s /home/sxing/project/OS_final_project/changes/0_reproduce/env/bin/python -B -m ta_launch_sim --trace data/tectonic/20230325/Region7/full_0_0.1.trace --learned-ap --ap mlnew --ap-threshold 0.620940 --si
15:14:38 SIBLING pid=698073 tid=698094 cpu=16 used=2.0s/10s /home/sxing/project/OS_final_project/changes/0_reproduce/env/bin/python -B -m ta_launch_sim --trace data/tectonic/20230325/Region7/full_0_0.1.trace --learned-ap --ap mlnew --ap-threshold 0.620940 --si
15:14:48 SIBLING pid=698073 tid=698073 cpu=13 used=9.8s/10s /home/sxing/project/OS_final_project/changes/0_reproduce/env/bin/python -B -m ta_launch_sim --trace data/tectonic/20230325/Region7/full_0_0.1.trace --learned-ap --ap mlnew --ap-threshold 0.620940 --si
15:14:48 SIBLING pid=698073 tid=698094 cpu=12 used=1.9s/10s /home/sxing/project/OS_final_project/changes/0_reproduce/env/bin/python -B -m ta_launch_sim --trace data/tectonic/20230325/Region7/full_0_0.1.trace --learned-ap --ap mlnew --ap-threshold 0.620940 --si
15:14:48 SIBLING pid=700863 tid=700863 cpu=14 used=0.5s/10s <editor/agent state> --output-format stream-json --verbose --input-format stream-json --max-thinking-tokens 3199
15:14:48 SIBLING pid=702738 tid=702738 cpu=15 used=5.1s/10s /home/sxing/project/OS_final_project/changes/0_reproduce/env/bin/python -B -m ta_launch_train --exp g1det_Region6_frozen1 --policy PolicyUtilityServiceTimeSize2 --region Region6 --sample-ratio 0.1 --s
15:14:48 SIBLING pid=702738 tid=702769 cpu=12 used=1.1s/10s /home/sxing/project/OS_final_project/changes/0_reproduce/env/bin/python -B -m ta_launch_train --exp g1det_Region6_frozen1 --policy PolicyUtilityServiceTimeSize2 --region Region6 --sample-ratio 0.1 --s
15:14:48 SIBLING pid=702738 tid=702770 cpu=18 used=0.9s/10s /home/sxing/project/OS_final_project/changes/0_reproduce/env/bin/python -B -m ta_launch_train --exp g1det_Region6_frozen1 --policy PolicyUtilityServiceTimeSize2 --region Region6 --sample-ratio 0.1 --s
15:14:48 SIBLING pid=702738 tid=702771 cpu=12 used=0.9s/10s /home/sxing/project/OS_final_project/changes/0_reproduce/env/bin/python -B -m ta_launch_train --exp g1det_Region6_frozen1 --policy PolicyUtilityServiceTimeSize2 --region Region6 --sample-ratio 0.1 --s
15:14:48 SIBLING pid=702738 tid=702772 cpu=14 used=0.8s/10s /home/sxing/project/OS_final_project/changes/0_reproduce/env/bin/python -B -m ta_launch_train --exp g1det_Region6_frozen1 --policy PolicyUtilityServiceTimeSize2 --region Region6 --sample-ratio 0.1 --s
15:14:48 SIBLING pid=702738 tid=702773 cpu=15 used=0.8s/10s /home/sxing/project/OS_final_project/changes/0_reproduce/env/bin/python -B -m ta_launch_train --exp g1det_Region6_frozen1 --policy PolicyUtilityServiceTimeSize2 --region Region6 --sample-ratio 0.1 --s
15:14:48 SIBLING pid=702738 tid=702775 cpu=17 used=0.8s/10s /home/sxing/project/OS_final_project/changes/0_reproduce/env/bin/python -B -m ta_launch_train --exp g1det_Region6_frozen1 --policy PolicyUtilityServiceTimeSize2 --region Region6 --sample-ratio 0.1 --s
15:14:48 SIBLING pid=702738 tid=702776 cpu=19 used=0.8s/10s /home/sxing/project/OS_final_project/changes/0_reproduce/env/bin/python -B -m ta_launch_train --exp g1det_Region6_frozen1 --policy PolicyUtilityServiceTimeSize2 --region Region6 --sample-ratio 0.1 --s
15:14:48 SIBLING pid=702738 tid=702778 cpu=15 used=0.8s/10s /home/sxing/project/OS_final_project/changes/0_reproduce/env/bin/python -B -m ta_launch_train --exp g1det_Region6_frozen1 --policy PolicyUtilityServiceTimeSize2 --region Region6 --sample-ratio 0.1 --s
15:14:48 SIBLING pid=702738 tid=702779 cpu=15 used=0.8s/10s /home/sxing/project/OS_final_project/changes/0_reproduce/env/bin/python -B -m ta_launch_train --exp g1det_Region6_frozen1 --policy PolicyUtilityServiceTimeSize2 --region Region6 --sample-ratio 0.1 --s
15:14:48 SIBLING pid=702738 tid=702780 cpu=16 used=0.8s/10s /home/sxing/project/OS_final_project/changes/0_reproduce/env/bin/python -B -m ta_launch_train --exp g1det_Region6_frozen1 --policy PolicyUtilityServiceTimeSize2 --region Region6 --sample-ratio 0.1 --s
15:14:48 SIBLING pid=702738 tid=702781 cpu=12 used=0.8s/10s /home/sxing/project/OS_final_project/changes/0_reproduce/env/bin/python -B -m ta_launch_train --exp g1det_Region6_frozen1 --policy PolicyUtilityServiceTimeSize2 --region Region6 --sample-ratio 0.1 --s
15:14:48 SIBLING pid=702738 tid=702782 cpu=14 used=0.8s/10s /home/sxing/project/OS_final_project/changes/0_reproduce/env/bin/python -B -m ta_launch_train --exp g1det_Region6_frozen1 --policy PolicyUtilityServiceTimeSize2 --region Region6 --sample-ratio 0.1 --s
15:14:48 SIBLING pid=702738 tid=702783 cpu=17 used=0.8s/10s /home/sxing/project/OS_final_project/changes/0_reproduce/env/bin/python -B -m ta_launch_train --exp g1det_Region6_frozen1 --policy PolicyUtilityServiceTimeSize2 --region Region6 --sample-ratio 0.1 --s
15:14:48 SIBLING pid=702738 tid=702784 cpu=19 used=0.8s/10s /home/sxing/project/OS_final_project/changes/0_reproduce/env/bin/python -B -m ta_launch_train --exp g1det_Region6_frozen1 --policy PolicyUtilityServiceTimeSize2 --region Region6 --sample-ratio 0.1 --s
15:14:58 SIBLING pid=698073 tid=698073 cpu=13 used=9.8s/10s /home/sxing/project/OS_final_project/changes/0_reproduce/env/bin/python -B -m ta_launch_sim --trace data/tectonic/20230325/Region7/full_0_0.1.trace --learned-ap --ap mlnew --ap-threshold 0.620940 --si
15:14:58 SIBLING pid=698073 tid=698094 cpu=17 used=1.9s/10s /home/sxing/project/OS_final_project/changes/0_reproduce/env/bin/python -B -m ta_launch_sim --trace data/tectonic/20230325/Region7/full_0_0.1.trace --learned-ap --ap mlnew --ap-threshold 0.620940 --si
15:14:58 SIBLING pid=702738 tid=702769 cpu=19 used=0.8s/10s /home/sxing/project/OS_final_project/changes/0_reproduce/env/bin/python -B -m ta_launch_train --exp g1det_Region6_frozen1 --policy PolicyUtilityServiceTimeSize2 --region Region6 --sample-ratio 0.1 --s
15:14:58 SIBLING pid=702738 tid=702772 cpu=17 used=0.6s/10s /home/sxing/project/OS_final_project/changes/0_reproduce/env/bin/python -B -m ta_launch_train --exp g1det_Region6_frozen1 --policy PolicyUtilityServiceTimeSize2 --region Region6 --sample-ratio 0.1 --s
15:14:58 SIBLING pid=702738 tid=702781 cpu=19 used=0.6s/10s /home/sxing/project/OS_final_project/changes/0_reproduce/env/bin/python -B -m ta_launch_train --exp g1det_Region6_frozen1 --policy PolicyUtilityServiceTimeSize2 --region Region6 --sample-ratio 0.1 --s
15:14:58 SIBLING pid=702738 tid=702782 cpu=19 used=0.6s/10s /home/sxing/project/OS_final_project/changes/0_reproduce/env/bin/python -B -m ta_launch_train --exp g1det_Region6_frozen1 --policy PolicyUtilityServiceTimeSize2 --region Region6 --sample-ratio 0.1 --s
15:14:58 SIBLING pid=702738 tid=702783 cpu=18 used=0.5s/10s /home/sxing/project/OS_final_project/changes/0_reproduce/env/bin/python -B -m ta_launch_train --exp g1det_Region6_frozen1 --policy PolicyUtilityServiceTimeSize2 --region Region6 --sample-ratio 0.1 --s
15:14:58 SIBLING pid=702738 tid=702785 cpu=19 used=0.5s/10s /home/sxing/project/OS_final_project/changes/0_reproduce/env/bin/python -B -m ta_launch_train --exp g1det_Region6_frozen1 --policy PolicyUtilityServiceTimeSize2 --region Region6 --sample-ratio 0.1 --s
15:14:58 SIBLING pid=702738 tid=702786 cpu=19 used=0.5s/10s /home/sxing/project/OS_final_project/changes/0_reproduce/env/bin/python -B -m ta_launch_train --exp g1det_Region6_frozen1 --policy PolicyUtilityServiceTimeSize2 --region Region6 --sample-ratio 0.1 --s
15:15:08 SIBLING pid=698073 tid=698073 cpu=15 used=9.7s/10s /home/sxing/project/OS_final_project/changes/0_reproduce/env/bin/python -B -m ta_launch_sim --trace data/tectonic/20230325/Region7/full_0_0.1.trace --learned-ap --ap mlnew --ap-threshold 0.620940 --si
15:15:08 SIBLING pid=698073 tid=698094 cpu=13 used=1.9s/10s /home/sxing/project/OS_final_project/changes/0_reproduce/env/bin/python -B -m ta_launch_sim --trace data/tectonic/20230325/Region7/full_0_0.1.trace --learned-ap --ap mlnew --ap-threshold 0.620940 --si
15:15:18 SIBLING pid=698073 tid=698073 cpu=12 used=9.8s/10s /home/sxing/project/OS_final_project/changes/0_reproduce/env/bin/python -B -m ta_launch_sim --trace data/tectonic/20230325/Region7/full_0_0.1.trace --learned-ap --ap mlnew --ap-threshold 0.620940 --si
15:15:18 SIBLING pid=698073 tid=698094 cpu=17 used=1.9s/10s /home/sxing/project/OS_final_project/changes/0_reproduce/env/bin/python -B -m ta_launch_sim --trace data/tectonic/20230325/Region7/full_0_0.1.trace --learned-ap --ap mlnew --ap-threshold 0.620940 --si
15:15:18 SIBLING pid=703299 tid=703299 cpu=13 used=9.8s/10s /home/sxing/project/OS_final_project/changes/0_reproduce/env/bin/python -B -m ta_launch_sim --trace data/tectonic/20230325/Region6/full_0_0.1.trace --learned-ap --ap mlnew --ap-threshold 0.806378 --si
15:15:18 SIBLING pid=703299 tid=703303 cpu=15 used=1.9s/10s /home/sxing/project/OS_final_project/changes/0_reproduce/env/bin/python -B -m ta_launch_sim --trace data/tectonic/20230325/Region6/full_0_0.1.trace --learned-ap --ap mlnew --ap-threshold 0.806378 --si
15:15:28 SIBLING pid=698073 tid=698073 cpu=13 used=9.8s/10s /home/sxing/project/OS_final_project/changes/0_reproduce/env/bin/python -B -m ta_launch_sim --trace data/tectonic/20230325/Region7/full_0_0.1.trace --learned-ap --ap mlnew --ap-threshold 0.620940 --si
15:15:28 SIBLING pid=698073 tid=698094 cpu=12 used=1.9s/10s /home/sxing/project/OS_final_project/changes/0_reproduce/env/bin/python -B -m ta_launch_sim --trace data/tectonic/20230325/Region7/full_0_0.1.trace --learned-ap --ap mlnew --ap-threshold 0.620940 --si
15:15:28 SIBLING pid=703299 tid=703299 cpu=14 used=9.9s/10s /home/sxing/project/OS_final_project/changes/0_reproduce/env/bin/python -B -m ta_launch_sim --trace data/tectonic/20230325/Region6/full_0_0.1.trace --learned-ap --ap mlnew --ap-threshold 0.806378 --si
15:15:28 SIBLING pid=703299 tid=703303 cpu=16 used=1.6s/10s /home/sxing/project/OS_final_project/changes/0_reproduce/env/bin/python -B -m ta_launch_sim --trace data/tectonic/20230325/Region6/full_0_0.1.trace --learned-ap --ap mlnew --ap-threshold 0.806378 --si
15:15:38 SIBLING pid=698073 tid=698073 cpu=15 used=9.8s/10s /home/sxing/project/OS_final_project/changes/0_reproduce/env/bin/python -B -m ta_launch_sim --trace data/tectonic/20230325/Region7/full_0_0.1.trace --learned-ap --ap mlnew --ap-threshold 0.620940 --si
15:15:38 SIBLING pid=698073 tid=698094 cpu=16 used=2.1s/10s /home/sxing/project/OS_final_project/changes/0_reproduce/env/bin/python -B -m ta_launch_sim --trace data/tectonic/20230325/Region7/full_0_0.1.trace --learned-ap --ap mlnew --ap-threshold 0.620940 --si
15:15:38 SIBLING pid=703299 tid=703299 cpu=14 used=9.8s/10s /home/sxing/project/OS_final_project/changes/0_reproduce/env/bin/python -B -m ta_launch_sim --trace data/tectonic/20230325/Region6/full_0_0.1.trace --learned-ap --ap mlnew --ap-threshold 0.806378 --si
15:15:38 SIBLING pid=703299 tid=703303 cpu=12 used=1.7s/10s /home/sxing/project/OS_final_project/changes/0_reproduce/env/bin/python -B -m ta_launch_sim --trace data/tectonic/20230325/Region6/full_0_0.1.trace --learned-ap --ap mlnew --ap-threshold 0.806378 --si
15:15:48 SIBLING pid=698073 tid=698073 cpu=15 used=9.9s/10s /home/sxing/project/OS_final_project/changes/0_reproduce/env/bin/python -B -m ta_launch_sim --trace data/tectonic/20230325/Region7/full_0_0.1.trace --learned-ap --ap mlnew --ap-threshold 0.620940 --si
15:15:48 SIBLING pid=698073 tid=698094 cpu=12 used=1.8s/10s /home/sxing/project/OS_final_project/changes/0_reproduce/env/bin/python -B -m ta_launch_sim --trace data/tectonic/20230325/Region7/full_0_0.1.trace --learned-ap --ap mlnew --ap-threshold 0.620940 --si
15:15:48 SIBLING pid=703299 tid=703299 cpu=14 used=9.9s/10s /home/sxing/project/OS_final_project/changes/0_reproduce/env/bin/python -B -m ta_launch_sim --trace data/tectonic/20230325/Region6/full_0_0.1.trace --learned-ap --ap mlnew --ap-threshold 0.806378 --si
15:15:48 SIBLING pid=703299 tid=703303 cpu=16 used=1.5s/10s /home/sxing/project/OS_final_project/changes/0_reproduce/env/bin/python -B -m ta_launch_sim --trace data/tectonic/20230325/Region6/full_0_0.1.trace --learned-ap --ap mlnew --ap-threshold 0.806378 --si
15:15:58 SIBLING pid=698073 tid=698073 cpu=15 used=9.9s/10s /home/sxing/project/OS_final_project/changes/0_reproduce/env/bin/python -B -m ta_launch_sim --trace data/tectonic/20230325/Region7/full_0_0.1.trace --learned-ap --ap mlnew --ap-threshold 0.620940 --si
15:15:58 SIBLING pid=698073 tid=698094 cpu=12 used=1.9s/10s /home/sxing/project/OS_final_project/changes/0_reproduce/env/bin/python -B -m ta_launch_sim --trace data/tectonic/20230325/Region7/full_0_0.1.trace --learned-ap --ap mlnew --ap-threshold 0.620940 --si
15:15:58 SIBLING pid=703299 tid=703299 cpu=13 used=9.9s/10s /home/sxing/project/OS_final_project/changes/0_reproduce/env/bin/python -B -m ta_launch_sim --trace data/tectonic/20230325/Region6/full_0_0.1.trace --learned-ap --ap mlnew --ap-threshold 0.806378 --si
15:15:58 SIBLING pid=703299 tid=703303 cpu=17 used=1.6s/10s /home/sxing/project/OS_final_project/changes/0_reproduce/env/bin/python -B -m ta_launch_sim --trace data/tectonic/20230325/Region6/full_0_0.1.trace --learned-ap --ap mlnew --ap-threshold 0.806378 --si
15:16:08 SIBLING pid=698073 tid=698073 cpu=14 used=9.8s/10s /home/sxing/project/OS_final_project/changes/0_reproduce/env/bin/python -B -m ta_launch_sim --trace data/tectonic/20230325/Region7/full_0_0.1.trace --learned-ap --ap mlnew --ap-threshold 0.620940 --si
15:16:08 SIBLING pid=698073 tid=698094 cpu=17 used=2.0s/10s /home/sxing/project/OS_final_project/changes/0_reproduce/env/bin/python -B -m ta_launch_sim --trace data/tectonic/20230325/Region7/full_0_0.1.trace --learned-ap --ap mlnew --ap-threshold 0.620940 --si
15:16:08 SIBLING pid=703299 tid=703299 cpu=13 used=9.8s/10s /home/sxing/project/OS_final_project/changes/0_reproduce/env/bin/python -B -m ta_launch_sim --trace data/tectonic/20230325/Region6/full_0_0.1.trace --learned-ap --ap mlnew --ap-threshold 0.806378 --si
15:16:08 SIBLING pid=703299 tid=703303 cpu=15 used=1.6s/10s /home/sxing/project/OS_final_project/changes/0_reproduce/env/bin/python -B -m ta_launch_sim --trace data/tectonic/20230325/Region6/full_0_0.1.trace --learned-ap --ap mlnew --ap-threshold 0.806378 --si
15:16:18 SIBLING pid=698073 tid=698073 cpu=15 used=9.9s/10s /home/sxing/project/OS_final_project/changes/0_reproduce/env/bin/python -B -m ta_launch_sim --trace data/tectonic/20230325/Region7/full_0_0.1.trace --learned-ap --ap mlnew --ap-threshold 0.620940 --si
15:16:18 SIBLING pid=698073 tid=698094 cpu=12 used=1.8s/10s /home/sxing/project/OS_final_project/changes/0_reproduce/env/bin/python -B -m ta_launch_sim --trace data/tectonic/20230325/Region7/full_0_0.1.trace --learned-ap --ap mlnew --ap-threshold 0.620940 --si
15:16:18 SIBLING pid=703299 tid=703299 cpu=14 used=9.9s/10s /home/sxing/project/OS_final_project/changes/0_reproduce/env/bin/python -B -m ta_launch_sim --trace data/tectonic/20230325/Region6/full_0_0.1.trace --learned-ap --ap mlnew --ap-threshold 0.806378 --si
15:16:18 SIBLING pid=703299 tid=703303 cpu=13 used=1.6s/10s /home/sxing/project/OS_final_project/changes/0_reproduce/env/bin/python -B -m ta_launch_sim --trace data/tectonic/20230325/Region6/full_0_0.1.trace --learned-ap --ap mlnew --ap-threshold 0.806378 --si
15:16:28 SIBLING pid=698073 tid=698073 cpu=13 used=9.8s/10s /home/sxing/project/OS_final_project/changes/0_reproduce/env/bin/python -B -m ta_launch_sim --trace data/tectonic/20230325/Region7/full_0_0.1.trace --learned-ap --ap mlnew --ap-threshold 0.620940 --si
15:16:28 SIBLING pid=698073 tid=698094 cpu=15 used=1.9s/10s /home/sxing/project/OS_final_project/changes/0_reproduce/env/bin/python -B -m ta_launch_sim --trace data/tectonic/20230325/Region7/full_0_0.1.trace --learned-ap --ap mlnew --ap-threshold 0.620940 --si
15:16:28 SIBLING pid=703299 tid=703299 cpu=12 used=9.8s/10s /home/sxing/project/OS_final_project/changes/0_reproduce/env/bin/python -B -m ta_launch_sim --trace data/tectonic/20230325/Region6/full_0_0.1.trace --learned-ap --ap mlnew --ap-threshold 0.806378 --si
15:16:28 SIBLING pid=703299 tid=703303 cpu=19 used=1.5s/10s /home/sxing/project/OS_final_project/changes/0_reproduce/env/bin/python -B -m ta_launch_sim --trace data/tectonic/20230325/Region6/full_0_0.1.trace --learned-ap --ap mlnew --ap-threshold 0.806378 --si
15:16:38 SIBLING pid=698073 tid=698073 cpu=14 used=9.8s/10s /home/sxing/project/OS_final_project/changes/0_reproduce/env/bin/python -B -m ta_launch_sim --trace data/tectonic/20230325/Region7/full_0_0.1.trace --learned-ap --ap mlnew --ap-threshold 0.620940 --si
15:16:38 SIBLING pid=698073 tid=698094 cpu=13 used=1.9s/10s /home/sxing/project/OS_final_project/changes/0_reproduce/env/bin/python -B -m ta_launch_sim --trace data/tectonic/20230325/Region7/full_0_0.1.trace --learned-ap --ap mlnew --ap-threshold 0.620940 --si
15:16:38 SIBLING pid=703299 tid=703299 cpu=15 used=9.8s/10s /home/sxing/project/OS_final_project/changes/0_reproduce/env/bin/python -B -m ta_launch_sim --trace data/tectonic/20230325/Region6/full_0_0.1.trace --learned-ap --ap mlnew --ap-threshold 0.806378 --si
15:16:38 SIBLING pid=703299 tid=703303 cpu=16 used=1.6s/10s /home/sxing/project/OS_final_project/changes/0_reproduce/env/bin/python -B -m ta_launch_sim --trace data/tectonic/20230325/Region6/full_0_0.1.trace --learned-ap --ap mlnew --ap-threshold 0.806378 --si
15:16:38 SIBLING pid=703956 tid=703956 cpu=12 used=5.0s/10s /home/sxing/project/OS_final_project/changes/0_reproduce/env/bin/python -B -m ta_launch_train --exp g1det_Region6_overlay1 --policy PolicyUtilityServiceTimeSize2 --region Region6 --sample-ratio 0.1 --
15:16:48 SIBLING pid=698073 tid=698073 cpu=13 used=9.8s/10s /home/sxing/project/OS_final_project/changes/0_reproduce/env/bin/python -B -m ta_launch_sim --trace data/tectonic/20230325/Region7/full_0_0.1.trace --learned-ap --ap mlnew --ap-threshold 0.620940 --si
15:16:48 SIBLING pid=698073 tid=698094 cpu=15 used=1.8s/10s /home/sxing/project/OS_final_project/changes/0_reproduce/env/bin/python -B -m ta_launch_sim --trace data/tectonic/20230325/Region7/full_0_0.1.trace --learned-ap --ap mlnew --ap-threshold 0.620940 --si
15:16:48 SIBLING pid=703299 tid=703299 cpu=12 used=9.9s/10s /home/sxing/project/OS_final_project/changes/0_reproduce/env/bin/python -B -m ta_launch_sim --trace data/tectonic/20230325/Region6/full_0_0.1.trace --learned-ap --ap mlnew --ap-threshold 0.806378 --si
15:16:48 SIBLING pid=703299 tid=703303 cpu=16 used=1.6s/10s /home/sxing/project/OS_final_project/changes/0_reproduce/env/bin/python -B -m ta_launch_sim --trace data/tectonic/20230325/Region6/full_0_0.1.trace --learned-ap --ap mlnew --ap-threshold 0.806378 --si
15:16:58 SIBLING pid=703299 tid=703303 cpu=15 used=1.4s/10s /home/sxing/project/OS_final_project/changes/0_reproduce/env/bin/python -B -m ta_launch_sim --trace data/tectonic/20230325/Region6/full_0_0.1.trace --learned-ap --ap mlnew --ap-threshold 0.806378 --si
15:16:58 SIBLING pid=703956 tid=703956 cpu=18 used=4.7s/10s /home/sxing/project/OS_final_project/changes/0_reproduce/env/bin/python -B -m ta_launch_train --exp g1det_Region6_overlay1 --policy PolicyUtilityServiceTimeSize2 --region Region6 --sample-ratio 0.1 --
15:16:58 SIBLING pid=703956 tid=703997 cpu=19 used=1.2s/10s /home/sxing/project/OS_final_project/changes/0_reproduce/env/bin/python -B -m ta_launch_train --exp g1det_Region6_overlay1 --policy PolicyUtilityServiceTimeSize2 --region Region6 --sample-ratio 0.1 --
15:16:58 SIBLING pid=703956 tid=703998 cpu=18 used=1.0s/10s /home/sxing/project/OS_final_project/changes/0_reproduce/env/bin/python -B -m ta_launch_train --exp g1det_Region6_overlay1 --policy PolicyUtilityServiceTimeSize2 --region Region6 --sample-ratio 0.1 --
15:16:58 SIBLING pid=703956 tid=703999 cpu=19 used=1.0s/10s /home/sxing/project/OS_final_project/changes/0_reproduce/env/bin/python -B -m ta_launch_train --exp g1det_Region6_overlay1 --policy PolicyUtilityServiceTimeSize2 --region Region6 --sample-ratio 0.1 --
15:16:58 SIBLING pid=703956 tid=704000 cpu=14 used=0.9s/10s /home/sxing/project/OS_final_project/changes/0_reproduce/env/bin/python -B -m ta_launch_train --exp g1det_Region6_overlay1 --policy PolicyUtilityServiceTimeSize2 --region Region6 --sample-ratio 0.1 --
15:16:58 SIBLING pid=703956 tid=704001 cpu=18 used=0.8s/10s /home/sxing/project/OS_final_project/changes/0_reproduce/env/bin/python -B -m ta_launch_train --exp g1det_Region6_overlay1 --policy PolicyUtilityServiceTimeSize2 --region Region6 --sample-ratio 0.1 --
15:16:58 SIBLING pid=703956 tid=704002 cpu=18 used=0.8s/10s /home/sxing/project/OS_final_project/changes/0_reproduce/env/bin/python -B -m ta_launch_train --exp g1det_Region6_overlay1 --policy PolicyUtilityServiceTimeSize2 --region Region6 --sample-ratio 0.1 --
15:16:58 SIBLING pid=703956 tid=704003 cpu=12 used=0.8s/10s /home/sxing/project/OS_final_project/changes/0_reproduce/env/bin/python -B -m ta_launch_train --exp g1det_Region6_overlay1 --policy PolicyUtilityServiceTimeSize2 --region Region6 --sample-ratio 0.1 --
15:16:58 SIBLING pid=703956 tid=704004 cpu=13 used=0.8s/10s /home/sxing/project/OS_final_project/changes/0_reproduce/env/bin/python -B -m ta_launch_train --exp g1det_Region6_overlay1 --policy PolicyUtilityServiceTimeSize2 --region Region6 --sample-ratio 0.1 --
15:16:58 SIBLING pid=703956 tid=704005 cpu=19 used=0.8s/10s /home/sxing/project/OS_final_project/changes/0_reproduce/env/bin/python -B -m ta_launch_train --exp g1det_Region6_overlay1 --policy PolicyUtilityServiceTimeSize2 --region Region6 --sample-ratio 0.1 --
15:16:58 SIBLING pid=703956 tid=704006 cpu=14 used=0.8s/10s /home/sxing/project/OS_final_project/changes/0_reproduce/env/bin/python -B -m ta_launch_train --exp g1det_Region6_overlay1 --policy PolicyUtilityServiceTimeSize2 --region Region6 --sample-ratio 0.1 --
15:16:58 SIBLING pid=703956 tid=704007 cpu=16 used=0.8s/10s /home/sxing/project/OS_final_project/changes/0_reproduce/env/bin/python -B -m ta_launch_train --exp g1det_Region6_overlay1 --policy PolicyUtilityServiceTimeSize2 --region Region6 --sample-ratio 0.1 --
15:16:58 SIBLING pid=703956 tid=704008 cpu=12 used=0.8s/10s /home/sxing/project/OS_final_project/changes/0_reproduce/env/bin/python -B -m ta_launch_train --exp g1det_Region6_overlay1 --policy PolicyUtilityServiceTimeSize2 --region Region6 --sample-ratio 0.1 --
15:16:58 SIBLING pid=703956 tid=704009 cpu=14 used=0.8s/10s /home/sxing/project/OS_final_project/changes/0_reproduce/env/bin/python -B -m ta_launch_train --exp g1det_Region6_overlay1 --policy PolicyUtilityServiceTimeSize2 --region Region6 --sample-ratio 0.1 --
15:16:58 SIBLING pid=703956 tid=704010 cpu=16 used=0.8s/10s /home/sxing/project/OS_final_project/changes/0_reproduce/env/bin/python -B -m ta_launch_train --exp g1det_Region6_overlay1 --policy PolicyUtilityServiceTimeSize2 --region Region6 --sample-ratio 0.1 --
15:16:58 SIBLING pid=703956 tid=704011 cpu=18 used=0.8s/10s /home/sxing/project/OS_final_project/changes/0_reproduce/env/bin/python -B -m ta_launch_train --exp g1det_Region6_overlay1 --policy PolicyUtilityServiceTimeSize2 --region Region6 --sample-ratio 0.1 --
15:16:58 SIBLING pid=703956 tid=704012 cpu=15 used=0.8s/10s /home/sxing/project/OS_final_project/changes/0_reproduce/env/bin/python -B -m ta_launch_train --exp g1det_Region6_overlay1 --policy PolicyUtilityServiceTimeSize2 --region Region6 --sample-ratio 0.1 --
15:16:58 SIBLING pid=703956 tid=704013 cpu=17 used=0.8s/10s /home/sxing/project/OS_final_project/changes/0_reproduce/env/bin/python -B -m ta_launch_train --exp g1det_Region6_overlay1 --policy PolicyUtilityServiceTimeSize2 --region Region6 --sample-ratio 0.1 --
15:16:58 SIBLING pid=703956 tid=704014 cpu=15 used=0.8s/10s /home/sxing/project/OS_final_project/changes/0_reproduce/env/bin/python -B -m ta_launch_train --exp g1det_Region6_overlay1 --policy PolicyUtilityServiceTimeSize2 --region Region6 --sample-ratio 0.1 --
15:16:58 SIBLING pid=703956 tid=704015 cpu=13 used=0.7s/10s /home/sxing/project/OS_final_project/changes/0_reproduce/env/bin/python -B -m ta_launch_train --exp g1det_Region6_overlay1 --policy PolicyUtilityServiceTimeSize2 --region Region6 --sample-ratio 0.1 --
15:17:08 SIBLING pid=703299 tid=703299 cpu=13 used=9.9s/10s /home/sxing/project/OS_final_project/changes/0_reproduce/env/bin/python -B -m ta_launch_sim --trace data/tectonic/20230325/Region6/full_0_0.1.trace --learned-ap --ap mlnew --ap-threshold 0.806378 --si
15:17:08 SIBLING pid=703299 tid=703303 cpu=15 used=1.4s/10s /home/sxing/project/OS_final_project/changes/0_reproduce/env/bin/python -B -m ta_launch_sim --trace data/tectonic/20230325/Region6/full_0_0.1.trace --learned-ap --ap mlnew --ap-threshold 0.806378 --si
15:17:18 SIBLING pid=703299 tid=703299 cpu=14 used=9.8s/10s /home/sxing/project/OS_final_project/changes/0_reproduce/env/bin/python -B -m ta_launch_sim --trace data/tectonic/20230325/Region6/full_0_0.1.trace --learned-ap --ap mlnew --ap-threshold 0.806378 --si
15:17:18 SIBLING pid=703299 tid=703303 cpu=16 used=1.6s/10s /home/sxing/project/OS_final_project/changes/0_reproduce/env/bin/python -B -m ta_launch_sim --trace data/tectonic/20230325/Region6/full_0_0.1.trace --learned-ap --ap mlnew --ap-threshold 0.806378 --si
15:17:18 SIBLING pid=704225 tid=704225 cpu=19 used=9.8s/10s /home/sxing/project/OS_final_project/changes/0_reproduce/env/bin/python -B -m ta_launch_sim --trace data/tectonic/20230325/Region6/full_0_0.1.trace --learned-ap --ap mlnew --ap-threshold 0.806378 --si
15:17:18 SIBLING pid=704225 tid=704228 cpu=18 used=1.8s/10s /home/sxing/project/OS_final_project/changes/0_reproduce/env/bin/python -B -m ta_launch_sim --trace data/tectonic/20230325/Region6/full_0_0.1.trace --learned-ap --ap mlnew --ap-threshold 0.806378 --si
15:17:28 SIBLING pid=703299 tid=703299 cpu=14 used=9.8s/10s /home/sxing/project/OS_final_project/changes/0_reproduce/env/bin/python -B -m ta_launch_sim --trace data/tectonic/20230325/Region6/full_0_0.1.trace --learned-ap --ap mlnew --ap-threshold 0.806378 --si
15:17:28 SIBLING pid=703299 tid=703303 cpu=15 used=1.6s/10s /home/sxing/project/OS_final_project/changes/0_reproduce/env/bin/python -B -m ta_launch_sim --trace data/tectonic/20230325/Region6/full_0_0.1.trace --learned-ap --ap mlnew --ap-threshold 0.806378 --si
15:17:28 SIBLING pid=704225 tid=704225 cpu=19 used=9.8s/10s /home/sxing/project/OS_final_project/changes/0_reproduce/env/bin/python -B -m ta_launch_sim --trace data/tectonic/20230325/Region6/full_0_0.1.trace --learned-ap --ap mlnew --ap-threshold 0.806378 --si
15:17:28 SIBLING pid=704225 tid=704228 cpu=18 used=1.7s/10s /home/sxing/project/OS_final_project/changes/0_reproduce/env/bin/python -B -m ta_launch_sim --trace data/tectonic/20230325/Region6/full_0_0.1.trace --learned-ap --ap mlnew --ap-threshold 0.806378 --si
15:17:38 SIBLING pid=703299 tid=703299 cpu=13 used=9.9s/10s /home/sxing/project/OS_final_project/changes/0_reproduce/env/bin/python -B -m ta_launch_sim --trace data/tectonic/20230325/Region6/full_0_0.1.trace --learned-ap --ap mlnew --ap-threshold 0.806378 --si
15:17:38 SIBLING pid=703299 tid=703303 cpu=15 used=1.5s/10s /home/sxing/project/OS_final_project/changes/0_reproduce/env/bin/python -B -m ta_launch_sim --trace data/tectonic/20230325/Region6/full_0_0.1.trace --learned-ap --ap mlnew --ap-threshold 0.806378 --si
15:17:38 SIBLING pid=704225 tid=704225 cpu=19 used=9.7s/10s /home/sxing/project/OS_final_project/changes/0_reproduce/env/bin/python -B -m ta_launch_sim --trace data/tectonic/20230325/Region6/full_0_0.1.trace --learned-ap --ap mlnew --ap-threshold 0.806378 --si
15:17:38 SIBLING pid=704225 tid=704228 cpu=18 used=1.8s/10s /home/sxing/project/OS_final_project/changes/0_reproduce/env/bin/python -B -m ta_launch_sim --trace data/tectonic/20230325/Region6/full_0_0.1.trace --learned-ap --ap mlnew --ap-threshold 0.806378 --si
15:17:48 SIBLING pid=703299 tid=703299 cpu=16 used=9.8s/10s /home/sxing/project/OS_final_project/changes/0_reproduce/env/bin/python -B -m ta_launch_sim --trace data/tectonic/20230325/Region6/full_0_0.1.trace --learned-ap --ap mlnew --ap-threshold 0.806378 --si
15:17:48 SIBLING pid=703299 tid=703303 cpu=14 used=1.6s/10s /home/sxing/project/OS_final_project/changes/0_reproduce/env/bin/python -B -m ta_launch_sim --trace data/tectonic/20230325/Region6/full_0_0.1.trace --learned-ap --ap mlnew --ap-threshold 0.806378 --si
15:17:48 SIBLING pid=704225 tid=704225 cpu=19 used=9.7s/10s /home/sxing/project/OS_final_project/changes/0_reproduce/env/bin/python -B -m ta_launch_sim --trace data/tectonic/20230325/Region6/full_0_0.1.trace --learned-ap --ap mlnew --ap-threshold 0.806378 --si
15:17:48 SIBLING pid=704225 tid=704228 cpu=18 used=1.7s/10s /home/sxing/project/OS_final_project/changes/0_reproduce/env/bin/python -B -m ta_launch_sim --trace data/tectonic/20230325/Region6/full_0_0.1.trace --learned-ap --ap mlnew --ap-threshold 0.806378 --si
15:17:58 SIBLING pid=703299 tid=703303 cpu=12 used=1.7s/10s /home/sxing/project/OS_final_project/changes/0_reproduce/env/bin/python -B -m ta_launch_sim --trace data/tectonic/20230325/Region6/full_0_0.1.trace --learned-ap --ap mlnew --ap-threshold 0.806378 --si
15:17:58 SIBLING pid=704225 tid=704225 cpu=18 used=9.7s/10s /home/sxing/project/OS_final_project/changes/0_reproduce/env/bin/python -B -m ta_launch_sim --trace data/tectonic/20230325/Region6/full_0_0.1.trace --learned-ap --ap mlnew --ap-threshold 0.806378 --si
15:17:58 SIBLING pid=704225 tid=704228 cpu=19 used=1.9s/10s /home/sxing/project/OS_final_project/changes/0_reproduce/env/bin/python -B -m ta_launch_sim --trace data/tectonic/20230325/Region6/full_0_0.1.trace --learned-ap --ap mlnew --ap-threshold 0.806378 --si
15:18:08 SIBLING pid=703299 tid=703299 cpu=14 used=9.9s/10s /home/sxing/project/OS_final_project/changes/0_reproduce/env/bin/python -B -m ta_launch_sim --trace data/tectonic/20230325/Region6/full_0_0.1.trace --learned-ap --ap mlnew --ap-threshold 0.806378 --si
15:18:08 SIBLING pid=703299 tid=703303 cpu=18 used=1.4s/10s /home/sxing/project/OS_final_project/changes/0_reproduce/env/bin/python -B -m ta_launch_sim --trace data/tectonic/20230325/Region6/full_0_0.1.trace --learned-ap --ap mlnew --ap-threshold 0.806378 --si
15:18:08 SIBLING pid=704225 tid=704225 cpu=19 used=9.7s/10s /home/sxing/project/OS_final_project/changes/0_reproduce/env/bin/python -B -m ta_launch_sim --trace data/tectonic/20230325/Region6/full_0_0.1.trace --learned-ap --ap mlnew --ap-threshold 0.806378 --si
15:18:08 SIBLING pid=704225 tid=704228 cpu=12 used=1.7s/10s /home/sxing/project/OS_final_project/changes/0_reproduce/env/bin/python -B -m ta_launch_sim --trace data/tectonic/20230325/Region6/full_0_0.1.trace --learned-ap --ap mlnew --ap-threshold 0.806378 --si
15:18:18 SIBLING pid=703299 tid=703299 cpu=19 used=9.7s/10s /home/sxing/project/OS_final_project/changes/0_reproduce/env/bin/python -B -m ta_launch_sim --trace data/tectonic/20230325/Region6/full_0_0.1.trace --learned-ap --ap mlnew --ap-threshold 0.806378 --si
15:18:18 SIBLING pid=703299 tid=703303 cpu=18 used=1.8s/10s /home/sxing/project/OS_final_project/changes/0_reproduce/env/bin/python -B -m ta_launch_sim --trace data/tectonic/20230325/Region6/full_0_0.1.trace --learned-ap --ap mlnew --ap-threshold 0.806378 --si
15:18:28 SIBLING pid=703299 tid=703299 cpu=16 used=9.7s/10s /home/sxing/project/OS_final_project/changes/0_reproduce/env/bin/python -B -m ta_launch_sim --trace data/tectonic/20230325/Region6/full_0_0.1.trace --learned-ap --ap mlnew --ap-threshold 0.806378 --si
15:18:28 SIBLING pid=703299 tid=703303 cpu=12 used=1.7s/10s /home/sxing/project/OS_final_project/changes/0_reproduce/env/bin/python -B -m ta_launch_sim --trace data/tectonic/20230325/Region6/full_0_0.1.trace --learned-ap --ap mlnew --ap-threshold 0.806378 --si
15:18:28 SIBLING pid=704225 tid=704225 cpu=13 used=9.9s/10s /home/sxing/project/OS_final_project/changes/0_reproduce/env/bin/python -B -m ta_launch_sim --trace data/tectonic/20230325/Region6/full_0_0.1.trace --learned-ap --ap mlnew --ap-threshold 0.806378 --si
15:18:28 SIBLING pid=704225 tid=704228 cpu=15 used=1.6s/10s /home/sxing/project/OS_final_project/changes/0_reproduce/env/bin/python -B -m ta_launch_sim --trace data/tectonic/20230325/Region6/full_0_0.1.trace --learned-ap --ap mlnew --ap-threshold 0.806378 --si
15:18:28 SIBLING pid=704962 tid=704962 cpu=18 used=4.9s/10s /home/sxing/project/OS_final_project/changes/0_reproduce/env/bin/python -B -m ta_launch_train --exp g1det_Region6_frozen2 --policy PolicyUtilityServiceTimeSize2 --region Region6 --sample-ratio 0.1 --s
15:18:38 SIBLING pid=703299 tid=703299 cpu=12 used=9.9s/10s /home/sxing/project/OS_final_project/changes/0_reproduce/env/bin/python -B -m ta_launch_sim --trace data/tectonic/20230325/Region6/full_0_0.1.trace --learned-ap --ap mlnew --ap-threshold 0.806378 --si
15:18:38 SIBLING pid=703299 tid=703303 cpu=17 used=1.5s/10s /home/sxing/project/OS_final_project/changes/0_reproduce/env/bin/python -B -m ta_launch_sim --trace data/tectonic/20230325/Region6/full_0_0.1.trace --learned-ap --ap mlnew --ap-threshold 0.806378 --si
15:18:38 SIBLING pid=704225 tid=704225 cpu=15 used=9.9s/10s /home/sxing/project/OS_final_project/changes/0_reproduce/env/bin/python -B -m ta_launch_sim --trace data/tectonic/20230325/Region6/full_0_0.1.trace --learned-ap --ap mlnew --ap-threshold 0.806378 --si
15:18:38 SIBLING pid=704225 tid=704228 cpu=13 used=1.6s/10s /home/sxing/project/OS_final_project/changes/0_reproduce/env/bin/python -B -m ta_launch_sim --trace data/tectonic/20230325/Region6/full_0_0.1.trace --learned-ap --ap mlnew --ap-threshold 0.806378 --si
15:18:38 SIBLING pid=704962 tid=704962 cpu=14 used=8.5s/10s /home/sxing/project/OS_final_project/changes/0_reproduce/env/bin/python -B -m ta_launch_train --exp g1det_Region6_frozen2 --policy PolicyUtilityServiceTimeSize2 --region Region6 --sample-ratio 0.1 --s
15:18:48 SIBLING pid=703299 tid=703299 cpu=13 used=9.9s/10s /home/sxing/project/OS_final_project/changes/0_reproduce/env/bin/python -B -m ta_launch_sim --trace data/tectonic/20230325/Region6/full_0_0.1.trace --learned-ap --ap mlnew --ap-threshold 0.806378 --si
15:18:48 SIBLING pid=703299 tid=703303 cpu=12 used=1.5s/10s /home/sxing/project/OS_final_project/changes/0_reproduce/env/bin/python -B -m ta_launch_sim --trace data/tectonic/20230325/Region6/full_0_0.1.trace --learned-ap --ap mlnew --ap-threshold 0.806378 --si
15:18:48 SIBLING pid=704225 tid=704225 cpu=16 used=9.9s/10s /home/sxing/project/OS_final_project/changes/0_reproduce/env/bin/python -B -m ta_launch_sim --trace data/tectonic/20230325/Region6/full_0_0.1.trace --learned-ap --ap mlnew --ap-threshold 0.806378 --si
15:18:48 SIBLING pid=704225 tid=704228 cpu=14 used=1.6s/10s /home/sxing/project/OS_final_project/changes/0_reproduce/env/bin/python -B -m ta_launch_sim --trace data/tectonic/20230325/Region6/full_0_0.1.trace --learned-ap --ap mlnew --ap-threshold 0.806378 --si
15:18:48 SIBLING pid=704962 tid=704988 cpu=19 used=1.4s/10s /home/sxing/project/OS_final_project/changes/0_reproduce/env/bin/python -B -m ta_launch_train --exp g1det_Region6_frozen2 --policy PolicyUtilityServiceTimeSize2 --region Region6 --sample-ratio 0.1 --s
15:18:48 SIBLING pid=704962 tid=704989 cpu=17 used=1.1s/10s /home/sxing/project/OS_final_project/changes/0_reproduce/env/bin/python -B -m ta_launch_train --exp g1det_Region6_frozen2 --policy PolicyUtilityServiceTimeSize2 --region Region6 --sample-ratio 0.1 --s
15:18:48 SIBLING pid=704962 tid=704990 cpu=14 used=1.2s/10s /home/sxing/project/OS_final_project/changes/0_reproduce/env/bin/python -B -m ta_launch_train --exp g1det_Region6_frozen2 --policy PolicyUtilityServiceTimeSize2 --region Region6 --sample-ratio 0.1 --s
15:18:48 SIBLING pid=704962 tid=704991 cpu=18 used=0.9s/10s /home/sxing/project/OS_final_project/changes/0_reproduce/env/bin/python -B -m ta_launch_train --exp g1det_Region6_frozen2 --policy PolicyUtilityServiceTimeSize2 --region Region6 --sample-ratio 0.1 --s
15:18:48 SIBLING pid=704962 tid=704992 cpu=15 used=0.9s/10s /home/sxing/project/OS_final_project/changes/0_reproduce/env/bin/python -B -m ta_launch_train --exp g1det_Region6_frozen2 --policy PolicyUtilityServiceTimeSize2 --region Region6 --sample-ratio 0.1 --s
15:18:48 SIBLING pid=704962 tid=704995 cpu=17 used=0.9s/10s /home/sxing/project/OS_final_project/changes/0_reproduce/env/bin/python -B -m ta_launch_train --exp g1det_Region6_frozen2 --policy PolicyUtilityServiceTimeSize2 --region Region6 --sample-ratio 0.1 --s
15:18:48 SIBLING pid=704962 tid=704996 cpu=12 used=0.9s/10s /home/sxing/project/OS_final_project/changes/0_reproduce/env/bin/python -B -m ta_launch_train --exp g1det_Region6_frozen2 --policy PolicyUtilityServiceTimeSize2 --region Region6 --sample-ratio 0.1 --s
15:18:48 SIBLING pid=704962 tid=704997 cpu=15 used=0.9s/10s /home/sxing/project/OS_final_project/changes/0_reproduce/env/bin/python -B -m ta_launch_train --exp g1det_Region6_frozen2 --policy PolicyUtilityServiceTimeSize2 --region Region6 --sample-ratio 0.1 --s
15:18:48 SIBLING pid=704962 tid=704998 cpu=18 used=0.9s/10s /home/sxing/project/OS_final_project/changes/0_reproduce/env/bin/python -B -m ta_launch_train --exp g1det_Region6_frozen2 --policy PolicyUtilityServiceTimeSize2 --region Region6 --sample-ratio 0.1 --s
15:18:48 SIBLING pid=704962 tid=704999 cpu=12 used=0.9s/10s /home/sxing/project/OS_final_project/changes/0_reproduce/env/bin/python -B -m ta_launch_train --exp g1det_Region6_frozen2 --policy PolicyUtilityServiceTimeSize2 --region Region6 --sample-ratio 0.1 --s
15:18:48 SIBLING pid=704962 tid=705001 cpu=19 used=0.9s/10s /home/sxing/project/OS_final_project/changes/0_reproduce/env/bin/python -B -m ta_launch_train --exp g1det_Region6_frozen2 --policy PolicyUtilityServiceTimeSize2 --region Region6 --sample-ratio 0.1 --s
15:18:48 SIBLING pid=704962 tid=705003 cpu=14 used=0.9s/10s /home/sxing/project/OS_final_project/changes/0_reproduce/env/bin/python -B -m ta_launch_train --exp g1det_Region6_frozen2 --policy PolicyUtilityServiceTimeSize2 --region Region6 --sample-ratio 0.1 --s
15:18:48 SIBLING pid=704962 tid=705004 cpu=19 used=0.8s/10s /home/sxing/project/OS_final_project/changes/0_reproduce/env/bin/python -B -m ta_launch_train --exp g1det_Region6_frozen2 --policy PolicyUtilityServiceTimeSize2 --region Region6 --sample-ratio 0.1 --s
15:18:58 SIBLING pid=703299 tid=703299 cpu=19 used=9.7s/10s /home/sxing/project/OS_final_project/changes/0_reproduce/env/bin/python -B -m ta_launch_sim --trace data/tectonic/20230325/Region6/full_0_0.1.trace --learned-ap --ap mlnew --ap-threshold 0.806378 --si
15:18:58 SIBLING pid=703299 tid=703303 cpu=18 used=1.6s/10s /home/sxing/project/OS_final_project/changes/0_reproduce/env/bin/python -B -m ta_launch_sim --trace data/tectonic/20230325/Region6/full_0_0.1.trace --learned-ap --ap mlnew --ap-threshold 0.806378 --si
15:18:58 SIBLING pid=704225 tid=704225 cpu=12 used=9.7s/10s /home/sxing/project/OS_final_project/changes/0_reproduce/env/bin/python -B -m ta_launch_sim --trace data/tectonic/20230325/Region6/full_0_0.1.trace --learned-ap --ap mlnew --ap-threshold 0.806378 --si
15:18:58 SIBLING pid=704225 tid=704228 cpu=17 used=1.5s/10s /home/sxing/project/OS_final_project/changes/0_reproduce/env/bin/python -B -m ta_launch_sim --trace data/tectonic/20230325/Region6/full_0_0.1.trace --learned-ap --ap mlnew --ap-threshold 0.806378 --si
15:19:08 SIBLING pid=703299 tid=703299 cpu=19 used=9.8s/10s /home/sxing/project/OS_final_project/changes/0_reproduce/env/bin/python -B -m ta_launch_sim --trace data/tectonic/20230325/Region6/full_0_0.1.trace --learned-ap --ap mlnew --ap-threshold 0.806378 --si
15:19:08 SIBLING pid=703299 tid=703303 cpu=18 used=1.6s/10s /home/sxing/project/OS_final_project/changes/0_reproduce/env/bin/python -B -m ta_launch_sim --trace data/tectonic/20230325/Region6/full_0_0.1.trace --learned-ap --ap mlnew --ap-threshold 0.806378 --si
15:19:08 SIBLING pid=704225 tid=704225 cpu=14 used=9.9s/10s /home/sxing/project/OS_final_project/changes/0_reproduce/env/bin/python -B -m ta_launch_sim --trace data/tectonic/20230325/Region6/full_0_0.1.trace --learned-ap --ap mlnew --ap-threshold 0.806378 --si
15:19:08 SIBLING pid=704225 tid=704228 cpu=12 used=1.6s/10s /home/sxing/project/OS_final_project/changes/0_reproduce/env/bin/python -B -m ta_launch_sim --trace data/tectonic/20230325/Region6/full_0_0.1.trace --learned-ap --ap mlnew --ap-threshold 0.806378 --si
15:19:18 SIBLING pid=703299 tid=703299 cpu=12 used=9.8s/10s /home/sxing/project/OS_final_project/changes/0_reproduce/env/bin/python -B -m ta_launch_sim --trace data/tectonic/20230325/Region6/full_0_0.1.trace --learned-ap --ap mlnew --ap-threshold 0.806378 --si
15:19:18 SIBLING pid=703299 tid=703303 cpu=14 used=1.6s/10s /home/sxing/project/OS_final_project/changes/0_reproduce/env/bin/python -B -m ta_launch_sim --trace data/tectonic/20230325/Region6/full_0_0.1.trace --learned-ap --ap mlnew --ap-threshold 0.806378 --si
15:19:18 SIBLING pid=704225 tid=704225 cpu=15 used=9.9s/10s /home/sxing/project/OS_final_project/changes/0_reproduce/env/bin/python -B -m ta_launch_sim --trace data/tectonic/20230325/Region6/full_0_0.1.trace --learned-ap --ap mlnew --ap-threshold 0.806378 --si
15:19:18 SIBLING pid=704225 tid=704228 cpu=17 used=1.6s/10s /home/sxing/project/OS_final_project/changes/0_reproduce/env/bin/python -B -m ta_launch_sim --trace data/tectonic/20230325/Region6/full_0_0.1.trace --learned-ap --ap mlnew --ap-threshold 0.806378 --si
15:19:28 SIBLING pid=703299 tid=703299 cpu=15 used=9.9s/10s /home/sxing/project/OS_final_project/changes/0_reproduce/env/bin/python -B -m ta_launch_sim --trace data/tectonic/20230325/Region6/full_0_0.1.trace --learned-ap --ap mlnew --ap-threshold 0.806378 --si
15:19:28 SIBLING pid=703299 tid=703303 cpu=16 used=1.6s/10s /home/sxing/project/OS_final_project/changes/0_reproduce/env/bin/python -B -m ta_launch_sim --trace data/tectonic/20230325/Region6/full_0_0.1.trace --learned-ap --ap mlnew --ap-threshold 0.806378 --si
15:19:28 SIBLING pid=704225 tid=704225 cpu=14 used=9.9s/10s /home/sxing/project/OS_final_project/changes/0_reproduce/env/bin/python -B -m ta_launch_sim --trace data/tectonic/20230325/Region6/full_0_0.1.trace --learned-ap --ap mlnew --ap-threshold 0.806378 --si
15:19:28 SIBLING pid=704225 tid=704228 cpu=12 used=1.6s/10s /home/sxing/project/OS_final_project/changes/0_reproduce/env/bin/python -B -m ta_launch_sim --trace data/tectonic/20230325/Region6/full_0_0.1.trace --learned-ap --ap mlnew --ap-threshold 0.806378 --si
15:19:38 SIBLING pid=703299 tid=703299 cpu=14 used=9.8s/10s /home/sxing/project/OS_final_project/changes/0_reproduce/env/bin/python -B -m ta_launch_sim --trace data/tectonic/20230325/Region6/full_0_0.1.trace --learned-ap --ap mlnew --ap-threshold 0.806378 --si
15:19:38 SIBLING pid=703299 tid=703303 cpu=12 used=1.7s/10s /home/sxing/project/OS_final_project/changes/0_reproduce/env/bin/python -B -m ta_launch_sim --trace data/tectonic/20230325/Region6/full_0_0.1.trace --learned-ap --ap mlnew --ap-threshold 0.806378 --si
15:19:38 SIBLING pid=704225 tid=704225 cpu=15 used=9.8s/10s /home/sxing/project/OS_final_project/changes/0_reproduce/env/bin/python -B -m ta_launch_sim --trace data/tectonic/20230325/Region6/full_0_0.1.trace --learned-ap --ap mlnew --ap-threshold 0.806378 --si
15:19:38 SIBLING pid=704225 tid=704228 cpu=16 used=1.6s/10s /home/sxing/project/OS_final_project/changes/0_reproduce/env/bin/python -B -m ta_launch_sim --trace data/tectonic/20230325/Region6/full_0_0.1.trace --learned-ap --ap mlnew --ap-threshold 0.806378 --si
15:19:48 SIBLING pid=703299 tid=703299 cpu=14 used=9.9s/10s /home/sxing/project/OS_final_project/changes/0_reproduce/env/bin/python -B -m ta_launch_sim --trace data/tectonic/20230325/Region6/full_0_0.1.trace --learned-ap --ap mlnew --ap-threshold 0.806378 --si
15:19:48 SIBLING pid=703299 tid=703303 cpu=12 used=1.6s/10s /home/sxing/project/OS_final_project/changes/0_reproduce/env/bin/python -B -m ta_launch_sim --trace data/tectonic/20230325/Region6/full_0_0.1.trace --learned-ap --ap mlnew --ap-threshold 0.806378 --si
15:19:48 SIBLING pid=704225 tid=704225 cpu=15 used=9.9s/10s /home/sxing/project/OS_final_project/changes/0_reproduce/env/bin/python -B -m ta_launch_sim --trace data/tectonic/20230325/Region6/full_0_0.1.trace --learned-ap --ap mlnew --ap-threshold 0.806378 --si
15:19:48 SIBLING pid=704225 tid=704228 cpu=16 used=1.6s/10s /home/sxing/project/OS_final_project/changes/0_reproduce/env/bin/python -B -m ta_launch_sim --trace data/tectonic/20230325/Region6/full_0_0.1.trace --learned-ap --ap mlnew --ap-threshold 0.806378 --si
15:19:58 SIBLING pid=703299 tid=703299 cpu=16 used=9.8s/10s /home/sxing/project/OS_final_project/changes/0_reproduce/env/bin/python -B -m ta_launch_sim --trace data/tectonic/20230325/Region6/full_0_0.1.trace --learned-ap --ap mlnew --ap-threshold 0.806378 --si
15:19:58 SIBLING pid=703299 tid=703303 cpu=12 used=1.6s/10s /home/sxing/project/OS_final_project/changes/0_reproduce/env/bin/python -B -m ta_launch_sim --trace data/tectonic/20230325/Region6/full_0_0.1.trace --learned-ap --ap mlnew --ap-threshold 0.806378 --si
15:19:58 SIBLING pid=704225 tid=704225 cpu=14 used=9.8s/10s /home/sxing/project/OS_final_project/changes/0_reproduce/env/bin/python -B -m ta_launch_sim --trace data/tectonic/20230325/Region6/full_0_0.1.trace --learned-ap --ap mlnew --ap-threshold 0.806378 --si
15:19:58 SIBLING pid=704225 tid=704228 cpu=13 used=1.7s/10s /home/sxing/project/OS_final_project/changes/0_reproduce/env/bin/python -B -m ta_launch_sim --trace data/tectonic/20230325/Region6/full_0_0.1.trace --learned-ap --ap mlnew --ap-threshold 0.806378 --si
15:20:08 SIBLING pid=703299 tid=703299 cpu=12 used=9.8s/10s /home/sxing/project/OS_final_project/changes/0_reproduce/env/bin/python -B -m ta_launch_sim --trace data/tectonic/20230325/Region6/full_0_0.1.trace --learned-ap --ap mlnew --ap-threshold 0.806378 --si
15:20:08 SIBLING pid=703299 tid=703303 cpu=13 used=1.7s/10s /home/sxing/project/OS_final_project/changes/0_reproduce/env/bin/python -B -m ta_launch_sim --trace data/tectonic/20230325/Region6/full_0_0.1.trace --learned-ap --ap mlnew --ap-threshold 0.806378 --si
15:20:08 SIBLING pid=704225 tid=704225 cpu=14 used=9.8s/10s /home/sxing/project/OS_final_project/changes/0_reproduce/env/bin/python -B -m ta_launch_sim --trace data/tectonic/20230325/Region6/full_0_0.1.trace --learned-ap --ap mlnew --ap-threshold 0.806378 --si
15:20:08 SIBLING pid=704225 tid=704228 cpu=15 used=1.7s/10s /home/sxing/project/OS_final_project/changes/0_reproduce/env/bin/python -B -m ta_launch_sim --trace data/tectonic/20230325/Region6/full_0_0.1.trace --learned-ap --ap mlnew --ap-threshold 0.806378 --si
15:20:18 SIBLING pid=703299 tid=703299 cpu=15 used=9.9s/10s /home/sxing/project/OS_final_project/changes/0_reproduce/env/bin/python -B -m ta_launch_sim --trace data/tectonic/20230325/Region6/full_0_0.1.trace --learned-ap --ap mlnew --ap-threshold 0.806378 --si
15:20:18 SIBLING pid=703299 tid=703303 cpu=12 used=1.6s/10s /home/sxing/project/OS_final_project/changes/0_reproduce/env/bin/python -B -m ta_launch_sim --trace data/tectonic/20230325/Region6/full_0_0.1.trace --learned-ap --ap mlnew --ap-threshold 0.806378 --si
15:20:18 SIBLING pid=704225 tid=704225 cpu=13 used=9.8s/10s /home/sxing/project/OS_final_project/changes/0_reproduce/env/bin/python -B -m ta_launch_sim --trace data/tectonic/20230325/Region6/full_0_0.1.trace --learned-ap --ap mlnew --ap-threshold 0.806378 --si
15:20:18 SIBLING pid=704225 tid=704228 cpu=14 used=1.7s/10s /home/sxing/project/OS_final_project/changes/0_reproduce/env/bin/python -B -m ta_launch_sim --trace data/tectonic/20230325/Region6/full_0_0.1.trace --learned-ap --ap mlnew --ap-threshold 0.806378 --si
15:20:28 SIBLING pid=703299 tid=703299 cpu=13 used=9.8s/10s /home/sxing/project/OS_final_project/changes/0_reproduce/env/bin/python -B -m ta_launch_sim --trace data/tectonic/20230325/Region6/full_0_0.1.trace --learned-ap --ap mlnew --ap-threshold 0.806378 --si
15:20:28 SIBLING pid=703299 tid=703303 cpu=16 used=1.6s/10s /home/sxing/project/OS_final_project/changes/0_reproduce/env/bin/python -B -m ta_launch_sim --trace data/tectonic/20230325/Region6/full_0_0.1.trace --learned-ap --ap mlnew --ap-threshold 0.806378 --si
15:20:28 SIBLING pid=704225 tid=704225 cpu=14 used=9.8s/10s /home/sxing/project/OS_final_project/changes/0_reproduce/env/bin/python -B -m ta_launch_sim --trace data/tectonic/20230325/Region6/full_0_0.1.trace --learned-ap --ap mlnew --ap-threshold 0.806378 --si
15:20:28 SIBLING pid=704225 tid=704228 cpu=15 used=1.7s/10s /home/sxing/project/OS_final_project/changes/0_reproduce/env/bin/python -B -m ta_launch_sim --trace data/tectonic/20230325/Region6/full_0_0.1.trace --learned-ap --ap mlnew --ap-threshold 0.806378 --si
15:20:28 SIBLING pid=705951 tid=705951 cpu=19 used=8.1s/10s /home/sxing/project/OS_final_project/changes/0_reproduce/env/bin/python -B -m ta_launch_train --exp g1det_Region6_overlay2 --policy PolicyUtilityServiceTimeSize2 --region Region6 --sample-ratio 0.1 --
15:20:38 SIBLING pid=703299 tid=703299 cpu=18 used=9.9s/10s /home/sxing/project/OS_final_project/changes/0_reproduce/env/bin/python -B -m ta_launch_sim --trace data/tectonic/20230325/Region6/full_0_0.1.trace --learned-ap --ap mlnew --ap-threshold 0.806378 --si
15:20:38 SIBLING pid=703299 tid=703303 cpu=19 used=1.5s/10s /home/sxing/project/OS_final_project/changes/0_reproduce/env/bin/python -B -m ta_launch_sim --trace data/tectonic/20230325/Region6/full_0_0.1.trace --learned-ap --ap mlnew --ap-threshold 0.806378 --si
15:20:38 SIBLING pid=704225 tid=704225 cpu=14 used=9.9s/10s /home/sxing/project/OS_final_project/changes/0_reproduce/env/bin/python -B -m ta_launch_sim --trace data/tectonic/20230325/Region6/full_0_0.1.trace --learned-ap --ap mlnew --ap-threshold 0.806378 --si
15:20:38 SIBLING pid=704225 tid=704228 cpu=17 used=1.4s/10s /home/sxing/project/OS_final_project/changes/0_reproduce/env/bin/python -B -m ta_launch_sim --trace data/tectonic/20230325/Region6/full_0_0.1.trace --learned-ap --ap mlnew --ap-threshold 0.806378 --si
15:20:38 SIBLING pid=705951 tid=705986 cpu=17 used=1.0s/10s /home/sxing/project/OS_final_project/changes/0_reproduce/env/bin/python -B -m ta_launch_train --exp g1det_Region6_overlay2 --policy PolicyUtilityServiceTimeSize2 --region Region6 --sample-ratio 0.1 --
15:20:38 SIBLING pid=705951 tid=705989 cpu=13 used=0.9s/10s /home/sxing/project/OS_final_project/changes/0_reproduce/env/bin/python -B -m ta_launch_train --exp g1det_Region6_overlay2 --policy PolicyUtilityServiceTimeSize2 --region Region6 --sample-ratio 0.1 --
15:20:38 SIBLING pid=705951 tid=705991 cpu=15 used=0.9s/10s /home/sxing/project/OS_final_project/changes/0_reproduce/env/bin/python -B -m ta_launch_train --exp g1det_Region6_overlay2 --policy PolicyUtilityServiceTimeSize2 --region Region6 --sample-ratio 0.1 --
15:20:38 SIBLING pid=705951 tid=705995 cpu=17 used=0.9s/10s /home/sxing/project/OS_final_project/changes/0_reproduce/env/bin/python -B -m ta_launch_train --exp g1det_Region6_overlay2 --policy PolicyUtilityServiceTimeSize2 --region Region6 --sample-ratio 0.1 --
15:20:38 SIBLING pid=705951 tid=705996 cpu=15 used=0.9s/10s /home/sxing/project/OS_final_project/changes/0_reproduce/env/bin/python -B -m ta_launch_train --exp g1det_Region6_overlay2 --policy PolicyUtilityServiceTimeSize2 --region Region6 --sample-ratio 0.1 --
15:20:38 SIBLING pid=705951 tid=705997 cpu=19 used=0.9s/10s /home/sxing/project/OS_final_project/changes/0_reproduce/env/bin/python -B -m ta_launch_train --exp g1det_Region6_overlay2 --policy PolicyUtilityServiceTimeSize2 --region Region6 --sample-ratio 0.1 --
15:20:38 SIBLING pid=705951 tid=705998 cpu=12 used=0.9s/10s /home/sxing/project/OS_final_project/changes/0_reproduce/env/bin/python -B -m ta_launch_train --exp g1det_Region6_overlay2 --policy PolicyUtilityServiceTimeSize2 --region Region6 --sample-ratio 0.1 --
15:20:38 SIBLING pid=705951 tid=705999 cpu=16 used=0.9s/10s /home/sxing/project/OS_final_project/changes/0_reproduce/env/bin/python -B -m ta_launch_train --exp g1det_Region6_overlay2 --policy PolicyUtilityServiceTimeSize2 --region Region6 --sample-ratio 0.1 --
15:20:38 SIBLING pid=705951 tid=706000 cpu=13 used=0.8s/10s /home/sxing/project/OS_final_project/changes/0_reproduce/env/bin/python -B -m ta_launch_train --exp g1det_Region6_overlay2 --policy PolicyUtilityServiceTimeSize2 --region Region6 --sample-ratio 0.1 --
15:20:48 SIBLING pid=696466 tid=696466 cpu=19 used=4.0s/10s /home/sxing/project/OS_final_project/changes/2_deployable_peak/../0_reproduce/env/bin/python -B src/g1det.py 
15:20:48 SIBLING pid=703299 tid=703299 cpu=13 used=9.8s/10s /home/sxing/project/OS_final_project/changes/0_reproduce/env/bin/python -B -m ta_launch_sim --trace data/tectonic/20230325/Region6/full_0_0.1.trace --learned-ap --ap mlnew --ap-threshold 0.806378 --si
15:20:48 SIBLING pid=703299 tid=703303 cpu=17 used=1.7s/10s /home/sxing/project/OS_final_project/changes/0_reproduce/env/bin/python -B -m ta_launch_sim --trace data/tectonic/20230325/Region6/full_0_0.1.trace --learned-ap --ap mlnew --ap-threshold 0.806378 --si
15:20:48 SIBLING pid=704225 tid=704225 cpu=12 used=9.7s/10s /home/sxing/project/OS_final_project/changes/0_reproduce/env/bin/python -B -m ta_launch_sim --trace data/tectonic/20230325/Region6/full_0_0.1.trace --learned-ap --ap mlnew --ap-threshold 0.806378 --si
15:20:48 SIBLING pid=704225 tid=704228 cpu=16 used=1.7s/10s /home/sxing/project/OS_final_project/changes/0_reproduce/env/bin/python -B -m ta_launch_sim --trace data/tectonic/20230325/Region6/full_0_0.1.trace --learned-ap --ap mlnew --ap-threshold 0.806378 --si
15:20:58 SIBLING pid=703299 tid=703299 cpu=15 used=9.8s/10s /home/sxing/project/OS_final_project/changes/0_reproduce/env/bin/python -B -m ta_launch_sim --trace data/tectonic/20230325/Region6/full_0_0.1.trace --learned-ap --ap mlnew --ap-threshold 0.806378 --si
15:20:58 SIBLING pid=703299 tid=703303 cpu=12 used=1.6s/10s /home/sxing/project/OS_final_project/changes/0_reproduce/env/bin/python -B -m ta_launch_sim --trace data/tectonic/20230325/Region6/full_0_0.1.trace --learned-ap --ap mlnew --ap-threshold 0.806378 --si
15:20:58 SIBLING pid=704225 tid=704225 cpu=16 used=9.8s/10s /home/sxing/project/OS_final_project/changes/0_reproduce/env/bin/python -B -m ta_launch_sim --trace data/tectonic/20230325/Region6/full_0_0.1.trace --learned-ap --ap mlnew --ap-threshold 0.806378 --si
15:20:58 SIBLING pid=704225 tid=704228 cpu=14 used=1.7s/10s /home/sxing/project/OS_final_project/changes/0_reproduce/env/bin/python -B -m ta_launch_sim --trace data/tectonic/20230325/Region6/full_0_0.1.trace --learned-ap --ap mlnew --ap-threshold 0.806378 --si
15:21:08 SIBLING pid=703299 tid=703299 cpu=14 used=9.8s/10s /home/sxing/project/OS_final_project/changes/0_reproduce/env/bin/python -B -m ta_launch_sim --trace data/tectonic/20230325/Region6/full_0_0.1.trace --learned-ap --ap mlnew --ap-threshold 0.806378 --si
15:21:08 SIBLING pid=703299 tid=703303 cpu=13 used=1.6s/10s /home/sxing/project/OS_final_project/changes/0_reproduce/env/bin/python -B -m ta_launch_sim --trace data/tectonic/20230325/Region6/full_0_0.1.trace --learned-ap --ap mlnew --ap-threshold 0.806378 --si
15:21:08 SIBLING pid=704225 tid=704225 cpu=15 used=9.8s/10s /home/sxing/project/OS_final_project/changes/0_reproduce/env/bin/python -B -m ta_launch_sim --trace data/tectonic/20230325/Region6/full_0_0.1.trace --learned-ap --ap mlnew --ap-threshold 0.806378 --si
15:21:08 SIBLING pid=704225 tid=704228 cpu=12 used=1.7s/10s /home/sxing/project/OS_final_project/changes/0_reproduce/env/bin/python -B -m ta_launch_sim --trace data/tectonic/20230325/Region6/full_0_0.1.trace --learned-ap --ap mlnew --ap-threshold 0.806378 --si
15:21:19 SIBLING pid=703299 tid=703299 cpu=13 used=9.9s/10s /home/sxing/project/OS_final_project/changes/0_reproduce/env/bin/python -B -m ta_launch_sim --trace data/tectonic/20230325/Region6/full_0_0.1.trace --learned-ap --ap mlnew --ap-threshold 0.806378 --si
15:21:19 SIBLING pid=703299 tid=703303 cpu=16 used=1.6s/10s /home/sxing/project/OS_final_project/changes/0_reproduce/env/bin/python -B -m ta_launch_sim --trace data/tectonic/20230325/Region6/full_0_0.1.trace --learned-ap --ap mlnew --ap-threshold 0.806378 --si
15:21:19 SIBLING pid=704225 tid=704225 cpu=15 used=9.8s/10s /home/sxing/project/OS_final_project/changes/0_reproduce/env/bin/python -B -m ta_launch_sim --trace data/tectonic/20230325/Region6/full_0_0.1.trace --learned-ap --ap mlnew --ap-threshold 0.806378 --si
15:21:19 SIBLING pid=704225 tid=704228 cpu=12 used=1.7s/10s /home/sxing/project/OS_final_project/changes/0_reproduce/env/bin/python -B -m ta_launch_sim --trace data/tectonic/20230325/Region6/full_0_0.1.trace --learned-ap --ap mlnew --ap-threshold 0.806378 --si
15:21:29 SIBLING pid=703299 tid=703299 cpu=14 used=9.8s/10s /home/sxing/project/OS_final_project/changes/0_reproduce/env/bin/python -B -m ta_launch_sim --trace data/tectonic/20230325/Region6/full_0_0.1.trace --learned-ap --ap mlnew --ap-threshold 0.806378 --si
15:21:29 SIBLING pid=703299 tid=703303 cpu=17 used=1.7s/10s /home/sxing/project/OS_final_project/changes/0_reproduce/env/bin/python -B -m ta_launch_sim --trace data/tectonic/20230325/Region6/full_0_0.1.trace --learned-ap --ap mlnew --ap-threshold 0.806378 --si
15:21:29 SIBLING pid=704225 tid=704225 cpu=16 used=9.8s/10s /home/sxing/project/OS_final_project/changes/0_reproduce/env/bin/python -B -m ta_launch_sim --trace data/tectonic/20230325/Region6/full_0_0.1.trace --learned-ap --ap mlnew --ap-threshold 0.806378 --si
15:21:29 SIBLING pid=704225 tid=704228 cpu=15 used=1.7s/10s /home/sxing/project/OS_final_project/changes/0_reproduce/env/bin/python -B -m ta_launch_sim --trace data/tectonic/20230325/Region6/full_0_0.1.trace --learned-ap --ap mlnew --ap-threshold 0.806378 --si
15:21:39 SIBLING pid=703299 tid=703299 cpu=13 used=9.8s/10s /home/sxing/project/OS_final_project/changes/0_reproduce/env/bin/python -B -m ta_launch_sim --trace data/tectonic/20230325/Region6/full_0_0.1.trace --learned-ap --ap mlnew --ap-threshold 0.806378 --si
15:21:39 SIBLING pid=703299 tid=703303 cpu=12 used=1.7s/10s /home/sxing/project/OS_final_project/changes/0_reproduce/env/bin/python -B -m ta_launch_sim --trace data/tectonic/20230325/Region6/full_0_0.1.trace --learned-ap --ap mlnew --ap-threshold 0.806378 --si
15:21:39 SIBLING pid=704225 tid=704225 cpu=14 used=9.9s/10s /home/sxing/project/OS_final_project/changes/0_reproduce/env/bin/python -B -m ta_launch_sim --trace data/tectonic/20230325/Region6/full_0_0.1.trace --learned-ap --ap mlnew --ap-threshold 0.806378 --si
15:21:39 SIBLING pid=704225 tid=704228 cpu=15 used=1.8s/10s /home/sxing/project/OS_final_project/changes/0_reproduce/env/bin/python -B -m ta_launch_sim --trace data/tectonic/20230325/Region6/full_0_0.1.trace --learned-ap --ap mlnew --ap-threshold 0.806378 --si
15:21:49 SIBLING pid=703299 tid=703299 cpu=17 used=9.8s/10s /home/sxing/project/OS_final_project/changes/0_reproduce/env/bin/python -B -m ta_launch_sim --trace data/tectonic/20230325/Region6/full_0_0.1.trace --learned-ap --ap mlnew --ap-threshold 0.806378 --si
15:21:49 SIBLING pid=703299 tid=703303 cpu=13 used=1.8s/10s /home/sxing/project/OS_final_project/changes/0_reproduce/env/bin/python -B -m ta_launch_sim --trace data/tectonic/20230325/Region6/full_0_0.1.trace --learned-ap --ap mlnew --ap-threshold 0.806378 --si
15:21:49 SIBLING pid=704225 tid=704225 cpu=14 used=9.8s/10s /home/sxing/project/OS_final_project/changes/0_reproduce/env/bin/python -B -m ta_launch_sim --trace data/tectonic/20230325/Region6/full_0_0.1.trace --learned-ap --ap mlnew --ap-threshold 0.806378 --si
15:21:49 SIBLING pid=704225 tid=704228 cpu=12 used=1.7s/10s /home/sxing/project/OS_final_project/changes/0_reproduce/env/bin/python -B -m ta_launch_sim --trace data/tectonic/20230325/Region6/full_0_0.1.trace --learned-ap --ap mlnew --ap-threshold 0.806378 --si
15:21:59 SIBLING pid=703299 tid=703299 cpu=16 used=9.8s/10s /home/sxing/project/OS_final_project/changes/0_reproduce/env/bin/python -B -m ta_launch_sim --trace data/tectonic/20230325/Region6/full_0_0.1.trace --learned-ap --ap mlnew --ap-threshold 0.806378 --si
15:21:59 SIBLING pid=703299 tid=703303 cpu=14 used=1.8s/10s /home/sxing/project/OS_final_project/changes/0_reproduce/env/bin/python -B -m ta_launch_sim --trace data/tectonic/20230325/Region6/full_0_0.1.trace --learned-ap --ap mlnew --ap-threshold 0.806378 --si
15:21:59 SIBLING pid=704225 tid=704225 cpu=13 used=9.9s/10s /home/sxing/project/OS_final_project/changes/0_reproduce/env/bin/python -B -m ta_launch_sim --trace data/tectonic/20230325/Region6/full_0_0.1.trace --learned-ap --ap mlnew --ap-threshold 0.806378 --si
15:21:59 SIBLING pid=704225 tid=704228 cpu=17 used=1.6s/10s /home/sxing/project/OS_final_project/changes/0_reproduce/env/bin/python -B -m ta_launch_sim --trace data/tectonic/20230325/Region6/full_0_0.1.trace --learned-ap --ap mlnew --ap-threshold 0.806378 --si
15:22:09 SIBLING pid=703299 tid=703299 cpu=13 used=9.9s/10s /home/sxing/project/OS_final_project/changes/0_reproduce/env/bin/python -B -m ta_launch_sim --trace data/tectonic/20230325/Region6/full_0_0.1.trace --learned-ap --ap mlnew --ap-threshold 0.806378 --si
15:22:09 SIBLING pid=703299 tid=703303 cpu=17 used=1.7s/10s /home/sxing/project/OS_final_project/changes/0_reproduce/env/bin/python -B -m ta_launch_sim --trace data/tectonic/20230325/Region6/full_0_0.1.trace --learned-ap --ap mlnew --ap-threshold 0.806378 --si
15:22:09 SIBLING pid=704225 tid=704225 cpu=14 used=9.9s/10s /home/sxing/project/OS_final_project/changes/0_reproduce/env/bin/python -B -m ta_launch_sim --trace data/tectonic/20230325/Region6/full_0_0.1.trace --learned-ap --ap mlnew --ap-threshold 0.806378 --si
15:22:09 SIBLING pid=704225 tid=704228 cpu=12 used=1.7s/10s /home/sxing/project/OS_final_project/changes/0_reproduce/env/bin/python -B -m ta_launch_sim --trace data/tectonic/20230325/Region6/full_0_0.1.trace --learned-ap --ap mlnew --ap-threshold 0.806378 --si
15:22:19 SIBLING pid=704225 tid=704225 cpu=15 used=9.9s/10s /home/sxing/project/OS_final_project/changes/0_reproduce/env/bin/python -B -m ta_launch_sim --trace data/tectonic/20230325/Region6/full_0_0.1.trace --learned-ap --ap mlnew --ap-threshold 0.806378 --si
15:22:19 SIBLING pid=704225 tid=704228 cpu=14 used=1.6s/10s /home/sxing/project/OS_final_project/changes/0_reproduce/env/bin/python -B -m ta_launch_sim --trace data/tectonic/20230325/Region6/full_0_0.1.trace --learned-ap --ap mlnew --ap-threshold 0.806378 --si
15:22:29 SIBLING pid=704225 tid=704225 cpu=13 used=9.9s/10s /home/sxing/project/OS_final_project/changes/0_reproduce/env/bin/python -B -m ta_launch_sim --trace data/tectonic/20230325/Region6/full_0_0.1.trace --learned-ap --ap mlnew --ap-threshold 0.806378 --si
15:22:29 SIBLING pid=704225 tid=704228 cpu=15 used=1.6s/10s /home/sxing/project/OS_final_project/changes/0_reproduce/env/bin/python -B -m ta_launch_sim --trace data/tectonic/20230325/Region6/full_0_0.1.trace --learned-ap --ap mlnew --ap-threshold 0.806378 --si
15:22:39 SIBLING pid=704225 tid=704225 cpu=13 used=9.9s/10s /home/sxing/project/OS_final_project/changes/0_reproduce/env/bin/python -B -m ta_launch_sim --trace data/tectonic/20230325/Region6/full_0_0.1.trace --learned-ap --ap mlnew --ap-threshold 0.806378 --si
15:22:39 SIBLING pid=704225 tid=704228 cpu=14 used=1.6s/10s /home/sxing/project/OS_final_project/changes/0_reproduce/env/bin/python -B -m ta_launch_sim --trace data/tectonic/20230325/Region6/full_0_0.1.trace --learned-ap --ap mlnew --ap-threshold 0.806378 --si
15:22:49 SIBLING pid=704225 tid=704225 cpu=14 used=9.9s/10s /home/sxing/project/OS_final_project/changes/0_reproduce/env/bin/python -B -m ta_launch_sim --trace data/tectonic/20230325/Region6/full_0_0.1.trace --learned-ap --ap mlnew --ap-threshold 0.806378 --si
15:22:49 SIBLING pid=704225 tid=704228 cpu=15 used=1.6s/10s /home/sxing/project/OS_final_project/changes/0_reproduce/env/bin/python -B -m ta_launch_sim --trace data/tectonic/20230325/Region6/full_0_0.1.trace --learned-ap --ap mlnew --ap-threshold 0.806378 --si
15:22:59 SIBLING pid=704225 tid=704225 cpu=14 used=9.9s/10s /home/sxing/project/OS_final_project/changes/0_reproduce/env/bin/python -B -m ta_launch_sim --trace data/tectonic/20230325/Region6/full_0_0.1.trace --learned-ap --ap mlnew --ap-threshold 0.806378 --si
15:22:59 SIBLING pid=704225 tid=704228 cpu=15 used=1.6s/10s /home/sxing/project/OS_final_project/changes/0_reproduce/env/bin/python -B -m ta_launch_sim --trace data/tectonic/20230325/Region6/full_0_0.1.trace --learned-ap --ap mlnew --ap-threshold 0.806378 --si
15:23:09 SIBLING pid=704225 tid=704225 cpu=13 used=9.9s/10s /home/sxing/project/OS_final_project/changes/0_reproduce/env/bin/python -B -m ta_launch_sim --trace data/tectonic/20230325/Region6/full_0_0.1.trace --learned-ap --ap mlnew --ap-threshold 0.806378 --si
15:23:09 SIBLING pid=704225 tid=704228 cpu=14 used=1.5s/10s /home/sxing/project/OS_final_project/changes/0_reproduce/env/bin/python -B -m ta_launch_sim --trace data/tectonic/20230325/Region6/full_0_0.1.trace --learned-ap --ap mlnew --ap-threshold 0.806378 --si
15:23:19 SIBLING pid=704225 tid=704225 cpu=13 used=9.9s/10s /home/sxing/project/OS_final_project/changes/0_reproduce/env/bin/python -B -m ta_launch_sim --trace data/tectonic/20230325/Region6/full_0_0.1.trace --learned-ap --ap mlnew --ap-threshold 0.806378 --si
15:23:19 SIBLING pid=704225 tid=704228 cpu=12 used=1.7s/10s /home/sxing/project/OS_final_project/changes/0_reproduce/env/bin/python -B -m ta_launch_sim --trace data/tectonic/20230325/Region6/full_0_0.1.trace --learned-ap --ap mlnew --ap-threshold 0.806378 --si
15:23:29 SIBLING pid=704225 tid=704225 cpu=15 used=9.9s/10s /home/sxing/project/OS_final_project/changes/0_reproduce/env/bin/python -B -m ta_launch_sim --trace data/tectonic/20230325/Region6/full_0_0.1.trace --learned-ap --ap mlnew --ap-threshold 0.806378 --si
15:23:29 SIBLING pid=704225 tid=704228 cpu=16 used=1.7s/10s /home/sxing/project/OS_final_project/changes/0_reproduce/env/bin/python -B -m ta_launch_sim --trace data/tectonic/20230325/Region6/full_0_0.1.trace --learned-ap --ap mlnew --ap-threshold 0.806378 --si
15:23:39 SIBLING pid=704225 tid=704225 cpu=15 used=9.8s/10s /home/sxing/project/OS_final_project/changes/0_reproduce/env/bin/python -B -m ta_launch_sim --trace data/tectonic/20230325/Region6/full_0_0.1.trace --learned-ap --ap mlnew --ap-threshold 0.806378 --si
15:23:39 SIBLING pid=704225 tid=704228 cpu=16 used=1.8s/10s /home/sxing/project/OS_final_project/changes/0_reproduce/env/bin/python -B -m ta_launch_sim --trace data/tectonic/20230325/Region6/full_0_0.1.trace --learned-ap --ap mlnew --ap-threshold 0.806378 --si
15:23:49 SIBLING pid=704225 tid=704225 cpu=13 used=9.9s/10s /home/sxing/project/OS_final_project/changes/0_reproduce/env/bin/python -B -m ta_launch_sim --trace data/tectonic/20230325/Region6/full_0_0.1.trace --learned-ap --ap mlnew --ap-threshold 0.806378 --si
15:23:49 SIBLING pid=704225 tid=704228 cpu=16 used=1.8s/10s /home/sxing/project/OS_final_project/changes/0_reproduce/env/bin/python -B -m ta_launch_sim --trace data/tectonic/20230325/Region6/full_0_0.1.trace --learned-ap --ap mlnew --ap-threshold 0.806378 --si
15:23:59 SIBLING pid=704225 tid=704225 cpu=16 used=9.8s/10s /home/sxing/project/OS_final_project/changes/0_reproduce/env/bin/python -B -m ta_launch_sim --trace data/tectonic/20230325/Region6/full_0_0.1.trace --learned-ap --ap mlnew --ap-threshold 0.806378 --si
15:23:59 SIBLING pid=704225 tid=704228 cpu=15 used=1.8s/10s /home/sxing/project/OS_final_project/changes/0_reproduce/env/bin/python -B -m ta_launch_sim --trace data/tectonic/20230325/Region6/full_0_0.1.trace --learned-ap --ap mlnew --ap-threshold 0.806378 --si
15:24:09 SIBLING pid=704225 tid=704225 cpu=12 used=9.9s/10s /home/sxing/project/OS_final_project/changes/0_reproduce/env/bin/python -B -m ta_launch_sim --trace data/tectonic/20230325/Region6/full_0_0.1.trace --learned-ap --ap mlnew --ap-threshold 0.806378 --si
15:24:09 SIBLING pid=704225 tid=704228 cpu=13 used=1.7s/10s /home/sxing/project/OS_final_project/changes/0_reproduce/env/bin/python -B -m ta_launch_sim --trace data/tectonic/20230325/Region6/full_0_0.1.trace --learned-ap --ap mlnew --ap-threshold 0.806378 --si
16:01:02 SIBLING pid=717962 tid=717962 cpu=15 used=10.0s/10s python3 -c 
import time
t=time.time()
while time.time()-t<20: pass
 
16:19:34 SIBLING pid=723270 tid=723270 cpu=18 used=5.3s/10s <editor/agent state> --dns-result-order=ipv4first <editor/agent state> --t
16:19:34 SIBLING pid=723270 tid=723272 cpu=17 used=1.3s/10s <editor/agent state> --dns-result-order=ipv4first <editor/agent state> --t
16:19:34 DIRECT pid=723270 tid=723273 cpu=1 used=1.4s/10s <editor/agent state> --dns-result-order=ipv4first <editor/agent state> --t
16:19:34 SIBLING pid=723270 tid=723274 cpu=12 used=1.3s/10s <editor/agent state> --dns-result-order=ipv4first <editor/agent state> --t
16:19:34 SIBLING pid=723270 tid=723275 cpu=19 used=1.3s/10s <editor/agent state> --dns-result-order=ipv4first <editor/agent state> --t
16:19:34 DIRECT pid=723281 tid=723281 cpu=0 used=0.9s/10s <editor/agent state> <editor/agent state> --type=fileWatcher 
16:19:34 SIBLING pid=723281 tid=723288 cpu=13 used=1.6s/10s <editor/agent state> <editor/agent state> --type=fileWatcher 
16:19:34 SIBLING pid=723281 tid=723289 cpu=19 used=2.3s/10s <editor/agent state> <editor/agent state> --type=fileWatcher 
16:19:34 SIBLING pid=723281 tid=723290 cpu=17 used=2.6s/10s <editor/agent state> <editor/agent state> --type=fileWatcher 
16:19:44 SIBLING pid=723270 tid=723270 cpu=14 used=0.9s/10s <editor/agent state> --dns-result-order=ipv4first <editor/agent state> --t
16:19:44 SIBLING pid=724785 tid=724785 cpu=19 used=4.2s/10s <editor/agent state> <editor/agent state> --cancellationReceive=file:77
16:19:44 SIBLING pid=724785 tid=724787 cpu=15 used=0.7s/10s <editor/agent state> <editor/agent state> --cancellationReceive=file:77
16:19:44 SIBLING pid=724785 tid=724788 cpu=18 used=0.7s/10s <editor/agent state> <editor/agent state> --cancellationReceive=file:77
16:19:44 SIBLING pid=724785 tid=724789 cpu=13 used=0.7s/10s <editor/agent state> <editor/agent state> --cancellationReceive=file:77
16:19:44 SIBLING pid=724785 tid=724790 cpu=13 used=0.7s/10s <editor/agent state> <editor/agent state> --cancellationReceive=file:77
16:19:54 SIBLING pid=723270 tid=723270 cpu=19 used=0.5s/10s <editor/agent state> --dns-result-order=ipv4first <editor/agent state> --t
16:20:04 DIRECT pid=723270 tid=723270 cpu=7 used=0.6s/10s <editor/agent state> --dns-result-order=ipv4first <editor/agent state> --t
16:20:14 SIBLING pid=724928 tid=724928 cpu=18 used=0.5s/10s <editor/agent state> --output-format stream-json --verbose --input-format stream-json --max-thinking-tokens 3199
16:20:24 SIBLING pid=723270 tid=723270 cpu=18 used=0.6s/10s <editor/agent state> --dns-result-order=ipv4first <editor/agent state> --t
16:20:44 SIBLING pid=725610 tid=725610 cpu=12 used=0.6s/10s <editor/agent state> --output-format stream-json --verbose --input-format stream-json --max-thinking-tokens 3199
16:22:04 SIBLING pid=723270 tid=723270 cpu=19 used=0.5s/10s <editor/agent state> --dns-result-order=ipv4first <editor/agent state> --t
16:25:35 SIBLING pid=724785 tid=724785 cpu=19 used=3.5s/10s <editor/agent state> <editor/agent state> --cancellationReceive=file:77
16:25:45 DIRECT pid=724785 tid=724785 cpu=6 used=6.7s/10s <editor/agent state> <editor/agent state> --cancellationReceive=file:77
16:25:45 SIBLING pid=724785 tid=724787 cpu=13 used=1.1s/10s <editor/agent state> <editor/agent state> --cancellationReceive=file:77
16:25:45 SIBLING pid=724785 tid=724788 cpu=15 used=1.0s/10s <editor/agent state> <editor/agent state> --cancellationReceive=file:77
16:25:45 SIBLING pid=724785 tid=724789 cpu=16 used=1.0s/10s <editor/agent state> <editor/agent state> --cancellationReceive=file:77
16:25:45 SIBLING pid=724785 tid=724790 cpu=18 used=1.0s/10s <editor/agent state> <editor/agent state> --cancellationReceive=file:77
16:26:55 DIRECT pid=724785 tid=724785 cpu=1 used=2.2s/10s <editor/agent state> <editor/agent state> --cancellationReceive=file:77
16:27:05 DIRECT pid=724785 tid=724785 cpu=6 used=6.8s/10s <editor/agent state> <editor/agent state> --cancellationReceive=file:77
16:27:05 SIBLING pid=724785 tid=724787 cpu=14 used=1.1s/10s <editor/agent state> <editor/agent state> --cancellationReceive=file:77
16:27:05 SIBLING pid=724785 tid=724788 cpu=15 used=1.1s/10s <editor/agent state> <editor/agent state> --cancellationReceive=file:77
16:27:05 DIRECT pid=724785 tid=724789 cpu=0 used=1.1s/10s <editor/agent state> <editor/agent state> --cancellationReceive=file:77
16:27:05 SIBLING pid=724785 tid=724790 cpu=13 used=1.1s/10s <editor/agent state> <editor/agent state> --cancellationReceive=file:77
16:27:15 DIRECT pid=724785 tid=724785 cpu=2 used=3.1s/10s <editor/agent state> <editor/agent state> --cancellationReceive=file:77
16:27:25 SIBLING pid=724785 tid=724785 cpu=12 used=6.0s/10s <editor/agent state> <editor/agent state> --cancellationReceive=file:77
16:27:25 SIBLING pid=724785 tid=724787 cpu=17 used=1.0s/10s <editor/agent state> <editor/agent state> --cancellationReceive=file:77
16:27:25 SIBLING pid=724785 tid=724788 cpu=15 used=1.0s/10s <editor/agent state> <editor/agent state> --cancellationReceive=file:77
16:27:25 SIBLING pid=724785 tid=724789 cpu=16 used=1.0s/10s <editor/agent state> <editor/agent state> --cancellationReceive=file:77
16:27:25 SIBLING pid=724785 tid=724790 cpu=13 used=1.0s/10s <editor/agent state> <editor/agent state> --cancellationReceive=file:77
16:27:55 SIBLING pid=724785 tid=724785 cpu=14 used=8.1s/10s <editor/agent state> <editor/agent state> --cancellationReceive=file:77
16:27:55 SIBLING pid=724785 tid=724787 cpu=12 used=1.1s/10s <editor/agent state> <editor/agent state> --cancellationReceive=file:77
16:27:55 SIBLING pid=724785 tid=724788 cpu=16 used=1.1s/10s <editor/agent state> <editor/agent state> --cancellationReceive=file:77
16:27:55 SIBLING pid=724785 tid=724789 cpu=15 used=1.1s/10s <editor/agent state> <editor/agent state> --cancellationReceive=file:77
16:27:55 SIBLING pid=724785 tid=724790 cpu=13 used=1.1s/10s <editor/agent state> <editor/agent state> --cancellationReceive=file:77
16:28:05 SIBLING pid=724785 tid=724785 cpu=15 used=1.2s/10s <editor/agent state> <editor/agent state> --cancellationReceive=file:77
16:28:45 SIBLING pid=724785 tid=724785 cpu=13 used=2.9s/10s <editor/agent state> <editor/agent state> --cancellationReceive=file:77
16:28:55 DIRECT pid=724785 tid=724785 cpu=7 used=6.8s/10s <editor/agent state> <editor/agent state> --cancellationReceive=file:77
16:28:55 DIRECT pid=724785 tid=724787 cpu=6 used=1.0s/10s <editor/agent state> <editor/agent state> --cancellationReceive=file:77
16:28:55 DIRECT pid=724785 tid=724788 cpu=7 used=1.0s/10s <editor/agent state> <editor/agent state> --cancellationReceive=file:77
16:28:55 SIBLING pid=724785 tid=724789 cpu=12 used=1.0s/10s <editor/agent state> <editor/agent state> --cancellationReceive=file:77
16:28:55 SIBLING pid=724785 tid=724790 cpu=13 used=1.0s/10s <editor/agent state> <editor/agent state> --cancellationReceive=file:77
16:29:25 SIBLING pid=724785 tid=724785 cpu=13 used=8.5s/10s <editor/agent state> <editor/agent state> --cancellationReceive=file:77
16:29:25 SIBLING pid=724785 tid=724787 cpu=16 used=1.1s/10s <editor/agent state> <editor/agent state> --cancellationReceive=file:77
16:29:25 SIBLING pid=724785 tid=724788 cpu=14 used=1.1s/10s <editor/agent state> <editor/agent state> --cancellationReceive=file:77
16:29:25 SIBLING pid=724785 tid=724789 cpu=15 used=1.1s/10s <editor/agent state> <editor/agent state> --cancellationReceive=file:77
16:29:25 SIBLING pid=724785 tid=724790 cpu=12 used=1.1s/10s <editor/agent state> <editor/agent state> --cancellationReceive=file:77
16:29:35 SIBLING pid=724785 tid=724785 cpu=13 used=1.9s/10s <editor/agent state> <editor/agent state> --cancellationReceive=file:77
16:30:35 SIBLING pid=724785 tid=724785 cpu=14 used=7.5s/10s <editor/agent state> <editor/agent state> --cancellationReceive=file:77
16:30:35 SIBLING pid=724785 tid=724787 cpu=13 used=1.1s/10s <editor/agent state> <editor/agent state> --cancellationReceive=file:77
16:30:35 SIBLING pid=724785 tid=724788 cpu=12 used=1.0s/10s <editor/agent state> <editor/agent state> --cancellationReceive=file:77
16:30:35 SIBLING pid=724785 tid=724789 cpu=16 used=1.0s/10s <editor/agent state> <editor/agent state> --cancellationReceive=file:77
16:30:35 SIBLING pid=724785 tid=724790 cpu=15 used=1.0s/10s <editor/agent state> <editor/agent state> --cancellationReceive=file:77
16:30:45 DIRECT pid=724785 tid=724785 cpu=1 used=9.4s/10s <editor/agent state> <editor/agent state> --cancellationReceive=file:77
16:30:45 SIBLING pid=724785 tid=724787 cpu=15 used=1.2s/10s <editor/agent state> <editor/agent state> --cancellationReceive=file:77
16:30:45 SIBLING pid=724785 tid=724788 cpu=13 used=1.2s/10s <editor/agent state> <editor/agent state> --cancellationReceive=file:77
16:30:45 SIBLING pid=724785 tid=724789 cpu=12 used=1.2s/10s <editor/agent state> <editor/agent state> --cancellationReceive=file:77
16:30:45 SIBLING pid=724785 tid=724790 cpu=14 used=1.2s/10s <editor/agent state> <editor/agent state> --cancellationReceive=file:77
16:30:55 DIRECT pid=724785 tid=724785 cpu=6 used=2.8s/10s <editor/agent state> <editor/agent state> --cancellationReceive=file:77
16:32:56 SIBLING pid=724785 tid=724785 cpu=19 used=3.0s/10s <editor/agent state> <editor/agent state> --cancellationReceive=file:77
16:33:06 SIBLING pid=724785 tid=724785 cpu=14 used=6.8s/10s <editor/agent state> <editor/agent state> --cancellationReceive=file:77
16:33:06 SIBLING pid=724785 tid=724787 cpu=13 used=1.1s/10s <editor/agent state> <editor/agent state> --cancellationReceive=file:77
16:33:06 SIBLING pid=724785 tid=724788 cpu=19 used=1.1s/10s <editor/agent state> <editor/agent state> --cancellationReceive=file:77
16:33:06 SIBLING pid=724785 tid=724789 cpu=15 used=1.1s/10s <editor/agent state> <editor/agent state> --cancellationReceive=file:77
16:33:06 DIRECT pid=724785 tid=724790 cpu=6 used=1.1s/10s <editor/agent state> <editor/agent state> --cancellationReceive=file:77
16:36:56 DIRECT pid=724785 tid=724785 cpu=2 used=1.0s/10s <editor/agent state> <editor/agent state> --cancellationReceive=file:77
16:37:06 SIBLING pid=724785 tid=724785 cpu=18 used=7.5s/10s <editor/agent state> <editor/agent state> --cancellationReceive=file:77
16:37:06 DIRECT pid=724785 tid=724787 cpu=3 used=1.2s/10s <editor/agent state> <editor/agent state> --cancellationReceive=file:77
16:37:06 SIBLING pid=724785 tid=724788 cpu=12 used=1.2s/10s <editor/agent state> <editor/agent state> --cancellationReceive=file:77
16:37:06 DIRECT pid=724785 tid=724789 cpu=4 used=1.2s/10s <editor/agent state> <editor/agent state> --cancellationReceive=file:77
16:37:06 SIBLING pid=724785 tid=724790 cpu=18 used=1.2s/10s <editor/agent state> <editor/agent state> --cancellationReceive=file:77
16:37:16 DIRECT pid=724785 tid=724785 cpu=2 used=3.8s/10s <editor/agent state> <editor/agent state> --cancellationReceive=file:77
16:37:26 DIRECT pid=724785 tid=724785 cpu=2 used=4.7s/10s <editor/agent state> <editor/agent state> --cancellationReceive=file:77
16:37:26 SIBLING pid=724785 tid=724787 cpu=18 used=0.8s/10s <editor/agent state> <editor/agent state> --cancellationReceive=file:77
16:37:26 DIRECT pid=724785 tid=724788 cpu=6 used=0.8s/10s <editor/agent state> <editor/agent state> --cancellationReceive=file:77
16:37:26 SIBLING pid=724785 tid=724789 cpu=14 used=0.8s/10s <editor/agent state> <editor/agent state> --cancellationReceive=file:77
16:37:26 DIRECT pid=724785 tid=724790 cpu=0 used=0.8s/10s <editor/agent state> <editor/agent state> --cancellationReceive=file:77
16:43:17 DIRECT pid=723270 tid=723270 cpu=7 used=0.7s/10s <editor/agent state> --dns-result-order=ipv4first <editor/agent state> --t
16:43:17 SIBLING pid=724785 tid=724785 cpu=12 used=1.4s/10s <editor/agent state> <editor/agent state> --cancellationReceive=file:77
16:43:17 SIBLING pid=724785 tid=724787 cpu=16 used=1.4s/10s <editor/agent state> <editor/agent state> --cancellationReceive=file:77
16:43:17 SIBLING pid=724785 tid=724788 cpu=15 used=1.4s/10s <editor/agent state> <editor/agent state> --cancellationReceive=file:77
16:43:17 SIBLING pid=724785 tid=724789 cpu=14 used=1.4s/10s <editor/agent state> <editor/agent state> --cancellationReceive=file:77
16:43:17 SIBLING pid=724785 tid=724790 cpu=13 used=1.4s/10s <editor/agent state> <editor/agent state> --cancellationReceive=file:77
16:43:17 SIBLING pid=724785 tid=724830 cpu=13 used=4.8s/10s <editor/agent state> <editor/agent state> --cancellationReceive=file:77
16:43:27 DIRECT pid=724785 tid=724785 cpu=2 used=5.4s/10s <editor/agent state> <editor/agent state> --cancellationReceive=file:77
16:43:27 SIBLING pid=724785 tid=724787 cpu=13 used=0.7s/10s <editor/agent state> <editor/agent state> --cancellationReceive=file:77
16:43:27 SIBLING pid=724785 tid=724788 cpu=14 used=0.7s/10s <editor/agent state> <editor/agent state> --cancellationReceive=file:77
16:43:27 SIBLING pid=724785 tid=724789 cpu=16 used=0.7s/10s <editor/agent state> <editor/agent state> --cancellationReceive=file:77
16:43:27 DIRECT pid=724785 tid=724790 cpu=3 used=0.7s/10s <editor/agent state> <editor/agent state> --cancellationReceive=file:77
16:43:37 SIBLING pid=724785 tid=724785 cpu=15 used=5.1s/10s <editor/agent state> <editor/agent state> --cancellationReceive=file:77
16:43:37 SIBLING pid=724785 tid=724787 cpu=17 used=1.4s/10s <editor/agent state> <editor/agent state> --cancellationReceive=file:77
16:43:37 SIBLING pid=724785 tid=724788 cpu=12 used=1.4s/10s <editor/agent state> <editor/agent state> --cancellationReceive=file:77
16:43:37 SIBLING pid=724785 tid=724789 cpu=16 used=1.4s/10s <editor/agent state> <editor/agent state> --cancellationReceive=file:77
16:43:37 SIBLING pid=724785 tid=724790 cpu=13 used=1.4s/10s <editor/agent state> <editor/agent state> --cancellationReceive=file:77
16:43:37 SIBLING pid=724785 tid=724830 cpu=14 used=4.7s/10s <editor/agent state> <editor/agent state> --cancellationReceive=file:77
16:47:28 DIRECT pid=723270 tid=723270 cpu=6 used=0.6s/10s <editor/agent state> --dns-result-order=ipv4first <editor/agent state> --t
16:47:38 SIBLING pid=723270 tid=723270 cpu=17 used=0.7s/10s <editor/agent state> --dns-result-order=ipv4first <editor/agent state> --t
16:47:48 SIBLING pid=723270 tid=723270 cpu=17 used=0.7s/10s <editor/agent state> --dns-result-order=ipv4first <editor/agent state> --t
16:47:58 SIBLING pid=723270 tid=723270 cpu=12 used=0.7s/10s <editor/agent state> --dns-result-order=ipv4first <editor/agent state> --t
16:48:08 SIBLING pid=723270 tid=723270 cpu=16 used=0.7s/10s <editor/agent state> --dns-result-order=ipv4first <editor/agent state> --t
16:48:18 SIBLING pid=723270 tid=723270 cpu=12 used=0.7s/10s <editor/agent state> --dns-result-order=ipv4first <editor/agent state> --t
16:48:28 SIBLING pid=723270 tid=723270 cpu=12 used=0.7s/10s <editor/agent state> --dns-result-order=ipv4first <editor/agent state> --t
16:48:38 SIBLING pid=723270 tid=723270 cpu=18 used=0.7s/10s <editor/agent state> --dns-result-order=ipv4first <editor/agent state> --t
16:48:48 SIBLING pid=723270 tid=723270 cpu=19 used=0.7s/10s <editor/agent state> --dns-result-order=ipv4first <editor/agent state> --t
16:48:58 SIBLING pid=723270 tid=723270 cpu=18 used=0.7s/10s <editor/agent state> --dns-result-order=ipv4first <editor/agent state> --t
16:49:08 SIBLING pid=723270 tid=723270 cpu=18 used=0.8s/10s <editor/agent state> --dns-result-order=ipv4first <editor/agent state> --t
16:49:18 SIBLING pid=723270 tid=723270 cpu=18 used=0.7s/10s <editor/agent state> --dns-result-order=ipv4first <editor/agent state> --t
16:49:28 SIBLING pid=723270 tid=723270 cpu=19 used=0.7s/10s <editor/agent state> --dns-result-order=ipv4first <editor/agent state> --t
16:49:38 DIRECT pid=723270 tid=723270 cpu=6 used=0.7s/10s <editor/agent state> --dns-result-order=ipv4first <editor/agent state> --t
16:49:48 SIBLING pid=723270 tid=723270 cpu=12 used=0.6s/10s <editor/agent state> --dns-result-order=ipv4first <editor/agent state> --t
16:49:58 SIBLING pid=723270 tid=723270 cpu=18 used=0.7s/10s <editor/agent state> --dns-result-order=ipv4first <editor/agent state> --t
16:50:08 SIBLING pid=723270 tid=723270 cpu=19 used=0.7s/10s <editor/agent state> --dns-result-order=ipv4first <editor/agent state> --t
16:50:19 SIBLING pid=723270 tid=723270 cpu=12 used=0.7s/10s <editor/agent state> --dns-result-order=ipv4first <editor/agent state> --t
17:03:01 DIRECT pid=723270 tid=723270 cpu=7 used=0.6s/10s <editor/agent state> --dns-result-order=ipv4first <editor/agent state> --t
17:03:11 SIBLING pid=723270 tid=723270 cpu=18 used=0.5s/10s <editor/agent state> --dns-result-order=ipv4first <editor/agent state> --t
17:10:22 SIBLING pid=723270 tid=723270 cpu=13 used=0.6s/10s <editor/agent state> --dns-result-order=ipv4first <editor/agent state> --t
17:10:32 SIBLING pid=723270 tid=723270 cpu=19 used=0.7s/10s <editor/agent state> --dns-result-order=ipv4first <editor/agent state> --t
17:10:42 SIBLING pid=723270 tid=723270 cpu=19 used=0.7s/10s <editor/agent state> --dns-result-order=ipv4first <editor/agent state> --t
17:10:52 SIBLING pid=723270 tid=723270 cpu=18 used=0.6s/10s <editor/agent state> --dns-result-order=ipv4first <editor/agent state> --t
17:11:02 SIBLING pid=723270 tid=723270 cpu=19 used=0.6s/10s <editor/agent state> --dns-result-order=ipv4first <editor/agent state> --t
17:11:12 DIRECT pid=723270 tid=723270 cpu=7 used=0.6s/10s <editor/agent state> --dns-result-order=ipv4first <editor/agent state> --t
17:35:25 SIBLING pid=723270 tid=723270 cpu=12 used=2.6s/10s <editor/agent state> --dns-result-order=ipv4first <editor/agent state> --t
17:35:25 SIBLING pid=724785 tid=724785 cpu=14 used=1.9s/10s <editor/agent state> <editor/agent state> --cancellationReceive=file:77
17:35:35 DIRECT pid=724785 tid=724785 cpu=5 used=9.7s/10s <editor/agent state> <editor/agent state> --cancellationReceive=file:77
17:35:35 DIRECT pid=724785 tid=724787 cpu=2 used=1.5s/10s <editor/agent state> <editor/agent state> --cancellationReceive=file:77
17:35:35 SIBLING pid=724785 tid=724788 cpu=16 used=1.5s/10s <editor/agent state> <editor/agent state> --cancellationReceive=file:77
17:35:35 DIRECT pid=724785 tid=724789 cpu=1 used=1.4s/10s <editor/agent state> <editor/agent state> --cancellationReceive=file:77
17:35:35 SIBLING pid=724785 tid=724790 cpu=19 used=1.5s/10s <editor/agent state> <editor/agent state> --cancellationReceive=file:77
17:50:38 DIRECT pid=723270 tid=723270 cpu=7 used=0.6s/10s <editor/agent state> --dns-result-order=ipv4first <editor/agent state> --t
18:28:23 SIBLING pid=724785 tid=724785 cpu=15 used=1.2s/10s <editor/agent state> <editor/agent state> --cancellationReceive=file:77
18:28:23 SIBLING pid=724785 tid=724787 cpu=19 used=1.1s/10s <editor/agent state> <editor/agent state> --cancellationReceive=file:77
18:28:23 SIBLING pid=724785 tid=724788 cpu=14 used=1.1s/10s <editor/agent state> <editor/agent state> --cancellationReceive=file:77
18:28:23 SIBLING pid=724785 tid=724789 cpu=13 used=1.1s/10s <editor/agent state> <editor/agent state> --cancellationReceive=file:77
18:28:23 SIBLING pid=724785 tid=724790 cpu=12 used=1.1s/10s <editor/agent state> <editor/agent state> --cancellationReceive=file:77
18:28:23 DIRECT pid=724785 tid=724830 cpu=5 used=4.7s/10s <editor/agent state> <editor/agent state> --cancellationReceive=file:77
18:33:34 SIBLING pid=775748 tid=775748 cpu=14 used=7.8s/10s python3 <foreign process> 
18:33:34 SIBLING pid=775748 tid=775828 cpu=12 used=7.3s/10s python3 <foreign process> 
18:33:34 SIBLING pid=775748 tid=775829 cpu=17 used=7.6s/10s python3 <foreign process> 
18:33:34 SIBLING pid=775748 tid=775830 cpu=16 used=7.5s/10s python3 <foreign process> 
18:33:34 DIRECT pid=775748 tid=775831 cpu=2 used=7.5s/10s python3 <foreign process> 
18:33:34 DIRECT pid=775748 tid=775832 cpu=4 used=7.6s/10s python3 <foreign process> 
18:33:34 DIRECT pid=775748 tid=775833 cpu=0 used=7.6s/10s python3 <foreign process> 
18:33:34 SIBLING pid=775748 tid=775834 cpu=19 used=7.4s/10s python3 <foreign process> 
18:33:34 DIRECT pid=775748 tid=775835 cpu=3 used=7.0s/10s python3 <foreign process> 
18:33:34 SIBLING pid=775748 tid=775836 cpu=18 used=7.0s/10s python3 <foreign process> 
18:33:34 SIBLING pid=775748 tid=775837 cpu=15 used=7.6s/10s python3 <foreign process> 
18:33:34 SIBLING pid=775748 tid=775838 cpu=13 used=7.5s/10s python3 <foreign process> 
18:33:44 SIBLING pid=775748 tid=775748 cpu=12 used=7.8s/10s python3 <foreign process> 
18:33:44 SIBLING pid=775748 tid=775828 cpu=14 used=7.4s/10s python3 <foreign process> 
18:33:44 DIRECT pid=775748 tid=775829 cpu=0 used=7.4s/10s python3 <foreign process> 
18:33:44 SIBLING pid=775748 tid=775830 cpu=13 used=7.5s/10s python3 <foreign process> 
18:33:44 DIRECT pid=775748 tid=775831 cpu=2 used=7.6s/10s python3 <foreign process> 
18:33:44 SIBLING pid=775748 tid=775832 cpu=15 used=7.4s/10s python3 <foreign process> 
18:33:44 DIRECT pid=775748 tid=775833 cpu=5 used=7.2s/10s python3 <foreign process> 
18:33:44 SIBLING pid=775748 tid=775834 cpu=17 used=7.1s/10s python3 <foreign process> 
18:33:44 DIRECT pid=775748 tid=775835 cpu=1 used=7.5s/10s python3 <foreign process> 
18:33:44 DIRECT pid=775748 tid=775836 cpu=4 used=7.3s/10s python3 <foreign process> 
18:33:44 SIBLING pid=775748 tid=775837 cpu=16 used=7.6s/10s python3 <foreign process> 
18:33:44 SIBLING pid=775748 tid=775838 cpu=14 used=7.5s/10s python3 <foreign process> 
18:33:54 DIRECT pid=775748 tid=775748 cpu=2 used=7.8s/10s python3 <foreign process> 
18:33:54 DIRECT pid=775748 tid=775828 cpu=5 used=7.4s/10s python3 <foreign process> 
18:33:54 SIBLING pid=775748 tid=775829 cpu=14 used=7.4s/10s python3 <foreign process> 
18:33:54 SIBLING pid=775748 tid=775830 cpu=17 used=7.4s/10s python3 <foreign process> 
18:33:54 SIBLING pid=775748 tid=775831 cpu=18 used=7.4s/10s python3 <foreign process> 
18:33:54 DIRECT pid=775748 tid=775832 cpu=0 used=7.1s/10s python3 <foreign process> 
18:33:54 SIBLING pid=775748 tid=775833 cpu=15 used=7.4s/10s python3 <foreign process> 
18:33:54 SIBLING pid=775748 tid=775834 cpu=12 used=7.5s/10s python3 <foreign process> 
18:33:54 SIBLING pid=775748 tid=775835 cpu=16 used=7.3s/10s python3 <foreign process> 
18:33:54 SIBLING pid=775748 tid=775836 cpu=19 used=7.2s/10s python3 <foreign process> 
18:33:54 SIBLING pid=775748 tid=775837 cpu=13 used=7.0s/10s python3 <foreign process> 
18:33:54 DIRECT pid=775748 tid=775838 cpu=3 used=7.5s/10s python3 <foreign process> 
18:34:04 SIBLING pid=775748 tid=775748 cpu=12 used=7.8s/10s python3 <foreign process> 
18:34:04 SIBLING pid=775748 tid=775828 cpu=15 used=8.0s/10s python3 <foreign process> 
18:34:04 SIBLING pid=775748 tid=775829 cpu=16 used=8.0s/10s python3 <foreign process> 
18:34:04 SIBLING pid=775748 tid=775830 cpu=17 used=7.8s/10s python3 <foreign process> 
18:34:04 DIRECT pid=775748 tid=775831 cpu=2 used=8.0s/10s python3 <foreign process> 
18:34:04 DIRECT pid=775748 tid=775832 cpu=4 used=8.0s/10s python3 <foreign process> 
18:34:04 DIRECT pid=775748 tid=775833 cpu=1 used=7.8s/10s python3 <foreign process> 
18:34:04 SIBLING pid=775748 tid=775834 cpu=18 used=7.8s/10s python3 <foreign process> 
18:34:04 DIRECT pid=775748 tid=775835 cpu=3 used=7.8s/10s python3 <foreign process> 
18:34:04 SIBLING pid=775748 tid=775836 cpu=14 used=7.5s/10s python3 <foreign process> 
18:34:04 DIRECT pid=775748 tid=775837 cpu=0 used=7.7s/10s python3 <foreign process> 
18:34:04 SIBLING pid=775748 tid=775838 cpu=13 used=7.9s/10s python3 <foreign process> 
18:34:14 SIBLING pid=775748 tid=775748 cpu=18 used=8.1s/10s python3 <foreign process> 
18:34:14 DIRECT pid=775748 tid=775828 cpu=5 used=7.6s/10s python3 <foreign process> 
18:34:14 DIRECT pid=775748 tid=775829 cpu=6 used=8.1s/10s python3 <foreign process> 
18:34:14 SIBLING pid=775748 tid=775830 cpu=19 used=8.0s/10s python3 <foreign process> 
18:34:14 SIBLING pid=775748 tid=775831 cpu=13 used=8.2s/10s python3 <foreign process> 
18:34:14 SIBLING pid=775748 tid=775832 cpu=14 used=8.1s/10s python3 <foreign process> 
18:34:14 SIBLING pid=775748 tid=775833 cpu=15 used=8.2s/10s python3 <foreign process> 
18:34:14 SIBLING pid=775748 tid=775834 cpu=16 used=8.1s/10s python3 <foreign process> 
18:34:14 DIRECT pid=775748 tid=775835 cpu=2 used=8.2s/10s python3 <foreign process> 
18:34:14 DIRECT pid=775748 tid=775836 cpu=4 used=8.0s/10s python3 <foreign process> 
18:34:14 SIBLING pid=775748 tid=775837 cpu=12 used=8.2s/10s python3 <foreign process> 
18:34:14 SIBLING pid=775748 tid=775838 cpu=17 used=8.2s/10s python3 <foreign process> 
18:34:24 SIBLING pid=775748 tid=775748 cpu=16 used=8.2s/10s python3 <foreign process> 
18:34:24 DIRECT pid=775748 tid=775828 cpu=3 used=8.3s/10s python3 <foreign process> 
18:34:24 SIBLING pid=775748 tid=775829 cpu=12 used=8.2s/10s python3 <foreign process> 
18:34:24 DIRECT pid=775748 tid=775830 cpu=2 used=7.9s/10s python3 <foreign process> 
18:34:24 SIBLING pid=775748 tid=775831 cpu=17 used=8.3s/10s python3 <foreign process> 
18:34:24 SIBLING pid=775748 tid=775832 cpu=18 used=8.2s/10s python3 <foreign process> 
18:34:24 SIBLING pid=775748 tid=775833 cpu=14 used=8.3s/10s python3 <foreign process> 
18:34:24 SIBLING pid=775748 tid=775834 cpu=15 used=7.9s/10s python3 <foreign process> 
18:34:24 DIRECT pid=775748 tid=775835 cpu=5 used=8.1s/10s python3 <foreign process> 
18:34:24 SIBLING pid=775748 tid=775836 cpu=13 used=8.1s/10s python3 <foreign process> 
18:34:24 DIRECT pid=775748 tid=775837 cpu=4 used=8.2s/10s python3 <foreign process> 
18:34:24 SIBLING pid=775748 tid=775838 cpu=19 used=7.8s/10s python3 <foreign process> 
20:17:37 SIBLING pid=806667 tid=806667 cpu=15 used=0.8s/10s <editor/agent state> <editor/agent state> --type=fileWatcher 
20:17:37 SIBLING pid=806667 tid=806674 cpu=17 used=1.1s/10s <editor/agent state> <editor/agent state> --type=fileWatcher 
20:17:37 SIBLING pid=806667 tid=806675 cpu=16 used=4.1s/10s <editor/agent state> <editor/agent state> --type=fileWatcher 
20:17:37 DIRECT pid=806667 tid=806677 cpu=5 used=2.1s/10s <editor/agent state> <editor/agent state> --type=fileWatcher 
20:17:37 SIBLING pid=806678 tid=806678 cpu=19 used=4.5s/10s <editor/agent state> --dns-result-order=ipv4first <editor/agent state> --t
20:17:37 SIBLING pid=806678 tid=806680 cpu=16 used=1.1s/10s <editor/agent state> --dns-result-order=ipv4first <editor/agent state> --t
20:17:37 SIBLING pid=806678 tid=806681 cpu=12 used=1.1s/10s <editor/agent state> --dns-result-order=ipv4first <editor/agent state> --t
20:17:37 SIBLING pid=806678 tid=806682 cpu=16 used=1.1s/10s <editor/agent state> --dns-result-order=ipv4first <editor/agent state> --t
20:17:37 DIRECT pid=806678 tid=806683 cpu=0 used=1.1s/10s <editor/agent state> --dns-result-order=ipv4first <editor/agent state> --t
20:17:47 SIBLING pid=806678 tid=806678 cpu=19 used=0.8s/10s <editor/agent state> --dns-result-order=ipv4first <editor/agent state> --t
20:17:47 DIRECT pid=808128 tid=808128 cpu=7 used=5.8s/10s <editor/agent state> <editor/agent state> --cancellationReceive=file:f1
20:17:47 SIBLING pid=808128 tid=808130 cpu=14 used=1.0s/10s <editor/agent state> <editor/agent state> --cancellationReceive=file:f1
20:17:47 SIBLING pid=808128 tid=808131 cpu=12 used=1.0s/10s <editor/agent state> <editor/agent state> --cancellationReceive=file:f1
20:17:47 SIBLING pid=808128 tid=808132 cpu=18 used=1.0s/10s <editor/agent state> <editor/agent state> --cancellationReceive=file:f1
20:17:47 DIRECT pid=808128 tid=808133 cpu=4 used=1.0s/10s <editor/agent state> <editor/agent state> --cancellationReceive=file:f1
20:20:18 SIBLING pid=806678 tid=806678 cpu=18 used=0.5s/10s <editor/agent state> --dns-result-order=ipv4first <editor/agent state> --t
20:20:38 DIRECT pid=806678 tid=806678 cpu=6 used=0.7s/10s <editor/agent state> --dns-result-order=ipv4first <editor/agent state> --t
20:20:38 SIBLING pid=808128 tid=808128 cpu=16 used=1.1s/10s <editor/agent state> <editor/agent state> --cancellationReceive=file:f1
20:20:38 SIBLING pid=808128 tid=808130 cpu=18 used=1.3s/10s <editor/agent state> <editor/agent state> --cancellationReceive=file:f1
20:20:38 SIBLING pid=808128 tid=808131 cpu=15 used=1.2s/10s <editor/agent state> <editor/agent state> --cancellationReceive=file:f1
20:20:38 DIRECT pid=808128 tid=808132 cpu=4 used=1.3s/10s <editor/agent state> <editor/agent state> --cancellationReceive=file:f1
20:20:38 SIBLING pid=808128 tid=808133 cpu=14 used=1.2s/10s <editor/agent state> <editor/agent state> --cancellationReceive=file:f1
20:20:38 SIBLING pid=808128 tid=808138 cpu=13 used=4.1s/10s <editor/agent state> <editor/agent state> --cancellationReceive=file:f1
20:24:28 SIBLING pid=806678 tid=806678 cpu=19 used=0.5s/10s <editor/agent state> --dns-result-order=ipv4first <editor/agent state> --t
20:25:18 SIBLING pid=806678 tid=806678 cpu=19 used=0.5s/10s <editor/agent state> --dns-result-order=ipv4first <editor/agent state> --t
20:32:59 SIBLING pid=806678 tid=806678 cpu=18 used=0.7s/10s <editor/agent state> --dns-result-order=ipv4first <editor/agent state> --t
20:33:09 DIRECT pid=806678 tid=806678 cpu=7 used=0.9s/10s <editor/agent state> --dns-result-order=ipv4first <editor/agent state> --t
20:33:09 DIRECT pid=812392 tid=812392 cpu=3 used=8.9s/10s python3 <foreign process> 
20:33:09 SIBLING pid=812392 tid=812475 cpu=12 used=8.3s/10s python3 <foreign process> 
20:33:09 DIRECT pid=812392 tid=812476 cpu=2 used=8.1s/10s python3 <foreign process> 
20:33:09 SIBLING pid=812392 tid=812477 cpu=16 used=8.1s/10s python3 <foreign process> 
20:33:09 SIBLING pid=812392 tid=812478 cpu=14 used=8.3s/10s python3 <foreign process> 
20:33:09 DIRECT pid=812392 tid=812479 cpu=4 used=8.2s/10s python3 <foreign process> 
20:33:09 SIBLING pid=812392 tid=812480 cpu=15 used=7.9s/10s python3 <foreign process> 
20:33:09 SIBLING pid=812392 tid=812481 cpu=19 used=8.4s/10s python3 <foreign process> 
20:33:09 SIBLING pid=812392 tid=812482 cpu=13 used=8.3s/10s python3 <foreign process> 
20:33:09 SIBLING pid=812392 tid=812483 cpu=18 used=8.4s/10s python3 <foreign process> 
20:33:09 SIBLING pid=812392 tid=812484 cpu=17 used=8.2s/10s python3 <foreign process> 
20:33:19 SIBLING pid=806678 tid=806678 cpu=19 used=1.1s/10s <editor/agent state> --dns-result-order=ipv4first <editor/agent state> --t
20:33:19 DIRECT pid=812392 tid=812392 cpu=1 used=9.0s/10s python3 <foreign process> 
20:33:19 SIBLING pid=812392 tid=812475 cpu=14 used=8.5s/10s python3 <foreign process> 
20:33:19 SIBLING pid=812392 tid=812476 cpu=15 used=8.3s/10s python3 <foreign process> 
20:33:19 SIBLING pid=812392 tid=812477 cpu=12 used=8.4s/10s python3 <foreign process> 
20:33:19 DIRECT pid=812392 tid=812478 cpu=4 used=8.3s/10s python3 <foreign process> 
20:33:19 DIRECT pid=812392 tid=812479 cpu=5 used=8.4s/10s python3 <foreign process> 
20:33:19 SIBLING pid=812392 tid=812480 cpu=13 used=8.4s/10s python3 <foreign process> 
20:33:19 SIBLING pid=812392 tid=812481 cpu=16 used=8.4s/10s python3 <foreign process> 
20:33:19 SIBLING pid=812392 tid=812482 cpu=18 used=8.4s/10s python3 <foreign process> 
20:33:19 SIBLING pid=812392 tid=812484 cpu=17 used=8.4s/10s python3 <foreign process> 
20:33:19 SIBLING pid=812392 tid=812485 cpu=19 used=8.3s/10s python3 <foreign process> 
20:33:29 DIRECT pid=806678 tid=806678 cpu=7 used=0.9s/10s <editor/agent state> --dns-result-order=ipv4first <editor/agent state> --t
20:33:29 SIBLING pid=812392 tid=812392 cpu=14 used=8.8s/10s python3 <foreign process> 
20:33:29 DIRECT pid=812392 tid=812475 cpu=3 used=8.3s/10s python3 <foreign process> 
20:33:29 SIBLING pid=812392 tid=812476 cpu=18 used=8.6s/10s python3 <foreign process> 
20:33:29 SIBLING pid=812392 tid=812477 cpu=16 used=8.6s/10s python3 <foreign process> 
20:33:29 SIBLING pid=812392 tid=812480 cpu=15 used=8.5s/10s python3 <foreign process> 
20:33:29 DIRECT pid=812392 tid=812481 cpu=2 used=8.5s/10s python3 <foreign process> 
20:33:29 DIRECT pid=812392 tid=812482 cpu=5 used=8.5s/10s python3 <foreign process> 
20:33:29 SIBLING pid=812392 tid=812483 cpu=19 used=8.3s/10s python3 <foreign process> 
20:33:29 SIBLING pid=812392 tid=812484 cpu=13 used=8.4s/10s python3 <foreign process> 
20:33:29 SIBLING pid=812392 tid=812485 cpu=12 used=8.5s/10s python3 <foreign process> 
20:33:39 DIRECT pid=806678 tid=806678 cpu=6 used=0.9s/10s <editor/agent state> --dns-result-order=ipv4first <editor/agent state> --t
20:33:39 SIBLING pid=812392 tid=812392 cpu=13 used=8.7s/10s python3 <foreign process> 
20:33:39 SIBLING pid=812392 tid=812475 cpu=18 used=8.6s/10s python3 <foreign process> 
20:33:39 SIBLING pid=812392 tid=812476 cpu=19 used=8.6s/10s python3 <foreign process> 
20:33:39 SIBLING pid=812392 tid=812477 cpu=12 used=8.6s/10s python3 <foreign process> 
20:33:39 SIBLING pid=812392 tid=812478 cpu=15 used=8.4s/10s python3 <foreign process> 
20:33:39 SIBLING pid=812392 tid=812479 cpu=16 used=8.5s/10s python3 <foreign process> 
20:33:39 SIBLING pid=812392 tid=812480 cpu=17 used=8.6s/10s python3 <foreign process> 
20:33:39 DIRECT pid=812392 tid=812481 cpu=0 used=8.6s/10s python3 <foreign process> 
20:33:39 DIRECT pid=812392 tid=812482 cpu=3 used=8.6s/10s python3 <foreign process> 
20:33:39 DIRECT pid=812392 tid=812483 cpu=7 used=8.3s/10s python3 <foreign process> 
20:33:39 SIBLING pid=812392 tid=812484 cpu=14 used=8.6s/10s python3 <foreign process> 
20:33:49 SIBLING pid=812392 tid=812392 cpu=14 used=8.4s/10s python3 <foreign process> 
20:33:49 SIBLING pid=812392 tid=812475 cpu=13 used=8.2s/10s python3 <foreign process> 
20:33:49 SIBLING pid=812392 tid=812476 cpu=18 used=8.4s/10s python3 <foreign process> 
20:33:49 DIRECT pid=812392 tid=812477 cpu=6 used=8.2s/10s python3 <foreign process> 
20:33:49 SIBLING pid=812392 tid=812478 cpu=13 used=8.1s/10s python3 <foreign process> 
20:33:49 SIBLING pid=812392 tid=812479 cpu=12 used=8.5s/10s python3 <foreign process> 
20:33:49 SIBLING pid=812392 tid=812480 cpu=15 used=8.1s/10s python3 <foreign process> 
20:33:49 SIBLING pid=812392 tid=812481 cpu=19 used=8.7s/10s python3 <foreign process> 
20:33:49 SIBLING pid=812392 tid=812482 cpu=16 used=8.3s/10s python3 <foreign process> 
20:33:49 SIBLING pid=812392 tid=812484 cpu=17 used=8.1s/10s python3 <foreign process> 
20:33:49 SIBLING pid=812392 tid=812485 cpu=12 used=8.4s/10s python3 <foreign process> 
20:33:59 DIRECT pid=806678 tid=806678 cpu=6 used=0.9s/10s <editor/agent state> --dns-result-order=ipv4first <editor/agent state> --t
20:33:59 SIBLING pid=812392 tid=812392 cpu=16 used=8.4s/10s python3 <foreign process> 
20:33:59 DIRECT pid=812392 tid=812475 cpu=4 used=8.2s/10s python3 <foreign process> 
20:33:59 DIRECT pid=812392 tid=812476 cpu=2 used=8.6s/10s python3 <foreign process> 
20:33:59 SIBLING pid=812392 tid=812478 cpu=12 used=8.1s/10s python3 <foreign process> 
20:33:59 SIBLING pid=812392 tid=812479 cpu=18 used=8.3s/10s python3 <foreign process> 
20:33:59 SIBLING pid=812392 tid=812480 cpu=15 used=8.0s/10s python3 <foreign process> 
20:33:59 SIBLING pid=812392 tid=812481 cpu=13 used=8.2s/10s python3 <foreign process> 
20:33:59 DIRECT pid=812392 tid=812482 cpu=1 used=8.1s/10s python3 <foreign process> 
20:33:59 SIBLING pid=812392 tid=812483 cpu=17 used=8.3s/10s python3 <foreign process> 
20:33:59 SIBLING pid=812392 tid=812484 cpu=19 used=8.3s/10s python3 <foreign process> 
20:33:59 SIBLING pid=812392 tid=812485 cpu=14 used=8.5s/10s python3 <foreign process> 
20:34:09 SIBLING pid=806678 tid=806678 cpu=18 used=1.0s/10s <editor/agent state> --dns-result-order=ipv4first <editor/agent state> --t
20:34:09 SIBLING pid=812392 tid=812392 cpu=15 used=8.7s/10s python3 <foreign process> 
20:34:09 SIBLING pid=812392 tid=812475 cpu=14 used=8.6s/10s python3 <foreign process> 
20:34:09 DIRECT pid=812392 tid=812476 cpu=3 used=8.5s/10s python3 <foreign process> 
20:34:09 SIBLING pid=812392 tid=812477 cpu=16 used=8.6s/10s python3 <foreign process> 
20:34:09 SIBLING pid=812392 tid=812479 cpu=12 used=8.6s/10s python3 <foreign process> 
20:34:09 SIBLING pid=812392 tid=812480 cpu=17 used=8.5s/10s python3 <foreign process> 
20:34:09 SIBLING pid=812392 tid=812481 cpu=19 used=8.7s/10s python3 <foreign process> 
20:34:09 SIBLING pid=812392 tid=812482 cpu=13 used=8.6s/10s python3 <foreign process> 
20:34:09 DIRECT pid=812392 tid=812484 cpu=4 used=8.8s/10s python3 <foreign process> 
20:34:09 SIBLING pid=812392 tid=812485 cpu=18 used=8.8s/10s python3 <foreign process> 
20:34:19 SIBLING pid=806678 tid=806678 cpu=19 used=0.6s/10s <editor/agent state> --dns-result-order=ipv4first <editor/agent state> --t
20:35:19 SIBLING pid=806678 tid=806678 cpu=16 used=0.5s/10s <editor/agent state> --dns-result-order=ipv4first <editor/agent state> --t
20:38:39 SIBLING pid=806678 tid=806678 cpu=19 used=0.7s/10s <editor/agent state> --dns-result-order=ipv4first <editor/agent state> --t
20:39:10 DIRECT pid=806678 tid=806678 cpu=6 used=0.6s/10s <editor/agent state> --dns-result-order=ipv4first <editor/agent state> --t
20:39:20 SIBLING pid=806678 tid=806678 cpu=13 used=0.9s/10s <editor/agent state> --dns-result-order=ipv4first <editor/agent state> --t
20:39:30 SIBLING pid=806678 tid=806678 cpu=13 used=0.7s/10s <editor/agent state> --dns-result-order=ipv4first <editor/agent state> --t
11:29:02 DIRECT pid=72333 tid=72333 cpu=2 used=0.5s/10s /usr/libexec/fwupd/fwupd 
15:00:02 SIBLING pid=949576 tid=949576 cpu=14 used=0.8s/10s <editor/agent state> <editor/agent state> --start-server --server-data-dir
15:00:02 SIBLING pid=949629 tid=949629 cpu=15 used=0.8s/10s <editor/agent state> <editor/agent state> --type=fileWatcher 
15:00:02 SIBLING pid=949629 tid=949637 cpu=13 used=6.0s/10s <editor/agent state> <editor/agent state> --type=fileWatcher 
15:00:02 SIBLING pid=949629 tid=949638 cpu=17 used=1.2s/10s <editor/agent state> <editor/agent state> --type=fileWatcher 
15:00:02 DIRECT pid=949855 tid=949855 cpu=7 used=4.8s/10s <editor/agent state> --dns-result-order=ipv4first <editor/agent state> --t
15:00:02 SIBLING pid=949855 tid=949858 cpu=12 used=1.1s/10s <editor/agent state> --dns-result-order=ipv4first <editor/agent state> --t
15:00:02 DIRECT pid=949855 tid=949859 cpu=0 used=1.1s/10s <editor/agent state> --dns-result-order=ipv4first <editor/agent state> --t
15:00:02 DIRECT pid=949855 tid=949860 cpu=0 used=1.1s/10s <editor/agent state> --dns-result-order=ipv4first <editor/agent state> --t
15:00:12 DIRECT pid=949855 tid=949855 cpu=2 used=0.6s/10s <editor/agent state> --dns-result-order=ipv4first <editor/agent state> --t
15:00:12 SIBLING pid=950885 tid=950885 cpu=13 used=2.4s/10s <editor/agent state> <editor/agent state> --cancellationReceive=file:97
15:37:44 SIBLING pid=956295 tid=956356 cpu=15 used=0.7s/10s /snap/snapd/current/usr/lib/snapd/snapd 
15:37:44 DIRECT pid=956295 tid=956380 cpu=2 used=0.5s/10s /snap/snapd/current/usr/lib/snapd/snapd 
00:09:01 DIRECT pid=1011914 tid=1011922 cpu=0 used=1.1s/10s <editor/agent state> <editor/agent state> --type=fileWatcher 
00:09:01 DIRECT pid=1012150 tid=1012150 cpu=2 used=0.8s/10s <editor/agent state> --dns-result-order=ipv4first <editor/agent state> --t
00:09:01 DIRECT pid=1013366 tid=1013366 cpu=5 used=5.4s/10s <editor/agent state> <editor/agent state> --cancellationReceive=file:4d
00:09:01 DIRECT pid=1013366 tid=1013368 cpu=5 used=0.9s/10s <editor/agent state> <editor/agent state> --cancellationReceive=file:4d
00:09:01 DIRECT pid=1013366 tid=1013369 cpu=3 used=0.9s/10s <editor/agent state> <editor/agent state> --cancellationReceive=file:4d
00:09:01 DIRECT pid=1013366 tid=1013370 cpu=4 used=0.9s/10s <editor/agent state> <editor/agent state> --cancellationReceive=file:4d
00:09:01 SIBLING pid=1013366 tid=1013371 cpu=15 used=0.9s/10s <editor/agent state> <editor/agent state> --cancellationReceive=file:4d
00:10:22 DIRECT pid=1012150 tid=1012150 cpu=2 used=0.7s/10s <editor/agent state> --dns-result-order=ipv4first <editor/agent state> --t
00:10:52 DIRECT pid=1013887 tid=1013887 cpu=1 used=0.5s/10s <editor/agent state> --output-format stream-json --verbose --input-format stream-json --max-thinking-tokens 3199
00:16:32 SIBLING pid=1012150 tid=1012150 cpu=18 used=0.5s/10s <editor/agent state> --dns-result-order=ipv4first <editor/agent state> --t
00:16:42 SIBLING pid=1012150 tid=1012150 cpu=19 used=0.6s/10s <editor/agent state> --dns-result-order=ipv4first <editor/agent state> --t
00:16:52 SIBLING pid=1012150 tid=1012150 cpu=18 used=0.6s/10s <editor/agent state> --dns-result-order=ipv4first <editor/agent state> --t
00:17:02 SIBLING pid=1012150 tid=1012150 cpu=18 used=0.6s/10s <editor/agent state> --dns-result-order=ipv4first <editor/agent state> --t
00:17:12 SIBLING pid=1012150 tid=1012150 cpu=19 used=0.6s/10s <editor/agent state> --dns-result-order=ipv4first <editor/agent state> --t
00:17:22 SIBLING pid=1012150 tid=1012150 cpu=18 used=0.6s/10s <editor/agent state> --dns-result-order=ipv4first <editor/agent state> --t
00:17:42 SIBLING pid=1012150 tid=1012150 cpu=18 used=0.6s/10s <editor/agent state> --dns-result-order=ipv4first <editor/agent state> --t
00:17:52 SIBLING pid=1012150 tid=1012150 cpu=18 used=0.6s/10s <editor/agent state> --dns-result-order=ipv4first <editor/agent state> --t
00:18:02 SIBLING pid=1012150 tid=1012150 cpu=18 used=0.6s/10s <editor/agent state> --dns-result-order=ipv4first <editor/agent state> --t
00:18:12 SIBLING pid=1012150 tid=1012150 cpu=18 used=0.6s/10s <editor/agent state> --dns-result-order=ipv4first <editor/agent state> --t
00:18:22 SIBLING pid=1012150 tid=1012150 cpu=18 used=0.6s/10s <editor/agent state> --dns-result-order=ipv4first <editor/agent state> --t
00:18:32 SIBLING pid=1012150 tid=1012150 cpu=18 used=0.6s/10s <editor/agent state> --dns-result-order=ipv4first <editor/agent state> --t
00:18:42 SIBLING pid=1012150 tid=1012150 cpu=19 used=0.6s/10s <editor/agent state> --dns-result-order=ipv4first <editor/agent state> --t
00:19:32 SIBLING pid=1012150 tid=1012150 cpu=19 used=0.6s/10s <editor/agent state> --dns-result-order=ipv4first <editor/agent state> --t
00:19:42 SIBLING pid=1012150 tid=1012150 cpu=18 used=0.7s/10s <editor/agent state> --dns-result-order=ipv4first <editor/agent state> --t
00:19:52 SIBLING pid=1012150 tid=1012150 cpu=18 used=0.6s/10s <editor/agent state> --dns-result-order=ipv4first <editor/agent state> --t
00:20:02 SIBLING pid=1012150 tid=1012150 cpu=18 used=0.6s/10s <editor/agent state> --dns-result-order=ipv4first <editor/agent state> --t
00:20:12 SIBLING pid=1012150 tid=1012150 cpu=18 used=0.6s/10s <editor/agent state> --dns-result-order=ipv4first <editor/agent state> --t
00:20:32 SIBLING pid=1012150 tid=1012150 cpu=19 used=0.7s/10s <editor/agent state> --dns-result-order=ipv4first <editor/agent state> --t
00:20:52 SIBLING pid=1012150 tid=1012150 cpu=18 used=0.5s/10s <editor/agent state> --dns-result-order=ipv4first <editor/agent state> --t
00:21:03 SIBLING pid=1012150 tid=1012150 cpu=19 used=0.7s/10s <editor/agent state> --dns-result-order=ipv4first <editor/agent state> --t
00:21:53 SIBLING pid=1012150 tid=1012150 cpu=18 used=0.5s/10s <editor/agent state> --dns-result-order=ipv4first <editor/agent state> --t
00:22:13 SIBLING pid=1012150 tid=1012150 cpu=19 used=0.7s/10s <editor/agent state> --dns-result-order=ipv4first <editor/agent state> --t
00:22:43 SIBLING pid=1012150 tid=1012150 cpu=18 used=0.6s/10s <editor/agent state> --dns-result-order=ipv4first <editor/agent state> --t
00:22:53 SIBLING pid=1012150 tid=1012150 cpu=19 used=0.8s/10s <editor/agent state> --dns-result-order=ipv4first <editor/agent state> --t
00:23:03 SIBLING pid=1012150 tid=1012150 cpu=19 used=0.6s/10s <editor/agent state> --dns-result-order=ipv4first <editor/agent state> --t
00:23:13 SIBLING pid=1012150 tid=1012150 cpu=18 used=0.6s/10s <editor/agent state> --dns-result-order=ipv4first <editor/agent state> --t
00:23:23 SIBLING pid=1012150 tid=1012150 cpu=18 used=0.6s/10s <editor/agent state> --dns-result-order=ipv4first <editor/agent state> --t
00:23:33 SIBLING pid=1012150 tid=1012150 cpu=18 used=0.6s/10s <editor/agent state> --dns-result-order=ipv4first <editor/agent state> --t
00:23:53 SIBLING pid=1012150 tid=1012150 cpu=18 used=0.6s/10s <editor/agent state> --dns-result-order=ipv4first <editor/agent state> --t
00:24:03 SIBLING pid=1012150 tid=1012150 cpu=18 used=0.6s/10s <editor/agent state> --dns-result-order=ipv4first <editor/agent state> --t
00:24:13 SIBLING pid=1012150 tid=1012150 cpu=18 used=0.6s/10s <editor/agent state> --dns-result-order=ipv4first <editor/agent state> --t
00:24:23 SIBLING pid=1012150 tid=1012150 cpu=18 used=0.5s/10s <editor/agent state> --dns-result-order=ipv4first <editor/agent state> --t
00:24:33 SIBLING pid=1012150 tid=1012150 cpu=18 used=0.7s/10s <editor/agent state> --dns-result-order=ipv4first <editor/agent state> --t
00:24:43 SIBLING pid=1012150 tid=1012150 cpu=19 used=0.7s/10s <editor/agent state> --dns-result-order=ipv4first <editor/agent state> --t
00:24:53 SIBLING pid=1012150 tid=1012150 cpu=18 used=0.6s/10s <editor/agent state> --dns-result-order=ipv4first <editor/agent state> --t
00:25:03 SIBLING pid=1012150 tid=1012150 cpu=18 used=0.7s/10s <editor/agent state> --dns-result-order=ipv4first <editor/agent state> --t
00:25:13 SIBLING pid=1012150 tid=1012150 cpu=18 used=0.8s/10s <editor/agent state> --dns-result-order=ipv4first <editor/agent state> --t
00:25:23 SIBLING pid=1012150 tid=1012150 cpu=19 used=0.7s/10s <editor/agent state> --dns-result-order=ipv4first <editor/agent state> --t
00:25:43 SIBLING pid=1012150 tid=1012150 cpu=19 used=0.6s/10s <editor/agent state> --dns-result-order=ipv4first <editor/agent state> --t
00:25:53 SIBLING pid=1012150 tid=1012150 cpu=19 used=0.5s/10s <editor/agent state> --dns-result-order=ipv4first <editor/agent state> --t
00:26:03 SIBLING pid=1012150 tid=1012150 cpu=19 used=0.6s/10s <editor/agent state> --dns-result-order=ipv4first <editor/agent state> --t
00:26:13 SIBLING pid=1012150 tid=1012150 cpu=18 used=0.5s/10s <editor/agent state> --dns-result-order=ipv4first <editor/agent state> --t
00:26:23 SIBLING pid=1012150 tid=1012150 cpu=18 used=0.5s/10s <editor/agent state> --dns-result-order=ipv4first <editor/agent state> --t
00:26:33 SIBLING pid=1012150 tid=1012150 cpu=18 used=0.5s/10s <editor/agent state> --dns-result-order=ipv4first <editor/agent state> --t
00:26:43 SIBLING pid=1012150 tid=1012150 cpu=18 used=0.6s/10s <editor/agent state> --dns-result-order=ipv4first <editor/agent state> --t
00:26:53 SIBLING pid=1012150 tid=1012150 cpu=18 used=0.5s/10s <editor/agent state> --dns-result-order=ipv4first <editor/agent state> --t
00:27:03 SIBLING pid=1012150 tid=1012150 cpu=18 used=0.5s/10s <editor/agent state> --dns-result-order=ipv4first <editor/agent state> --t
00:27:23 SIBLING pid=1012150 tid=1012150 cpu=18 used=0.5s/10s <editor/agent state> --dns-result-order=ipv4first <editor/agent state> --t
00:27:33 SIBLING pid=1012150 tid=1012150 cpu=19 used=0.6s/10s <editor/agent state> --dns-result-order=ipv4first <editor/agent state> --t
00:27:43 SIBLING pid=1012150 tid=1012150 cpu=18 used=0.6s/10s <editor/agent state> --dns-result-order=ipv4first <editor/agent state> --t
00:27:53 SIBLING pid=1012150 tid=1012150 cpu=18 used=0.6s/10s <editor/agent state> --dns-result-order=ipv4first <editor/agent state> --t
00:28:03 SIBLING pid=1012150 tid=1012150 cpu=18 used=0.6s/10s <editor/agent state> --dns-result-order=ipv4first <editor/agent state> --t
00:28:13 SIBLING pid=1012150 tid=1012150 cpu=19 used=0.6s/10s <editor/agent state> --dns-result-order=ipv4first <editor/agent state> --t
00:28:23 SIBLING pid=1012150 tid=1012150 cpu=18 used=0.6s/10s <editor/agent state> --dns-result-order=ipv4first <editor/agent state> --t
00:28:33 SIBLING pid=1012150 tid=1012150 cpu=18 used=0.5s/10s <editor/agent state> --dns-result-order=ipv4first <editor/agent state> --t
00:28:43 SIBLING pid=1012150 tid=1012150 cpu=18 used=0.6s/10s <editor/agent state> --dns-result-order=ipv4first <editor/agent state> --t
00:28:53 SIBLING pid=1012150 tid=1012150 cpu=18 used=0.6s/10s <editor/agent state> --dns-result-order=ipv4first <editor/agent state> --t
00:29:03 SIBLING pid=1012150 tid=1012150 cpu=18 used=0.6s/10s <editor/agent state> --dns-result-order=ipv4first <editor/agent state> --t
00:29:13 SIBLING pid=1012150 tid=1012150 cpu=18 used=0.5s/10s <editor/agent state> --dns-result-order=ipv4first <editor/agent state> --t
00:29:23 SIBLING pid=1012150 tid=1012150 cpu=18 used=0.5s/10s <editor/agent state> --dns-result-order=ipv4first <editor/agent state> --t
00:29:33 SIBLING pid=1012150 tid=1012150 cpu=18 used=0.5s/10s <editor/agent state> --dns-result-order=ipv4first <editor/agent state> --t
00:29:43 SIBLING pid=1012150 tid=1012150 cpu=18 used=0.5s/10s <editor/agent state> --dns-result-order=ipv4first <editor/agent state> --t
00:29:53 SIBLING pid=1012150 tid=1012150 cpu=18 used=0.5s/10s <editor/agent state> --dns-result-order=ipv4first <editor/agent state> --t
00:30:03 SIBLING pid=1012150 tid=1012150 cpu=18 used=0.5s/10s <editor/agent state> --dns-result-order=ipv4first <editor/agent state> --t
00:30:14 SIBLING pid=1012150 tid=1012150 cpu=18 used=0.5s/10s <editor/agent state> --dns-result-order=ipv4first <editor/agent state> --t
00:30:24 SIBLING pid=1012150 tid=1012150 cpu=18 used=0.5s/10s <editor/agent state> --dns-result-order=ipv4first <editor/agent state> --t
00:30:34 SIBLING pid=1012150 tid=1012150 cpu=18 used=0.5s/10s <editor/agent state> --dns-result-order=ipv4first <editor/agent state> --t
00:30:44 SIBLING pid=1012150 tid=1012150 cpu=18 used=0.6s/10s <editor/agent state> --dns-result-order=ipv4first <editor/agent state> --t
00:30:54 SIBLING pid=1012150 tid=1012150 cpu=18 used=0.5s/10s <editor/agent state> --dns-result-order=ipv4first <editor/agent state> --t
00:31:04 SIBLING pid=1012150 tid=1012150 cpu=18 used=0.5s/10s <editor/agent state> --dns-result-order=ipv4first <editor/agent state> --t
00:31:14 SIBLING pid=1012150 tid=1012150 cpu=18 used=0.5s/10s <editor/agent state> --dns-result-order=ipv4first <editor/agent state> --t
00:31:24 SIBLING pid=1012150 tid=1012150 cpu=18 used=0.6s/10s <editor/agent state> --dns-result-order=ipv4first <editor/agent state> --t
00:31:34 SIBLING pid=1012150 tid=1012150 cpu=18 used=0.5s/10s <editor/agent state> --dns-result-order=ipv4first <editor/agent state> --t
00:31:44 SIBLING pid=1012150 tid=1012150 cpu=18 used=0.6s/10s <editor/agent state> --dns-result-order=ipv4first <editor/agent state> --t
00:31:54 SIBLING pid=1012150 tid=1012150 cpu=18 used=0.5s/10s <editor/agent state> --dns-result-order=ipv4first <editor/agent state> --t
00:32:04 SIBLING pid=1012150 tid=1012150 cpu=18 used=0.5s/10s <editor/agent state> --dns-result-order=ipv4first <editor/agent state> --t
00:32:14 SIBLING pid=1012150 tid=1012150 cpu=18 used=0.5s/10s <editor/agent state> --dns-result-order=ipv4first <editor/agent state> --t
00:32:24 SIBLING pid=1012150 tid=1012150 cpu=18 used=0.5s/10s <editor/agent state> --dns-result-order=ipv4first <editor/agent state> --t
00:32:34 SIBLING pid=1012150 tid=1012150 cpu=18 used=0.6s/10s <editor/agent state> --dns-result-order=ipv4first <editor/agent state> --t
00:32:44 SIBLING pid=1012150 tid=1012150 cpu=18 used=0.5s/10s <editor/agent state> --dns-result-order=ipv4first <editor/agent state> --t
00:32:54 SIBLING pid=1012150 tid=1012150 cpu=18 used=0.5s/10s <editor/agent state> --dns-result-order=ipv4first <editor/agent state> --t
00:33:04 SIBLING pid=1012150 tid=1012150 cpu=18 used=0.5s/10s <editor/agent state> --dns-result-order=ipv4first <editor/agent state> --t
00:33:14 SIBLING pid=1012150 tid=1012150 cpu=18 used=0.5s/10s <editor/agent state> --dns-result-order=ipv4first <editor/agent state> --t
00:33:24 SIBLING pid=1012150 tid=1012150 cpu=18 used=0.5s/10s <editor/agent state> --dns-result-order=ipv4first <editor/agent state> --t
00:33:34 SIBLING pid=1012150 tid=1012150 cpu=18 used=0.5s/10s <editor/agent state> --dns-result-order=ipv4first <editor/agent state> --t
00:33:44 SIBLING pid=1012150 tid=1012150 cpu=18 used=0.5s/10s <editor/agent state> --dns-result-order=ipv4first <editor/agent state> --t
00:33:54 SIBLING pid=1012150 tid=1012150 cpu=18 used=0.5s/10s <editor/agent state> --dns-result-order=ipv4first <editor/agent state> --t
00:34:04 SIBLING pid=1012150 tid=1012150 cpu=18 used=0.5s/10s <editor/agent state> --dns-result-order=ipv4first <editor/agent state> --t
00:34:14 SIBLING pid=1012150 tid=1012150 cpu=18 used=0.8s/10s <editor/agent state> --dns-result-order=ipv4first <editor/agent state> --t
00:34:34 SIBLING pid=1012150 tid=1012150 cpu=18 used=0.5s/10s <editor/agent state> --dns-result-order=ipv4first <editor/agent state> --t
