ts,phase,instance,form,form_params,solver,family,cfg_hash,cfg,budget,seed,wall,over_budget,objective,obj_levels,peak_W_util,sts_W,n_sel,feasible,moves,status,sol,tag,sim_p100,sim_wr,sim_matched,sim_threshold
2026-09-28T16:28:48,tune,dev_Region7,F2b,"{""k"": 4, ""name"": ""F2b"", ""tau"": 4.120279720279716, ""tau_rel"": 0.6}",ls,classical,b7080b956f,"{""ls_T0"": 0.002, ""ls_T1"": 1e-06, ""ls_chains"": 8, ""ls_moves"": 20000, ""ls_restart_every"": 0, ""p_add"": 0.2, ""p_swap"": 0.6, ""start"": ""lp"", ""topw"": 8}",10.0,0,10.007,0,4.779446423563723,"[7.022306, 6.175938, 5.47808, 4.877438, 4.342514, 3.864974, 3.431792, 3.042528]",24.8686868686869,1632.5822237762236,11487,1,"{""ls_acc"": 25976638, ""rep_n_add"": 0, ""rep_n_drop"": 0, ""rep_n_fill"": 0, ""start_n_add"": 2088, ""start_n_drop"": 0, ""start_n_fill"": 0}",ok,sols/tune_dev_Region7_F2b_ls_b7080b956f_b10.0_s0_F2b_tau_rel0.6__ls__b10_t0.npz,F2b_tau_rel0.6__ls__b10_t0,,,,
2026-09-28T16:28:49,tune,dev_Region7,F2b,"{""k"": 4, ""name"": ""F2b"", ""tau"": 4.120279720279716, ""tau_rel"": 0.6}",pgreedy,classical,bf21a9e8fb,{},10.0,0,0.145,0,4.750925962516002,"[6.880039, 6.123814, 5.456794, 4.868395, 4.340356, 3.864558, 3.431581, 3.041869]",24.8686868686869,1635.4739090909088,11484,1,"{""rep_n_add"": 11484, ""rep_n_drop"": 0, ""rep_n_fill"": 0}",ok,sols/tune_dev_Region7_F2b_pgreedy_bf21a9e8fb_b10.0_s0_ref.npz,ref,,,,
2026-09-28T16:29:00,tune,dev_Region6,F2b,"{""k"": 4, ""name"": ""F2b"", ""tau"": 4.121760839160841, ""tau_rel"": 0.6}",ls,classical,b7080b956f,"{""ls_T0"": 0.002, ""ls_T1"": 1e-06, ""ls_chains"": 8, ""ls_moves"": 20000, ""ls_restart_every"": 0, ""p_add"": 0.2, ""p_swap"": 0.6, ""start"": ""lp"", ""topw"": 8}",10.0,0,10.011,0,2.59246365189514,"[4.600235, 3.794622, 3.158515, 2.627887, 2.171148, 1.781662, 1.446758, 1.158881]",22.8492942242942,2351.770636363636,6816,1,"{""ls_acc"": 18126753, ""rep_n_add"": 0, ""rep_n_drop"": 0, ""rep_n_fill"": 0, ""start_n_add"": 1557, ""start_n_drop"": 0, ""start_n_fill"": 0}",ok,sols/tune_dev_Region6_F2b_ls_b7080b956f_b10.0_s0_F2b_tau_rel0.6__ls__b10_t0.npz,F2b_tau_rel0.6__ls__b10_t0,,,,
2026-09-28T16:29:01,tune,dev_Region6,F2b,"{""k"": 4, ""name"": ""F2b"", ""tau"": 4.121760839160841, ""tau_rel"": 0.6}",pgreedy,classical,bf21a9e8fb,{},10.0,0,0.067,0,2.5768514584115136,"[4.497463, 3.769638, 3.152404, 2.626993, 2.172461, 1.785283, 1.449949, 1.16062]",22.961344211344265,2352.6434825174824,6822,1,"{""rep_n_add"": 6822, ""rep_n_drop"": 0, ""rep_n_fill"": 0}",ok,sols/tune_dev_Region6_F2b_pgreedy_bf21a9e8fb_b10.0_s0_ref.npz,ref,,,,
2026-09-28T16:29:12,tune,dev_Region7,F2b,"{""k"": 4, ""name"": ""F2b"", ""tau"": 4.120279720279716, ""tau_rel"": 0.6}",ls,classical,2301752321,"{""ls_T0"": 0.0025766385746135885, ""ls_T1"": 3.895706556508577e-06, ""ls_chains"": 16, ""ls_moves"": 23860, ""ls_restart_every"": 0, ""p_add"": 0.32294705653332806, ""p_swap"": 0.38687290659310525, ""start"": ""pgreedy"", ""topw"": 43}",10.0,1,10.016,0,4.750925962516002,"[6.880039, 6.123814, 5.456794, 4.868395, 4.340356, 3.864558, 3.431581, 3.041869]",24.8686868686869,1635.4739090909088,11484,1,"{""ls_acc"": 22303418, ""rep_n_add"": 0, ""rep_n_drop"": 0, ""rep_n_fill"": 0, ""start_n_add"": 11484, ""start_n_drop"": 0, ""start_n_fill"": 0}",ok,sols/tune_dev_Region7_F2b_ls_2301752321_b10.0_s1_F2b_tau_rel0.6__ls__b10_t1.npz,F2b_tau_rel0.6__ls__b10_t1,,,,
2026-09-28T16:29:22,tune,dev_Region6,F2b,"{""k"": 4, ""name"": ""F2b"", ""tau"": 4.121760839160841, ""tau_rel"": 0.6}",ls,classical,2301752321,"{""ls_T0"": 0.0025766385746135885, ""ls_T1"": 3.895706556508577e-06, ""ls_chains"": 16, ""ls_moves"": 23860, ""ls_restart_every"": 0, ""p_add"": 0.32294705653332806, ""p_swap"": 0.38687290659310525, ""start"": ""pgreedy"", ""topw"": 43}",10.0,1,10.017,0,2.5767793963725794,"[4.497375, 3.769556, 3.152341, 2.626937, 2.172381, 1.785198, 1.449882, 1.160565]",22.961344211344265,2352.6072342657344,6821,1,"{""ls_acc"": 15312050, ""rep_n_add"": 1, ""rep_n_drop"": 0, ""rep_n_fill"": 0, ""start_n_add"": 6821, ""start_n_drop"": 0, ""start_n_fill"": 0}",ok,sols/tune_dev_Region6_F2b_ls_2301752321_b10.0_s1_F2b_tau_rel0.6__ls__b10_t1.npz,F2b_tau_rel0.6__ls__b10_t1,,,,
2026-09-28T16:29:33,tune,dev_Region7,F2b,"{""k"": 4, ""name"": ""F2b"", ""tau"": 4.120279720279716, ""tau_rel"": 0.6}",ls,classical,c9f995f10b,"{""ls_T0"": 1.2046852412030316e-05, ""ls_T1"": 2.5784159078973507e-07, ""ls_chains"": 16, ""ls_moves"": 88230, ""ls_restart_every"": 2, ""p_add"": 0.4350060741234096, ""p_swap"": 0.5082588335547389, ""start"": ""pgreedy"", ""topw"": 30}",10.0,2,10.043,0,4.746238541009927,"[6.876935, 6.118985, 5.451671, 4.863303, 4.335436, 3.859448, 3.426441, 3.037689]",24.81139924889928,1631.4072972027968,11378,1,"{""ls_acc"": 47022, ""rep_n_add"": 0, ""rep_n_drop"": 0, ""rep_n_fill"": 0, ""start_n_add"": 11555, ""start_n_drop"": 0, ""start_n_fill"": 0}",ok,sols/tune_dev_Region7_F2b_ls_c9f995f10b_b10.0_s2_F2b_tau_rel0.6__ls__b10_t2.npz,F2b_tau_rel0.6__ls__b10_t2,,,,
2026-09-28T16:29:44,tune,dev_Region6,F2b,"{""k"": 4, ""name"": ""F2b"", ""tau"": 4.121760839160841, ""tau_rel"": 0.6}",ls,classical,c9f995f10b,"{""ls_T0"": 1.2046852412030316e-05, ""ls_T1"": 2.5784159078973507e-07, ""ls_chains"": 16, ""ls_moves"": 88230, ""ls_restart_every"": 2, ""p_add"": 0.4350060741234096, ""p_swap"": 0.5082588335547389, ""start"": ""pgreedy"", ""topw"": 30}",10.0,2,10.029,0,2.5728984730039777,"[4.489429, 3.763193, 3.147841, 2.623944, 2.169921, 1.782259, 1.447853, 1.158746]",22.8492942242942,2350.5917587412587,6771,1,"{""ls_acc"": 10754, ""rep_n_add"": 0, ""rep_n_drop"": 0, ""rep_n_fill"": 0, ""start_n_add"": 6841, ""start_n_drop"": 0, ""start_n_fill"": 0}",ok,sols/tune_dev_Region6_F2b_ls_c9f995f10b_b10.0_s2_F2b_tau_rel0.6__ls__b10_t2.npz,F2b_tau_rel0.6__ls__b10_t2,,,,
2026-09-28T16:29:55,tune,dev_Region7,F2b,"{""k"": 4, ""name"": ""F2b"", ""tau"": 4.120279720279716, ""tau_rel"": 0.6}",ls,classical,c18f48c803,"{""ls_T0"": 0.00011434638743472202, ""ls_T1"": 1.42941128395717e-06, ""ls_chains"": 16, ""ls_moves"": 26898, ""ls_restart_every"": 5, ""p_add"": 0.28421697443432425, ""p_swap"": 0.20875197009702076, ""start"": ""lp"", ""topw"": 15}",10.0,3,10.016,0,4.771886914030209,"[7.002035, 6.159013, 5.470437, 4.873412, 4.340135, 3.862212, 3.428438, 3.039413]",24.81139924889928,1631.4534265734262,11419,1,"{""ls_acc"": 758361, ""rep_n_add"": 2, ""rep_n_drop"": 0, ""rep_n_fill"": 0, ""start_n_add"": 2191, ""start_n_drop"": 0, ""start_n_fill"": 0}",ok,sols/tune_dev_Region7_F2b_ls_c18f48c803_b10.0_s3_F2b_tau_rel0.6__ls__b10_t3.npz,F2b_tau_rel0.6__ls__b10_t3,,,,
2026-09-28T16:30:06,tune,dev_Region6,F2b,"{""k"": 4, ""name"": ""F2b"", ""tau"": 4.121760839160841, ""tau_rel"": 0.6}",ls,classical,c18f48c803,"{""ls_T0"": 0.00011434638743472202, ""ls_T1"": 1.42941128395717e-06, ""ls_chains"": 16, ""ls_moves"": 26898, ""ls_restart_every"": 5, ""p_add"": 0.28421697443432425, ""p_swap"": 0.20875197009702076, ""start"": ""lp"", ""topw"": 15}",10.0,3,10.02,0,2.5870637814984496,"[4.576603, 3.780889, 3.15406, 2.626585, 2.170715, 1.782194, 1.446992, 1.158474]",22.831358456358423,2350.516206293706,6774,1,"{""ls_acc"": 295491, ""rep_n_add"": 0, ""rep_n_drop"": 0, ""rep_n_fill"": 0, ""start_n_add"": 1641, ""start_n_drop"": 0, ""start_n_fill"": 0}",ok,sols/tune_dev_Region6_F2b_ls_c18f48c803_b10.0_s3_F2b_tau_rel0.6__ls__b10_t3.npz,F2b_tau_rel0.6__ls__b10_t3,,,,
2026-09-28T16:30:17,tune,dev_Region7,F2b,"{""k"": 4, ""name"": ""F2b"", ""tau"": 4.120279720279716, ""tau_rel"": 0.6}",ls,classical,62f16412c7,"{""ls_T0"": 1.2218338087757811e-05, ""ls_T1"": 1.2362234394156396e-08, ""ls_chains"": 16, ""ls_moves"": 65395, ""ls_restart_every"": 2, ""p_add"": 0.08970270583120943, ""p_swap"": 0.8259353559696305, ""start"": ""pgreedy"", ""topw"": 52}",10.0,4,10.086,0,4.746304324202837,"[6.875591, 6.118372, 5.451496, 4.863417, 4.335814, 3.859993, 3.427338, 3.038413]",24.81139924889928,1631.7703811188808,11389,1,"{""ls_acc"": 36581, ""rep_n_add"": 0, ""rep_n_drop"": 0, ""rep_n_fill"": 0, ""start_n_add"": 11540, ""start_n_drop"": 0, ""start_n_fill"": 0}",ok,sols/tune_dev_Region7_F2b_ls_62f16412c7_b10.0_s4_F2b_tau_rel0.6__ls__b10_t4.npz,F2b_tau_rel0.6__ls__b10_t4,,,,
2026-09-28T16:30:27,tune,dev_Region6,F2b,"{""k"": 4, ""name"": ""F2b"", ""tau"": 4.121760839160841, ""tau_rel"": 0.6}",ls,classical,62f16412c7,"{""ls_T0"": 1.2218338087757811e-05, ""ls_T1"": 1.2362234394156396e-08, ""ls_chains"": 16, ""ls_moves"": 65395, ""ls_restart_every"": 2, ""p_add"": 0.08970270583120943, ""p_swap"": 0.8259353559696305, ""start"": ""pgreedy"", ""topw"": 52}",10.0,4,10.007,0,2.5721839093850654,"[4.489018, 3.762363, 3.147107, 2.62307, 2.169096, 1.781532, 1.4472, 1.158085]",22.8492942242942,2350.837437062937,6777,1,"{""ls_acc"": 9862, ""rep_n_add"": 0, ""rep_n_drop"": 0, ""rep_n_fill"": 0, ""start_n_add"": 6847, ""start_n_drop"": 0, ""start_n_fill"": 0}",ok,sols/tune_dev_Region6_F2b_ls_62f16412c7_b10.0_s4_F2b_tau_rel0.6__ls__b10_t4.npz,F2b_tau_rel0.6__ls__b10_t4,,,,
2026-09-28T16:30:39,tune,dev_Region7,F2b,"{""k"": 4, ""name"": ""F2b"", ""tau"": 4.120279720279716, ""tau_rel"": 0.6}",ls,classical,eac9e3b0b8,"{""ls_T0"": 0.009910049764216533, ""ls_T1"": 2.7477864387857466e-06, ""ls_chains"": 16, ""ls_moves"": 180500, ""ls_restart_every"": 2, ""p_add"": 0.12023894431332266, ""p_swap"": 0.7888312169833216, ""start"": ""pgreedy"", ""topw"": 34}",10.0,5,10.057,0,4.750040014248335,"[6.879045, 6.122772, 5.45594, 4.867759, 4.339641, 3.863645, 3.430351, 3.041167]",24.8686868686869,1634.30265034965,11467,1,"{""ls_acc"": 42249497, ""rep_n_add"": 1, ""rep_n_drop"": 0, ""rep_n_fill"": 0, ""start_n_add"": 11498, ""start_n_drop"": 0, ""start_n_fill"": 0}",ok,sols/tune_dev_Region7_F2b_ls_eac9e3b0b8_b10.0_s5_F2b_tau_rel0.6__ls__b10_t5.npz,F2b_tau_rel0.6__ls__b10_t5,,,,
2026-09-28T16:30:49,tune,dev_Region6,F2b,"{""k"": 4, ""name"": ""F2b"", ""tau"": 4.121760839160841, ""tau_rel"": 0.6}",ls,classical,eac9e3b0b8,"{""ls_T0"": 0.009910049764216533, ""ls_T1"": 2.7477864387857466e-06, ""ls_chains"": 16, ""ls_moves"": 180500, ""ls_restart_every"": 2, ""p_add"": 0.12023894431332266, ""p_swap"": 0.7888312169833216, ""start"": ""pgreedy"", ""topw"": 34}",10.0,5,10.061,0,2.5731966922635103,"[4.491752, 3.763999, 3.147877, 2.623236, 2.169731, 1.782296, 1.447844, 1.158839]",22.8492942242942,2350.3656888111886,6782,1,"{""ls_acc"": 35504429, ""rep_n_add"": 1, ""rep_n_drop"": 0, ""rep_n_fill"": 0, ""start_n_add"": 6863, ""start_n_drop"": 0, ""start_n_fill"": 0}",ok,sols/tune_dev_Region6_F2b_ls_eac9e3b0b8_b10.0_s5_F2b_tau_rel0.6__ls__b10_t5.npz,F2b_tau_rel0.6__ls__b10_t5,,,,
2026-09-28T16:31:00,tune,dev_Region7,F2b,"{""k"": 4, ""name"": ""F2b"", ""tau"": 4.120279720279716, ""tau_rel"": 0.6}",ls,classical,606510526a,"{""ls_T0"": 3.2220065042137596e-05, ""ls_T1"": 2.030806446101361e-09, ""ls_chains"": 16, ""ls_moves"": 42158, ""ls_restart_every"": 2, ""p_add"": 0.09878227236788217, ""p_swap"": 0.8274527914175818, ""start"": ""pgreedy"", ""topw"": 43}",10.0,6,10.015,0,4.746446282270227,"[6.875078, 6.118797, 5.451536, 4.863466, 4.336087, 3.860286, 3.427565, 3.038755]",24.81139924889928,1631.682832167832,11403,1,"{""ls_acc"": 109464, ""rep_n_add"": 0, ""rep_n_drop"": 0, ""rep_n_fill"": 0, ""start_n_add"": 11510, ""start_n_drop"": 0, ""start_n_fill"": 0}",ok,sols/tune_dev_Region7_F2b_ls_606510526a_b10.0_s6_F2b_tau_rel0.6__ls__b10_t6.npz,F2b_tau_rel0.6__ls__b10_t6,,,,
2026-09-28T16:31:11,tune,dev_Region6,F2b,"{""k"": 4, ""name"": ""F2b"", ""tau"": 4.121760839160841, ""tau_rel"": 0.6}",ls,classical,606510526a,"{""ls_T0"": 3.2220065042137596e-05, ""ls_T1"": 2.030806446101361e-09, ""ls_chains"": 16, ""ls_moves"": 42158, ""ls_restart_every"": 2, ""p_add"": 0.09878227236788217, ""p_swap"": 0.8274527914175818, ""start"": ""pgreedy"", ""topw"": 43}",10.0,6,10.01,0,2.5718890924476714,"[4.487917, 3.7621, 3.146952, 2.622723, 2.169011, 1.781474, 1.446917, 1.158017]",22.8492942242942,2350.0951993006993,6779,1,"{""ls_acc"": 22699, ""rep_n_add"": 0, ""rep_n_drop"": 0, ""rep_n_fill"": 0, ""start_n_add"": 6850, ""start_n_drop"": 0, ""start_n_fill"": 0}",ok,sols/tune_dev_Region6_F2b_ls_606510526a_b10.0_s6_F2b_tau_rel0.6__ls__b10_t6.npz,F2b_tau_rel0.6__ls__b10_t6,,,,
2026-09-28T16:31:22,tune,dev_Region7,F2b,"{""k"": 4, ""name"": ""F2b"", ""tau"": 4.120279720279716, ""tau_rel"": 0.6}",ls,classical,2d32370441,"{""ls_T0"": 0.0003848242761004573, ""ls_T1"": 7.839368476615419e-08, ""ls_chains"": 16, ""ls_moves"": 9617, ""ls_restart_every"": 2, ""p_add"": 0.14325636702277678, ""p_swap"": 0.21166217599631276, ""start"": ""pgreedy"", ""topw"": 4}",10.0,7,10.015,0,4.745626424517286,"[6.876632, 6.117533, 5.450754, 4.862414, 4.33479, 3.859367, 3.42618, 3.037342]",24.81139924889928,1631.306419580419,11375,1,"{""ls_acc"": 2700282, ""rep_n_add"": 1, ""rep_n_drop"": 0, ""rep_n_fill"": 0, ""start_n_add"": 11604, ""start_n_drop"": 0, ""start_n_fill"": 0}",ok,sols/tune_dev_Region7_F2b_ls_2d32370441_b10.0_s7_F2b_tau_rel0.6__ls__b10_t7.npz,F2b_tau_rel0.6__ls__b10_t7,,,,
2026-09-28T16:31:33,tune,dev_Region6,F2b,"{""k"": 4, ""name"": ""F2b"", ""tau"": 4.121760839160841, ""tau_rel"": 0.6}",ls,classical,2d32370441,"{""ls_T0"": 0.0003848242761004573, ""ls_T1"": 7.839368476615419e-08, ""ls_chains"": 16, ""ls_moves"": 9617, ""ls_restart_every"": 2, ""p_add"": 0.14325636702277678, ""p_swap"": 0.21166217599631276, ""start"": ""pgreedy"", ""topw"": 4}",10.0,7,10.014,0,2.5733836358064432,"[4.491586, 3.763316, 3.148033, 2.623244, 2.170012, 1.783386, 1.448373, 1.159118]",22.836036648536616,2350.5703706293707,6765,1,"{""ls_acc"": 1228159, ""rep_n_add"": 0, ""rep_n_drop"": 0, ""rep_n_fill"": 0, ""start_n_add"": 6872, ""start_n_drop"": 0, ""start_n_fill"": 0}",ok,sols/tune_dev_Region6_F2b_ls_2d32370441_b10.0_s7_F2b_tau_rel0.6__ls__b10_t7.npz,F2b_tau_rel0.6__ls__b10_t7,,,,
2026-09-28T16:31:43,tune,dev_Region7,F2b,"{""k"": 4, ""name"": ""F2b"", ""tau"": 4.120279720279716, ""tau_rel"": 0.6}",ls,classical,8c59ab979a,"{""ls_T0"": 0.0001958766975831573, ""ls_T1"": 1.3933899731893475e-06, ""ls_chains"": 16, ""ls_moves"": 54464, ""ls_restart_every"": 2, ""p_add"": 0.10578534650269383, ""p_swap"": 0.6638381920724397, ""start"": ""pgreedy"", ""topw"": 7}",10.0,8,10.022,0,4.745441625036048,"[6.874904, 6.117676, 5.450645, 4.862598, 4.33482, 3.859292, 3.426193, 3.037405]",24.81139924889928,1630.6255944055938,11368,1,"{""ls_acc"": 4024826, ""rep_n_add"": 0, ""rep_n_drop"": 0, ""rep_n_fill"": 0, ""start_n_add"": 11566, ""start_n_drop"": 0, ""start_n_fill"": 0}",ok,sols/tune_dev_Region7_F2b_ls_8c59ab979a_b10.0_s8_F2b_tau_rel0.6__ls__b10_t8.npz,F2b_tau_rel0.6__ls__b10_t8,,,,
2026-09-28T16:31:54,tune,dev_Region6,F2b,"{""k"": 4, ""name"": ""F2b"", ""tau"": 4.121760839160841, ""tau_rel"": 0.6}",ls,classical,8c59ab979a,"{""ls_T0"": 0.0001958766975831573, ""ls_T1"": 1.3933899731893475e-06, ""ls_chains"": 16, ""ls_moves"": 54464, ""ls_restart_every"": 2, ""p_add"": 0.10578534650269383, ""p_swap"": 0.6638381920724397, ""start"": ""pgreedy"", ""topw"": 7}",10.0,8,10.01,0,2.5730746788557743,"[4.492044, 3.76329, 3.147777, 2.623485, 2.169843, 1.782032, 1.447478, 1.15865]",22.836036648536616,2350.1672377622376,6771,1,"{""ls_acc"": 1590146, ""rep_n_add"": 1, ""rep_n_drop"": 0, ""rep_n_fill"": 0, ""start_n_add"": 6888, ""start_n_drop"": 0, ""start_n_fill"": 0}",ok,sols/tune_dev_Region6_F2b_ls_8c59ab979a_b10.0_s8_F2b_tau_rel0.6__ls__b10_t8.npz,F2b_tau_rel0.6__ls__b10_t8,,,,
2026-09-28T16:32:05,tune,dev_Region7,F2b,"{""k"": 4, ""name"": ""F2b"", ""tau"": 4.120279720279716, ""tau_rel"": 0.6}",ls,classical,dc88ac5410,"{""ls_T0"": 2.9111987182497216e-05, ""ls_T1"": 8.640890510506227e-10, ""ls_chains"": 16, ""ls_moves"": 61839, ""ls_restart_every"": 2, ""p_add"": 0.15725961632424748, ""p_swap"": 0.37142198850520264, ""start"": ""pgreedy"", ""topw"": 17}",10.0,9,10.042,0,4.745262595543437,"[6.875145, 6.117704, 5.450277, 4.862395, 4.334598, 3.85871, 3.426034, 3.037239]",24.81139924889928,1630.9917727272725,11362,1,"{""ls_acc"": 129566, ""rep_n_add"": 1, ""rep_n_drop"": 0, ""rep_n_fill"": 0, ""start_n_add"": 11579, ""start_n_drop"": 0, ""start_n_fill"": 0}",ok,sols/tune_dev_Region7_F2b_ls_dc88ac5410_b10.0_s9_F2b_tau_rel0.6__ls__b10_t9.npz,F2b_tau_rel0.6__ls__b10_t9,,,,
2026-09-28T16:32:16,tune,dev_Region6,F2b,"{""k"": 4, ""name"": ""F2b"", ""tau"": 4.121760839160841, ""tau_rel"": 0.6}",ls,classical,dc88ac5410,"{""ls_T0"": 2.9111987182497216e-05, ""ls_T1"": 8.640890510506227e-10, ""ls_chains"": 16, ""ls_moves"": 61839, ""ls_restart_every"": 2, ""p_add"": 0.15725961632424748, ""p_swap"": 0.37142198850520264, ""start"": ""pgreedy"", ""topw"": 17}",10.0,9,10.068,0,2.5726389061284767,"[4.489917, 3.762663, 3.147537, 2.623145, 2.16958, 1.782016, 1.447611, 1.158643]",22.831358456358423,2350.7896083916085,6765,1,"{""ls_acc"": 39669, ""rep_n_add"": 0, ""rep_n_drop"": 0, ""rep_n_fill"": 0, ""start_n_add"": 6891, ""start_n_drop"": 0, ""start_n_fill"": 0}",ok,sols/tune_dev_Region6_F2b_ls_dc88ac5410_b10.0_s9_F2b_tau_rel0.6__ls__b10_t9.npz,F2b_tau_rel0.6__ls__b10_t9,,,,
2026-09-28T16:32:27,tune,dev_Region7,F2b,"{""k"": 4, ""name"": ""F2b"", ""tau"": 4.120279720279716, ""tau_rel"": 0.6}",eim,ising,b43ca73d90,"{""eim_R"": 16, ""eim_Tmax"": 0.003, ""eim_Tmin"": 1e-06, ""eim_anneal"": 0.0, ""eim_eta"": 1.0, ""eim_hscale"": 10.0, ""eim_moves"": 20000, ""eim_rho"": 50.0, ""p_add"": 0.2, ""p_swap"": 0.6, ""start"": ""lp"", ""topw"": 8}",10.0,0,10.014,0,4.763768865778607,"[6.97945, 6.141923, 5.460942, 4.866803, 4.336488, 3.860025, 3.426677, 3.037844]",24.8686868686869,1630.7431608391603,11405,1,"{""eim_acc"": 36062042, ""rep_n_add"": 0, ""rep_n_drop"": 0, ""rep_n_fill"": 0, ""start_n_add"": 2181, ""start_n_drop"": 0, ""start_n_fill"": 0}",ok,sols/tune_dev_Region7_F2b_eim_b43ca73d90_b10.0_s0_F2b_tau_rel0.6__eim__b10_t0.npz,F2b_tau_rel0.6__eim__b10_t0,,,,
2026-09-28T16:32:38,tune,dev_Region6,F2b,"{""k"": 4, ""name"": ""F2b"", ""tau"": 4.121760839160841, ""tau_rel"": 0.6}",eim,ising,b43ca73d90,"{""eim_R"": 16, ""eim_Tmax"": 0.003, ""eim_Tmin"": 1e-06, ""eim_anneal"": 0.0, ""eim_eta"": 1.0, ""eim_hscale"": 10.0, ""eim_moves"": 20000, ""eim_rho"": 50.0, ""p_add"": 0.2, ""p_swap"": 0.6, ""start"": ""lp"", ""topw"": 8}",10.0,0,10.013,0,2.5812325537008096,"[4.560055, 3.769455, 3.147791, 2.622118, 2.168088, 1.779647, 1.445132, 1.157574]",22.8492942242942,2350.31786013986,6774,1,"{""eim_acc"": 29150752, ""rep_n_add"": 6, ""rep_n_drop"": 0, ""rep_n_fill"": 0, ""start_n_add"": 1645, ""start_n_drop"": 0, ""start_n_fill"": 0}",ok,sols/tune_dev_Region6_F2b_eim_b43ca73d90_b10.0_s0_F2b_tau_rel0.6__eim__b10_t0.npz,F2b_tau_rel0.6__eim__b10_t0,,,,
2026-09-28T16:32:49,tune,dev_Region7,F2b,"{""k"": 4, ""name"": ""F2b"", ""tau"": 4.120279720279716, ""tau_rel"": 0.6}",eim,ising,7dbc772f26,"{""eim_R"": 64, ""eim_Tmax"": 0.022388264096178515, ""eim_Tmin"": 5.6279320474151646e-06, ""eim_anneal"": 0.07032569761590807, ""eim_eta"": 0.018255254802399014, ""eim_hscale"": 59.812219011525556, ""eim_moves"": 174910, ""eim_rho"": 18.71450068624066, ""p_add"": 0.19172075941288885, ""p_swap"": 0.6420036530145916, ""start"": ""pgreedy"", ""topw"": 11}",10.0,1,10.239,0,4.749111257755999,"[6.879344, 6.121962, 5.455015, 4.866472, 4.33846, 3.862311, 3.429124, 3.040201]",24.81139924889928,1634.0283426573424,11445,1,"{""eim_acc"": 93451804, ""rep_n_add"": 4, ""rep_n_drop"": 0, ""rep_n_fill"": 0, ""start_n_add"": 11517, ""start_n_drop"": 0, ""start_n_fill"": 0}",ok,sols/tune_dev_Region7_F2b_eim_7dbc772f26_b10.0_s1_F2b_tau_rel0.6__eim__b10_t1.npz,F2b_tau_rel0.6__eim__b10_t1,,,,
2026-09-28T16:33:00,tune,dev_Region6,F2b,"{""k"": 4, ""name"": ""F2b"", ""tau"": 4.121760839160841, ""tau_rel"": 0.6}",eim,ising,7dbc772f26,"{""eim_R"": 64, ""eim_Tmax"": 0.022388264096178515, ""eim_Tmin"": 5.6279320474151646e-06, ""eim_anneal"": 0.07032569761590807, ""eim_eta"": 0.018255254802399014, ""eim_hscale"": 59.812219011525556, ""eim_moves"": 174910, ""eim_rho"": 18.71450068624066, ""p_add"": 0.19172075941288885, ""p_swap"": 0.6420036530145916, ""start"": ""pgreedy"", ""topw"": 11}",10.0,1,10.339,0,2.5725016409775545,"[4.492078, 3.763441, 3.14732, 2.622901, 2.169162, 1.781359, 1.446486, 1.157266]",22.82438163688161,2350.073297202797,6761,1,"{""eim_acc"": 79059566, ""rep_n_add"": 2, ""rep_n_drop"": 0, ""rep_n_fill"": 0, ""start_n_add"": 6906, ""start_n_drop"": 0, ""start_n_fill"": 0}",ok,sols/tune_dev_Region6_F2b_eim_7dbc772f26_b10.0_s1_F2b_tau_rel0.6__eim__b10_t1.npz,F2b_tau_rel0.6__eim__b10_t1,,,,
2026-09-28T16:33:11,tune,dev_Region7,F2b,"{""k"": 4, ""name"": ""F2b"", ""tau"": 4.120279720279716, ""tau_rel"": 0.6}",eim,ising,91980ab3ad,"{""eim_R"": 32, ""eim_Tmax"": 0.01081686613933192, ""eim_Tmin"": 7.013219779945795e-06, ""eim_anneal"": 0.2619100559835807, ""eim_eta"": 2.102330874348012, ""eim_hscale"": 1.7538232373118046, ""eim_moves"": 7734, ""eim_rho"": 12.229065947034353, ""p_add"": 0.3199605106637619, ""p_swap"": 0.2616475745120573, ""start"": ""pgreedy"", ""topw"": 52}",10.0,2,10.026,0,4.750873198274418,"[6.879999, 6.123773, 5.456728, 4.868337, 4.340304, 3.864509, 3.431511, 3.041825]",24.8686868686869,1635.4491608391606,11482,1,"{""eim_acc"": 34388655, ""rep_n_add"": 8, ""rep_n_drop"": 0, ""rep_n_fill"": 0, ""start_n_add"": 11482, ""start_n_drop"": 0, ""start_n_fill"": 0}",ok,sols/tune_dev_Region7_F2b_eim_91980ab3ad_b10.0_s2_F2b_tau_rel0.6__eim__b10_t2.npz,F2b_tau_rel0.6__eim__b10_t2,,,,
2026-09-28T16:33:22,tune,dev_Region6,F2b,"{""k"": 4, ""name"": ""F2b"", ""tau"": 4.121760839160841, ""tau_rel"": 0.6}",eim,ising,91980ab3ad,"{""eim_R"": 32, ""eim_Tmax"": 0.01081686613933192, ""eim_Tmin"": 7.013219779945795e-06, ""eim_anneal"": 0.2619100559835807, ""eim_eta"": 2.102330874348012, ""eim_hscale"": 1.7538232373118046, ""eim_moves"": 7734, ""eim_rho"": 12.229065947034353, ""p_add"": 0.3199605106637619, ""p_swap"": 0.2616475745120573, ""start"": ""pgreedy"", ""topw"": 52}",10.0,2,10.023,0,2.5768071942450375,"[4.497463, 3.769638, 3.15234, 2.626953, 2.17231, 1.785283, 1.450038, 1.160434]",22.8492942242942,2352.7839440559437,6820,1,"{""eim_acc"": 28281320, ""rep_n_add"": 9, ""rep_n_drop"": 0, ""rep_n_fill"": 0, ""start_n_add"": 6862, ""start_n_drop"": 0, ""start_n_fill"": 0}",ok,sols/tune_dev_Region6_F2b_eim_91980ab3ad_b10.0_s2_F2b_tau_rel0.6__eim__b10_t2.npz,F2b_tau_rel0.6__eim__b10_t2,,,,
2026-09-28T16:33:33,tune,dev_Region7,F2b,"{""k"": 4, ""name"": ""F2b"", ""tau"": 4.120279720279716, ""tau_rel"": 0.6}",eim,ising,b8b5d92d54,"{""eim_R"": 16, ""eim_Tmax"": 0.3963283547730436, ""eim_Tmin"": 0.0005956516018710562, ""eim_anneal"": 0.2082787354631025, ""eim_eta"": 0.024365700014642007, ""eim_hscale"": 10.278118224157009, ""eim_moves"": 18832, ""eim_rho"": 46.458679515124714, ""p_add"": 0.21851597689967073, ""p_swap"": 0.5707798346517168, ""start"": ""pgreedy"", ""topw"": 2}",10.0,3,10.011,0,4.7508560817391405,"[6.879934, 6.123737, 5.456722, 4.868331, 4.340369, 3.864493, 3.431326, 3.041938]",24.78307109557113,1635.2950979020975,11485,1,"{""eim_acc"": 253459613, ""rep_n_add"": 17, ""rep_n_drop"": 0, ""rep_n_fill"": 0, ""start_n_add"": 11474, ""start_n_drop"": 0, ""start_n_fill"": 0}",ok,sols/tune_dev_Region7_F2b_eim_b8b5d92d54_b10.0_s3_F2b_tau_rel0.6__eim__b10_t3.npz,F2b_tau_rel0.6__eim__b10_t3,,,,
2026-09-28T16:33:44,tune,dev_Region6,F2b,"{""k"": 4, ""name"": ""F2b"", ""tau"": 4.121760839160841, ""tau_rel"": 0.6}",eim,ising,b8b5d92d54,"{""eim_R"": 16, ""eim_Tmax"": 0.3963283547730436, ""eim_Tmin"": 0.0005956516018710562, ""eim_anneal"": 0.2082787354631025, ""eim_eta"": 0.024365700014642007, ""eim_hscale"": 10.278118224157009, ""eim_moves"": 18832, ""eim_rho"": 46.458679515124714, ""p_add"": 0.21851597689967073, ""p_swap"": 0.5707798346517168, ""start"": ""pgreedy"", ""topw"": 2}",10.0,3,10.01,0,2.576904323795583,"[4.497463, 3.769638, 3.152654, 2.627034, 2.172461, 1.785288, 1.449976, 1.16072]",22.8492942242942,2352.6328006993003,6824,1,"{""eim_acc"": 197272799, ""rep_n_add"": 11, ""rep_n_drop"": 0, ""rep_n_fill"": 0, ""start_n_add"": 6819, ""start_n_drop"": 0, ""start_n_fill"": 0}",ok,sols/tune_dev_Region6_F2b_eim_b8b5d92d54_b10.0_s3_F2b_tau_rel0.6__eim__b10_t3.npz,F2b_tau_rel0.6__eim__b10_t3,,,,
2026-09-28T16:33:55,tune,dev_Region7,F2b,"{""k"": 4, ""name"": ""F2b"", ""tau"": 4.120279720279716, ""tau_rel"": 0.6}",eim,ising,01c5372ab3,"{""eim_R"": 64, ""eim_Tmax"": 0.001497337128544553, ""eim_Tmin"": 1.0014489211897886e-05, ""eim_anneal"": 0.5041849562408753, ""eim_eta"": 0.11816610545739868, ""eim_hscale"": 7.691131563896037, ""eim_moves"": 71580, ""eim_rho"": 1.517527323680054, ""p_add"": 0.4361182296415085, ""p_swap"": 0.3535977674963949, ""start"": ""pgreedy"", ""topw"": 16}",10.0,4,10.095,0,4.750833202793807,"[6.879934, 6.123704, 5.456713, 4.86833, 4.340298, 3.864463, 3.431487, 3.041736]",24.8686868686869,1635.2694195804193,11486,1,"{""eim_acc"": 41621880, ""rep_n_add"": 12, ""rep_n_drop"": 0, ""rep_n_fill"": 0, ""start_n_add"": 11482, ""start_n_drop"": 0, ""start_n_fill"": 0}",ok,sols/tune_dev_Region7_F2b_eim_01c5372ab3_b10.0_s4_F2b_tau_rel0.6__eim__b10_t4.npz,F2b_tau_rel0.6__eim__b10_t4,,,,
2026-09-28T16:34:06,tune,dev_Region6,F2b,"{""k"": 4, ""name"": ""F2b"", ""tau"": 4.121760839160841, ""tau_rel"": 0.6}",eim,ising,01c5372ab3,"{""eim_R"": 64, ""eim_Tmax"": 0.001497337128544553, ""eim_Tmin"": 1.0014489211897886e-05, ""eim_anneal"": 0.5041849562408753, ""eim_eta"": 0.11816610545739868, ""eim_hscale"": 7.691131563896037, ""eim_moves"": 71580, ""eim_rho"": 1.517527323680054, ""p_add"": 0.4361182296415085, ""p_swap"": 0.3535977674963949, ""start"": ""pgreedy"", ""topw"": 16}",10.0,4,10.157,0,2.5768506792162165,"[4.497463, 3.769638, 3.152404, 2.626951, 2.172461, 1.785283, 1.449913, 1.160691]",22.961344211344265,2352.5274160839163,6825,1,"{""eim_acc"": 35752087, ""rep_n_add"": 14, ""rep_n_drop"": 0, ""rep_n_fill"": 0, ""start_n_add"": 6819, ""start_n_drop"": 0, ""start_n_fill"": 0}",ok,sols/tune_dev_Region6_F2b_eim_01c5372ab3_b10.0_s4_F2b_tau_rel0.6__eim__b10_t4.npz,F2b_tau_rel0.6__eim__b10_t4,,,,
2026-09-28T16:34:17,tune,dev_Region7,F2b,"{""k"": 4, ""name"": ""F2b"", ""tau"": 4.120279720279716, ""tau_rel"": 0.6}",eim,ising,8d426b64f8,"{""eim_R"": 64, ""eim_Tmax"": 0.0068739603774064986, ""eim_Tmin"": 9.908093988002197e-07, ""eim_anneal"": 0.9821209109995948, ""eim_eta"": 0.25087478372538863, ""eim_hscale"": 5.717946231165683, ""eim_moves"": 102727, ""eim_rho"": 606.5531721590852, ""p_add"": 0.17954246338043298, ""p_swap"": 0.7580912491721993, ""start"": ""pgreedy"", ""topw"": 16}",10.0,5,10.108,0,4.743514778428937,"[6.871047, 6.115189, 5.448719, 4.860177, 4.333562, 3.857621, 3.425138, 3.036667]",24.81139924889928,1630.3982167832169,11359,1,"{""eim_acc"": 27547294, ""rep_n_add"": 0, ""rep_n_drop"": 0, ""rep_n_fill"": 0, ""start_n_add"": 11575, ""start_n_drop"": 0, ""start_n_fill"": 0}",ok,sols/tune_dev_Region7_F2b_eim_8d426b64f8_b10.0_s5_F2b_tau_rel0.6__eim__b10_t5.npz,F2b_tau_rel0.6__eim__b10_t5,,,,
2026-09-28T16:34:28,tune,dev_Region6,F2b,"{""k"": 4, ""name"": ""F2b"", ""tau"": 4.121760839160841, ""tau_rel"": 0.6}",eim,ising,8d426b64f8,"{""eim_R"": 64, ""eim_Tmax"": 0.0068739603774064986, ""eim_Tmin"": 9.908093988002197e-07, ""eim_anneal"": 0.9821209109995948, ""eim_eta"": 0.25087478372538863, ""eim_hscale"": 5.717946231165683, ""eim_moves"": 102727, ""eim_rho"": 606.5531721590852, ""p_add"": 0.17954246338043298, ""p_swap"": 0.7580912491721993, ""start"": ""pgreedy"", ""topw"": 16}",10.0,5,10.034,0,2.57666242154594,"[4.497463, 3.769638, 3.152404, 2.626993, 2.172403, 1.78492, 1.449784, 1.159693]",22.836036648536616,2352.7621713286712,6819,1,"{""eim_acc"": 23693116, ""rep_n_add"": 1, ""rep_n_drop"": 0, ""rep_n_fill"": 0, ""start_n_add"": 6830, ""start_n_drop"": 0, ""start_n_fill"": 0}",ok,sols/tune_dev_Region6_F2b_eim_8d426b64f8_b10.0_s5_F2b_tau_rel0.6__eim__b10_t5.npz,F2b_tau_rel0.6__eim__b10_t5,,,,
2026-09-28T16:34:39,tune,dev_Region7,F2b,"{""k"": 4, ""name"": ""F2b"", ""tau"": 4.120279720279716, ""tau_rel"": 0.6}",eim,ising,5dc2835d3c,"{""eim_R"": 64, ""eim_Tmax"": 0.0034017222810574796, ""eim_Tmin"": 0.000502708097584304, ""eim_anneal"": 0.8268876083441974, ""eim_eta"": 0.013454261930659244, ""eim_hscale"": 63.15990016986602, ""eim_moves"": 22365, ""eim_rho"": 0.39386743254121004, ""p_add"": 0.0512206276156186, ""p_swap"": 0.8527044109131574, ""start"": ""pgreedy"", ""topw"": 11}",10.0,6,10.05,0,4.7506759216534595,"[6.879276, 6.123648, 5.456574, 4.8682, 4.340232, 3.864451, 3.431393, 3.041635]",24.8686868686869,1635.174524475524,11484,1,"{""eim_acc"": 97566279, ""rep_n_add"": 6, ""rep_n_drop"": 0, ""rep_n_fill"": 0, ""start_n_add"": 11482, ""start_n_drop"": 0, ""start_n_fill"": 0}",ok,sols/tune_dev_Region7_F2b_eim_5dc2835d3c_b10.0_s6_F2b_tau_rel0.6__eim__b10_t6.npz,F2b_tau_rel0.6__eim__b10_t6,,,,
2026-09-28T16:34:50,tune,dev_Region6,F2b,"{""k"": 4, ""name"": ""F2b"", ""tau"": 4.121760839160841, ""tau_rel"": 0.6}",eim,ising,5dc2835d3c,"{""eim_R"": 64, ""eim_Tmax"": 0.0034017222810574796, ""eim_Tmin"": 0.000502708097584304, ""eim_anneal"": 0.8268876083441974, ""eim_eta"": 0.013454261930659244, ""eim_hscale"": 63.15990016986602, ""eim_moves"": 22365, ""eim_rho"": 0.39386743254121004, ""p_add"": 0.0512206276156186, ""p_swap"": 0.8527044109131574, ""start"": ""pgreedy"", ""topw"": 11}",10.0,6,10.033,0,2.576805822170157,"[4.497463, 3.769638, 3.152404, 2.626948, 2.17239, 1.785198, 1.449804, 1.160602]",22.8492942242942,2352.534216783217,6821,1,"{""eim_acc"": 76698048, ""rep_n_add"": 8, ""rep_n_drop"": 0, ""rep_n_fill"": 0, ""start_n_add"": 6820, ""start_n_drop"": 0, ""start_n_fill"": 0}",ok,sols/tune_dev_Region6_F2b_eim_5dc2835d3c_b10.0_s6_F2b_tau_rel0.6__eim__b10_t6.npz,F2b_tau_rel0.6__eim__b10_t6,,,,
2026-09-28T16:35:01,tune,dev_Region7,F2b,"{""k"": 4, ""name"": ""F2b"", ""tau"": 4.120279720279716, ""tau_rel"": 0.6}",eim,ising,0e71463e13,"{""eim_R"": 64, ""eim_Tmax"": 0.011146422860442984, ""eim_Tmin"": 1.2201535047944312e-06, ""eim_anneal"": 0.02111126779401539, ""eim_eta"": 8.541423309062068, ""eim_hscale"": 0.12083058229767994, ""eim_moves"": 195394, ""eim_rho"": 21.44563115301461, ""p_add"": 0.20251616215560778, ""p_swap"": 0.4515795316089084, ""start"": ""pgreedy"", ""topw"": 2}",10.0,7,10.101,0,4.75091527390339,"[6.880027, 6.123788, 5.456794, 4.868395, 4.340356, 3.864558, 3.431534, 3.041869]",24.8686868686869,1635.4739090909088,11484,1,"{""eim_acc"": 68128493, ""rep_n_add"": 8, ""rep_n_drop"": 0, ""rep_n_fill"": 0, ""start_n_add"": 11483, ""start_n_drop"": 0, ""start_n_fill"": 0}",ok,sols/tune_dev_Region7_F2b_eim_0e71463e13_b10.0_s7_F2b_tau_rel0.6__eim__b10_t7.npz,F2b_tau_rel0.6__eim__b10_t7,,,,
2026-09-28T16:35:12,tune,dev_Region6,F2b,"{""k"": 4, ""name"": ""F2b"", ""tau"": 4.121760839160841, ""tau_rel"": 0.6}",eim,ising,0e71463e13,"{""eim_R"": 64, ""eim_Tmax"": 0.011146422860442984, ""eim_Tmin"": 1.2201535047944312e-06, ""eim_anneal"": 0.02111126779401539, ""eim_eta"": 8.541423309062068, ""eim_hscale"": 0.12083058229767994, ""eim_moves"": 195394, ""eim_rho"": 21.44563115301461, ""p_add"": 0.20251616215560778, ""p_swap"": 0.4515795316089084, ""start"": ""pgreedy"", ""topw"": 2}",10.0,7,10.075,0,2.576754728973525,"[4.497423, 3.769602, 3.152371, 2.626925, 2.172411, 1.784925, 1.449889, 1.160492]",22.961344211344265,2352.603737762238,6820,1,"{""eim_acc"": 63621141, ""rep_n_add"": 9, ""rep_n_drop"": 0, ""rep_n_fill"": 0, ""start_n_add"": 6819, ""start_n_drop"": 0, ""start_n_fill"": 0}",ok,sols/tune_dev_Region6_F2b_eim_0e71463e13_b10.0_s7_F2b_tau_rel0.6__eim__b10_t7.npz,F2b_tau_rel0.6__eim__b10_t7,,,,
2026-09-28T16:35:23,tune,dev_Region7,F2b,"{""k"": 4, ""name"": ""F2b"", ""tau"": 4.120279720279716, ""tau_rel"": 0.6}",eim,ising,ee9ab1096d,"{""eim_R"": 64, ""eim_Tmax"": 0.00213533126201478, ""eim_Tmin"": 1.8630225374299144e-06, ""eim_anneal"": 0.5753183670262931, ""eim_eta"": 0.01200880730266928, ""eim_hscale"": 88.30611353681545, ""eim_moves"": 12327, ""eim_rho"": 1.2055893312867594, ""p_add"": 0.38867096274621826, ""p_swap"": 0.21719153456909268, ""start"": ""pgreedy"", ""topw"": 38}",10.0,8,10.023,0,4.750539021118151,"[6.879934, 6.123689, 5.456293, 4.86773, 4.339925, 3.864037, 3.430952, 3.041753]",24.81139924889928,1634.9652237762234,11479,1,"{""eim_acc"": 18666224, ""rep_n_add"": 1, ""rep_n_drop"": 0, ""rep_n_fill"": 0, ""start_n_add"": 11509, ""start_n_drop"": 0, ""start_n_fill"": 0}",ok,sols/tune_dev_Region7_F2b_eim_ee9ab1096d_b10.0_s8_F2b_tau_rel0.6__eim__b10_t8.npz,F2b_tau_rel0.6__eim__b10_t8,,,,
2026-09-28T16:35:34,tune,dev_Region6,F2b,"{""k"": 4, ""name"": ""F2b"", ""tau"": 4.121760839160841, ""tau_rel"": 0.6}",eim,ising,ee9ab1096d,"{""eim_R"": 64, ""eim_Tmax"": 0.00213533126201478, ""eim_Tmin"": 1.8630225374299144e-06, ""eim_anneal"": 0.5753183670262931, ""eim_eta"": 0.01200880730266928, ""eim_hscale"": 88.30611353681545, ""eim_moves"": 12327, ""eim_rho"": 1.2055893312867594, ""p_add"": 0.38867096274621826, ""p_swap"": 0.21719153456909268, ""start"": ""pgreedy"", ""topw"": 38}",10.0,8,10.015,0,2.5764360384358733,"[4.497375, 3.769556, 3.152067, 2.626609, 2.171903, 1.784394, 1.449498, 1.160087]",22.8492942242942,2352.4808706293707,6806,1,"{""eim_acc"": 12628704, ""rep_n_add"": 2, ""rep_n_drop"": 0, ""rep_n_fill"": 0, ""start_n_add"": 6820, ""start_n_drop"": 0, ""start_n_fill"": 0}",ok,sols/tune_dev_Region6_F2b_eim_ee9ab1096d_b10.0_s8_F2b_tau_rel0.6__eim__b10_t8.npz,F2b_tau_rel0.6__eim__b10_t8,,,,
2026-09-28T16:35:45,tune,dev_Region7,F2b,"{""k"": 4, ""name"": ""F2b"", ""tau"": 4.120279720279716, ""tau_rel"": 0.6}",eim,ising,01ed9cec08,"{""eim_R"": 64, ""eim_Tmax"": 0.006859037653584145, ""eim_Tmin"": 0.00033290292469221905, ""eim_anneal"": 0.8586796428816786, ""eim_eta"": 3.662396836840411, ""eim_hscale"": 6.816384595663995, ""eim_moves"": 17085, ""eim_rho"": 61.777646903165234, ""p_add"": 0.22532214597356157, ""p_swap"": 0.48138217174388886, ""start"": ""pgreedy"", ""topw"": 13}",10.0,9,10.023,0,4.7509233766903485,"[6.880039, 6.123786, 5.456839, 4.868395, 4.340356, 3.864548, 3.431554, 3.041869]",24.8686868686869,1635.4739090909088,11484,1,"{""eim_acc"": 108610283, ""rep_n_add"": 7, ""rep_n_drop"": 0, ""rep_n_fill"": 0, ""start_n_add"": 11484, ""start_n_drop"": 0, ""start_n_fill"": 0}",ok,sols/tune_dev_Region7_F2b_eim_01ed9cec08_b10.0_s9_F2b_tau_rel0.6__eim__b10_t9.npz,F2b_tau_rel0.6__eim__b10_t9,,,,
2026-09-28T16:35:55,tune,dev_Region6,F2b,"{""k"": 4, ""name"": ""F2b"", ""tau"": 4.121760839160841, ""tau_rel"": 0.6}",eim,ising,01ed9cec08,"{""eim_R"": 64, ""eim_Tmax"": 0.006859037653584145, ""eim_Tmin"": 0.00033290292469221905, ""eim_anneal"": 0.8586796428816786, ""eim_eta"": 3.662396836840411, ""eim_hscale"": 6.816384595663995, ""eim_moves"": 17085, ""eim_rho"": 61.777646903165234, ""p_add"": 0.22532214597356157, ""p_swap"": 0.48138217174388886, ""start"": ""pgreedy"", ""topw"": 13}",10.0,9,10.05,0,2.5768296432890097,"[4.497452, 3.769638, 3.152404, 2.626953, 2.172461, 1.784989, 1.450016, 1.160723]",22.961344211344265,2352.699699300699,6824,1,"{""eim_acc"": 85241636, ""rep_n_add"": 7, ""rep_n_drop"": 0, ""rep_n_fill"": 0, ""start_n_add"": 6822, ""start_n_drop"": 0, ""start_n_fill"": 0}",ok,sols/tune_dev_Region6_F2b_eim_01ed9cec08_b10.0_s9_F2b_tau_rel0.6__eim__b10_t9.npz,F2b_tau_rel0.6__eim__b10_t9,,,,
2026-09-28T16:36:25,tune,dev_Region7,F2b,"{""k"": 4, ""name"": ""F2b"", ""tau"": 4.120279720279716, ""tau_rel"": 0.6}",milp,classical,373d42e6a9,"{""J"": 12, ""eps_tie"": 0.0, ""mip_heuristic_effort"": 0.05, ""presolve"": ""on"", ""start"": ""lp""}",10.0,0,29.027,1,4.778337875525257,"[7.022306, 6.173463, 5.476573, 4.87593, 4.341555, 3.864372, 3.430931, 3.041572]",24.8686868686869,1631.9848566433564,11450,1,"{""milp_improved"": 0, ""rep_n_add"": 0, ""rep_n_drop"": 0, ""rep_n_fill"": 0, ""start_n_add"": 1271, ""start_n_drop"": 0, ""start_n_fill"": 0}",ok,sols/tune_dev_Region7_F2b_milp_373d42e6a9_b10.0_s0_F2b_tau_rel0.6__milp__b10_t0.npz,F2b_tau_rel0.6__milp__b10_t0,,,,
2026-09-28T16:36:47,tune,dev_Region6,F2b,"{""k"": 4, ""name"": ""F2b"", ""tau"": 4.121760839160841, ""tau_rel"": 0.6}",milp,classical,373d42e6a9,"{""J"": 12, ""eps_tie"": 0.0, ""mip_heuristic_effort"": 0.05, ""presolve"": ""on"", ""start"": ""lp""}",10.0,0,20.7,1,2.5926528985611954,"[4.600235, 3.794865, 3.158036, 2.627322, 2.171328, 1.781951, 1.447741, 1.159746]",22.961344211344265,2351.839555944056,6808,1,"{""milp_improved"": 0, ""rep_n_add"": 0, ""rep_n_drop"": 0, ""rep_n_fill"": 0, ""start_n_add"": 621, ""start_n_drop"": 0, ""start_n_fill"": 0}",ok,sols/tune_dev_Region6_F2b_milp_373d42e6a9_b10.0_s0_F2b_tau_rel0.6__milp__b10_t0.npz,F2b_tau_rel0.6__milp__b10_t0,,,,
2026-09-28T16:37:15,tune,dev_Region7,F2b,"{""k"": 4, ""name"": ""F2b"", ""tau"": 4.120279720279716, ""tau_rel"": 0.6}",milp,classical,680ce06bc1,"{""J"": 12, ""eps_tie"": 0.0, ""mip_heuristic_effort"": 0.10490756141474163, ""presolve"": ""on"", ""start"": ""pgreedy""}",10.0,1,27.449,1,4.750925962516002,"[6.880039, 6.123814, 5.456794, 4.868395, 4.340356, 3.864558, 3.431581, 3.041869]",24.8686868686869,1635.4739090909088,11484,1,"{""milp_improved"": 0, ""rep_n_add"": 0, ""rep_n_drop"": 0, ""rep_n_fill"": 0, ""start_n_add"": 11484, ""start_n_drop"": 0, ""start_n_fill"": 0}",ok,sols/tune_dev_Region7_F2b_milp_680ce06bc1_b10.0_s1_F2b_tau_rel0.6__milp__b10_t1.npz,F2b_tau_rel0.6__milp__b10_t1,,,,
2026-09-28T16:37:35,tune,dev_Region6,F2b,"{""k"": 4, ""name"": ""F2b"", ""tau"": 4.121760839160841, ""tau_rel"": 0.6}",milp,classical,680ce06bc1,"{""J"": 12, ""eps_tie"": 0.0, ""mip_heuristic_effort"": 0.10490756141474163, ""presolve"": ""on"", ""start"": ""pgreedy""}",10.0,1,18.898,1,2.5768514584115136,"[4.497463, 3.769638, 3.152404, 2.626993, 2.172461, 1.785283, 1.449949, 1.16062]",22.961344211344265,2352.6434825174824,6822,1,"{""milp_improved"": 0, ""rep_n_add"": 0, ""rep_n_drop"": 0, ""rep_n_fill"": 0, ""start_n_add"": 6822, ""start_n_drop"": 0, ""start_n_fill"": 0}",ok,sols/tune_dev_Region6_F2b_milp_680ce06bc1_b10.0_s1_F2b_tau_rel0.6__milp__b10_t1.npz,F2b_tau_rel0.6__milp__b10_t1,,,,
2026-09-28T16:37:45,tune,dev_Region7,F2b,"{""k"": 4, ""name"": ""F2b"", ""tau"": 4.120279720279716, ""tau_rel"": 0.6}",milp,classical,538aaf2661,"{""J"": 24, ""eps_tie"": 0.0, ""mip_heuristic_effort"": 0.026406942985185436, ""presolve"": ""off"", ""start"": ""lp""}",10.0,2,9.687,0,4.750549364840121,"[6.891052, 6.124692, 5.454824, 4.865549, 4.337292, 3.862048, 3.429352, 3.039586]",24.81139924889928,1632.2450419580416,11447,1,"{""milp_improved"": 0, ""rep_n_add"": 0, ""rep_n_drop"": 0, ""rep_n_fill"": 0, ""start_n_add"": 1515, ""start_n_drop"": 0, ""start_n_fill"": 0}",ok,sols/tune_dev_Region7_F2b_milp_538aaf2661_b10.0_s2_F2b_tau_rel0.6__milp__b10_t2.npz,F2b_tau_rel0.6__milp__b10_t2,,,,
2026-09-28T16:37:55,tune,dev_Region6,F2b,"{""k"": 4, ""name"": ""F2b"", ""tau"": 4.121760839160841, ""tau_rel"": 0.6}",milp,classical,538aaf2661,"{""J"": 24, ""eps_tie"": 0.0, ""mip_heuristic_effort"": 0.026406942985185436, ""presolve"": ""off"", ""start"": ""lp""}",10.0,2,9.671,0,2.5764440190963436,"[4.506798, 3.767862, 3.150607, 2.626494, 2.171128, 1.782318, 1.447681, 1.158663]",22.8492942242942,2351.456062937063,6804,1,"{""milp_improved"": 0, ""rep_n_add"": 0, ""rep_n_drop"": 0, ""rep_n_fill"": 0, ""start_n_add"": 1370, ""start_n_drop"": 0, ""start_n_fill"": 0}",ok,sols/tune_dev_Region6_F2b_milp_538aaf2661_b10.0_s2_F2b_tau_rel0.6__milp__b10_t2.npz,F2b_tau_rel0.6__milp__b10_t2,,,,
2026-09-28T16:38:06,tune,dev_Region7,F2b,"{""k"": 4, ""name"": ""F2b"", ""tau"": 4.120279720279716, ""tau_rel"": 0.6}",milp,classical,07e62c9d33,"{""J"": 6, ""eps_tie"": 0.0, ""mip_heuristic_effort"": 0.03176688987641123, ""presolve"": ""off"", ""start"": ""lp""}",10.0,3,9.757,0,5.370143996857402,"[8.845267, 7.198872, 6.137477, 5.305544, 4.632806, 4.077528, 3.594105, 3.169553]",24.087525900025934,1624.421234265734,11411,1,"{""milp_improved"": 0, ""rep_n_add"": 0, ""rep_n_drop"": 0, ""rep_n_fill"": 0, ""start_n_add"": 3693, ""start_n_drop"": 0, ""start_n_fill"": 0}",ok,sols/tune_dev_Region7_F2b_milp_07e62c9d33_b10.0_s3_F2b_tau_rel0.6__milp__b10_t3.npz,F2b_tau_rel0.6__milp__b10_t3,,,,
2026-09-28T16:38:16,tune,dev_Region6,F2b,"{""k"": 4, ""name"": ""F2b"", ""tau"": 4.121760839160841, ""tau_rel"": 0.6}",milp,classical,07e62c9d33,"{""J"": 6, ""eps_tie"": 0.0, ""mip_heuristic_effort"": 0.03176688987641123, ""presolve"": ""off"", ""start"": ""lp""}",10.0,3,9.702,0,3.138112712966761,"[6.287004, 4.787559, 3.773638, 3.022141, 2.435247, 1.966131, 1.579303, 1.253879]",23.06303418803416,2347.0933601398597,6728,1,"{""milp_improved"": 0, ""rep_n_add"": 0, ""rep_n_drop"": 0, ""rep_n_fill"": 0, ""start_n_add"": 2118, ""start_n_drop"": 0, ""start_n_fill"": 0}",ok,sols/tune_dev_Region6_F2b_milp_07e62c9d33_b10.0_s3_F2b_tau_rel0.6__milp__b10_t3.npz,F2b_tau_rel0.6__milp__b10_t3,,,,
2026-09-28T16:38:27,tune,dev_Region7,F2b,"{""k"": 4, ""name"": ""F2b"", ""tau"": 4.120279720279716, ""tau_rel"": 0.6}",milp,classical,de8b2f7425,"{""J"": 24, ""eps_tie"": 0.0, ""mip_heuristic_effort"": 0.14664848775807998, ""presolve"": ""off"", ""start"": ""lp""}",10.0,4,9.671,0,4.750545832631099,"[6.891052, 6.124692, 5.454824, 4.865521, 4.337292, 3.862048, 3.429352, 3.039586]",24.81139924889928,1632.2450419580418,11447,1,"{""milp_improved"": 0, ""rep_n_add"": 0, ""rep_n_drop"": 0, ""rep_n_fill"": 0, ""start_n_add"": 1512, ""start_n_drop"": 0, ""start_n_fill"": 0}",ok,sols/tune_dev_Region7_F2b_milp_de8b2f7425_b10.0_s4_F2b_tau_rel0.6__milp__b10_t4.npz,F2b_tau_rel0.6__milp__b10_t4,,,,
2026-09-28T16:38:37,tune,dev_Region6,F2b,"{""k"": 4, ""name"": ""F2b"", ""tau"": 4.121760839160841, ""tau_rel"": 0.6}",milp,classical,de8b2f7425,"{""J"": 24, ""eps_tie"": 0.0, ""mip_heuristic_effort"": 0.14664848775807998, ""presolve"": ""off"", ""start"": ""lp""}",10.0,4,9.776,0,2.576062159690541,"[4.506474, 3.767727, 3.150226, 2.626077, 2.170679, 1.781807, 1.447229, 1.158277]",22.8492942242942,2351.3829650349653,6801,1,"{""milp_improved"": 0, ""rep_n_add"": 0, ""rep_n_drop"": 0, ""rep_n_fill"": 0, ""start_n_add"": 1367, ""start_n_drop"": 0, ""start_n_fill"": 0}",ok,sols/tune_dev_Region6_F2b_milp_de8b2f7425_b10.0_s4_F2b_tau_rel0.6__milp__b10_t4.npz,F2b_tau_rel0.6__milp__b10_t4,,,,
2026-09-28T16:38:48,tune,dev_Region7,F2b,"{""k"": 4, ""name"": ""F2b"", ""tau"": 4.120279720279716, ""tau_rel"": 0.6}",milp,classical,5770081d0f,"{""J"": 24, ""eps_tie"": 0.0, ""mip_heuristic_effort"": 0.889461285781544, ""presolve"": ""off"", ""start"": ""lp""}",10.0,5,9.704,0,4.750545832631099,"[6.891052, 6.124692, 5.454824, 4.865521, 4.337292, 3.862048, 3.429352, 3.039586]",24.81139924889928,1632.2574160839158,11447,1,"{""milp_improved"": 0, ""rep_n_add"": 0, ""rep_n_drop"": 0, ""rep_n_fill"": 0, ""start_n_add"": 1512, ""start_n_drop"": 0, ""start_n_fill"": 0}",ok,sols/tune_dev_Region7_F2b_milp_5770081d0f_b10.0_s5_F2b_tau_rel0.6__milp__b10_t5.npz,F2b_tau_rel0.6__milp__b10_t5,,,,
2026-09-28T16:38:58,tune,dev_Region6,F2b,"{""k"": 4, ""name"": ""F2b"", ""tau"": 4.121760839160841, ""tau_rel"": 0.6}",milp,classical,5770081d0f,"{""J"": 24, ""eps_tie"": 0.0, ""mip_heuristic_effort"": 0.889461285781544, ""presolve"": ""off"", ""start"": ""lp""}",10.0,5,9.803,0,2.5764440190963436,"[4.506798, 3.767862, 3.150607, 2.626494, 2.171128, 1.782318, 1.447681, 1.158663]",22.8492942242942,2351.456062937063,6804,1,"{""milp_improved"": 0, ""rep_n_add"": 0, ""rep_n_drop"": 0, ""rep_n_fill"": 0, ""start_n_add"": 1371, ""start_n_drop"": 0, ""start_n_fill"": 0}",ok,sols/tune_dev_Region6_F2b_milp_5770081d0f_b10.0_s5_F2b_tau_rel0.6__milp__b10_t5.npz,F2b_tau_rel0.6__milp__b10_t5,,,,
2026-09-28T16:39:09,tune,dev_Region7,F2b,"{""k"": 4, ""name"": ""F2b"", ""tau"": 4.120279720279716, ""tau_rel"": 0.6}",milp,classical,ff31f58031,"{""J"": 6, ""eps_tie"": 0.0001, ""mip_heuristic_effort"": 0.8969168383552246, ""presolve"": ""off"", ""start"": ""lp""}",10.0,6,9.723,0,5.290251463560312,"[8.682338, 6.936553, 5.97374, 5.217143, 4.600356, 4.080961, 3.622413, 3.208507]",24.087525900025934,1679.1061538461536,13086,1,"{""milp_improved"": 1, ""rep_n_add"": 0, ""rep_n_drop"": 0, ""rep_n_fill"": 0, ""start_n_add"": 3462, ""start_n_drop"": 0, ""start_n_fill"": 0}",ok,sols/tune_dev_Region7_F2b_milp_ff31f58031_b10.0_s6_F2b_tau_rel0.6__milp__b10_t6.npz,F2b_tau_rel0.6__milp__b10_t6,,,,
2026-09-28T16:39:19,tune,dev_Region6,F2b,"{""k"": 4, ""name"": ""F2b"", ""tau"": 4.121760839160841, ""tau_rel"": 0.6}",milp,classical,ff31f58031,"{""J"": 6, ""eps_tie"": 0.0001, ""mip_heuristic_effort"": 0.8969168383552246, ""presolve"": ""off"", ""start"": ""lp""}",10.0,6,9.694,0,2.9550890711808817,"[5.708697, 4.356901, 3.516237, 2.881411, 2.373991, 1.945944, 1.583461, 1.274069]",23.065187127687096,2401.2233461538463,7584,1,"{""milp_improved"": 1, ""rep_n_add"": 0, ""rep_n_drop"": 0, ""rep_n_fill"": 1, ""start_n_add"": 1932, ""start_n_drop"": 0, ""start_n_fill"": 2}",ok,sols/tune_dev_Region6_F2b_milp_ff31f58031_b10.0_s6_F2b_tau_rel0.6__milp__b10_t6.npz,F2b_tau_rel0.6__milp__b10_t6,,,,
2026-09-28T16:39:49,tune,dev_Region7,F2b,"{""k"": 4, ""name"": ""F2b"", ""tau"": 4.120279720279716, ""tau_rel"": 0.6}",milp,classical,3805c186db,"{""J"": 24, ""eps_tie"": 0.0001, ""mip_heuristic_effort"": 0.14471663551217087, ""presolve"": ""on"", ""start"": ""lp""}",10.0,7,29.225,1,4.750523731325336,"[6.891052, 6.124501, 5.454794, 4.865562, 4.3375, 3.862204, 3.429181, 3.039395]",24.8686868686869,1632.0793181818178,11431,1,"{""milp_improved"": 0, ""rep_n_add"": 0, ""rep_n_drop"": 0, ""rep_n_fill"": 0, ""start_n_add"": 557, ""start_n_drop"": 0, ""start_n_fill"": 0}",ok,sols/tune_dev_Region7_F2b_milp_3805c186db_b10.0_s7_F2b_tau_rel0.6__milp__b10_t7.npz,F2b_tau_rel0.6__milp__b10_t7,,,,
2026-09-28T16:40:11,tune,dev_Region6,F2b,"{""k"": 4, ""name"": ""F2b"", ""tau"": 4.121760839160841, ""tau_rel"": 0.6}",milp,classical,3805c186db,"{""J"": 24, ""eps_tie"": 0.0001, ""mip_heuristic_effort"": 0.14471663551217087, ""presolve"": ""on"", ""start"": ""lp""}",10.0,7,20.564,1,2.576443663570788,"[4.506798, 3.767847, 3.15074, 2.626319, 2.170642, 1.781949, 1.448078, 1.159176]",22.961344211344265,2351.529713286713,6803,1,"{""milp_improved"": 0, ""rep_n_add"": 0, ""rep_n_drop"": 0, ""rep_n_fill"": 0, ""start_n_add"": 336, ""start_n_drop"": 0, ""start_n_fill"": 0}",ok,sols/tune_dev_Region6_F2b_milp_3805c186db_b10.0_s7_F2b_tau_rel0.6__milp__b10_t7.npz,F2b_tau_rel0.6__milp__b10_t7,,,,
2026-09-28T16:40:21,tune,dev_Region7,F2b,"{""k"": 4, ""name"": ""F2b"", ""tau"": 4.120279720279716, ""tau_rel"": 0.6}",milp,classical,2ed7957f58,"{""J"": 24, ""eps_tie"": 0.0001, ""mip_heuristic_effort"": 0.15242782316965175, ""presolve"": ""off"", ""start"": ""pgreedy""}",10.0,8,9.675,0,4.750925962516002,"[6.880039, 6.123814, 5.456794, 4.868395, 4.340356, 3.864558, 3.431581, 3.041869]",24.8686868686869,1635.4739090909088,11484,1,"{""milp_improved"": 0, ""rep_n_add"": 0, ""rep_n_drop"": 0, ""rep_n_fill"": 0, ""start_n_add"": 11484, ""start_n_drop"": 0, ""start_n_fill"": 0}",ok,sols/tune_dev_Region7_F2b_milp_2ed7957f58_b10.0_s8_F2b_tau_rel0.6__milp__b10_t8.npz,F2b_tau_rel0.6__milp__b10_t8,,,,
2026-09-28T16:40:32,tune,dev_Region6,F2b,"{""k"": 4, ""name"": ""F2b"", ""tau"": 4.121760839160841, ""tau_rel"": 0.6}",milp,classical,2ed7957f58,"{""J"": 24, ""eps_tie"": 0.0001, ""mip_heuristic_effort"": 0.15242782316965175, ""presolve"": ""off"", ""start"": ""pgreedy""}",10.0,8,9.654,0,2.5768514584115136,"[4.497463, 3.769638, 3.152404, 2.626993, 2.172461, 1.785283, 1.449949, 1.16062]",22.961344211344265,2352.6434825174824,6822,1,"{""milp_improved"": 0, ""rep_n_add"": 0, ""rep_n_drop"": 0, ""rep_n_fill"": 0, ""start_n_add"": 6822, ""start_n_drop"": 0, ""start_n_fill"": 0}",ok,sols/tune_dev_Region6_F2b_milp_2ed7957f58_b10.0_s8_F2b_tau_rel0.6__milp__b10_t8.npz,F2b_tau_rel0.6__milp__b10_t8,,,,
2026-09-28T16:41:01,tune,dev_Region7,F2b,"{""k"": 4, ""name"": ""F2b"", ""tau"": 4.120279720279716, ""tau_rel"": 0.6}",milp,classical,6d8e3f8bfd,"{""J"": 12, ""eps_tie"": 0.0, ""mip_heuristic_effort"": 0.6146339667918979, ""presolve"": ""on"", ""start"": ""lp""}",10.0,9,28.755,1,4.77821440859527,"[7.021882, 6.173107, 5.476442, 4.875817, 4.34161, 3.864383, 3.430902, 3.041572]",24.8686868686869,1631.9972307692306,11450,1,"{""milp_improved"": 0, ""rep_n_add"": 0, ""rep_n_drop"": 0, ""rep_n_fill"": 0, ""start_n_add"": 1260, ""start_n_drop"": 0, ""start_n_fill"": 0}",ok,sols/tune_dev_Region7_F2b_milp_6d8e3f8bfd_b10.0_s9_F2b_tau_rel0.6__milp__b10_t9.npz,F2b_tau_rel0.6__milp__b10_t9,,,,
2026-09-28T16:41:22,tune,dev_Region6,F2b,"{""k"": 4, ""name"": ""F2b"", ""tau"": 4.121760839160841, ""tau_rel"": 0.6}",milp,classical,6d8e3f8bfd,"{""J"": 12, ""eps_tie"": 0.0, ""mip_heuristic_effort"": 0.6146339667918979, ""presolve"": ""on"", ""start"": ""lp""}",10.0,9,20.037,1,2.5926720932473177,"[4.600389, 3.794865, 3.158036, 2.627322, 2.171328, 1.781951, 1.447741, 1.159746]",22.961344211344265,2351.839555944056,6808,1,"{""milp_improved"": 0, ""rep_n_add"": 0, ""rep_n_drop"": 0, ""rep_n_fill"": 0, ""start_n_add"": 621, ""start_n_drop"": 0, ""start_n_fill"": 0}",ok,sols/tune_dev_Region6_F2b_milp_6d8e3f8bfd_b10.0_s9_F2b_tau_rel0.6__milp__b10_t9.npz,F2b_tau_rel0.6__milp__b10_t9,,,,
2026-09-28T16:41:33,tune,dev_Region7,F2b,"{""k"": 4, ""name"": ""F2b"", ""tau"": 4.120279720279716, ""tau_rel"": 0.6}",pt,ising,8ed4e9450b,"{""eim_R"": 16, ""eim_Tmax"": 0.003, ""eim_Tmin"": 1e-06, ""eim_anneal"": 0.0, ""eim_hscale"": 10.0, ""eim_moves"": 20000, ""eim_rho"": 50.0, ""p_add"": 0.2, ""p_swap"": 0.6, ""start"": ""lp"", ""topw"": 8}",10.0,0,10.009,0,4.779279863944909,"[7.022306, 6.175932, 5.477582, 4.877226, 4.342475, 3.864787, 3.431504, 3.042428]",24.8686868686869,1632.8801328671327,11491,1,"{""eim_acc"": 12457545, ""rep_n_add"": 1, ""rep_n_drop"": 0, ""rep_n_fill"": 0, ""start_n_add"": 2092, ""start_n_drop"": 0, ""start_n_fill"": 0}",ok,sols/tune_dev_Region7_F2b_pt_8ed4e9450b_b10.0_s0_F2b_tau_rel0.6__pt__b10_t0.npz,F2b_tau_rel0.6__pt__b10_t0,,,,
2026-09-28T16:41:44,tune,dev_Region6,F2b,"{""k"": 4, ""name"": ""F2b"", ""tau"": 4.121760839160841, ""tau_rel"": 0.6}",pt,ising,8ed4e9450b,"{""eim_R"": 16, ""eim_Tmax"": 0.003, ""eim_Tmin"": 1e-06, ""eim_anneal"": 0.0, ""eim_hscale"": 10.0, ""eim_moves"": 20000, ""eim_rho"": 50.0, ""p_add"": 0.2, ""p_swap"": 0.6, ""start"": ""lp"", ""topw"": 8}",10.0,0,10.012,0,2.5921140642156075,"[4.600235, 3.794637, 3.157914, 2.627061, 2.170568, 1.781294, 1.446607, 1.158595]",22.8492942242942,2351.8748741258737,6809,1,"{""eim_acc"": 14127707, ""rep_n_add"": 1, ""rep_n_drop"": 0, ""rep_n_fill"": 0, ""start_n_add"": 1562, ""start_n_drop"": 0, ""start_n_fill"": 0}",ok,sols/tune_dev_Region6_F2b_pt_8ed4e9450b_b10.0_s0_F2b_tau_rel0.6__pt__b10_t0.npz,F2b_tau_rel0.6__pt__b10_t0,,,,
2026-09-28T16:41:55,tune,dev_Region7,F2b,"{""k"": 4, ""name"": ""F2b"", ""tau"": 4.120279720279716, ""tau_rel"": 0.6}",pt,ising,b0678825d4,"{""eim_R"": 64, ""eim_Tmax"": 0.022388264096178515, ""eim_Tmin"": 5.6279320474151646e-06, ""eim_anneal"": 0.07032569761590807, ""eim_hscale"": 59.812219011525556, ""eim_moves"": 174910, ""eim_rho"": 18.71450068624066, ""p_add"": 0.19172075941288885, ""p_swap"": 0.6420036530145916, ""start"": ""pgreedy"", ""topw"": 11}",10.0,1,10.012,0,4.7499591252536675,"[6.87952, 6.122624, 5.455862, 4.867451, 4.339246, 3.863619, 3.430362, 3.040989]",24.81139924889928,1634.5876958041956,11459,1,"{""eim_acc"": 23573314, ""rep_n_add"": 1, ""rep_n_drop"": 0, ""rep_n_fill"": 0, ""start_n_add"": 11505, ""start_n_drop"": 0, ""start_n_fill"": 0}",ok,sols/tune_dev_Region7_F2b_pt_b0678825d4_b10.0_s1_F2b_tau_rel0.6__pt__b10_t1.npz,F2b_tau_rel0.6__pt__b10_t1,,,,
2026-09-28T16:42:06,tune,dev_Region6,F2b,"{""k"": 4, ""name"": ""F2b"", ""tau"": 4.121760839160841, ""tau_rel"": 0.6}",pt,ising,b0678825d4,"{""eim_R"": 64, ""eim_Tmax"": 0.022388264096178515, ""eim_Tmin"": 5.6279320474151646e-06, ""eim_anneal"": 0.07032569761590807, ""eim_hscale"": 59.812219011525556, ""eim_moves"": 174910, ""eim_rho"": 18.71450068624066, ""p_add"": 0.19172075941288885, ""p_swap"": 0.6420036530145916, ""start"": ""pgreedy"", ""topw"": 11}",10.0,1,10.114,0,2.573630892135592,"[4.492583, 3.765269, 3.149033, 2.624129, 2.170217, 1.781592, 1.447557, 1.158668]",22.82438163688161,2350.202965034965,6770,1,"{""eim_acc"": 24652861, ""rep_n_add"": 1, ""rep_n_drop"": 0, ""rep_n_fill"": 0, ""start_n_add"": 6859, ""start_n_drop"": 0, ""start_n_fill"": 0}",ok,sols/tune_dev_Region6_F2b_pt_b0678825d4_b10.0_s1_F2b_tau_rel0.6__pt__b10_t1.npz,F2b_tau_rel0.6__pt__b10_t1,,,,
2026-09-28T16:42:17,tune,dev_Region7,F2b,"{""k"": 4, ""name"": ""F2b"", ""tau"": 4.120279720279716, ""tau_rel"": 0.6}",pt,ising,f48b41dbd7,"{""eim_R"": 64, ""eim_Tmax"": 0.01602000219024075, ""eim_Tmin"": 0.000157265788541795, ""eim_anneal"": 0.41051532059061835, ""eim_hscale"": 3.6774346621052136, ""eim_moves"": 89005, ""eim_rho"": 600.7249475906196, ""p_add"": 0.05913721293446661, ""p_swap"": 0.6420976202961557, ""start"": ""lp"", ""topw"": 3}",10.0,2,10.061,0,4.779265510501809,"[7.021587, 6.175534, 5.477907, 4.877326, 4.342478, 3.864955, 3.43181, 3.042527]",24.8686868686869,1632.8102027972025,11489,1,"{""eim_acc"": 27079818, ""rep_n_add"": 7, ""rep_n_drop"": 0, ""rep_n_fill"": 0, ""start_n_add"": 2092, ""start_n_drop"": 0, ""start_n_fill"": 0}",ok,sols/tune_dev_Region7_F2b_pt_f48b41dbd7_b10.0_s2_F2b_tau_rel0.6__pt__b10_t2.npz,F2b_tau_rel0.6__pt__b10_t2,,,,
2026-09-28T16:42:28,tune,dev_Region6,F2b,"{""k"": 4, ""name"": ""F2b"", ""tau"": 4.121760839160841, ""tau_rel"": 0.6}",pt,ising,f48b41dbd7,"{""eim_R"": 64, ""eim_Tmax"": 0.01602000219024075, ""eim_Tmin"": 0.000157265788541795, ""eim_anneal"": 0.41051532059061835, ""eim_hscale"": 3.6774346621052136, ""eim_moves"": 89005, ""eim_rho"": 600.7249475906196, ""p_add"": 0.05913721293446661, ""p_swap"": 0.6420976202961557, ""start"": ""lp"", ""topw"": 3}",10.0,2,10.129,0,2.5924649141229796,"[4.60018, 3.794573, 3.15848, 2.627892, 2.171183, 1.781704, 1.446783, 1.158925]",22.836036648536616,2351.6852447552446,6816,1,"{""eim_acc"": 45827370, ""rep_n_add"": 7, ""rep_n_drop"": 0, ""rep_n_fill"": 0, ""start_n_add"": 1555, ""start_n_drop"": 0, ""start_n_fill"": 0}",ok,sols/tune_dev_Region6_F2b_pt_f48b41dbd7_b10.0_s2_F2b_tau_rel0.6__pt__b10_t2.npz,F2b_tau_rel0.6__pt__b10_t2,,,,
2026-09-28T16:42:39,tune,dev_Region7,F2b,"{""k"": 4, ""name"": ""F2b"", ""tau"": 4.120279720279716, ""tau_rel"": 0.6}",pt,ising,f492c2d71d,"{""eim_R"": 64, ""eim_Tmax"": 0.010750613178666423, ""eim_Tmin"": 2.8079081078857258e-05, ""eim_anneal"": 0.660099048291211, ""eim_hscale"": 0.1515920461138471, ""eim_moves"": 162521, ""eim_rho"": 61.73405204074311, ""p_add"": 0.3409101495517417, ""p_swap"": 0.34707103328069744, ""start"": ""pgreedy"", ""topw"": 8}",10.0,3,10.205,0,4.750891661781646,"[6.879934, 6.123893, 5.456722, 4.868331, 4.340298, 3.864623, 3.431508, 3.041824]",24.8686868686869,1635.412038461538,11482,1,"{""eim_acc"": 122822823, ""rep_n_add"": 6, ""rep_n_drop"": 0, ""rep_n_fill"": 0, ""start_n_add"": 11482, ""start_n_drop"": 0, ""start_n_fill"": 0}",ok,sols/tune_dev_Region7_F2b_pt_f492c2d71d_b10.0_s3_F2b_tau_rel0.6__pt__b10_t3.npz,F2b_tau_rel0.6__pt__b10_t3,,,,
2026-09-28T16:42:50,tune,dev_Region6,F2b,"{""k"": 4, ""name"": ""F2b"", ""tau"": 4.121760839160841, ""tau_rel"": 0.6}",pt,ising,f492c2d71d,"{""eim_R"": 64, ""eim_Tmax"": 0.010750613178666423, ""eim_Tmin"": 2.8079081078857258e-05, ""eim_anneal"": 0.660099048291211, ""eim_hscale"": 0.1515920461138471, ""eim_moves"": 162521, ""eim_rho"": 61.73405204074311, ""p_add"": 0.3409101495517417, ""p_swap"": 0.34707103328069744, ""start"": ""pgreedy"", ""topw"": 8}",10.0,3,10.026,0,2.576781676846674,"[4.497375, 3.769556, 3.152341, 2.626906, 2.172381, 1.785198, 1.449837, 1.160659]",22.961344211344265,2352.5731993006993,6821,1,"{""eim_acc"": 112438399, ""rep_n_add"": 11, ""rep_n_drop"": 0, ""rep_n_fill"": 0, ""start_n_add"": 6817, ""start_n_drop"": 0, ""start_n_fill"": 0}",ok,sols/tune_dev_Region6_F2b_pt_f492c2d71d_b10.0_s3_F2b_tau_rel0.6__pt__b10_t3.npz,F2b_tau_rel0.6__pt__b10_t3,,,,
2026-09-28T16:43:01,tune,dev_Region7,F2b,"{""k"": 4, ""name"": ""F2b"", ""tau"": 4.120279720279716, ""tau_rel"": 0.6}",pt,ising,6a49161316,"{""eim_R"": 64, ""eim_Tmax"": 0.00127403479763842, ""eim_Tmin"": 1.4066894026586868e-06, ""eim_anneal"": 0.3685206655782286, ""eim_hscale"": 17.94906608098131, ""eim_moves"": 12641, ""eim_rho"": 1.1889617992500576, ""p_add"": 0.29259901288492046, ""p_swap"": 0.2073542050430799, ""start"": ""pgreedy"", ""topw"": 21}",10.0,4,10.026,0,4.750655632860823,"[6.879934, 6.123704, 5.456548, 4.868131, 4.340275, 3.864127, 3.43091, 3.041617]",24.81139924889928,1635.5985559440555,11470,1,"{""eim_acc"": 10940671, ""rep_n_add"": 1, ""rep_n_drop"": 0, ""rep_n_fill"": 0, ""start_n_add"": 11536, ""start_n_drop"": 0, ""start_n_fill"": 0}",ok,sols/tune_dev_Region7_F2b_pt_6a49161316_b10.0_s4_F2b_tau_rel0.6__pt__b10_t4.npz,F2b_tau_rel0.6__pt__b10_t4,,,,
2026-09-28T16:43:11,tune,dev_Region6,F2b,"{""k"": 4, ""name"": ""F2b"", ""tau"": 4.121760839160841, ""tau_rel"": 0.6}",pt,ising,6a49161316,"{""eim_R"": 64, ""eim_Tmax"": 0.00127403479763842, ""eim_Tmin"": 1.4066894026586868e-06, ""eim_anneal"": 0.3685206655782286, ""eim_hscale"": 17.94906608098131, ""eim_moves"": 12641, ""eim_rho"": 1.1889617992500576, ""p_add"": 0.29259901288492046, ""p_swap"": 0.2073542050430799, ""start"": ""pgreedy"", ""topw"": 21}",10.0,4,10.009,0,2.576611593225871,"[4.497375, 3.769556, 3.152121, 2.626689, 2.172156, 1.784991, 1.449687, 1.160318]",22.961344211344265,2352.590625874126,6821,1,"{""eim_acc"": 10288067, ""rep_n_add"": 8, ""rep_n_drop"": 0, ""rep_n_fill"": 0, ""start_n_add"": 6820, ""start_n_drop"": 0, ""start_n_fill"": 0}",ok,sols/tune_dev_Region6_F2b_pt_6a49161316_b10.0_s4_F2b_tau_rel0.6__pt__b10_t4.npz,F2b_tau_rel0.6__pt__b10_t4,,,,
2026-09-28T16:43:23,tune,dev_Region7,F2b,"{""k"": 4, ""name"": ""F2b"", ""tau"": 4.120279720279716, ""tau_rel"": 0.6}",pt,ising,4d6a5568d1,"{""eim_R"": 64, ""eim_Tmax"": 0.02116030612115081, ""eim_Tmin"": 2.5642222904151606e-06, ""eim_anneal"": 0.1998927371341515, ""eim_hscale"": 38.16581957605278, ""eim_moves"": 144075, ""eim_rho"": 0.9621558348013612, ""p_add"": 0.0014535704173509745, ""p_swap"": 0.9479587172950459, ""start"": ""pgreedy"", ""topw"": 10}",10.0,5,10.219,0,4.750649273337381,"[6.880039, 6.123814, 5.456656, 4.867786, 4.340099, 3.864204, 3.430976, 3.04162]",24.81139924889928,1635.3047937062934,11479,1,"{""eim_acc"": 28777883, ""rep_n_add"": 2, ""rep_n_drop"": 0, ""rep_n_fill"": 0, ""start_n_add"": 11494, ""start_n_drop"": 0, ""start_n_fill"": 0}",ok,sols/tune_dev_Region7_F2b_pt_4d6a5568d1_b10.0_s5_F2b_tau_rel0.6__pt__b10_t5.npz,F2b_tau_rel0.6__pt__b10_t5,,,,
2026-09-28T16:43:34,tune,dev_Region6,F2b,"{""k"": 4, ""name"": ""F2b"", ""tau"": 4.121760839160841, ""tau_rel"": 0.6}",pt,ising,4d6a5568d1,"{""eim_R"": 64, ""eim_Tmax"": 0.02116030612115081, ""eim_Tmin"": 2.5642222904151606e-06, ""eim_anneal"": 0.1998927371341515, ""eim_hscale"": 38.16581957605278, ""eim_moves"": 144075, ""eim_rho"": 0.9621558348013612, ""p_add"": 0.0014535704173509745, ""p_swap"": 0.9479587172950459, ""start"": ""pgreedy"", ""topw"": 10}",10.0,5,10.237,0,2.5767162031601556,"[4.497463, 3.769694, 3.152404, 2.627063, 2.172461, 1.784823, 1.449288, 1.160533]",22.8492942242942,2352.7871923076923,6817,1,"{""eim_acc"": 27811147, ""rep_n_add"": 2, ""rep_n_drop"": 0, ""rep_n_fill"": 0, ""start_n_add"": 6840, ""start_n_drop"": 0, ""start_n_fill"": 0}",ok,sols/tune_dev_Region6_F2b_pt_4d6a5568d1_b10.0_s5_F2b_tau_rel0.6__pt__b10_t5.npz,F2b_tau_rel0.6__pt__b10_t5,,,,
2026-09-28T16:43:45,tune,dev_Region7,F2b,"{""k"": 4, ""name"": ""F2b"", ""tau"": 4.120279720279716, ""tau_rel"": 0.6}",pt,ising,40fc9028ae,"{""eim_R"": 64, ""eim_Tmax"": 9.8531236831387e-06, ""eim_Tmin"": 1.918531125650627e-07, ""eim_anneal"": 0.8618491954646634, ""eim_hscale"": 32.359509791414396, ""eim_moves"": 20465, ""eim_rho"": 253.57877108648475, ""p_add"": 0.36487873381923774, ""p_swap"": 0.4449221265196244, ""start"": ""pgreedy"", ""topw"": 8}",10.0,6,10.023,0,4.750441608099107,"[6.879278, 6.123391, 5.456309, 4.867834, 4.339995, 3.864165, 3.431076, 3.041485]",24.81139924889928,1635.1094300699297,11476,1,"{""eim_acc"": 18138, ""rep_n_add"": 0, ""rep_n_drop"": 0, ""rep_n_fill"": 0, ""start_n_add"": 11486, ""start_n_drop"": 0, ""start_n_fill"": 0}",ok,sols/tune_dev_Region7_F2b_pt_40fc9028ae_b10.0_s6_F2b_tau_rel0.6__pt__b10_t6.npz,F2b_tau_rel0.6__pt__b10_t6,,,,
2026-09-28T16:43:55,tune,dev_Region6,F2b,"{""k"": 4, ""name"": ""F2b"", ""tau"": 4.121760839160841, ""tau_rel"": 0.6}",pt,ising,40fc9028ae,"{""eim_R"": 64, ""eim_Tmax"": 9.8531236831387e-06, ""eim_Tmin"": 1.918531125650627e-07, ""eim_anneal"": 0.8618491954646634, ""eim_hscale"": 32.359509791414396, ""eim_moves"": 20465, ""eim_rho"": 253.57877108648475, ""p_add"": 0.36487873381923774, ""p_swap"": 0.4449221265196244, ""start"": ""pgreedy"", ""topw"": 8}",10.0,6,10.003,0,2.5732543580354403,"[4.489662, 3.763973, 3.148518, 2.62407, 2.170046, 1.783247, 1.447643, 1.158876]",22.8492942242942,2351.2417167832164,6784,1,"{""eim_acc"": 11133, ""rep_n_add"": 7, ""rep_n_drop"": 2, ""rep_n_fill"": 0, ""start_n_add"": 6827, ""start_n_drop"": 0, ""start_n_fill"": 0}",ok,sols/tune_dev_Region6_F2b_pt_40fc9028ae_b10.0_s6_F2b_tau_rel0.6__pt__b10_t6.npz,F2b_tau_rel0.6__pt__b10_t6,,,,
2026-09-28T16:44:06,tune,dev_Region7,F2b,"{""k"": 4, ""name"": ""F2b"", ""tau"": 4.120279720279716, ""tau_rel"": 0.6}",pt,ising,f364890489,"{""eim_R"": 64, ""eim_Tmax"": 9.930860075136476e-07, ""eim_Tmin"": 4.3924877967561744e-07, ""eim_anneal"": 0.14344897546414093, ""eim_hscale"": 6.438436220171723, ""eim_moves"": 7581, ""eim_rho"": 17.55530284252968, ""p_add"": 0.2216507121566053, ""p_swap"": 0.4429768786041202, ""start"": ""pgreedy"", ""topw"": 11}",10.0,7,10.022,0,4.757222582738085,"[6.985375, 6.113145, 5.447744, 4.859758, 4.332904, 3.857642, 3.424844, 3.036368]",24.81139924889928,1630.4435909090907,11358,1,"{""eim_acc"": 45705, ""rep_n_add"": 11, ""rep_n_drop"": 16, ""rep_n_fill"": 0, ""start_n_add"": 11727, ""start_n_drop"": 0, ""start_n_fill"": 0}",ok,sols/tune_dev_Region7_F2b_pt_f364890489_b10.0_s7_F2b_tau_rel0.6__pt__b10_t7.npz,F2b_tau_rel0.6__pt__b10_t7,,,,
2026-09-28T16:44:17,tune,dev_Region6,F2b,"{""k"": 4, ""name"": ""F2b"", ""tau"": 4.121760839160841, ""tau_rel"": 0.6}",pt,ising,f364890489,"{""eim_R"": 64, ""eim_Tmax"": 9.930860075136476e-07, ""eim_Tmin"": 4.3924877967561744e-07, ""eim_anneal"": 0.14344897546414093, ""eim_hscale"": 6.438436220171723, ""eim_moves"": 7581, ""eim_rho"": 17.55530284252968, ""p_add"": 0.2216507121566053, ""p_swap"": 0.4429768786041202, ""start"": ""pgreedy"", ""topw"": 11}",10.0,7,10.016,0,2.5768101275570663,"[4.497375, 3.769556, 3.152063, 2.626646, 2.17206, 1.78523, 1.44973, 1.161821]",22.8492942242942,2352.763541958042,6824,1,"{""eim_acc"": 25044, ""rep_n_add"": 23, ""rep_n_drop"": 3, ""rep_n_fill"": 0, ""start_n_add"": 6814, ""start_n_drop"": 0, ""start_n_fill"": 0}",ok,sols/tune_dev_Region6_F2b_pt_f364890489_b10.0_s7_F2b_tau_rel0.6__pt__b10_t7.npz,F2b_tau_rel0.6__pt__b10_t7,,,,
2026-09-28T16:44:28,tune,dev_Region7,F2b,"{""k"": 4, ""name"": ""F2b"", ""tau"": 4.120279720279716, ""tau_rel"": 0.6}",pt,ising,53954cdb12,"{""eim_R"": 64, ""eim_Tmax"": 4.036178984624127e-06, ""eim_Tmin"": 1.6818666998346027e-07, ""eim_anneal"": 0.7785641387202241, ""eim_hscale"": 23.873494260494734, ""eim_moves"": 15334, ""eim_rho"": 94.6067008038082, ""p_add"": 0.33825003381627866, ""p_swap"": 0.22635423387006107, ""start"": ""pgreedy"", ""topw"": 2}",10.0,8,10.014,0,4.747486484396806,"[6.876966, 6.119579, 5.452788, 4.864925, 4.336844, 3.861146, 3.428434, 3.039211]",24.81139924889928,1632.8859615384615,11431,1,"{""eim_acc"": 28993, ""rep_n_add"": 0, ""rep_n_drop"": 0, ""rep_n_fill"": 0, ""start_n_add"": 11494, ""start_n_drop"": 0, ""start_n_fill"": 0}",ok,sols/tune_dev_Region7_F2b_pt_53954cdb12_b10.0_s8_F2b_tau_rel0.6__pt__b10_t8.npz,F2b_tau_rel0.6__pt__b10_t8,,,,
2026-09-28T16:44:39,tune,dev_Region6,F2b,"{""k"": 4, ""name"": ""F2b"", ""tau"": 4.121760839160841, ""tau_rel"": 0.6}",pt,ising,53954cdb12,"{""eim_R"": 64, ""eim_Tmax"": 4.036178984624127e-06, ""eim_Tmin"": 1.6818666998346027e-07, ""eim_anneal"": 0.7785641387202241, ""eim_hscale"": 23.873494260494734, ""eim_moves"": 15334, ""eim_rho"": 94.6067008038082, ""p_add"": 0.33825003381627866, ""p_swap"": 0.22635423387006107, ""start"": ""pgreedy"", ""topw"": 2}",10.0,8,10.027,0,2.5717916586991154,"[4.487954, 3.761993, 3.146685, 2.622127, 2.168781, 1.781895, 1.447062, 1.157837]",22.8492942242942,2350.7188356643355,6767,1,"{""eim_acc"": 9796, ""rep_n_add"": 2, ""rep_n_drop"": 0, ""rep_n_fill"": 0, ""start_n_add"": 6846, ""start_n_drop"": 0, ""start_n_fill"": 0}",ok,sols/tune_dev_Region6_F2b_pt_53954cdb12_b10.0_s8_F2b_tau_rel0.6__pt__b10_t8.npz,F2b_tau_rel0.6__pt__b10_t8,,,,
2026-09-28T16:44:50,tune,dev_Region7,F2b,"{""k"": 4, ""name"": ""F2b"", ""tau"": 4.120279720279716, ""tau_rel"": 0.6}",pt,ising,4fc1e7b9ab,"{""eim_R"": 64, ""eim_Tmax"": 0.0010556722572609585, ""eim_Tmin"": 1.5274955561520317e-07, ""eim_anneal"": 0.6597971955311203, ""eim_hscale"": 0.892049863252222, ""eim_moves"": 9729, ""eim_rho"": 61.09281888341044, ""p_add"": 0.2172662013366612, ""p_swap"": 0.23726611577431742, ""start"": ""pgreedy"", ""topw"": 12}",10.0,9,10.007,0,4.7508132110279835,"[6.879934, 6.123704, 5.456656, 4.868272, 4.340247, 3.864447, 3.431463, 3.041781]",24.8686868686869,1635.4491608391604,11482,1,"{""eim_acc"": 14323669, ""rep_n_add"": 8, ""rep_n_drop"": 0, ""rep_n_fill"": 0, ""start_n_add"": 11482, ""start_n_drop"": 0, ""start_n_fill"": 0}",ok,sols/tune_dev_Region7_F2b_pt_4fc1e7b9ab_b10.0_s9_F2b_tau_rel0.6__pt__b10_t9.npz,F2b_tau_rel0.6__pt__b10_t9,,,,
2026-09-28T16:45:01,tune,dev_Region6,F2b,"{""k"": 4, ""name"": ""F2b"", ""tau"": 4.121760839160841, ""tau_rel"": 0.6}",pt,ising,4fc1e7b9ab,"{""eim_R"": 64, ""eim_Tmax"": 0.0010556722572609585, ""eim_Tmin"": 1.5274955561520317e-07, ""eim_anneal"": 0.6597971955311203, ""eim_hscale"": 0.892049863252222, ""eim_moves"": 9729, ""eim_rho"": 61.09281888341044, ""p_add"": 0.2172662013366612, ""p_swap"": 0.23726611577431742, ""start"": ""pgreedy"", ""topw"": 12}",10.0,9,10.013,0,2.576951346895601,"[4.497463, 3.769638, 3.152404, 2.627304, 2.172658, 1.785481, 1.44999, 1.160673]",22.961344211344265,2352.7093146853144,6823,1,"{""eim_acc"": 12370298, ""rep_n_add"": 6, ""rep_n_drop"": 0, ""rep_n_fill"": 0, ""start_n_add"": 6822, ""start_n_drop"": 0, ""start_n_fill"": 0}",ok,sols/tune_dev_Region6_F2b_pt_4fc1e7b9ab_b10.0_s9_F2b_tau_rel0.6__pt__b10_t9.npz,F2b_tau_rel0.6__pt__b10_t9,,,,
2026-09-28T16:45:12,tune,dev_Region7,F2b,"{""k"": 4, ""name"": ""F2b"", ""tau"": 4.120279720279716, ""tau_rel"": 0.6}",cpsat,classical,48be3eff64,"{""cp_model_presolve"": true, ""linearization_level"": 1, ""repair_hint"": false, ""scale"": 1000.0, ""start"": ""lp""}",10.0,0,9.846,0,4.779446423563723,"[7.022306, 6.175938, 5.47808, 4.877438, 4.342514, 3.864974, 3.431792, 3.042528]",24.8686868686869,1632.5822237762236,11487,1,"{""cp_improved"": 0, ""cp_time"": 9.720184087753296, ""rep_n_add"": 0, ""rep_n_drop"": 0, ""rep_n_fill"": 0}",ok,sols/tune_dev_Region7_F2b_cpsat_48be3eff64_b10.0_s0_F2b_tau_rel0.6__cpsat__b10_t0.npz,F2b_tau_rel0.6__cpsat__b10_t0,,,,
2026-09-28T16:45:22,tune,dev_Region6,F2b,"{""k"": 4, ""name"": ""F2b"", ""tau"": 4.121760839160841, ""tau_rel"": 0.6}",cpsat,classical,48be3eff64,"{""cp_model_presolve"": true, ""linearization_level"": 1, ""repair_hint"": false, ""scale"": 1000.0, ""start"": ""lp""}",10.0,0,9.85,0,2.5929004217896363,"[4.601058, 3.795291, 3.159344, 2.628688, 2.171613, 1.781704, 1.446652, 1.158853]",22.8492942242942,2351.8066118881115,6816,1,"{""cp_improved"": 0, ""cp_time"": 9.747080564498901, ""rep_n_add"": 0, ""rep_n_drop"": 0, ""rep_n_fill"": 0}",ok,sols/tune_dev_Region6_F2b_cpsat_48be3eff64_b10.0_s0_F2b_tau_rel0.6__cpsat__b10_t0.npz,F2b_tau_rel0.6__cpsat__b10_t0,,,,
2026-09-28T16:45:33,tune,dev_Region7,F2b,"{""k"": 4, ""name"": ""F2b"", ""tau"": 4.120279720279716, ""tau_rel"": 0.6}",cpsat,classical,d2af3432eb,"{""cp_model_presolve"": true, ""linearization_level"": 1, ""repair_hint"": false, ""scale"": 1000.0, ""start"": ""pgreedy""}",10.0,1,9.845,0,4.750925962516002,"[6.880039, 6.123814, 5.456794, 4.868395, 4.340356, 3.864558, 3.431581, 3.041869]",24.8686868686869,1635.4739090909088,11484,1,"{""cp_improved"": 0, ""cp_time"": 9.71213436126709, ""rep_n_add"": 0, ""rep_n_drop"": 0, ""rep_n_fill"": 0}",ok,sols/tune_dev_Region7_F2b_cpsat_d2af3432eb_b10.0_s1_F2b_tau_rel0.6__cpsat__b10_t1.npz,F2b_tau_rel0.6__cpsat__b10_t1,,,,
2026-09-28T16:45:44,tune,dev_Region6,F2b,"{""k"": 4, ""name"": ""F2b"", ""tau"": 4.121760839160841, ""tau_rel"": 0.6}",cpsat,classical,d2af3432eb,"{""cp_model_presolve"": true, ""linearization_level"": 1, ""repair_hint"": false, ""scale"": 1000.0, ""start"": ""pgreedy""}",10.0,1,9.842,0,2.5768514584115136,"[4.497463, 3.769638, 3.152404, 2.626993, 2.172461, 1.785283, 1.449949, 1.16062]",22.961344211344265,2352.6434825174824,6822,1,"{""cp_improved"": 0, ""cp_time"": 9.736225128173828, ""rep_n_add"": 0, ""rep_n_drop"": 0, ""rep_n_fill"": 0}",ok,sols/tune_dev_Region6_F2b_cpsat_d2af3432eb_b10.0_s1_F2b_tau_rel0.6__cpsat__b10_t1.npz,F2b_tau_rel0.6__cpsat__b10_t1,,,,
2026-09-28T16:45:55,tune,dev_Region7,F2b,"{""k"": 4, ""name"": ""F2b"", ""tau"": 4.120279720279716, ""tau_rel"": 0.6}",cpsat,classical,972ebcee09,"{""cp_model_presolve"": true, ""linearization_level"": 1, ""repair_hint"": false, ""scale"": 3000.0, ""start"": ""lp""}",10.0,2,9.807,0,4.779446423563723,"[7.022306, 6.175938, 5.47808, 4.877438, 4.342514, 3.864974, 3.431792, 3.042528]",24.8686868686869,1632.5822237762236,11487,1,"{""cp_improved"": 0, ""cp_time"": 9.688716173171997, ""rep_n_add"": 0, ""rep_n_drop"": 0, ""rep_n_fill"": 0}",ok,sols/tune_dev_Region7_F2b_cpsat_972ebcee09_b10.0_s2_F2b_tau_rel0.6__cpsat__b10_t2.npz,F2b_tau_rel0.6__cpsat__b10_t2,,,,
2026-09-28T16:46:06,tune,dev_Region6,F2b,"{""k"": 4, ""name"": ""F2b"", ""tau"": 4.121760839160841, ""tau_rel"": 0.6}",cpsat,classical,972ebcee09,"{""cp_model_presolve"": true, ""linearization_level"": 1, ""repair_hint"": false, ""scale"": 3000.0, ""start"": ""lp""}",10.0,2,9.836,0,2.5929004217896363,"[4.601058, 3.795291, 3.159344, 2.628688, 2.171613, 1.781704, 1.446652, 1.158853]",22.8492942242942,2351.8066118881115,6816,1,"{""cp_improved"": 0, ""cp_time"": 9.735106945037842, ""rep_n_add"": 0, ""rep_n_drop"": 0, ""rep_n_fill"": 0}",ok,sols/tune_dev_Region6_F2b_cpsat_972ebcee09_b10.0_s2_F2b_tau_rel0.6__cpsat__b10_t2.npz,F2b_tau_rel0.6__cpsat__b10_t2,,,,
2026-09-28T16:46:17,tune,dev_Region7,F2b,"{""k"": 4, ""name"": ""F2b"", ""tau"": 4.120279720279716, ""tau_rel"": 0.6}",cpsat,classical,db3d085150,"{""cp_model_presolve"": true, ""linearization_level"": 1, ""repair_hint"": false, ""scale"": 300.0, ""start"": ""lp""}",10.0,3,9.869,0,4.779446423563723,"[7.022306, 6.175938, 5.47808, 4.877438, 4.342514, 3.864974, 3.431792, 3.042528]",24.8686868686869,1632.5822237762236,11487,1,"{""cp_improved"": 0, ""cp_time"": 9.729292392730713, ""rep_n_add"": 0, ""rep_n_drop"": 0, ""rep_n_fill"": 0}",ok,sols/tune_dev_Region7_F2b_cpsat_db3d085150_b10.0_s3_F2b_tau_rel0.6__cpsat__b10_t3.npz,F2b_tau_rel0.6__cpsat__b10_t3,,,,
2026-09-28T16:46:28,tune,dev_Region6,F2b,"{""k"": 4, ""name"": ""F2b"", ""tau"": 4.121760839160841, ""tau_rel"": 0.6}",cpsat,classical,db3d085150,"{""cp_model_presolve"": true, ""linearization_level"": 1, ""repair_hint"": false, ""scale"": 300.0, ""start"": ""lp""}",10.0,3,9.9,0,2.5929004217896363,"[4.601058, 3.795291, 3.159344, 2.628688, 2.171613, 1.781704, 1.446652, 1.158853]",22.8492942242942,2351.8066118881115,6816,1,"{""cp_improved"": 0, ""cp_time"": 9.776543617248535, ""rep_n_add"": 0, ""rep_n_drop"": 0, ""rep_n_fill"": 0}",ok,sols/tune_dev_Region6_F2b_cpsat_db3d085150_b10.0_s3_F2b_tau_rel0.6__cpsat__b10_t3.npz,F2b_tau_rel0.6__cpsat__b10_t3,,,,
2026-09-28T16:46:39,tune,dev_Region7,F2b,"{""k"": 4, ""name"": ""F2b"", ""tau"": 4.120279720279716, ""tau_rel"": 0.6}",cpsat,classical,96789cde2f,"{""cp_model_presolve"": true, ""linearization_level"": 0, ""repair_hint"": false, ""scale"": 1000.0, ""start"": ""pgreedy""}",10.0,4,9.875,0,4.750925962516002,"[6.880039, 6.123814, 5.456794, 4.868395, 4.340356, 3.864558, 3.431581, 3.041869]",24.8686868686869,1635.4739090909088,11484,1,"{""cp_improved"": 0, ""cp_time"": 9.744465351104736, ""rep_n_add"": 0, ""rep_n_drop"": 0, ""rep_n_fill"": 0}",ok,sols/tune_dev_Region7_F2b_cpsat_96789cde2f_b10.0_s4_F2b_tau_rel0.6__cpsat__b10_t4.npz,F2b_tau_rel0.6__cpsat__b10_t4,,,,
2026-09-28T16:46:49,tune,dev_Region6,F2b,"{""k"": 4, ""name"": ""F2b"", ""tau"": 4.121760839160841, ""tau_rel"": 0.6}",cpsat,classical,96789cde2f,"{""cp_model_presolve"": true, ""linearization_level"": 0, ""repair_hint"": false, ""scale"": 1000.0, ""start"": ""pgreedy""}",10.0,4,9.855,0,2.5768514584115136,"[4.497463, 3.769638, 3.152404, 2.626993, 2.172461, 1.785283, 1.449949, 1.16062]",22.961344211344265,2352.6434825174824,6822,1,"{""cp_improved"": 0, ""cp_time"": 9.679193258285522, ""rep_n_add"": 0, ""rep_n_drop"": 0, ""rep_n_fill"": 0}",ok,sols/tune_dev_Region6_F2b_cpsat_96789cde2f_b10.0_s4_F2b_tau_rel0.6__cpsat__b10_t4.npz,F2b_tau_rel0.6__cpsat__b10_t4,,,,
2026-09-28T16:47:00,tune,dev_Region7,F2b,"{""k"": 4, ""name"": ""F2b"", ""tau"": 4.120279720279716, ""tau_rel"": 0.6}",cpsat,classical,c9bae65ced,"{""cp_model_presolve"": false, ""linearization_level"": 2, ""repair_hint"": false, ""scale"": 1000.0, ""start"": ""pgreedy""}",10.0,5,9.871,0,4.750851890106692,"[6.879897, 6.123686, 5.456813, 4.868324, 4.340291, 3.864484, 3.431502, 3.041818]",24.8686868686869,1635.399664335664,11482,1,"{""cp_improved"": 5, ""cp_time"": 9.611448764801025, ""rep_n_add"": 0, ""rep_n_drop"": 0, ""rep_n_fill"": 0}",ok,sols/tune_dev_Region7_F2b_cpsat_c9bae65ced_b10.0_s5_F2b_tau_rel0.6__cpsat__b10_t5.npz,F2b_tau_rel0.6__cpsat__b10_t5,,,,
2026-09-28T16:47:11,tune,dev_Region6,F2b,"{""k"": 4, ""name"": ""F2b"", ""tau"": 4.121760839160841, ""tau_rel"": 0.6}",cpsat,classical,c9bae65ced,"{""cp_model_presolve"": false, ""linearization_level"": 2, ""repair_hint"": false, ""scale"": 1000.0, ""start"": ""pgreedy""}",10.0,5,9.874,0,2.576477812477303,"[4.496654, 3.769409, 3.152059, 2.626646, 2.17214, 1.784961, 1.449671, 1.160283]",22.961344211344265,2352.742041958042,6817,1,"{""cp_improved"": 3, ""cp_time"": 9.631964445114136, ""rep_n_add"": 0, ""rep_n_drop"": 0, ""rep_n_fill"": 0}",ok,sols/tune_dev_Region6_F2b_cpsat_c9bae65ced_b10.0_s5_F2b_tau_rel0.6__cpsat__b10_t5.npz,F2b_tau_rel0.6__cpsat__b10_t5,,,,
2026-09-28T16:47:22,tune,dev_Region7,F2b,"{""k"": 4, ""name"": ""F2b"", ""tau"": 4.120279720279716, ""tau_rel"": 0.6}",cpsat,classical,c9bae65ced,"{""cp_model_presolve"": false, ""linearization_level"": 2, ""repair_hint"": false, ""scale"": 1000.0, ""start"": ""pgreedy""}",10.0,6,9.895,0,4.75091845875624,"[6.880039, 6.123788, 5.456794, 4.868395, 4.340356, 3.864545, 3.431571, 3.04186]",24.8686868686869,1635.4552797202796,11484,1,"{""cp_improved"": 3, ""cp_time"": 9.593989372253418, ""rep_n_add"": 0, ""rep_n_drop"": 0, ""rep_n_fill"": 0}",ok,sols/tune_dev_Region7_F2b_cpsat_c9bae65ced_b10.0_s6_F2b_tau_rel0.6__cpsat__b10_t6.npz,F2b_tau_rel0.6__cpsat__b10_t6,,,,
2026-09-28T16:47:33,tune,dev_Region6,F2b,"{""k"": 4, ""name"": ""F2b"", ""tau"": 4.121760839160841, ""tau_rel"": 0.6}",cpsat,classical,c9bae65ced,"{""cp_model_presolve"": false, ""linearization_level"": 2, ""repair_hint"": false, ""scale"": 1000.0, ""start"": ""pgreedy""}",10.0,6,9.866,0,2.5763253898826903,"[4.49624, 3.769235, 3.15181, 2.626432, 2.172034, 1.784897, 1.449622, 1.160333]",22.961344211344265,2352.471118881119,6820,1,"{""cp_improved"": 2, ""cp_time"": 9.647222757339478, ""rep_n_add"": 0, ""rep_n_drop"": 0, ""rep_n_fill"": 0}",ok,sols/tune_dev_Region6_F2b_cpsat_c9bae65ced_b10.0_s6_F2b_tau_rel0.6__cpsat__b10_t6.npz,F2b_tau_rel0.6__cpsat__b10_t6,,,,
2026-09-28T16:47:44,tune,dev_Region7,F2b,"{""k"": 4, ""name"": ""F2b"", ""tau"": 4.120279720279716, ""tau_rel"": 0.6}",cpsat,classical,759e2e8bea,"{""cp_model_presolve"": false, ""linearization_level"": 0, ""repair_hint"": true, ""scale"": 3000.0, ""start"": ""pgreedy""}",10.0,7,9.966,0,4.750925962516002,"[6.880039, 6.123814, 5.456794, 4.868395, 4.340356, 3.864558, 3.431581, 3.041869]",24.8686868686869,1635.4739090909088,11484,1,"{""cp_improved"": 0, ""cp_time"": 9.74596357345581, ""rep_n_add"": 0, ""rep_n_drop"": 0, ""rep_n_fill"": 0}",ok,sols/tune_dev_Region7_F2b_cpsat_759e2e8bea_b10.0_s7_F2b_tau_rel0.6__cpsat__b10_t7.npz,F2b_tau_rel0.6__cpsat__b10_t7,,,,
2026-09-28T16:47:55,tune,dev_Region6,F2b,"{""k"": 4, ""name"": ""F2b"", ""tau"": 4.121760839160841, ""tau_rel"": 0.6}",cpsat,classical,759e2e8bea,"{""cp_model_presolve"": false, ""linearization_level"": 0, ""repair_hint"": true, ""scale"": 3000.0, ""start"": ""pgreedy""}",10.0,7,9.945,0,2.5768514584115136,"[4.497463, 3.769638, 3.152404, 2.626993, 2.172461, 1.785283, 1.449949, 1.16062]",22.961344211344265,2352.6434825174824,6822,1,"{""cp_improved"": 0, ""cp_time"": 9.701329946517944, ""rep_n_add"": 0, ""rep_n_drop"": 0, ""rep_n_fill"": 0}",ok,sols/tune_dev_Region6_F2b_cpsat_759e2e8bea_b10.0_s7_F2b_tau_rel0.6__cpsat__b10_t7.npz,F2b_tau_rel0.6__cpsat__b10_t7,,,,
2026-09-28T16:48:09,tune,dev_Region6,F2b,"{""k"": 4, ""name"": ""F2b"", ""tau"": 4.121760839160841, ""tau_rel"": 0.6}",cpsat,classical,e9954a9756,"{""cp_model_presolve"": false, ""linearization_level"": 2, ""repair_hint"": true, ""scale"": 1000.0, ""start"": ""lp""}",10.0,8,10.059,0,2.5929004217896363,"[4.601058, 3.795291, 3.159344, 2.628688, 2.171613, 1.781704, 1.446652, 1.158853]",22.8492942242942,2351.8066118881115,6816,1,"{""cp_improved"": 0, ""cp_time"": 9.81708550453186, ""rep_n_add"": 0, ""rep_n_drop"": 0, ""rep_n_fill"": 0}",ok,sols/tune_dev_Region6_F2b_cpsat_e9954a9756_b10.0_s8_F2b_tau_rel0.6__cpsat__b10_t8.npz,F2b_tau_rel0.6__cpsat__b10_t8,,,,
2026-09-28T16:48:20,tune,dev_Region7,F2b,"{""k"": 4, ""name"": ""F2b"", ""tau"": 4.120279720279716, ""tau_rel"": 0.6}",cpsat,classical,22e7eba09e,"{""cp_model_presolve"": true, ""linearization_level"": 2, ""repair_hint"": true, ""scale"": 3000.0, ""start"": ""pgreedy""}",10.0,9,9.848,0,4.750925962516002,"[6.880039, 6.123814, 5.456794, 4.868395, 4.340356, 3.864558, 3.431581, 3.041869]",24.8686868686869,1635.4739090909088,11484,1,"{""cp_improved"": 0, ""cp_time"": 9.7175452709198, ""rep_n_add"": 0, ""rep_n_drop"": 0, ""rep_n_fill"": 0}",ok,sols/tune_dev_Region7_F2b_cpsat_22e7eba09e_b10.0_s9_F2b_tau_rel0.6__cpsat__b10_t9.npz,F2b_tau_rel0.6__cpsat__b10_t9,,,,
2026-09-28T16:48:31,tune,dev_Region6,F2b,"{""k"": 4, ""name"": ""F2b"", ""tau"": 4.121760839160841, ""tau_rel"": 0.6}",cpsat,classical,22e7eba09e,"{""cp_model_presolve"": true, ""linearization_level"": 2, ""repair_hint"": true, ""scale"": 3000.0, ""start"": ""pgreedy""}",10.0,9,9.848,0,2.5768514584115136,"[4.497463, 3.769638, 3.152404, 2.626993, 2.172461, 1.785283, 1.449949, 1.16062]",22.961344211344265,2352.6434825174824,6822,1,"{""cp_improved"": 0, ""cp_time"": 9.69803762435913, ""rep_n_add"": 0, ""rep_n_drop"": 0, ""rep_n_fill"": 0}",ok,sols/tune_dev_Region6_F2b_cpsat_22e7eba09e_b10.0_s9_F2b_tau_rel0.6__cpsat__b10_t9.npz,F2b_tau_rel0.6__cpsat__b10_t9,,,,
2026-09-28T16:48:42,tune,dev_Region7,F2b,"{""k"": 4, ""name"": ""F2b"", ""tau"": 4.120279720279716, ""tau_rel"": 0.6}",hlns,ising,1c9671206b,"{""eim_R"": 8, ""eim_Tmax"": 0.003, ""eim_Tmin"": 1e-06, ""eim_moves"": 20000, ""hl_frac_sel"": 0.5, ""hl_nmax"": 3000, ""hl_p_block"": 0.3, ""hl_p_milp"": 0.0, ""hl_q"": 8, ""hl_slice"": 0.25, ""start"": ""lp""}",10.0,0,10.021,0,4.77553110102944,"[7.015109, 6.164964, 5.471353, 4.873984, 4.341253, 3.864217, 3.431074, 3.042296]",24.81139924889928,1632.2673916083913,11461,1,"{""hl_flips_ising"": 296, ""hl_flips_milp"": 0, ""hl_time"": 9.926501750946045, ""hl_tries_ising"": 33, ""hl_tries_milp"": 0, ""hl_wins_ising"": 17, ""hl_wins_milp"": 0, ""rep_n_add"": 0, ""rep_n_drop"": 0, ""rep_n_fill"": 0, ""start_n_add"": 2131, ""start_n_drop"": 0, ""start_n_fill"": 0}",ok,sols/tune_dev_Region7_F2b_hlns_1c9671206b_b10.0_s0_F2b_tau_rel0.6__hlns__b10_t0.npz,F2b_tau_rel0.6__hlns__b10_t0,,,,
2026-09-28T16:48:53,tune,dev_Region6,F2b,"{""k"": 4, ""name"": ""F2b"", ""tau"": 4.121760839160841, ""tau_rel"": 0.6}",hlns,ising,1c9671206b,"{""eim_R"": 8, ""eim_Tmax"": 0.003, ""eim_Tmin"": 1e-06, ""eim_moves"": 20000, ""hl_frac_sel"": 0.5, ""hl_nmax"": 3000, ""hl_p_block"": 0.3, ""hl_p_milp"": 0.0, ""hl_q"": 8, ""hl_slice"": 0.25, ""start"": ""lp""}",10.0,0,10.01,0,2.587814668955227,"[4.585439, 3.783168, 3.153282, 2.625601, 2.169033, 1.780652, 1.446655, 1.158688]",22.836036648536616,2351.4056363636364,6797,1,"{""hl_flips_ising"": 238, ""hl_flips_milp"": 0, ""hl_time"": 9.932058334350586, ""hl_tries_ising"": 34, ""hl_tries_milp"": 0, ""hl_wins_ising"": 14, ""hl_wins_milp"": 0, ""rep_n_add"": 2, ""rep_n_drop"": 0, ""rep_n_fill"": 0, ""start_n_add"": 1623, ""start_n_drop"": 0, ""start_n_fill"": 0}",ok,sols/tune_dev_Region6_F2b_hlns_1c9671206b_b10.0_s0_F2b_tau_rel0.6__hlns__b10_t0.npz,F2b_tau_rel0.6__hlns__b10_t0,,,,
2026-09-28T16:49:04,tune,dev_Region7,F2b,"{""k"": 4, ""name"": ""F2b"", ""tau"": 4.120279720279716, ""tau_rel"": 0.6}",hlns,ising,d9992451b3,"{""eim_R"": 4, ""eim_Tmax"": 0.003294499661706162, ""eim_Tmin"": 1.3049073550362386e-05, ""eim_moves"": 74745, ""hl_frac_sel"": 0.25119498706364835, ""hl_nmax"": 2170, ""hl_p_block"": 0.5167152904533249, ""hl_p_milp"": 0.2675319002346239, ""hl_q"": 6, ""hl_slice"": 0.37316899400505027, ""start"": ""pgreedy""}",10.0,1,10.013,0,4.750873251912898,"[6.880039, 6.123814, 5.456794, 4.868337, 4.340304, 3.864512, 3.431369, 3.041818]",24.81139924889928,1635.2835419580415,11478,1,"{""hl_flips_ising"": 13, ""hl_flips_milp"": 14, ""hl_time"": 9.957785606384277, ""hl_tries_ising"": 27, ""hl_tries_milp"": 8, ""hl_wins_ising"": 2, ""hl_wins_milp"": 1, ""rep_n_add"": 0, ""rep_n_drop"": 0, ""rep_n_fill"": 0, ""start_n_add"": 11493, ""start_n_drop"": 0, ""start_n_fill"": 0}",ok,sols/tune_dev_Region7_F2b_hlns_d9992451b3_b10.0_s1_F2b_tau_rel0.6__hlns__b10_t1.npz,F2b_tau_rel0.6__hlns__b10_t1,,,,
2026-09-28T16:49:15,tune,dev_Region6,F2b,"{""k"": 4, ""name"": ""F2b"", ""tau"": 4.121760839160841, ""tau_rel"": 0.6}",hlns,ising,d9992451b3,"{""eim_R"": 4, ""eim_Tmax"": 0.003294499661706162, ""eim_Tmin"": 1.3049073550362386e-05, ""eim_moves"": 74745, ""hl_frac_sel"": 0.25119498706364835, ""hl_nmax"": 2170, ""hl_p_block"": 0.5167152904533249, ""hl_p_milp"": 0.2675319002346239, ""hl_q"": 6, ""hl_slice"": 0.37316899400505027, ""start"": ""pgreedy""}",10.0,1,10.023,0,2.576710874222607,"[4.497463, 3.769638, 3.152404, 2.626993, 2.172461, 1.785283, 1.44916, 1.160284]",22.8492942242942,2352.695055944056,6819,1,"{""hl_flips_ising"": 0, ""hl_flips_milp"": 30, ""hl_time"": 9.936990976333618, ""hl_tries_ising"": 25, ""hl_tries_milp"": 10, ""hl_wins_ising"": 0, ""hl_wins_milp"": 2, ""rep_n_add"": 0, ""rep_n_drop"": 0, ""rep_n_fill"": 0, ""start_n_add"": 6835, ""start_n_drop"": 0, ""start_n_fill"": 0}",ok,sols/tune_dev_Region6_F2b_hlns_d9992451b3_b10.0_s1_F2b_tau_rel0.6__hlns__b10_t1.npz,F2b_tau_rel0.6__hlns__b10_t1,,,,
2026-09-28T16:49:26,tune,dev_Region7,F2b,"{""k"": 4, ""name"": ""F2b"", ""tau"": 4.120279720279716, ""tau_rel"": 0.6}",hlns,ising,7e4579b68d,"{""eim_R"": 8, ""eim_Tmax"": 0.00024602179969746214, ""eim_Tmin"": 3.628140404024378e-05, ""eim_moves"": 80536, ""hl_frac_sel"": 1.8483120598659897, ""hl_nmax"": 320, ""hl_p_block"": 0.6960097185974554, ""hl_p_milp"": 0.23974756926501706, ""hl_q"": 16, ""hl_slice"": 1.0786410564546558, ""start"": ""pgreedy""}",10.0,2,10.026,0,4.750919263609162,"[6.880039, 6.123814, 5.456794, 4.868342, 4.340356, 3.864558, 3.431581, 3.041869]",24.8686868686869,1635.4739090909088,11484,1,"{""hl_flips_ising"": 2, ""hl_flips_milp"": 0, ""hl_time"": 9.913473129272461, ""hl_tries_ising"": 9, ""hl_tries_milp"": 1, ""hl_wins_ising"": 1, ""hl_wins_milp"": 0, ""rep_n_add"": 0, ""rep_n_drop"": 0, ""rep_n_fill"": 0, ""start_n_add"": 11484, ""start_n_drop"": 0, ""start_n_fill"": 0}",ok,sols/tune_dev_Region7_F2b_hlns_7e4579b68d_b10.0_s2_F2b_tau_rel0.6__hlns__b10_t2.npz,F2b_tau_rel0.6__hlns__b10_t2,,,,
2026-09-28T16:49:37,tune,dev_Region6,F2b,"{""k"": 4, ""name"": ""F2b"", ""tau"": 4.121760839160841, ""tau_rel"": 0.6}",hlns,ising,7e4579b68d,"{""eim_R"": 8, ""eim_Tmax"": 0.00024602179969746214, ""eim_Tmin"": 3.628140404024378e-05, ""eim_moves"": 80536, ""hl_frac_sel"": 1.8483120598659897, ""hl_nmax"": 320, ""hl_p_block"": 0.6960097185974554, ""hl_p_milp"": 0.23974756926501706, ""hl_q"": 16, ""hl_slice"": 1.0786410564546558, ""start"": ""pgreedy""}",10.0,2,9.958,0,2.5768251639724333,"[4.497463, 3.769638, 3.152236, 2.62695, 2.172461, 1.785283, 1.449949, 1.16062]",22.961344211344265,2352.6434825174824,6822,1,"{""hl_flips_ising"": 0, ""hl_flips_milp"": 21, ""hl_time"": 9.899481534957886, ""hl_tries_ising"": 9, ""hl_tries_milp"": 1, ""hl_wins_ising"": 0, ""hl_wins_milp"": 1, ""rep_n_add"": 1, ""rep_n_drop"": 0, ""rep_n_fill"": 0, ""start_n_add"": 6834, ""start_n_drop"": 0, ""start_n_fill"": 0}",ok,sols/tune_dev_Region6_F2b_hlns_7e4579b68d_b10.0_s2_F2b_tau_rel0.6__hlns__b10_t2.npz,F2b_tau_rel0.6__hlns__b10_t2,,,,
2026-09-28T16:49:48,tune,dev_Region7,F2b,"{""k"": 4, ""name"": ""F2b"", ""tau"": 4.120279720279716, ""tau_rel"": 0.6}",hlns,ising,4ef34ba336,"{""eim_R"": 16, ""eim_Tmax"": 0.0022809729374061983, ""eim_Tmin"": 5.336803302756711e-05, ""eim_moves"": 11053, ""hl_frac_sel"": 0.05358859760545354, ""hl_nmax"": 714, ""hl_p_block"": 0.4547471590949188, ""hl_p_milp"": 0.1852906491227631, ""hl_q"": 6, ""hl_slice"": 0.8696386278445376, ""start"": ""lp""}",10.0,3,10.005,0,4.779403819803181,"[7.022622, 6.175608, 5.477982, 4.877365, 4.34251, 3.864971, 3.431718, 3.042454]",24.8686868686869,1632.5698496503496,11486,1,"{""hl_flips_ising"": 10, ""hl_flips_milp"": 0, ""hl_time"": 9.938607931137085, ""hl_tries_ising"": 15, ""hl_tries_milp"": 6, ""hl_wins_ising"": 1, ""hl_wins_milp"": 0, ""rep_n_add"": 0, ""rep_n_drop"": 0, ""rep_n_fill"": 0, ""start_n_add"": 2096, ""start_n_drop"": 0, ""start_n_fill"": 0}",ok,sols/tune_dev_Region7_F2b_hlns_4ef34ba336_b10.0_s3_F2b_tau_rel0.6__hlns__b10_t3.npz,F2b_tau_rel0.6__hlns__b10_t3,,,,
2026-09-28T16:49:58,tune,dev_Region6,F2b,"{""k"": 4, ""name"": ""F2b"", ""tau"": 4.121760839160841, ""tau_rel"": 0.6}",hlns,ising,4ef34ba336,"{""eim_R"": 16, ""eim_Tmax"": 0.0022809729374061983, ""eim_Tmin"": 5.336803302756711e-05, ""eim_moves"": 11053, ""hl_frac_sel"": 0.05358859760545354, ""hl_nmax"": 714, ""hl_p_block"": 0.4547471590949188, ""hl_p_milp"": 0.1852906491227631, ""hl_q"": 6, ""hl_slice"": 0.8696386278445376, ""start"": ""lp""}",10.0,3,10.017,0,2.5927720983143234,"[4.600132, 3.794935, 3.158408, 2.628055, 2.171653, 1.782233, 1.447297, 1.159463]",22.8492942242942,2351.9850139860137,6814,1,"{""hl_flips_ising"": 2, ""hl_flips_milp"": 0, ""hl_time"": 9.932408809661865, ""hl_tries_ising"": 16, ""hl_tries_milp"": 6, ""hl_wins_ising"": 1, ""hl_wins_milp"": 0, ""rep_n_add"": 0, ""rep_n_drop"": 0, ""rep_n_fill"": 0, ""start_n_add"": 1551, ""start_n_drop"": 0, ""start_n_fill"": 0}",ok,sols/tune_dev_Region6_F2b_hlns_4ef34ba336_b10.0_s3_F2b_tau_rel0.6__hlns__b10_t3.npz,F2b_tau_rel0.6__hlns__b10_t3,,,,
2026-09-28T16:50:09,tune,dev_Region7,F2b,"{""k"": 4, ""name"": ""F2b"", ""tau"": 4.120279720279716, ""tau_rel"": 0.6}",hlns,ising,4ce16c77cf,"{""eim_R"": 4, ""eim_Tmax"": 0.184234527622064, ""eim_Tmin"": 8.449999440828861e-05, ""eim_moves"": 83132, ""hl_frac_sel"": 0.0740179160228525, ""hl_nmax"": 1654, ""hl_p_block"": 0.5855978916741029, ""hl_p_milp"": 0.17546190186032246, ""hl_q"": 7, ""hl_slice"": 0.14516578117571163, ""start"": ""pgreedy""}",10.0,4,10.015,0,4.750830891637724,"[6.880039, 6.123814, 5.456794, 4.868395, 4.340356, 3.864428, 3.431134, 3.041687]",24.81139924889928,1635.4776783216782,11484,1,"{""hl_flips_ising"": 14, ""hl_flips_milp"": 0, ""hl_time"": 9.947341680526733, ""hl_tries_ising"": 63, ""hl_tries_milp"": 15, ""hl_wins_ising"": 2, ""hl_wins_milp"": 0, ""rep_n_add"": 0, ""rep_n_drop"": 0, ""rep_n_fill"": 0, ""start_n_add"": 11488, ""start_n_drop"": 0, ""start_n_fill"": 0}",ok,sols/tune_dev_Region7_F2b_hlns_4ce16c77cf_b10.0_s4_F2b_tau_rel0.6__hlns__b10_t4.npz,F2b_tau_rel0.6__hlns__b10_t4,,,,
2026-09-28T16:50:20,tune,dev_Region6,F2b,"{""k"": 4, ""name"": ""F2b"", ""tau"": 4.121760839160841, ""tau_rel"": 0.6}",hlns,ising,4ce16c77cf,"{""eim_R"": 4, ""eim_Tmax"": 0.184234527622064, ""eim_Tmin"": 8.449999440828861e-05, ""eim_moves"": 83132, ""hl_frac_sel"": 0.0740179160228525, ""hl_nmax"": 1654, ""hl_p_block"": 0.5855978916741029, ""hl_p_milp"": 0.17546190186032246, ""hl_q"": 7, ""hl_slice"": 0.14516578117571163, ""start"": ""pgreedy""}",10.0,4,10.021,0,2.5768514584115136,"[4.497463, 3.769638, 3.152404, 2.626993, 2.172461, 1.785283, 1.449949, 1.16062]",22.961344211344265,2352.6434825174824,6822,1,"{""hl_flips_ising"": 0, ""hl_flips_milp"": 0, ""hl_time"": 9.941580533981323, ""hl_tries_ising"": 61, ""hl_tries_milp"": 10, ""hl_wins_ising"": 0, ""hl_wins_milp"": 0, ""rep_n_add"": 0, ""rep_n_drop"": 0, ""rep_n_fill"": 0, ""start_n_add"": 6822, ""start_n_drop"": 0, ""start_n_fill"": 0}",ok,sols/tune_dev_Region6_F2b_hlns_4ce16c77cf_b10.0_s4_F2b_tau_rel0.6__hlns__b10_t4.npz,F2b_tau_rel0.6__hlns__b10_t4,,,,
2026-09-28T16:50:32,tune,dev_Region7,F2b,"{""k"": 4, ""name"": ""F2b"", ""tau"": 4.120279720279716, ""tau_rel"": 0.6}",hlns,ising,ccfe1ad980,"{""eim_R"": 4, ""eim_Tmax"": 4.753629081986275e-05, ""eim_Tmin"": 7.868657790837972e-06, ""eim_moves"": 96465, ""hl_frac_sel"": 0.1509512926377876, ""hl_nmax"": 6490, ""hl_p_block"": 0.2385581128702557, ""hl_p_milp"": 0.01272302833985367, ""hl_q"": 11, ""hl_slice"": 1.4198088199172951, ""start"": ""pgreedy""}",10.0,5,10.023,0,4.750888437742135,"[6.880039, 6.123814, 5.456794, 4.868395, 4.340356, 3.864558, 3.431341, 3.04181]",24.8686868686869,1635.4856013986011,11484,1,"{""hl_flips_ising"": 4, ""hl_flips_milp"": 0, ""hl_time"": 9.963365316390991, ""hl_tries_ising"": 9, ""hl_tries_milp"": 0, ""hl_wins_ising"": 1, ""hl_wins_milp"": 0, ""rep_n_add"": 0, ""rep_n_drop"": 0, ""rep_n_fill"": 0, ""start_n_add"": 11484, ""start_n_drop"": 0, ""start_n_fill"": 0}",ok,sols/tune_dev_Region7_F2b_hlns_ccfe1ad980_b10.0_s5_F2b_tau_rel0.6__hlns__b10_t5.npz,F2b_tau_rel0.6__hlns__b10_t5,,,,
2026-09-28T16:50:42,tune,dev_Region6,F2b,"{""k"": 4, ""name"": ""F2b"", ""tau"": 4.121760839160841, ""tau_rel"": 0.6}",hlns,ising,ccfe1ad980,"{""eim_R"": 4, ""eim_Tmax"": 4.753629081986275e-05, ""eim_Tmin"": 7.868657790837972e-06, ""eim_moves"": 96465, ""hl_frac_sel"": 0.1509512926377876, ""hl_nmax"": 6490, ""hl_p_block"": 0.2385581128702557, ""hl_p_milp"": 0.01272302833985367, ""hl_q"": 11, ""hl_slice"": 1.4198088199172951, ""start"": ""pgreedy""}",10.0,5,10.026,0,2.576638794928762,"[4.497463, 3.769638, 3.152404, 2.626993, 2.172461, 1.784164, 1.449379, 1.160609]",22.794159544159598,2352.4812237762235,6817,1,"{""hl_flips_ising"": 31, ""hl_flips_milp"": 0, ""hl_time"": 9.953674077987671, ""hl_tries_ising"": 9, ""hl_tries_milp"": 0, ""hl_wins_ising"": 2, ""hl_wins_milp"": 0, ""rep_n_add"": 0, ""rep_n_drop"": 0, ""rep_n_fill"": 0, ""start_n_add"": 6826, ""start_n_drop"": 0, ""start_n_fill"": 0}",ok,sols/tune_dev_Region6_F2b_hlns_ccfe1ad980_b10.0_s5_F2b_tau_rel0.6__hlns__b10_t5.npz,F2b_tau_rel0.6__hlns__b10_t5,,,,
2026-09-28T16:50:53,tune,dev_Region7,F2b,"{""k"": 4, ""name"": ""F2b"", ""tau"": 4.120279720279716, ""tau_rel"": 0.6}",hlns,ising,c70a4deb8a,"{""eim_R"": 4, ""eim_Tmax"": 0.006160485507694245, ""eim_Tmin"": 5.302149932757018e-05, ""eim_moves"": 13815, ""hl_frac_sel"": 0.059039861143505436, ""hl_nmax"": 5699, ""hl_p_block"": 0.3095167691707834, ""hl_p_milp"": 0.07509178070746522, ""hl_q"": 25, ""hl_slice"": 1.6340155810335355, ""start"": ""pgreedy""}",10.0,6,10.003,0,4.750925962516002,"[6.880039, 6.123814, 5.456794, 4.868395, 4.340356, 3.864558, 3.431581, 3.041869]",24.8686868686869,1635.4739090909088,11484,1,"{""hl_flips_ising"": 0, ""hl_flips_milp"": 0, ""hl_time"": 9.949190855026245, ""hl_tries_ising"": 9, ""hl_tries_milp"": 0, ""hl_wins_ising"": 0, ""hl_wins_milp"": 0, ""rep_n_add"": 0, ""rep_n_drop"": 0, ""rep_n_fill"": 0, ""start_n_add"": 11484, ""start_n_drop"": 0, ""start_n_fill"": 0}",ok,sols/tune_dev_Region7_F2b_hlns_c70a4deb8a_b10.0_s6_F2b_tau_rel0.6__hlns__b10_t6.npz,F2b_tau_rel0.6__hlns__b10_t6,,,,
2026-09-28T16:51:04,tune,dev_Region6,F2b,"{""k"": 4, ""name"": ""F2b"", ""tau"": 4.121760839160841, ""tau_rel"": 0.6}",hlns,ising,c70a4deb8a,"{""eim_R"": 4, ""eim_Tmax"": 0.006160485507694245, ""eim_Tmin"": 5.302149932757018e-05, ""eim_moves"": 13815, ""hl_frac_sel"": 0.059039861143505436, ""hl_nmax"": 5699, ""hl_p_block"": 0.3095167691707834, ""hl_p_milp"": 0.07509178070746522, ""hl_q"": 25, ""hl_slice"": 1.6340155810335355, ""start"": ""pgreedy""}",10.0,6,10.004,0,2.5768514584115136,"[4.497463, 3.769638, 3.152404, 2.626993, 2.172461, 1.785283, 1.449949, 1.16062]",22.961344211344265,2352.6434825174824,6822,1,"{""hl_flips_ising"": 0, ""hl_flips_milp"": 0, ""hl_time"": 9.9541015625, ""hl_tries_ising"": 9, ""hl_tries_milp"": 0, ""hl_wins_ising"": 0, ""hl_wins_milp"": 0, ""rep_n_add"": 0, ""rep_n_drop"": 0, ""rep_n_fill"": 0, ""start_n_add"": 6822, ""start_n_drop"": 0, ""start_n_fill"": 0}",ok,sols/tune_dev_Region6_F2b_hlns_c70a4deb8a_b10.0_s6_F2b_tau_rel0.6__hlns__b10_t6.npz,F2b_tau_rel0.6__hlns__b10_t6,,,,
2026-09-28T16:51:15,tune,dev_Region7,F2b,"{""k"": 4, ""name"": ""F2b"", ""tau"": 4.120279720279716, ""tau_rel"": 0.6}",hlns,ising,7aebda6d15,"{""eim_R"": 4, ""eim_Tmax"": 2.3160023485701185e-05, ""eim_Tmin"": 1.6605414256086762e-06, ""eim_moves"": 72310, ""hl_frac_sel"": 0.11780220662895499, ""hl_nmax"": 6565, ""hl_p_block"": 0.25377576982478034, ""hl_p_milp"": 0.12055794770172312, ""hl_q"": 31, ""hl_slice"": 0.08227468084128184, ""start"": ""pgreedy""}",10.0,7,10.019,0,4.750661789159698,"[6.880039, 6.123814, 5.456572, 4.8678, 4.339985, 3.86416, 3.431165, 3.041759]",24.81139924889928,1635.0716818181813,11472,1,"{""hl_flips_ising"": 96, ""hl_flips_milp"": 0, ""hl_time"": 9.930579423904419, ""hl_tries_ising"": 98, ""hl_tries_milp"": 12, ""hl_wins_ising"": 13, ""hl_wins_milp"": 0, ""rep_n_add"": 0, ""rep_n_drop"": 0, ""rep_n_fill"": 0, ""start_n_add"": 11508, ""start_n_drop"": 0, ""start_n_fill"": 0}",ok,sols/tune_dev_Region7_F2b_hlns_7aebda6d15_b10.0_s7_F2b_tau_rel0.6__hlns__b10_t7.npz,F2b_tau_rel0.6__hlns__b10_t7,,,,
2026-09-28T16:51:26,tune,dev_Region6,F2b,"{""k"": 4, ""name"": ""F2b"", ""tau"": 4.121760839160841, ""tau_rel"": 0.6}",hlns,ising,7aebda6d15,"{""eim_R"": 4, ""eim_Tmax"": 2.3160023485701185e-05, ""eim_Tmin"": 1.6605414256086762e-06, ""eim_moves"": 72310, ""hl_frac_sel"": 0.11780220662895499, ""hl_nmax"": 6565, ""hl_p_block"": 0.25377576982478034, ""hl_p_milp"": 0.12055794770172312, ""hl_q"": 31, ""hl_slice"": 0.08227468084128184, ""start"": ""pgreedy""}",10.0,7,9.987,0,2.576569004903976,"[4.497463, 3.769638, 3.152404, 2.626993, 2.172447, 1.783983, 1.44925, 1.160374]",22.836036648536616,2352.5857097902094,6812,1,"{""hl_flips_ising"": 78, ""hl_flips_milp"": 0, ""hl_time"": 9.930887699127197, ""hl_tries_ising"": 100, ""hl_tries_milp"": 18, ""hl_wins_ising"": 10, ""hl_wins_milp"": 0, ""rep_n_add"": 0, ""rep_n_drop"": 0, ""rep_n_fill"": 0, ""start_n_add"": 6836, ""start_n_drop"": 0, ""start_n_fill"": 0}",ok,sols/tune_dev_Region6_F2b_hlns_7aebda6d15_b10.0_s7_F2b_tau_rel0.6__hlns__b10_t7.npz,F2b_tau_rel0.6__hlns__b10_t7,,,,
2026-09-28T16:51:37,tune,dev_Region7,F2b,"{""k"": 4, ""name"": ""F2b"", ""tau"": 4.120279720279716, ""tau_rel"": 0.6}",hlns,ising,52df843718,"{""eim_R"": 4, ""eim_Tmax"": 1.1496448520528694e-05, ""eim_Tmin"": 3.7212480628215847e-07, ""eim_moves"": 83450, ""hl_frac_sel"": 0.5352496268116972, ""hl_nmax"": 885, ""hl_p_block"": 0.4011308291545138, ""hl_p_milp"": 0.10003840486024333, ""hl_q"": 14, ""hl_slice"": 0.45079906794924024, ""start"": ""pgreedy""}",10.0,8,10.026,0,4.750728172162495,"[6.880039, 6.12381, 5.456941, 4.868113, 4.340235, 3.864182, 3.430964, 3.041542]",24.81139924889928,1635.284255244755,11481,1,"{""hl_flips_ising"": 38, ""hl_flips_milp"": 26, ""hl_time"": 9.953167915344238, ""hl_tries_ising"": 24, ""hl_tries_milp"": 4, ""hl_wins_ising"": 8, ""hl_wins_milp"": 1, ""rep_n_add"": 0, ""rep_n_drop"": 0, ""rep_n_fill"": 0, ""start_n_add"": 11507, ""start_n_drop"": 0, ""start_n_fill"": 0}",ok,sols/tune_dev_Region7_F2b_hlns_52df843718_b10.0_s8_F2b_tau_rel0.6__hlns__b10_t8.npz,F2b_tau_rel0.6__hlns__b10_t8,,,,
2026-09-28T16:51:48,tune,dev_Region6,F2b,"{""k"": 4, ""name"": ""F2b"", ""tau"": 4.121760839160841, ""tau_rel"": 0.6}",hlns,ising,52df843718,"{""eim_R"": 4, ""eim_Tmax"": 1.1496448520528694e-05, ""eim_Tmin"": 3.7212480628215847e-07, ""eim_moves"": 83450, ""hl_frac_sel"": 0.5352496268116972, ""hl_nmax"": 885, ""hl_p_block"": 0.4011308291545138, ""hl_p_milp"": 0.10003840486024333, ""hl_q"": 14, ""hl_slice"": 0.45079906794924024, ""start"": ""pgreedy""}",10.0,8,10.022,0,2.5757966743308396,"[4.496449, 3.767463, 3.150959, 2.626079, 2.171937, 1.784182, 1.449206, 1.1601]",22.8492942242942,2352.588853146853,6807,1,"{""hl_flips_ising"": 65, ""hl_flips_milp"": 0, ""hl_time"": 9.959784507751465, ""hl_tries_ising"": 25, ""hl_tries_milp"": 2, ""hl_wins_ising"": 5, ""hl_wins_milp"": 0, ""rep_n_add"": 1, ""rep_n_drop"": 0, ""rep_n_fill"": 0, ""start_n_add"": 6845, ""start_n_drop"": 0, ""start_n_fill"": 0}",ok,sols/tune_dev_Region6_F2b_hlns_52df843718_b10.0_s8_F2b_tau_rel0.6__hlns__b10_t8.npz,F2b_tau_rel0.6__hlns__b10_t8,,,,
2026-09-28T16:51:59,tune,dev_Region7,F2b,"{""k"": 4, ""name"": ""F2b"", ""tau"": 4.120279720279716, ""tau_rel"": 0.6}",hlns,ising,b7a310e93f,"{""eim_R"": 4, ""eim_Tmax"": 1.3634424241269136e-05, ""eim_Tmin"": 1.9712947654928525e-06, ""eim_moves"": 2664, ""hl_frac_sel"": 0.7463316723057934, ""hl_nmax"": 2055, ""hl_p_block"": 0.5334676571643976, ""hl_p_milp"": 0.17773626833619632, ""hl_q"": 3, ""hl_slice"": 0.15185070244922075, ""start"": ""pgreedy""}",10.0,9,9.954,0,4.748756127643989,"[6.878962, 6.120904, 5.454082, 4.865858, 4.338022, 3.862545, 3.429422, 3.040254]",24.81139924889928,1633.544115384615,11440,1,"{""hl_flips_ising"": 210, ""hl_flips_milp"": 0, ""hl_time"": 9.890918254852295, ""hl_tries_ising"": 63, ""hl_tries_milp"": 9, ""hl_wins_ising"": 15, ""hl_wins_milp"": 0, ""rep_n_add"": 0, ""rep_n_drop"": 0, ""rep_n_fill"": 0, ""start_n_add"": 11580, ""start_n_drop"": 0, ""start_n_fill"": 0}",ok,sols/tune_dev_Region7_F2b_hlns_b7a310e93f_b10.0_s9_F2b_tau_rel0.6__hlns__b10_t9.npz,F2b_tau_rel0.6__hlns__b10_t9,,,,
2026-09-28T16:52:09,tune,dev_Region6,F2b,"{""k"": 4, ""name"": ""F2b"", ""tau"": 4.121760839160841, ""tau_rel"": 0.6}",hlns,ising,b7a310e93f,"{""eim_R"": 4, ""eim_Tmax"": 1.3634424241269136e-05, ""eim_Tmin"": 1.9712947654928525e-06, ""eim_moves"": 2664, ""hl_frac_sel"": 0.7463316723057934, ""hl_nmax"": 2055, ""hl_p_block"": 0.5334676571643976, ""hl_p_milp"": 0.17773626833619632, ""hl_q"": 3, ""hl_slice"": 0.15185070244922075, ""start"": ""pgreedy""}",10.0,9,9.982,0,2.574970130076904,"[4.495473, 3.766807, 3.149473, 2.624553, 2.170884, 1.783791, 1.448927, 1.159855]",22.794159544159598,2352.049066433566,6787,1,"{""hl_flips_ising"": 129, ""hl_flips_milp"": 0, ""hl_time"": 9.926199913024902, ""hl_tries_ising"": 63, ""hl_tries_milp"": 14, ""hl_wins_ising"": 8, ""hl_wins_milp"": 0, ""rep_n_add"": 5, ""rep_n_drop"": 0, ""rep_n_fill"": 0, ""start_n_add"": 6871, ""start_n_drop"": 0, ""start_n_fill"": 0}",ok,sols/tune_dev_Region6_F2b_hlns_b7a310e93f_b10.0_s9_F2b_tau_rel0.6__hlns__b10_t9.npz,F2b_tau_rel0.6__hlns__b10_t9,,,,
2026-09-28T16:52:12,tune,dev_Region7,F2b,"{""k"": 4, ""name"": ""F2b"", ""tau"": 4.120279720279716, ""tau_rel"": 0.6}",lp,classical,6b14285449,"{""J"": 12, ""lexi"": false}",10.0,0,1.592,0,4.779446423563723,"[7.022306, 6.175938, 5.47808, 4.877438, 4.342514, 3.864974, 3.431792, 3.042528]",24.8686868686869,1632.5822237762236,11487,1,"{""rep_n_add"": 0, ""rep_n_drop"": 0, ""rep_n_fill"": 0, ""start_n_add"": 2088, ""start_n_drop"": 0, ""start_n_fill"": 0}",ok,sols/tune_dev_Region7_F2b_lp_6b14285449_b10.0_s0_F2b_tau_rel0.6__lp__b10_t0.npz,F2b_tau_rel0.6__lp__b10_t0,,,,
2026-09-28T16:52:14,tune,dev_Region6,F2b,"{""k"": 4, ""name"": ""F2b"", ""tau"": 4.121760839160841, ""tau_rel"": 0.6}",lp,classical,6b14285449,"{""J"": 12, ""lexi"": false}",10.0,0,1.525,0,2.59246365189514,"[4.600235, 3.794622, 3.158515, 2.627887, 2.171148, 1.781662, 1.446758, 1.158881]",22.8492942242942,2351.770636363636,6816,1,"{""rep_n_add"": 0, ""rep_n_drop"": 0, ""rep_n_fill"": 0, ""start_n_add"": 1557, ""start_n_drop"": 0, ""start_n_fill"": 0}",ok,sols/tune_dev_Region6_F2b_lp_6b14285449_b10.0_s0_F2b_tau_rel0.6__lp__b10_t0.npz,F2b_tau_rel0.6__lp__b10_t0,,,,
2026-09-28T16:52:25,tune,dev_Region7,F2b,"{""k"": 4, ""name"": ""F2b"", ""tau"": 4.120279720279716, ""tau_rel"": 0.6}",lp,classical,92855cc8a3,"{""J"": 24, ""lexi"": true}",10.0,1,10.091,0,4.750545832631099,"[6.891052, 6.124692, 5.454824, 4.865521, 4.337292, 3.862048, 3.429352, 3.039586]",24.81139924889928,1632.2574160839158,11447,1,"{""rep_n_add"": 0, ""rep_n_drop"": 0, ""rep_n_fill"": 0, ""start_n_add"": 1513, ""start_n_drop"": 0, ""start_n_fill"": 0}",ok,sols/tune_dev_Region7_F2b_lp_92855cc8a3_b10.0_s1_F2b_tau_rel0.6__lp__b10_t1.npz,F2b_tau_rel0.6__lp__b10_t1,,,,
2026-09-28T16:52:33,tune,dev_Region6,F2b,"{""k"": 4, ""name"": ""F2b"", ""tau"": 4.121760839160841, ""tau_rel"": 0.6}",lp,classical,92855cc8a3,"{""J"": 24, ""lexi"": true}",10.0,1,7.22,0,2.576405638981442,"[4.506798, 3.76782, 3.150607, 2.626381, 2.171087, 1.78229, 1.447636, 1.158627]",22.8492942242942,2351.4524300699304,6804,1,"{""rep_n_add"": 0, ""rep_n_drop"": 0, ""rep_n_fill"": 0, ""start_n_add"": 1369, ""start_n_drop"": 0, ""start_n_fill"": 0}",ok,sols/tune_dev_Region6_F2b_lp_92855cc8a3_b10.0_s1_F2b_tau_rel0.6__lp__b10_t1.npz,F2b_tau_rel0.6__lp__b10_t1,,,,
2026-09-28T16:52:43,tune,dev_Region7,F2b,"{""k"": 4, ""name"": ""F2b"", ""tau"": 4.120279720279716, ""tau_rel"": 0.6}",lp,classical,529aed208e,"{""J"": 6, ""lexi"": true}",10.0,2,9.645,0,5.346028404834318,"[8.76908, 7.151448, 6.110134, 5.283686, 4.62193, 4.073886, 3.592221, 3.165841]",24.134793447293433,1624.2907587412583,11376,1,"{""rep_n_add"": 0, ""rep_n_drop"": 0, ""rep_n_fill"": 0, ""start_n_add"": 3708, ""start_n_drop"": 0, ""start_n_fill"": 0}",ok,sols/tune_dev_Region7_F2b_lp_529aed208e_b10.0_s2_F2b_tau_rel0.6__lp__b10_t2.npz,F2b_tau_rel0.6__lp__b10_t2,,,,
2026-09-28T16:52:50,tune,dev_Region6,F2b,"{""k"": 4, ""name"": ""F2b"", ""tau"": 4.121760839160841, ""tau_rel"": 0.6}",lp,classical,529aed208e,"{""J"": 6, ""lexi"": true}",10.0,2,6.073,0,3.1925639523107865,"[6.46313, 4.878445, 3.830494, 3.062106, 2.463537, 1.984289, 1.59261, 1.2659]",23.087315462315434,2345.462881118881,6724,1,"{""rep_n_add"": 0, ""rep_n_drop"": 0, ""rep_n_fill"": 0, ""start_n_add"": 2017, ""start_n_drop"": 0, ""start_n_fill"": 0}",ok,sols/tune_dev_Region6_F2b_lp_529aed208e_b10.0_s2_F2b_tau_rel0.6__lp__b10_t2.npz,F2b_tau_rel0.6__lp__b10_t2,,,,
2026-09-28T16:53:00,tune,dev_Region7,F2b,"{""k"": 4, ""name"": ""F2b"", ""tau"": 4.120279720279716, ""tau_rel"": 0.6}",lp,classical,529aed208e,"{""J"": 6, ""lexi"": true}",10.0,3,9.589,0,5.3701039900622565,"[8.845267, 7.198733, 6.137386, 5.305533, 4.632298, 4.07785, 3.594398, 3.169369]",24.087525900025934,1625.3728216783213,11414,1,"{""rep_n_add"": 0, ""rep_n_drop"": 0, ""rep_n_fill"": 0, ""start_n_add"": 3701, ""start_n_drop"": 0, ""start_n_fill"": 0}",ok,sols/tune_dev_Region7_F2b_lp_529aed208e_b10.0_s3_F2b_tau_rel0.6__lp__b10_t3.npz,F2b_tau_rel0.6__lp__b10_t3,,,,
2026-09-28T16:53:07,tune,dev_Region6,F2b,"{""k"": 4, ""name"": ""F2b"", ""tau"": 4.121760839160841, ""tau_rel"": 0.6}",lp,classical,529aed208e,"{""J"": 6, ""lexi"": true}",10.0,3,6.194,0,3.138186077569625,"[6.287004, 4.787792, 3.774106, 3.022541, 2.434806, 1.966222, 1.579293, 1.253724]",23.06303418803416,2347.0287307692306,6724,1,"{""rep_n_add"": 0, ""rep_n_drop"": 0, ""rep_n_fill"": 0, ""start_n_add"": 2112, ""start_n_drop"": 0, ""start_n_fill"": 0}",ok,sols/tune_dev_Region6_F2b_lp_529aed208e_b10.0_s3_F2b_tau_rel0.6__lp__b10_t3.npz,F2b_tau_rel0.6__lp__b10_t3,,,,
2026-09-28T16:53:18,tune,dev_Region7,F2b,"{""k"": 4, ""name"": ""F2b"", ""tau"": 4.120279720279716, ""tau_rel"": 0.6}",lp,classical,92855cc8a3,"{""J"": 24, ""lexi"": true}",10.0,4,10.421,0,4.750545832631099,"[6.891052, 6.124692, 5.454824, 4.865521, 4.337292, 3.862048, 3.429352, 3.039586]",24.81139924889928,1632.2450419580418,11447,1,"{""rep_n_add"": 0, ""rep_n_drop"": 0, ""rep_n_fill"": 0, ""start_n_add"": 1512, ""start_n_drop"": 0, ""start_n_fill"": 0}",contaminated_overlap,sols/tune_dev_Region7_F2b_lp_92855cc8a3_b10.0_s4_F2b_tau_rel0.6__lp__b10_t4.npz,F2b_tau_rel0.6__lp__b10_t4,,,,
2026-09-28T16:53:19,tune,dev_Region7,F1,"{""k"": 4, ""name"": ""F1"", ""tau"": 0.0}",ls,classical,ef58d95727,"{""g_scale"": 3000.0, ""ls_T0"": 0.002, ""ls_T1"": 1e-06, ""ls_chains"": 8, ""ls_moves"": 20000, ""ls_restart_every"": 0, ""p_add"": 0.2, ""p_swap"": 0.6, ""start"": ""lp"", ""topw"": 8}",10.0,0,10.025,0,24.12897403522407,"[24.419111, 24.087526, 24.087526, 24.087526, 24.087526, 24.087526, 24.087526, 24.087526]",24.087525900025934,1889.077622377622,14610,1,"{""ls_acc"": 32787920, ""rep_n_add"": 0, ""rep_n_drop"": 0, ""rep_n_fill"": 28, ""start_n_add"": 233, ""start_n_drop"": 0, ""start_n_fill"": 12421}",contaminated_overlap,sols/tune_dev_Region7_F1_ls_ef58d95727_b10.0_s0_F1__ls__b10_t0.npz,F1__ls__b10_t0,,,,
2026-09-28T16:53:20,tune,dev_Region7,F1,"{""k"": 4, ""name"": ""F1"", ""tau"": 0.0}",pgreedy,classical,bf21a9e8fb,{},10.0,0,0.124,0,27.40123389342144,"[34.262141, 27.984768, 26.677059, 26.328137, 26.328137, 26.328137, 25.712008, 25.589485]",25.58948458948464,1948.8709930069926,15525,1,"{""rep_n_add"": 2042, ""rep_n_drop"": 0, ""rep_n_fill"": 13483}",contaminated_overlap,sols/tune_dev_Region7_F1_pgreedy_bf21a9e8fb_b10.0_s0_ref.npz,ref,,,,
2026-09-28T16:53:26,tune,dev_Region6,F2b,"{""k"": 4, ""name"": ""F2b"", ""tau"": 4.121760839160841, ""tau_rel"": 0.6}",lp,classical,92855cc8a3,"{""J"": 24, ""lexi"": true}",10.0,4,7.468,0,2.5760504650468063,"[4.506474, 3.767727, 3.150226, 2.625983, 2.170679, 1.781807, 1.447229, 1.158277]",22.8492942242942,2351.3829650349653,6801,1,"{""rep_n_add"": 0, ""rep_n_drop"": 0, ""rep_n_fill"": 0, ""start_n_add"": 1370, ""start_n_drop"": 0, ""start_n_fill"": 0}",contaminated_overlap,sols/tune_dev_Region6_F2b_lp_92855cc8a3_b10.0_s4_F2b_tau_rel0.6__lp__b10_t4.npz,F2b_tau_rel0.6__lp__b10_t4,,,,
2026-09-28T16:53:29,tune,dev_Region7,F2b,"{""k"": 4, ""name"": ""F2b"", ""tau"": 4.120279720279716, ""tau_rel"": 0.6}",lp,classical,a3b9de4e04,"{""J"": 24, ""lexi"": false}",10.0,5,2.212,0,4.750545832631099,"[6.891052, 6.124692, 5.454824, 4.865521, 4.337292, 3.862048, 3.429352, 3.039586]",24.81139924889928,1632.2574160839158,11447,1,"{""rep_n_add"": 0, ""rep_n_drop"": 0, ""rep_n_fill"": 0, ""start_n_add"": 1512, ""start_n_drop"": 0, ""start_n_fill"": 0}",contaminated_overlap,sols/tune_dev_Region7_F2b_lp_a3b9de4e04_b10.0_s5_F2b_tau_rel0.6__lp__b10_t5.npz,F2b_tau_rel0.6__lp__b10_t5,,,,
2026-09-28T16:53:30,tune,dev_Region6,F1,"{""k"": 4, ""name"": ""F1"", ""tau"": 0.0}",ls,classical,ef58d95727,"{""g_scale"": 3000.0, ""ls_T0"": 0.002, ""ls_T1"": 1e-06, ""ls_chains"": 8, ""ls_moves"": 20000, ""ls_restart_every"": 0, ""p_add"": 0.2, ""p_swap"": 0.6, ""start"": ""lp"", ""topw"": 8}",10.0,0,10.006,0,22.462157634032657,"[23.447083, 23.091961, 22.801962, 22.586247, 22.308421, 22.039319, 21.812808, 21.60946]",21.609459984459967,2202.996874125874,5399,1,"{""ls_acc"": 17127054, ""rep_n_add"": 0, ""rep_n_drop"": 0, ""rep_n_fill"": 5, ""start_n_add"": 442, ""start_n_drop"": 0, ""start_n_fill"": 6545}",contaminated_overlap,sols/tune_dev_Region6_F1_ls_ef58d95727_b10.0_s0_F1__ls__b10_t0.npz,F1__ls__b10_t0,,,,
2026-09-28T16:53:32,tune,dev_Region6,F2b,"{""k"": 4, ""name"": ""F2b"", ""tau"": 4.121760839160841, ""tau_rel"": 0.6}",lp,classical,a3b9de4e04,"{""J"": 24, ""lexi"": false}",10.0,5,2.032,0,2.5764440190963436,"[4.506798, 3.767862, 3.150607, 2.626494, 2.171128, 1.782318, 1.447681, 1.158663]",22.8492942242942,2351.456062937063,6804,1,"{""rep_n_add"": 0, ""rep_n_drop"": 0, ""rep_n_fill"": 0, ""start_n_add"": 1371, ""start_n_drop"": 0, ""start_n_fill"": 0}",contaminated_overlap,sols/tune_dev_Region6_F2b_lp_a3b9de4e04_b10.0_s5_F2b_tau_rel0.6__lp__b10_t5.npz,F2b_tau_rel0.6__lp__b10_t5,,,,
2026-09-28T16:53:43,tune,dev_Region7,F2b,"{""k"": 4, ""name"": ""F2b"", ""tau"": 4.120279720279716, ""tau_rel"": 0.6}",lp,classical,b0e9699c6d,"{""J"": 12, ""lexi"": true}",10.0,6,10.021,0,4.779259566840475,"[7.021036, 6.175402, 5.4779, 4.877535, 4.342635, 3.865122, 3.431854, 3.042593]",24.8686868686869,1632.8455769230768,11491,1,"{""rep_n_add"": 0, ""rep_n_drop"": 0, ""rep_n_fill"": 0, ""start_n_add"": 2089, ""start_n_drop"": 0, ""start_n_fill"": 0}",contaminated_overlap,sols/tune_dev_Region7_F2b_lp_b0e9699c6d_b10.0_s6_F2b_tau_rel0.6__lp__b10_t6.npz,F2b_tau_rel0.6__lp__b10_t6,,,,
2026-09-28T16:53:50,tune,dev_Region6,F2b,"{""k"": 4, ""name"": ""F2b"", ""tau"": 4.121760839160841, ""tau_rel"": 0.6}",lp,classical,b0e9699c6d,"{""J"": 12, ""lexi"": true}",10.0,6,6.367,0,2.5924742018338023,"[4.600389, 3.794622, 3.15844, 2.627992, 2.171183, 1.781759, 1.44665, 1.158758]",22.8492942242942,2351.794101398601,6814,1,"{""rep_n_add"": 0, ""rep_n_drop"": 0, ""rep_n_fill"": 0, ""start_n_add"": 1557, ""start_n_drop"": 0, ""start_n_fill"": 0}",ok,sols/tune_dev_Region6_F2b_lp_b0e9699c6d_b10.0_s6_F2b_tau_rel0.6__lp__b10_t6.npz,F2b_tau_rel0.6__lp__b10_t6,,,,
2026-09-28T16:53:52,tune,dev_Region7,F2b,"{""k"": 4, ""name"": ""F2b"", ""tau"": 4.120279720279716, ""tau_rel"": 0.6}",lp,classical,b9a13a472a,"{""J"": 6, ""lexi"": false}",10.0,7,0.928,0,5.371453649782081,"[8.848944, 7.19548, 6.139418, 5.308947, 4.639689, 4.079326, 3.594307, 3.165519]",24.087525900025934,1624.040846153846,11403,1,"{""rep_n_add"": 0, ""rep_n_drop"": 0, ""rep_n_fill"": 0, ""start_n_add"": 3709, ""start_n_drop"": 0, ""start_n_fill"": 0}",ok,sols/tune_dev_Region7_F2b_lp_b9a13a472a_b10.0_s7_F2b_tau_rel0.6__lp__b10_t7.npz,F2b_tau_rel0.6__lp__b10_t7,,,,
2026-09-28T16:53:53,tune,dev_Region6,F2b,"{""k"": 4, ""name"": ""F2b"", ""tau"": 4.121760839160841, ""tau_rel"": 0.6}",lp,classical,b9a13a472a,"{""J"": 6, ""lexi"": false}",10.0,7,0.916,0,3.1758614205725526,"[6.322385, 4.836418, 3.824289, 3.066933, 2.473178, 2.00006, 1.604909, 1.278718]",23.013840326340294,2343.896269230769,6726,1,"{""rep_n_add"": 0, ""rep_n_drop"": 0, ""rep_n_fill"": 0, ""start_n_add"": 2093, ""start_n_drop"": 0, ""start_n_fill"": 0}",ok,sols/tune_dev_Region6_F2b_lp_b9a13a472a_b10.0_s7_F2b_tau_rel0.6__lp__b10_t7.npz,F2b_tau_rel0.6__lp__b10_t7,,,,
2026-09-28T16:54:05,tune,dev_Region7,F2b,"{""k"": 4, ""name"": ""F2b"", ""tau"": 4.120279720279716, ""tau_rel"": 0.6}",lp,classical,92855cc8a3,"{""J"": 24, ""lexi"": true}",10.0,8,10.197,0,4.750545832631099,"[6.891052, 6.124692, 5.454824, 4.865521, 4.337292, 3.862048, 3.429352, 3.039586]",24.81139924889928,1632.2450419580416,11447,1,"{""rep_n_add"": 0, ""rep_n_drop"": 0, ""rep_n_fill"": 0, ""start_n_add"": 1513, ""start_n_drop"": 0, ""start_n_fill"": 0}",ok,sols/tune_dev_Region7_F2b_lp_92855cc8a3_b10.0_s8_F2b_tau_rel0.6__lp__b10_t8.npz,F2b_tau_rel0.6__lp__b10_t8,,,,
2026-09-28T16:54:13,tune,dev_Region6,F2b,"{""k"": 4, ""name"": ""F2b"", ""tau"": 4.121760839160841, ""tau_rel"": 0.6}",lp,classical,92855cc8a3,"{""J"": 24, ""lexi"": true}",10.0,8,7.436,0,2.5760311264793345,"[4.506375, 3.767672, 3.150226, 2.625983, 2.170679, 1.781807, 1.447229, 1.158277]",22.8492942242942,2351.3829650349653,6801,1,"{""rep_n_add"": 0, ""rep_n_drop"": 0, ""rep_n_fill"": 0, ""start_n_add"": 1376, ""start_n_drop"": 0, ""start_n_fill"": 0}",ok,sols/tune_dev_Region6_F2b_lp_92855cc8a3_b10.0_s8_F2b_tau_rel0.6__lp__b10_t8.npz,F2b_tau_rel0.6__lp__b10_t8,,,,
2026-09-28T16:54:24,tune,dev_Region7,F2b,"{""k"": 4, ""name"": ""F2b"", ""tau"": 4.120279720279716, ""tau_rel"": 0.6}",lp,classical,92855cc8a3,"{""J"": 24, ""lexi"": true}",10.0,9,10.209,0,4.750549364840121,"[6.891052, 6.124692, 5.454824, 4.865549, 4.337292, 3.862048, 3.429352, 3.039586]",24.81139924889928,1632.2697902097898,11447,1,"{""rep_n_add"": 0, ""rep_n_drop"": 0, ""rep_n_fill"": 0, ""start_n_add"": 1513, ""start_n_drop"": 0, ""start_n_fill"": 0}",ok,sols/tune_dev_Region7_F2b_lp_92855cc8a3_b10.0_s9_F2b_tau_rel0.6__lp__b10_t9.npz,F2b_tau_rel0.6__lp__b10_t9,,,,
2026-09-28T16:54:31,tune,dev_Region6,F2b,"{""k"": 4, ""name"": ""F2b"", ""tau"": 4.121760839160841, ""tau_rel"": 0.6}",lp,classical,92855cc8a3,"{""J"": 24, ""lexi"": true}",10.0,9,7.119,0,2.576405638981442,"[4.506798, 3.76782, 3.150607, 2.626381, 2.171087, 1.78229, 1.447636, 1.158627]",22.8492942242942,2351.4524300699304,6804,1,"{""rep_n_add"": 0, ""rep_n_drop"": 0, ""rep_n_fill"": 0, ""start_n_add"": 1369, ""start_n_drop"": 0, ""start_n_fill"": 0}",ok,sols/tune_dev_Region6_F2b_lp_92855cc8a3_b10.0_s9_F2b_tau_rel0.6__lp__b10_t9.npz,F2b_tau_rel0.6__lp__b10_t9,,,,
2026-09-28T16:54:44,tune,dev_Region7,F2b,"{""k"": 4, ""name"": ""F2b"", ""tau"": 4.120279720279716, ""tau_rel"": 0.6}",sb,ising,acec2f4a72,"{""sb_agents"": 32, ""sb_alpha_floor"": 0.0, ""sb_dt"": 1.0, ""sb_eta_mu"": 1.0, ""sb_heat"": 0.06, ""sb_steps"": 400, ""sb_variant"": ""ballistic"", ""sb_warm"": 0.0, ""sb_xi"": 0.7, ""start"": ""lp""}",10.0,0,10.255,0,4.779446423563723,"[7.022306, 6.175938, 5.47808, 4.877438, 4.342514, 3.864974, 3.431792, 3.042528]",24.8686868686869,1632.5822237762236,11487,1,"{""rep_n_add"": 0, ""rep_n_drop"": 0, ""rep_n_fill"": 0, ""sb_decoded"": 11, ""sb_improved"": 0, ""sb_rounds"": 8, ""sb_start_obj"": 1.783918818702312, ""sb_time"": 10.17387056350708, ""start_n_add"": 2088, ""start_n_drop"": 0, ""start_n_fill"": 0}",ok,sols/tune_dev_Region7_F2b_sb_acec2f4a72_b10.0_s0_F2b_tau_rel0.6__sb__b10_t0.npz,F2b_tau_rel0.6__sb__b10_t0,,,,
2026-09-28T16:54:55,tune,dev_Region6,F2b,"{""k"": 4, ""name"": ""F2b"", ""tau"": 4.121760839160841, ""tau_rel"": 0.6}",sb,ising,acec2f4a72,"{""sb_agents"": 32, ""sb_alpha_floor"": 0.0, ""sb_dt"": 1.0, ""sb_eta_mu"": 1.0, ""sb_heat"": 0.06, ""sb_steps"": 400, ""sb_variant"": ""ballistic"", ""sb_warm"": 0.0, ""sb_xi"": 0.7, ""start"": ""lp""}",10.0,0,10.025,0,2.59246365189514,"[4.600235, 3.794622, 3.158515, 2.627887, 2.171148, 1.781662, 1.446758, 1.158881]",22.8492942242942,2351.770636363636,6816,1,"{""rep_n_add"": 0, ""rep_n_drop"": 0, ""rep_n_fill"": 0, ""sb_decoded"": 22, ""sb_improved"": 0, ""sb_rounds"": 8, ""sb_start_obj"": 0.9676318731425575, ""sb_time"": 9.972189664840698, ""start_n_add"": 1557, ""start_n_drop"": 0, ""start_n_fill"": 0}",ok,sols/tune_dev_Region6_F2b_sb_acec2f4a72_b10.0_s0_F2b_tau_rel0.6__sb__b10_t0.npz,F2b_tau_rel0.6__sb__b10_t0,,,,
2026-09-28T16:55:08,tune,dev_Region7,F2b,"{""k"": 4, ""name"": ""F2b"", ""tau"": 4.120279720279716, ""tau_rel"": 0.6}",sb,ising,2021a77227,"{""sb_agents"": 64, ""sb_alpha_floor"": 0.017425859940308142, ""sb_dt"": 1.3593049010167038, ""sb_eta_mu"": 0.0163345876110695, ""sb_heat"": 0.060428515788450606, ""sb_steps"": 250, ""sb_variant"": ""ballistic"", ""sb_warm"": 0.8793168063780279, ""sb_xi"": 0.5117279648784191, ""start"": ""pgreedy""}",10.0,1,9.912,0,4.750925962516002,"[6.880039, 6.123814, 5.456794, 4.868395, 4.340356, 3.864558, 3.431581, 3.041869]",24.8686868686869,1635.4739090909088,11484,1,"{""rep_n_add"": 0, ""rep_n_drop"": 0, ""rep_n_fill"": 0, ""sb_decoded"": 7, ""sb_improved"": 0, ""sb_rounds"": 7, ""sb_start_obj"": 1.7732736136571723, ""sb_time"": 9.833357334136963, ""start_n_add"": 11484, ""start_n_drop"": 0, ""start_n_fill"": 0}",ok,sols/tune_dev_Region7_F2b_sb_2021a77227_b10.0_s1_F2b_tau_rel0.6__sb__b10_t1.npz,F2b_tau_rel0.6__sb__b10_t1,,,,
2026-09-28T16:55:20,tune,dev_Region6,F2b,"{""k"": 4, ""name"": ""F2b"", ""tau"": 4.121760839160841, ""tau_rel"": 0.6}",sb,ising,2021a77227,"{""sb_agents"": 64, ""sb_alpha_floor"": 0.017425859940308142, ""sb_dt"": 1.3593049010167038, ""sb_eta_mu"": 0.0163345876110695, ""sb_heat"": 0.060428515788450606, ""sb_steps"": 250, ""sb_variant"": ""ballistic"", ""sb_warm"": 0.8793168063780279, ""sb_xi"": 0.5117279648784191, ""start"": ""pgreedy""}",10.0,1,10.158,0,2.5768514584115136,"[4.497463, 3.769638, 3.152404, 2.626993, 2.172461, 1.785283, 1.449949, 1.16062]",22.961344211344265,2352.6434825174824,6822,1,"{""rep_n_add"": 0, ""rep_n_drop"": 0, ""rep_n_fill"": 0, ""sb_decoded"": 13, ""sb_improved"": 0, ""sb_rounds"": 8, ""sb_start_obj"": 0.9618046531491806, ""sb_time"": 10.090183734893799, ""start_n_add"": 6822, ""start_n_drop"": 0, ""start_n_fill"": 0}",ok,sols/tune_dev_Region6_F2b_sb_2021a77227_b10.0_s1_F2b_tau_rel0.6__sb__b10_t1.npz,F2b_tau_rel0.6__sb__b10_t1,,,,
2026-09-28T16:55:32,tune,dev_Region7,F2b,"{""k"": 4, ""name"": ""F2b"", ""tau"": 4.120279720279716, ""tau_rel"": 0.6}",sb,ising,4066cb7cf5,"{""sb_agents"": 32, ""sb_alpha_floor"": 0.15484673788684333, ""sb_dt"": 1.214687929172392, ""sb_eta_mu"": 0.06218230782016853, ""sb_heat"": 0.24853670483449902, ""sb_steps"": 273, ""sb_variant"": ""discrete"", ""sb_warm"": 0.3939288429909974, ""sb_xi"": 0.4235407976345083, ""start"": ""pgreedy""}",10.0,2,10.12,0,4.750925962516002,"[6.880039, 6.123814, 5.456794, 4.868395, 4.340356, 3.864558, 3.431581, 3.041869]",24.8686868686869,1635.4739090909088,11484,1,"{""rep_n_add"": 0, ""rep_n_drop"": 0, ""rep_n_fill"": 0, ""sb_decoded"": 17, ""sb_improved"": 0, ""sb_rounds"": 8, ""sb_start_obj"": 1.7732736136571723, ""sb_time"": 10.051959991455078, ""start_n_add"": 11484, ""start_n_drop"": 0, ""start_n_fill"": 0}",ok,sols/tune_dev_Region7_F2b_sb_4066cb7cf5_b10.0_s2_F2b_tau_rel0.6__sb__b10_t2.npz,F2b_tau_rel0.6__sb__b10_t2,,,,
2026-09-28T16:55:44,tune,dev_Region6,F2b,"{""k"": 4, ""name"": ""F2b"", ""tau"": 4.121760839160841, ""tau_rel"": 0.6}",sb,ising,4066cb7cf5,"{""sb_agents"": 32, ""sb_alpha_floor"": 0.15484673788684333, ""sb_dt"": 1.214687929172392, ""sb_eta_mu"": 0.06218230782016853, ""sb_heat"": 0.24853670483449902, ""sb_steps"": 273, ""sb_variant"": ""discrete"", ""sb_warm"": 0.3939288429909974, ""sb_xi"": 0.4235407976345083, ""start"": ""pgreedy""}",10.0,2,10.102,0,2.5768514584115136,"[4.497463, 3.769638, 3.152404, 2.626993, 2.172461, 1.785283, 1.449949, 1.16062]",22.961344211344265,2352.6434825174824,6822,1,"{""rep_n_add"": 0, ""rep_n_drop"": 0, ""rep_n_fill"": 0, ""sb_decoded"": 37, ""sb_improved"": 0, ""sb_rounds"": 8, ""sb_start_obj"": 0.9618046531491806, ""sb_time"": 10.059826850891113, ""start_n_add"": 6822, ""start_n_drop"": 0, ""start_n_fill"": 0}",ok,sols/tune_dev_Region6_F2b_sb_4066cb7cf5_b10.0_s2_F2b_tau_rel0.6__sb__b10_t2.npz,F2b_tau_rel0.6__sb__b10_t2,,,,
2026-09-28T16:55:57,tune,dev_Region7,F2b,"{""k"": 4, ""name"": ""F2b"", ""tau"": 4.120279720279716, ""tau_rel"": 0.6}",sb,ising,8e40b3bce2,"{""sb_agents"": 16, ""sb_alpha_floor"": 0.02578525953097066, ""sb_dt"": 1.0863663888345285, ""sb_eta_mu"": 0.0427708304996207, ""sb_heat"": 0.012273271012844034, ""sb_steps"": 1625, ""sb_variant"": ""heated"", ""sb_warm"": 0.6371059761372514, ""sb_xi"": 0.7666234032273203, ""start"": ""pgreedy""}",10.0,3,10.341,0,4.750925962516002,"[6.880039, 6.123814, 5.456794, 4.868395, 4.340356, 3.864558, 3.431581, 3.041869]",24.8686868686869,1635.4739090909088,11484,1,"{""rep_n_add"": 0, ""rep_n_drop"": 0, ""rep_n_fill"": 0, ""sb_decoded"": 8, ""sb_improved"": 0, ""sb_rounds"": 8, ""sb_start_obj"": 1.7732736136571723, ""sb_time"": 10.27006220817566, ""start_n_add"": 11484, ""start_n_drop"": 0, ""start_n_fill"": 0}",ok,sols/tune_dev_Region7_F2b_sb_8e40b3bce2_b10.0_s3_F2b_tau_rel0.6__sb__b10_t3.npz,F2b_tau_rel0.6__sb__b10_t3,,,,
2026-09-28T16:56:09,tune,dev_Region6,F2b,"{""k"": 4, ""name"": ""F2b"", ""tau"": 4.121760839160841, ""tau_rel"": 0.6}",sb,ising,8e40b3bce2,"{""sb_agents"": 16, ""sb_alpha_floor"": 0.02578525953097066, ""sb_dt"": 1.0863663888345285, ""sb_eta_mu"": 0.0427708304996207, ""sb_heat"": 0.012273271012844034, ""sb_steps"": 1625, ""sb_variant"": ""heated"", ""sb_warm"": 0.6371059761372514, ""sb_xi"": 0.7666234032273203, ""start"": ""pgreedy""}",10.0,3,10.156,0,2.5768514584115136,"[4.497463, 3.769638, 3.152404, 2.626993, 2.172461, 1.785283, 1.449949, 1.16062]",22.961344211344265,2352.6434825174824,6822,1,"{""rep_n_add"": 0, ""rep_n_drop"": 0, ""rep_n_fill"": 0, ""sb_decoded"": 11, ""sb_improved"": 0, ""sb_rounds"": 8, ""sb_start_obj"": 0.9618046531491806, ""sb_time"": 10.089961290359497, ""start_n_add"": 6822, ""start_n_drop"": 0, ""start_n_fill"": 0}",ok,sols/tune_dev_Region6_F2b_sb_8e40b3bce2_b10.0_s3_F2b_tau_rel0.6__sb__b10_t3.npz,F2b_tau_rel0.6__sb__b10_t3,,,,
2026-09-28T16:56:22,tune,dev_Region7,F2b,"{""k"": 4, ""name"": ""F2b"", ""tau"": 4.120279720279716, ""tau_rel"": 0.6}",sb,ising,6b8f5299c0,"{""sb_agents"": 64, ""sb_alpha_floor"": 0.10309851026405195, ""sb_dt"": 0.6547553491462884, ""sb_eta_mu"": 0.4589433026215744, ""sb_heat"": 0.22344186631776727, ""sb_steps"": 564, ""sb_variant"": ""ballistic"", ""sb_warm"": 0.9110797114690506, ""sb_xi"": 0.4056004110439779, ""start"": ""pgreedy""}",10.0,4,10.634,0,4.750925962516002,"[6.880039, 6.123814, 5.456794, 4.868395, 4.340356, 3.864558, 3.431581, 3.041869]",24.8686868686869,1635.4739090909088,11484,1,"{""rep_n_add"": 0, ""rep_n_drop"": 0, ""rep_n_fill"": 0, ""sb_decoded"": 6, ""sb_improved"": 0, ""sb_rounds"": 8, ""sb_start_obj"": 1.7732736136571723, ""sb_time"": 10.567911863327026, ""start_n_add"": 11484, ""start_n_drop"": 0, ""start_n_fill"": 0}",ok,sols/tune_dev_Region7_F2b_sb_6b8f5299c0_b10.0_s4_F2b_tau_rel0.6__sb__b10_t4.npz,F2b_tau_rel0.6__sb__b10_t4,,,,
2026-09-28T16:56:34,tune,dev_Region6,F2b,"{""k"": 4, ""name"": ""F2b"", ""tau"": 4.121760839160841, ""tau_rel"": 0.6}",sb,ising,6b8f5299c0,"{""sb_agents"": 64, ""sb_alpha_floor"": 0.10309851026405195, ""sb_dt"": 0.6547553491462884, ""sb_eta_mu"": 0.4589433026215744, ""sb_heat"": 0.22344186631776727, ""sb_steps"": 564, ""sb_variant"": ""ballistic"", ""sb_warm"": 0.9110797114690506, ""sb_xi"": 0.4056004110439779, ""start"": ""pgreedy""}",10.0,4,10.289,0,2.5768514584115136,"[4.497463, 3.769638, 3.152404, 2.626993, 2.172461, 1.785283, 1.449949, 1.16062]",22.961344211344265,2352.6434825174824,6822,1,"{""rep_n_add"": 0, ""rep_n_drop"": 0, ""rep_n_fill"": 0, ""sb_decoded"": 6, ""sb_improved"": 0, ""sb_rounds"": 8, ""sb_start_obj"": 0.9618046531491806, ""sb_time"": 10.214000463485718, ""start_n_add"": 6822, ""start_n_drop"": 0, ""start_n_fill"": 0}",ok,sols/tune_dev_Region6_F2b_sb_6b8f5299c0_b10.0_s4_F2b_tau_rel0.6__sb__b10_t4.npz,F2b_tau_rel0.6__sb__b10_t4,,,,
2026-09-28T16:56:46,tune,dev_Region7,F2b,"{""k"": 4, ""name"": ""F2b"", ""tau"": 4.120279720279716, ""tau_rel"": 0.6}",sb,ising,9387d608fb,"{""sb_agents"": 64, ""sb_alpha_floor"": 0.1629973906471776, ""sb_dt"": 1.3518798049246434, ""sb_eta_mu"": 1.5423979778329577, ""sb_heat"": 0.026313042205482584, ""sb_steps"": 570, ""sb_variant"": ""ballistic"", ""sb_warm"": 0.35249649824283646, ""sb_xi"": 0.052372490154992, ""start"": ""pgreedy""}",10.0,5,10.006,0,4.750925962516002,"[6.880039, 6.123814, 5.456794, 4.868395, 4.340356, 3.864558, 3.431581, 3.041869]",24.8686868686869,1635.4739090909088,11484,1,"{""rep_n_add"": 0, ""rep_n_drop"": 0, ""rep_n_fill"": 0, ""sb_decoded"": 3, ""sb_improved"": 0, ""sb_rounds"": 8, ""sb_start_obj"": 1.7732736136571723, ""sb_time"": 9.917919397354126, ""start_n_add"": 11484, ""start_n_drop"": 0, ""start_n_fill"": 0}",ok,sols/tune_dev_Region7_F2b_sb_9387d608fb_b10.0_s5_F2b_tau_rel0.6__sb__b10_t5.npz,F2b_tau_rel0.6__sb__b10_t5,,,,
2026-09-28T16:56:58,tune,dev_Region6,F2b,"{""k"": 4, ""name"": ""F2b"", ""tau"": 4.121760839160841, ""tau_rel"": 0.6}",sb,ising,9387d608fb,"{""sb_agents"": 64, ""sb_alpha_floor"": 0.1629973906471776, ""sb_dt"": 1.3518798049246434, ""sb_eta_mu"": 1.5423979778329577, ""sb_heat"": 0.026313042205482584, ""sb_steps"": 570, ""sb_variant"": ""ballistic"", ""sb_warm"": 0.35249649824283646, ""sb_xi"": 0.052372490154992, ""start"": ""pgreedy""}",10.0,5,9.947,0,2.5768514584115136,"[4.497463, 3.769638, 3.152404, 2.626993, 2.172461, 1.785283, 1.449949, 1.16062]",22.961344211344265,2352.6434825174824,6822,1,"{""rep_n_add"": 0, ""rep_n_drop"": 0, ""rep_n_fill"": 0, ""sb_decoded"": 7, ""sb_improved"": 0, ""sb_rounds"": 7, ""sb_start_obj"": 0.9618046531491806, ""sb_time"": 9.861438751220703, ""start_n_add"": 6822, ""start_n_drop"": 0, ""start_n_fill"": 0}",ok,sols/tune_dev_Region6_F2b_sb_9387d608fb_b10.0_s5_F2b_tau_rel0.6__sb__b10_t5.npz,F2b_tau_rel0.6__sb__b10_t5,,,,
2026-09-28T16:57:10,tune,dev_Region7,F2b,"{""k"": 4, ""name"": ""F2b"", ""tau"": 4.120279720279716, ""tau_rel"": 0.6}",sb,ising,51cf21c38c,"{""sb_agents"": 64, ""sb_alpha_floor"": 0.020395068626972046, ""sb_dt"": 0.8292241742611886, ""sb_eta_mu"": 0.01929182922163699, ""sb_heat"": 0.01343460600595445, ""sb_steps"": 188, ""sb_variant"": ""ballistic"", ""sb_warm"": 0.4119236202156892, ""sb_xi"": 0.10243095236279803, ""start"": ""pgreedy""}",10.0,6,10.069,0,4.750925962516002,"[6.880039, 6.123814, 5.456794, 4.868395, 4.340356, 3.864558, 3.431581, 3.041869]",24.8686868686869,1635.4739090909088,11484,1,"{""rep_n_add"": 0, ""rep_n_drop"": 0, ""rep_n_fill"": 0, ""sb_decoded"": 49, ""sb_improved"": 0, ""sb_rounds"": 8, ""sb_start_obj"": 1.7732736136571723, ""sb_time"": 10.00945258140564, ""start_n_add"": 11484, ""start_n_drop"": 0, ""start_n_fill"": 0}",ok,sols/tune_dev_Region7_F2b_sb_51cf21c38c_b10.0_s6_F2b_tau_rel0.6__sb__b10_t6.npz,F2b_tau_rel0.6__sb__b10_t6,,,,
2026-09-28T16:57:22,tune,dev_Region6,F2b,"{""k"": 4, ""name"": ""F2b"", ""tau"": 4.121760839160841, ""tau_rel"": 0.6}",sb,ising,51cf21c38c,"{""sb_agents"": 64, ""sb_alpha_floor"": 0.020395068626972046, ""sb_dt"": 0.8292241742611886, ""sb_eta_mu"": 0.01929182922163699, ""sb_heat"": 0.01343460600595445, ""sb_steps"": 188, ""sb_variant"": ""ballistic"", ""sb_warm"": 0.4119236202156892, ""sb_xi"": 0.10243095236279803, ""start"": ""pgreedy""}",10.0,6,9.987,0,2.5768514584115136,"[4.497463, 3.769638, 3.152404, 2.626993, 2.172461, 1.785283, 1.449949, 1.16062]",22.961344211344265,2352.6434825174824,6822,1,"{""rep_n_add"": 0, ""rep_n_drop"": 0, ""rep_n_fill"": 0, ""sb_decoded"": 146, ""sb_improved"": 0, ""sb_rounds"": 9, ""sb_start_obj"": 0.9618046531491806, ""sb_time"": 9.938387393951416, ""start_n_add"": 6822, ""start_n_drop"": 0, ""start_n_fill"": 0}",ok,sols/tune_dev_Region6_F2b_sb_51cf21c38c_b10.0_s6_F2b_tau_rel0.6__sb__b10_t6.npz,F2b_tau_rel0.6__sb__b10_t6,,,,
2026-09-28T16:57:34,tune,dev_Region7,F2b,"{""k"": 4, ""name"": ""F2b"", ""tau"": 4.120279720279716, ""tau_rel"": 0.6}",sb,ising,ba08026180,"{""sb_agents"": 64, ""sb_alpha_floor"": 0.009898997058028863, ""sb_dt"": 1.2958386968342557, ""sb_eta_mu"": 3.6391222668043945, ""sb_heat"": 0.0675854099875873, ""sb_steps"": 56, ""sb_variant"": ""ballistic"", ""sb_warm"": 0.08799663300715477, ""sb_xi"": 0.1536484086419294, ""start"": ""pgreedy""}",10.0,7,10.092,0,4.750925962516002,"[6.880039, 6.123814, 5.456794, 4.868395, 4.340356, 3.864558, 3.431581, 3.041869]",24.8686868686869,1635.4739090909088,11484,1,"{""rep_n_add"": 0, ""rep_n_drop"": 0, ""rep_n_fill"": 0, ""sb_decoded"": 24, ""sb_improved"": 0, ""sb_rounds"": 8, ""sb_start_obj"": 1.7732736136571723, ""sb_time"": 10.012268304824829, ""start_n_add"": 11484, ""start_n_drop"": 0, ""start_n_fill"": 0}",ok,sols/tune_dev_Region7_F2b_sb_ba08026180_b10.0_s7_F2b_tau_rel0.6__sb__b10_t7.npz,F2b_tau_rel0.6__sb__b10_t7,,,,
2026-09-28T16:57:46,tune,dev_Region6,F2b,"{""k"": 4, ""name"": ""F2b"", ""tau"": 4.121760839160841, ""tau_rel"": 0.6}",sb,ising,ba08026180,"{""sb_agents"": 64, ""sb_alpha_floor"": 0.009898997058028863, ""sb_dt"": 1.2958386968342557, ""sb_eta_mu"": 3.6391222668043945, ""sb_heat"": 0.0675854099875873, ""sb_steps"": 56, ""sb_variant"": ""ballistic"", ""sb_warm"": 0.08799663300715477, ""sb_xi"": 0.1536484086419294, ""start"": ""pgreedy""}",10.0,7,10.005,0,2.5768514584115136,"[4.497463, 3.769638, 3.152404, 2.626993, 2.172461, 1.785283, 1.449949, 1.16062]",22.961344211344265,2352.6434825174824,6822,1,"{""rep_n_add"": 0, ""rep_n_drop"": 0, ""rep_n_fill"": 0, ""sb_decoded"": 53, ""sb_improved"": 0, ""sb_rounds"": 8, ""sb_start_obj"": 0.9618046531491806, ""sb_time"": 9.952882528305054, ""start_n_add"": 6822, ""start_n_drop"": 0, ""start_n_fill"": 0}",ok,sols/tune_dev_Region6_F2b_sb_ba08026180_b10.0_s7_F2b_tau_rel0.6__sb__b10_t7.npz,F2b_tau_rel0.6__sb__b10_t7,,,,
2026-09-28T16:57:59,tune,dev_Region7,F2b,"{""k"": 4, ""name"": ""F2b"", ""tau"": 4.120279720279716, ""tau_rel"": 0.6}",sb,ising,595ea907cc,"{""sb_agents"": 64, ""sb_alpha_floor"": 0.003153686122105207, ""sb_dt"": 1.3489045180351462, ""sb_eta_mu"": 0.013573268050001334, ""sb_heat"": 0.04235250057128964, ""sb_steps"": 704, ""sb_variant"": ""ballistic"", ""sb_warm"": 0.9359644473723686, ""sb_xi"": 1.134005008519199, ""start"": ""pgreedy""}",10.0,8,10.281,0,4.750925962516002,"[6.880039, 6.123814, 5.456794, 4.868395, 4.340356, 3.864558, 3.431581, 3.041869]",24.8686868686869,1635.4739090909088,11484,1,"{""rep_n_add"": 0, ""rep_n_drop"": 0, ""rep_n_fill"": 0, ""sb_decoded"": 3, ""sb_improved"": 0, ""sb_rounds"": 8, ""sb_start_obj"": 1.7732736136571723, ""sb_time"": 10.199386835098267, ""start_n_add"": 11484, ""start_n_drop"": 0, ""start_n_fill"": 0}",ok,sols/tune_dev_Region7_F2b_sb_595ea907cc_b10.0_s8_F2b_tau_rel0.6__sb__b10_t8.npz,F2b_tau_rel0.6__sb__b10_t8,,,,
2026-09-28T16:58:11,tune,dev_Region6,F2b,"{""k"": 4, ""name"": ""F2b"", ""tau"": 4.121760839160841, ""tau_rel"": 0.6}",sb,ising,595ea907cc,"{""sb_agents"": 64, ""sb_alpha_floor"": 0.003153686122105207, ""sb_dt"": 1.3489045180351462, ""sb_eta_mu"": 0.013573268050001334, ""sb_heat"": 0.04235250057128964, ""sb_steps"": 704, ""sb_variant"": ""ballistic"", ""sb_warm"": 0.9359644473723686, ""sb_xi"": 1.134005008519199, ""start"": ""pgreedy""}",10.0,8,10.167,0,2.5768514584115136,"[4.497463, 3.769638, 3.152404, 2.626993, 2.172461, 1.785283, 1.449949, 1.16062]",22.961344211344265,2352.6434825174824,6822,1,"{""rep_n_add"": 0, ""rep_n_drop"": 0, ""rep_n_fill"": 0, ""sb_decoded"": 5, ""sb_improved"": 0, ""sb_rounds"": 8, ""sb_start_obj"": 0.9618046531491806, ""sb_time"": 10.112315893173218, ""start_n_add"": 6822, ""start_n_drop"": 0, ""start_n_fill"": 0}",ok,sols/tune_dev_Region6_F2b_sb_595ea907cc_b10.0_s8_F2b_tau_rel0.6__sb__b10_t8.npz,F2b_tau_rel0.6__sb__b10_t8,,,,
2026-09-28T16:58:23,tune,dev_Region7,F2b,"{""k"": 4, ""name"": ""F2b"", ""tau"": 4.120279720279716, ""tau_rel"": 0.6}",sb,ising,9897499278,"{""sb_agents"": 64, ""sb_alpha_floor"": 0.08135397637543632, ""sb_dt"": 1.4811218099413979, ""sb_eta_mu"": 0.6569339112013449, ""sb_heat"": 0.2758246619450391, ""sb_steps"": 1114, ""sb_variant"": ""ballistic"", ""sb_warm"": 0.07765792843736197, ""sb_xi"": 1.1329830822842206, ""start"": ""pgreedy""}",10.0,9,10.093,0,4.750925962516002,"[6.880039, 6.123814, 5.456794, 4.868395, 4.340356, 3.864558, 3.431581, 3.041869]",24.8686868686869,1635.4739090909088,11484,1,"{""rep_n_add"": 0, ""rep_n_drop"": 0, ""rep_n_fill"": 0, ""sb_decoded"": 5, ""sb_improved"": 0, ""sb_rounds"": 7, ""sb_start_obj"": 1.7732736136571723, ""sb_time"": 10.000598192214966, ""start_n_add"": 11484, ""start_n_drop"": 0, ""start_n_fill"": 0}",ok,sols/tune_dev_Region7_F2b_sb_9897499278_b10.0_s9_F2b_tau_rel0.6__sb__b10_t9.npz,F2b_tau_rel0.6__sb__b10_t9,,,,
2026-09-28T16:58:35,tune,dev_Region6,F2b,"{""k"": 4, ""name"": ""F2b"", ""tau"": 4.121760839160841, ""tau_rel"": 0.6}",sb,ising,9897499278,"{""sb_agents"": 64, ""sb_alpha_floor"": 0.08135397637543632, ""sb_dt"": 1.4811218099413979, ""sb_eta_mu"": 0.6569339112013449, ""sb_heat"": 0.2758246619450391, ""sb_steps"": 1114, ""sb_variant"": ""ballistic"", ""sb_warm"": 0.07765792843736197, ""sb_xi"": 1.1329830822842206, ""start"": ""pgreedy""}",10.0,9,10.128,0,2.5768514584115136,"[4.497463, 3.769638, 3.152404, 2.626993, 2.172461, 1.785283, 1.449949, 1.16062]",22.961344211344265,2352.6434825174824,6822,1,"{""rep_n_add"": 0, ""rep_n_drop"": 0, ""rep_n_fill"": 0, ""sb_decoded"": 4, ""sb_improved"": 0, ""sb_rounds"": 8, ""sb_start_obj"": 0.9618046531491806, ""sb_time"": 10.05055546760559, ""start_n_add"": 6822, ""start_n_drop"": 0, ""start_n_fill"": 0}",ok,sols/tune_dev_Region6_F2b_sb_9897499278_b10.0_s9_F2b_tau_rel0.6__sb__b10_t9.npz,F2b_tau_rel0.6__sb__b10_t9,,,,
2026-09-28T16:58:47,tune,dev_Region7,F2b,"{""k"": 4, ""name"": ""F2b"", ""tau"": 4.120279720279716, ""tau_rel"": 0.6}",scip,classical,b339557b73,"{""emphasis"": ""default"", ""start"": ""lp""}",10.0,0,9.924,0,4.779446423563723,"[7.022306, 6.175938, 5.47808, 4.877438, 4.342514, 3.864974, 3.431792, 3.042528]",24.8686868686869,1632.5822237762236,11487,1,"{""rep_n_add"": 0, ""rep_n_drop"": 0, ""rep_n_fill"": 0, ""scip_improved"": 0, ""scip_time"": 9.445430517196655, ""start_n_add"": 2088, ""start_n_drop"": 0, ""start_n_fill"": 0}",ok,sols/tune_dev_Region7_F2b_scip_b339557b73_b10.0_s0_F2b_tau_rel0.6__scip__b10_t0.npz,F2b_tau_rel0.6__scip__b10_t0,,,,
2026-09-28T16:58:57,tune,dev_Region6,F2b,"{""k"": 4, ""name"": ""F2b"", ""tau"": 4.121760839160841, ""tau_rel"": 0.6}",scip,classical,b339557b73,"{""emphasis"": ""default"", ""start"": ""lp""}",10.0,0,9.946,0,2.59246365189514,"[4.600235, 3.794622, 3.158515, 2.627887, 2.171148, 1.781662, 1.446758, 1.158881]",22.8492942242942,2351.770636363636,6816,1,"{""rep_n_add"": 0, ""rep_n_drop"": 0, ""rep_n_fill"": 0, ""scip_improved"": 0, ""scip_time"": 9.475498914718628, ""start_n_add"": 1557, ""start_n_drop"": 0, ""start_n_fill"": 0}",ok,sols/tune_dev_Region6_F2b_scip_b339557b73_b10.0_s0_F2b_tau_rel0.6__scip__b10_t0.npz,F2b_tau_rel0.6__scip__b10_t0,,,,
2026-09-28T16:59:08,tune,dev_Region7,F2b,"{""k"": 4, ""name"": ""F2b"", ""tau"": 4.120279720279716, ""tau_rel"": 0.6}",scip,classical,e1f9248b24,"{""emphasis"": ""default"", ""start"": ""pgreedy""}",10.0,1,9.961,0,4.750925962516002,"[6.880039, 6.123814, 5.456794, 4.868395, 4.340356, 3.864558, 3.431581, 3.041869]",24.8686868686869,1635.4739090909088,11484,1,"{""rep_n_add"": 0, ""rep_n_drop"": 0, ""rep_n_fill"": 0, ""scip_improved"": 0, ""scip_time"": 9.382537364959717, ""start_n_add"": 11484, ""start_n_drop"": 0, ""start_n_fill"": 0}",ok,sols/tune_dev_Region7_F2b_scip_e1f9248b24_b10.0_s1_F2b_tau_rel0.6__scip__b10_t1.npz,F2b_tau_rel0.6__scip__b10_t1,,,,
2026-09-28T16:59:19,tune,dev_Region6,F2b,"{""k"": 4, ""name"": ""F2b"", ""tau"": 4.121760839160841, ""tau_rel"": 0.6}",scip,classical,e1f9248b24,"{""emphasis"": ""default"", ""start"": ""pgreedy""}",10.0,1,9.91,0,2.5768514584115136,"[4.497463, 3.769638, 3.152404, 2.626993, 2.172461, 1.785283, 1.449949, 1.16062]",22.961344211344265,2352.6434825174824,6822,1,"{""rep_n_add"": 0, ""rep_n_drop"": 0, ""rep_n_fill"": 0, ""scip_improved"": 0, ""scip_time"": 9.349480152130127, ""start_n_add"": 6822, ""start_n_drop"": 0, ""start_n_fill"": 0}",ok,sols/tune_dev_Region6_F2b_scip_e1f9248b24_b10.0_s1_F2b_tau_rel0.6__scip__b10_t1.npz,F2b_tau_rel0.6__scip__b10_t1,,,,
2026-09-28T16:59:30,tune,dev_Region7,F2b,"{""k"": 4, ""name"": ""F2b"", ""tau"": 4.120279720279716, ""tau_rel"": 0.6}",scip,classical,37aabde067,"{""emphasis"": ""aggressive"", ""start"": ""lp""}",10.0,2,9.921,0,4.779295102035442,"[7.021587, 6.17557, 5.477952, 4.87736, 4.342518, 3.86501, 3.431812, 3.042552]",24.8686868686869,1632.7854545454543,11489,1,"{""rep_n_add"": 0, ""rep_n_drop"": 0, ""rep_n_fill"": 0, ""scip_improved"": 0, ""scip_time"": 9.42108702659607, ""start_n_add"": 2094, ""start_n_drop"": 0, ""start_n_fill"": 0}",ok,sols/tune_dev_Region7_F2b_scip_37aabde067_b10.0_s2_F2b_tau_rel0.6__scip__b10_t2.npz,F2b_tau_rel0.6__scip__b10_t2,,,,
2026-09-28T16:59:40,tune,dev_Region6,F2b,"{""k"": 4, ""name"": ""F2b"", ""tau"": 4.121760839160841, ""tau_rel"": 0.6}",scip,classical,37aabde067,"{""emphasis"": ""aggressive"", ""start"": ""lp""}",10.0,2,9.916,0,2.59246365189514,"[4.600235, 3.794622, 3.158515, 2.627887, 2.171148, 1.781662, 1.446758, 1.158881]",22.8492942242942,2351.770636363636,6816,1,"{""rep_n_add"": 0, ""rep_n_drop"": 0, ""rep_n_fill"": 0, ""scip_improved"": 0, ""scip_time"": 9.441723108291626, ""start_n_add"": 1557, ""start_n_drop"": 0, ""start_n_fill"": 0}",ok,sols/tune_dev_Region6_F2b_scip_37aabde067_b10.0_s2_F2b_tau_rel0.6__scip__b10_t2.npz,F2b_tau_rel0.6__scip__b10_t2,,,,
2026-09-28T16:59:51,tune,dev_Region7,F2b,"{""k"": 4, ""name"": ""F2b"", ""tau"": 4.120279720279716, ""tau_rel"": 0.6}",scip,classical,37aabde067,"{""emphasis"": ""aggressive"", ""start"": ""lp""}",10.0,3,9.93,0,4.779450548931594,"[7.022622, 6.175712, 5.47797, 4.877476, 4.342447, 3.865035, 3.431813, 3.042528]",24.8686868686869,1632.5822237762236,11487,1,"{""rep_n_add"": 0, ""rep_n_drop"": 0, ""rep_n_fill"": 0, ""scip_improved"": 0, ""scip_time"": 9.409302234649658, ""start_n_add"": 2095, ""start_n_drop"": 0, ""start_n_fill"": 0}",ok,sols/tune_dev_Region7_F2b_scip_37aabde067_b10.0_s3_F2b_tau_rel0.6__scip__b10_t3.npz,F2b_tau_rel0.6__scip__b10_t3,,,,
2026-09-28T17:00:02,tune,dev_Region6,F2b,"{""k"": 4, ""name"": ""F2b"", ""tau"": 4.121760839160841, ""tau_rel"": 0.6}",scip,classical,37aabde067,"{""emphasis"": ""aggressive"", ""start"": ""lp""}",10.0,3,9.926,0,2.59246365189514,"[4.600235, 3.794622, 3.158515, 2.627887, 2.171148, 1.781662, 1.446758, 1.158881]",22.8492942242942,2351.770636363636,6816,1,"{""rep_n_add"": 0, ""rep_n_drop"": 0, ""rep_n_fill"": 0, ""scip_improved"": 0, ""scip_time"": 9.430045127868652, ""start_n_add"": 1557, ""start_n_drop"": 0, ""start_n_fill"": 0}",ok,sols/tune_dev_Region6_F2b_scip_37aabde067_b10.0_s3_F2b_tau_rel0.6__scip__b10_t3.npz,F2b_tau_rel0.6__scip__b10_t3,,,,
2026-09-28T17:00:12,tune,dev_Region7,F2b,"{""k"": 4, ""name"": ""F2b"", ""tau"": 4.120279720279716, ""tau_rel"": 0.6}",scip,classical,e1f9248b24,"{""emphasis"": ""default"", ""start"": ""pgreedy""}",10.0,4,9.92,0,4.750925962516002,"[6.880039, 6.123814, 5.456794, 4.868395, 4.340356, 3.864558, 3.431581, 3.041869]",24.8686868686869,1635.4739090909088,11484,1,"{""rep_n_add"": 0, ""rep_n_drop"": 0, ""rep_n_fill"": 0, ""scip_improved"": 0, ""scip_time"": 9.390445947647095, ""start_n_add"": 11484, ""start_n_drop"": 0, ""start_n_fill"": 0}",ok,sols/tune_dev_Region7_F2b_scip_e1f9248b24_b10.0_s4_F2b_tau_rel0.6__scip__b10_t4.npz,F2b_tau_rel0.6__scip__b10_t4,,,,
2026-09-28T17:00:23,tune,dev_Region6,F2b,"{""k"": 4, ""name"": ""F2b"", ""tau"": 4.121760839160841, ""tau_rel"": 0.6}",scip,classical,e1f9248b24,"{""emphasis"": ""default"", ""start"": ""pgreedy""}",10.0,4,9.931,0,2.5768514584115136,"[4.497463, 3.769638, 3.152404, 2.626993, 2.172461, 1.785283, 1.449949, 1.16062]",22.961344211344265,2352.6434825174824,6822,1,"{""rep_n_add"": 0, ""rep_n_drop"": 0, ""rep_n_fill"": 0, ""scip_improved"": 0, ""scip_time"": 9.354737520217896, ""start_n_add"": 6822, ""start_n_drop"": 0, ""start_n_fill"": 0}",ok,sols/tune_dev_Region6_F2b_scip_e1f9248b24_b10.0_s4_F2b_tau_rel0.6__scip__b10_t4.npz,F2b_tau_rel0.6__scip__b10_t4,,,,
2026-09-28T17:00:34,tune,dev_Region7,F2b,"{""k"": 4, ""name"": ""F2b"", ""tau"": 4.120279720279716, ""tau_rel"": 0.6}",scip,classical,30ccce772b,"{""emphasis"": ""fast"", ""start"": ""pgreedy""}",10.0,5,9.914,0,4.750925962516002,"[6.880039, 6.123814, 5.456794, 4.868395, 4.340356, 3.864558, 3.431581, 3.041869]",24.8686868686869,1635.4739090909088,11484,1,"{""rep_n_add"": 0, ""rep_n_drop"": 0, ""rep_n_fill"": 0, ""scip_improved"": 0, ""scip_time"": 9.391666173934937, ""start_n_add"": 11484, ""start_n_drop"": 0, ""start_n_fill"": 0}",ok,sols/tune_dev_Region7_F2b_scip_30ccce772b_b10.0_s5_F2b_tau_rel0.6__scip__b10_t5.npz,F2b_tau_rel0.6__scip__b10_t5,,,,
2026-09-28T17:00:45,tune,dev_Region6,F2b,"{""k"": 4, ""name"": ""F2b"", ""tau"": 4.121760839160841, ""tau_rel"": 0.6}",scip,classical,30ccce772b,"{""emphasis"": ""fast"", ""start"": ""pgreedy""}",10.0,5,9.9,0,2.5768514584115136,"[4.497463, 3.769638, 3.152404, 2.626993, 2.172461, 1.785283, 1.449949, 1.16062]",22.961344211344265,2352.6434825174824,6822,1,"{""rep_n_add"": 0, ""rep_n_drop"": 0, ""rep_n_fill"": 0, ""scip_improved"": 0, ""scip_time"": 9.369111776351929, ""start_n_add"": 6822, ""start_n_drop"": 0, ""start_n_fill"": 0}",ok,sols/tune_dev_Region6_F2b_scip_30ccce772b_b10.0_s5_F2b_tau_rel0.6__scip__b10_t5.npz,F2b_tau_rel0.6__scip__b10_t5,,,,
2026-09-28T17:00:55,tune,dev_Region7,F2b,"{""k"": 4, ""name"": ""F2b"", ""tau"": 4.120279720279716, ""tau_rel"": 0.6}",scip,classical,e1f9248b24,"{""emphasis"": ""default"", ""start"": ""pgreedy""}",10.0,6,9.952,0,4.750925962516002,"[6.880039, 6.123814, 5.456794, 4.868395, 4.340356, 3.864558, 3.431581, 3.041869]",24.8686868686869,1635.4739090909088,11484,1,"{""rep_n_add"": 0, ""rep_n_drop"": 0, ""rep_n_fill"": 0, ""scip_improved"": 0, ""scip_time"": 9.324531078338623, ""start_n_add"": 11484, ""start_n_drop"": 0, ""start_n_fill"": 0}",ok,sols/tune_dev_Region7_F2b_scip_e1f9248b24_b10.0_s6_F2b_tau_rel0.6__scip__b10_t6.npz,F2b_tau_rel0.6__scip__b10_t6,,,,
2026-09-28T17:01:06,tune,dev_Region6,F2b,"{""k"": 4, ""name"": ""F2b"", ""tau"": 4.121760839160841, ""tau_rel"": 0.6}",scip,classical,e1f9248b24,"{""emphasis"": ""default"", ""start"": ""pgreedy""}",10.0,6,9.894,0,2.5768514584115136,"[4.497463, 3.769638, 3.152404, 2.626993, 2.172461, 1.785283, 1.449949, 1.16062]",22.961344211344265,2352.6434825174824,6822,1,"{""rep_n_add"": 0, ""rep_n_drop"": 0, ""rep_n_fill"": 0, ""scip_improved"": 0, ""scip_time"": 9.386779069900513, ""start_n_add"": 6822, ""start_n_drop"": 0, ""start_n_fill"": 0}",ok,sols/tune_dev_Region6_F2b_scip_e1f9248b24_b10.0_s6_F2b_tau_rel0.6__scip__b10_t6.npz,F2b_tau_rel0.6__scip__b10_t6,,,,
2026-09-28T17:01:17,tune,dev_Region7,F2b,"{""k"": 4, ""name"": ""F2b"", ""tau"": 4.120279720279716, ""tau_rel"": 0.6}",scip,classical,c4e0f4385c,"{""emphasis"": ""aggressive"", ""start"": ""pgreedy""}",10.0,7,9.899,0,4.750925962516002,"[6.880039, 6.123814, 5.456794, 4.868395, 4.340356, 3.864558, 3.431581, 3.041869]",24.8686868686869,1635.4739090909088,11484,1,"{""rep_n_add"": 0, ""rep_n_drop"": 0, ""rep_n_fill"": 0, ""scip_improved"": 0, ""scip_time"": 9.36570119857788, ""start_n_add"": 11484, ""start_n_drop"": 0, ""start_n_fill"": 0}",ok,sols/tune_dev_Region7_F2b_scip_c4e0f4385c_b10.0_s7_F2b_tau_rel0.6__scip__b10_t7.npz,F2b_tau_rel0.6__scip__b10_t7,,,,
2026-09-28T17:01:27,tune,dev_Region6,F2b,"{""k"": 4, ""name"": ""F2b"", ""tau"": 4.121760839160841, ""tau_rel"": 0.6}",scip,classical,c4e0f4385c,"{""emphasis"": ""aggressive"", ""start"": ""pgreedy""}",10.0,7,9.894,0,2.5768514584115136,"[4.497463, 3.769638, 3.152404, 2.626993, 2.172461, 1.785283, 1.449949, 1.16062]",22.961344211344265,2352.6434825174824,6822,1,"{""rep_n_add"": 0, ""rep_n_drop"": 0, ""rep_n_fill"": 0, ""scip_improved"": 0, ""scip_time"": 9.403140544891357, ""start_n_add"": 6822, ""start_n_drop"": 0, ""start_n_fill"": 0}",ok,sols/tune_dev_Region6_F2b_scip_c4e0f4385c_b10.0_s7_F2b_tau_rel0.6__scip__b10_t7.npz,F2b_tau_rel0.6__scip__b10_t7,,,,
2026-09-28T17:01:38,tune,dev_Region7,F2b,"{""k"": 4, ""name"": ""F2b"", ""tau"": 4.120279720279716, ""tau_rel"": 0.6}",scip,classical,a34ac59161,"{""emphasis"": ""fast"", ""start"": ""lp""}",10.0,8,9.932,0,4.779129331708264,"[7.020664, 6.175284, 5.477774, 4.877495, 4.342517, 3.865011, 3.431781, 3.042508]",24.8686868686869,1632.636965034965,11489,1,"{""rep_n_add"": 0, ""rep_n_drop"": 0, ""rep_n_fill"": 0, ""scip_improved"": 0, ""scip_time"": 9.461143970489502, ""start_n_add"": 2085, ""start_n_drop"": 0, ""start_n_fill"": 0}",ok,sols/tune_dev_Region7_F2b_scip_a34ac59161_b10.0_s8_F2b_tau_rel0.6__scip__b10_t8.npz,F2b_tau_rel0.6__scip__b10_t8,,,,
2026-09-28T17:01:49,tune,dev_Region6,F2b,"{""k"": 4, ""name"": ""F2b"", ""tau"": 4.121760839160841, ""tau_rel"": 0.6}",scip,classical,a34ac59161,"{""emphasis"": ""fast"", ""start"": ""lp""}",10.0,8,9.926,0,2.59246365189514,"[4.600235, 3.794622, 3.158515, 2.627887, 2.171148, 1.781662, 1.446758, 1.158881]",22.8492942242942,2351.770636363636,6816,1,"{""rep_n_add"": 0, ""rep_n_drop"": 0, ""rep_n_fill"": 0, ""scip_improved"": 0, ""scip_time"": 9.459910869598389, ""start_n_add"": 1557, ""start_n_drop"": 0, ""start_n_fill"": 0}",ok,sols/tune_dev_Region6_F2b_scip_a34ac59161_b10.0_s8_F2b_tau_rel0.6__scip__b10_t8.npz,F2b_tau_rel0.6__scip__b10_t8,,,,
2026-09-28T17:01:59,tune,dev_Region7,F2b,"{""k"": 4, ""name"": ""F2b"", ""tau"": 4.120279720279716, ""tau_rel"": 0.6}",scip,classical,e1f9248b24,"{""emphasis"": ""default"", ""start"": ""pgreedy""}",10.0,9,9.909,0,4.750925962516002,"[6.880039, 6.123814, 5.456794, 4.868395, 4.340356, 3.864558, 3.431581, 3.041869]",24.8686868686869,1635.4739090909088,11484,1,"{""rep_n_add"": 0, ""rep_n_drop"": 0, ""rep_n_fill"": 0, ""scip_improved"": 0, ""scip_time"": 9.35952639579773, ""start_n_add"": 11484, ""start_n_drop"": 0, ""start_n_fill"": 0}",ok,sols/tune_dev_Region7_F2b_scip_e1f9248b24_b10.0_s9_F2b_tau_rel0.6__scip__b10_t9.npz,F2b_tau_rel0.6__scip__b10_t9,,,,
2026-09-28T17:02:10,tune,dev_Region6,F2b,"{""k"": 4, ""name"": ""F2b"", ""tau"": 4.121760839160841, ""tau_rel"": 0.6}",scip,classical,e1f9248b24,"{""emphasis"": ""default"", ""start"": ""pgreedy""}",10.0,9,9.9,0,2.5768514584115136,"[4.497463, 3.769638, 3.152404, 2.626993, 2.172461, 1.785283, 1.449949, 1.16062]",22.961344211344265,2352.6434825174824,6822,1,"{""rep_n_add"": 0, ""rep_n_drop"": 0, ""rep_n_fill"": 0, ""scip_improved"": 0, ""scip_time"": 9.356130123138428, ""start_n_add"": 6822, ""start_n_drop"": 0, ""start_n_fill"": 0}",ok,sols/tune_dev_Region6_F2b_scip_e1f9248b24_b10.0_s9_F2b_tau_rel0.6__scip__b10_t9.npz,F2b_tau_rel0.6__scip__b10_t9,,,,
2026-09-28T17:02:21,tune,dev_Region7,F2b,"{""k"": 4, ""name"": ""F2b"", ""tau"": 4.120279720279716, ""tau_rel"": 0.6}",mq,ising,2313bd004c,"{""mq_dt"": 1.0, ""mq_iters"": 300, ""mq_ksamp"": 4, ""mq_nmax"": 800, ""mq_pen"": 0.05, ""mq_q"": 6, ""mq_reads"": 16, ""mq_solver"": ""mq_dsb"", ""mq_xi"": 0.5, ""start"": ""lp""}",10.0,0,10.236,0,4.779446423563723,"[7.022306, 6.175938, 5.47808, 4.877438, 4.342514, 3.864974, 3.431792, 3.042528]",24.8686868686869,1632.5822237762236,11487,1,"{""mq_time"": 10.162469148635864, ""mq_tries"": 18, ""mq_wins"": 0, ""rep_n_add"": 0, ""rep_n_drop"": 0, ""rep_n_fill"": 0, ""start_n_add"": 2088, ""start_n_drop"": 0, ""start_n_fill"": 0}",ok,sols/tune_dev_Region7_F2b_mq_2313bd004c_b10.0_s0_F2b_tau_rel0.6__mq__b10_t0.npz,F2b_tau_rel0.6__mq__b10_t0,,,,
2026-09-28T17:02:33,tune,dev_Region6,F2b,"{""k"": 4, ""name"": ""F2b"", ""tau"": 4.121760839160841, ""tau_rel"": 0.6}",mq,ising,2313bd004c,"{""mq_dt"": 1.0, ""mq_iters"": 300, ""mq_ksamp"": 4, ""mq_nmax"": 800, ""mq_pen"": 0.05, ""mq_q"": 6, ""mq_reads"": 16, ""mq_solver"": ""mq_dsb"", ""mq_xi"": 0.5, ""start"": ""lp""}",10.0,0,10.054,0,2.59246365189514,"[4.600235, 3.794622, 3.158515, 2.627887, 2.171148, 1.781662, 1.446758, 1.158881]",22.8492942242942,2351.770636363636,6816,1,"{""mq_time"": 10.005870819091797, ""mq_tries"": 16, ""mq_wins"": 0, ""rep_n_add"": 0, ""rep_n_drop"": 0, ""rep_n_fill"": 0, ""start_n_add"": 1557, ""start_n_drop"": 0, ""start_n_fill"": 0}",ok,sols/tune_dev_Region6_F2b_mq_2313bd004c_b10.0_s0_F2b_tau_rel0.6__mq__b10_t0.npz,F2b_tau_rel0.6__mq__b10_t0,,,,
2026-09-28T17:02:45,tune,dev_Region7,F2b,"{""k"": 4, ""name"": ""F2b"", ""tau"": 4.120279720279716, ""tau_rel"": 0.6}",mq,ising,56cdc9c0f2,"{""mq_dt"": 1.1646313382487206, ""mq_iters"": 405, ""mq_ksamp"": 7, ""mq_nmax"": 1119, ""mq_pen"": 0.001825525480239901, ""mq_q"": 2, ""mq_reads"": 4, ""mq_solver"": ""dwave_sa"", ""mq_xi"": 0.06687793579777104, ""start"": ""pgreedy""}",10.0,1,9.92,0,4.750925962516002,"[6.880039, 6.123814, 5.456794, 4.868395, 4.340356, 3.864558, 3.431581, 3.041869]",24.8686868686869,1635.4739090909088,11484,1,"{""mq_time"": 9.8702232837677, ""mq_tries"": 90, ""mq_wins"": 0, ""rep_n_add"": 0, ""rep_n_drop"": 0, ""rep_n_fill"": 0, ""start_n_add"": 11484, ""start_n_drop"": 0, ""start_n_fill"": 0}",ok,sols/tune_dev_Region7_F2b_mq_56cdc9c0f2_b10.0_s1_F2b_tau_rel0.6__mq__b10_t1.npz,F2b_tau_rel0.6__mq__b10_t1,,,,
2026-09-28T17:02:55,tune,dev_Region6,F2b,"{""k"": 4, ""name"": ""F2b"", ""tau"": 4.121760839160841, ""tau_rel"": 0.6}",mq,ising,56cdc9c0f2,"{""mq_dt"": 1.1646313382487206, ""mq_iters"": 405, ""mq_ksamp"": 7, ""mq_nmax"": 1119, ""mq_pen"": 0.001825525480239901, ""mq_q"": 2, ""mq_reads"": 4, ""mq_solver"": ""dwave_sa"", ""mq_xi"": 0.06687793579777104, ""start"": ""pgreedy""}",10.0,1,9.935,0,2.5768514584115136,"[4.497463, 3.769638, 3.152404, 2.626993, 2.172461, 1.785283, 1.449949, 1.16062]",22.961344211344265,2352.6434825174824,6822,1,"{""mq_time"": 9.881325244903564, ""mq_tries"": 82, ""mq_wins"": 0, ""rep_n_add"": 0, ""rep_n_drop"": 0, ""rep_n_fill"": 0, ""start_n_add"": 6822, ""start_n_drop"": 0, ""start_n_fill"": 0}",ok,sols/tune_dev_Region6_F2b_mq_56cdc9c0f2_b10.0_s1_F2b_tau_rel0.6__mq__b10_t1.npz,F2b_tau_rel0.6__mq__b10_t1,,,,
2026-09-28T17:03:06,tune,dev_Region7,F2b,"{""k"": 4, ""name"": ""F2b"", ""tau"": 4.120279720279716, ""tau_rel"": 0.6}",mq,ising,137304fe52,"{""mq_dt"": 0.6959964799137436, ""mq_iters"": 132, ""mq_ksamp"": 5, ""mq_nmax"": 565, ""mq_pen"": 0.05073432032394333, ""mq_q"": 2, ""mq_reads"": 8, ""mq_solver"": ""mq_bsb"", ""mq_xi"": 0.3236490137439119, ""start"": ""pgreedy""}",10.0,2,9.919,0,4.750925962516002,"[6.880039, 6.123814, 5.456794, 4.868395, 4.340356, 3.864558, 3.431581, 3.041869]",24.8686868686869,1635.4739090909088,11484,1,"{""mq_time"": 9.866349935531616, ""mq_tries"": 163, ""mq_wins"": 0, ""rep_n_add"": 0, ""rep_n_drop"": 0, ""rep_n_fill"": 0, ""start_n_add"": 11484, ""start_n_drop"": 0, ""start_n_fill"": 0}",ok,sols/tune_dev_Region7_F2b_mq_137304fe52_b10.0_s2_F2b_tau_rel0.6__mq__b10_t2.npz,F2b_tau_rel0.6__mq__b10_t2,,,,
2026-09-28T17:03:17,tune,dev_Region6,F2b,"{""k"": 4, ""name"": ""F2b"", ""tau"": 4.121760839160841, ""tau_rel"": 0.6}",mq,ising,137304fe52,"{""mq_dt"": 0.6959964799137436, ""mq_iters"": 132, ""mq_ksamp"": 5, ""mq_nmax"": 565, ""mq_pen"": 0.05073432032394333, ""mq_q"": 2, ""mq_reads"": 8, ""mq_solver"": ""mq_bsb"", ""mq_xi"": 0.3236490137439119, ""start"": ""pgreedy""}",10.0,2,9.914,0,2.5763501275347966,"[4.495168, 3.769611, 3.152468, 2.627081, 2.172587, 1.784291, 1.449167, 1.160429]",22.961344211344265,2352.9265629370625,6817,1,"{""mq_time"": 9.86451768875122, ""mq_tries"": 180, ""mq_wins"": 3, ""rep_n_add"": 0, ""rep_n_drop"": 0, ""rep_n_fill"": 0, ""start_n_add"": 6812, ""start_n_drop"": 0, ""start_n_fill"": 0}",ok,sols/tune_dev_Region6_F2b_mq_137304fe52_b10.0_s2_F2b_tau_rel0.6__mq__b10_t2.npz,F2b_tau_rel0.6__mq__b10_t2,,,,
2026-09-28T17:03:29,tune,dev_Region7,F2b,"{""k"": 4, ""name"": ""F2b"", ""tau"": 4.120279720279716, ""tau_rel"": 0.6}",mq,ising,986cb5bc0c,"{""mq_dt"": 0.17227208685390633, ""mq_iters"": 159, ""mq_ksamp"": 1, ""mq_nmax"": 117, ""mq_pen"": 0.02069209865653834, ""mq_q"": 31, ""mq_reads"": 8, ""mq_solver"": ""mq_bsb"", ""mq_xi"": 0.5162571798019395, ""start"": ""pgreedy""}",10.0,3,9.91,0,4.749793683079831,"[6.875294, 6.123593, 5.456512, 4.868209, 4.339621, 3.863549, 3.430571, 3.041]",24.8686868686869,1635.1557027972024,11478,1,"{""mq_time"": 9.856387615203857, ""mq_tries"": 471, ""mq_wins"": 3, ""rep_n_add"": 0, ""rep_n_drop"": 0, ""rep_n_fill"": 0, ""start_n_add"": 11433, ""start_n_drop"": 0, ""start_n_fill"": 0}",ok,sols/tune_dev_Region7_F2b_mq_986cb5bc0c_b10.0_s3_F2b_tau_rel0.6__mq__b10_t3.npz,F2b_tau_rel0.6__mq__b10_t3,,,,
2026-09-28T17:03:40,tune,dev_Region6,F2b,"{""k"": 4, ""name"": ""F2b"", ""tau"": 4.121760839160841, ""tau_rel"": 0.6}",mq,ising,986cb5bc0c,"{""mq_dt"": 0.17227208685390633, ""mq_iters"": 159, ""mq_ksamp"": 1, ""mq_nmax"": 117, ""mq_pen"": 0.02069209865653834, ""mq_q"": 31, ""mq_reads"": 8, ""mq_solver"": ""mq_bsb"", ""mq_xi"": 0.5162571798019395, ""start"": ""pgreedy""}",10.0,3,9.908,0,2.5764897779008726,"[4.49537, 3.769662, 3.152451, 2.626992, 2.172428, 1.784267, 1.44972, 1.161028]",22.961344211344265,2353.1376118881117,6821,1,"{""mq_time"": 9.865586996078491, ""mq_tries"": 538, ""mq_wins"": 4, ""rep_n_add"": 0, ""rep_n_drop"": 0, ""rep_n_fill"": 0, ""start_n_add"": 6804, ""start_n_drop"": 0, ""start_n_fill"": 0}",ok,sols/tune_dev_Region6_F2b_mq_986cb5bc0c_b10.0_s3_F2b_tau_rel0.6__mq__b10_t3.npz,F2b_tau_rel0.6__mq__b10_t3,,,,
2026-09-28T17:03:51,tune,dev_Region7,F2b,"{""k"": 4, ""name"": ""F2b"", ""tau"": 4.120279720279716, ""tau_rel"": 0.6}",mq,ising,06f77634d5,"{""mq_dt"": 0.10969086993596948, ""mq_iters"": 84, ""mq_ksamp"": 7, ""mq_nmax"": 159, ""mq_pen"": 0.0012022631938673073, ""mq_q"": 27, ""mq_reads"": 16, ""mq_solver"": ""mq_bsb"", ""mq_xi"": 1.111479412759992, ""start"": ""pgreedy""}",10.0,4,9.955,0,4.750925962516002,"[6.880039, 6.123814, 5.456794, 4.868395, 4.340356, 3.864558, 3.431581, 3.041869]",24.8686868686869,1635.4739090909088,11484,1,"{""mq_time"": 9.899460315704346, ""mq_tries"": 127, ""mq_wins"": 0, ""rep_n_add"": 0, ""rep_n_drop"": 0, ""rep_n_fill"": 0, ""start_n_add"": 11484, ""start_n_drop"": 0, ""start_n_fill"": 0}",ok,sols/tune_dev_Region7_F2b_mq_06f77634d5_b10.0_s4_F2b_tau_rel0.6__mq__b10_t4.npz,F2b_tau_rel0.6__mq__b10_t4,,,,
2026-09-28T17:04:03,tune,dev_Region6,F2b,"{""k"": 4, ""name"": ""F2b"", ""tau"": 4.121760839160841, ""tau_rel"": 0.6}",mq,ising,06f77634d5,"{""mq_dt"": 0.10969086993596948, ""mq_iters"": 84, ""mq_ksamp"": 7, ""mq_nmax"": 159, ""mq_pen"": 0.0012022631938673073, ""mq_q"": 27, ""mq_reads"": 16, ""mq_solver"": ""mq_bsb"", ""mq_xi"": 1.111479412759992, ""start"": ""pgreedy""}",10.0,4,9.905,0,2.5766381932213607,"[4.497463, 3.769638, 3.152404, 2.626993, 2.172461, 1.784252, 1.449328, 1.160566]",22.961344211344265,2353.317073426573,6820,1,"{""mq_time"": 9.86502456665039, ""mq_tries"": 170, ""mq_wins"": 1, ""rep_n_add"": 0, ""rep_n_drop"": 0, ""rep_n_fill"": 0, ""start_n_add"": 6825, ""start_n_drop"": 0, ""start_n_fill"": 0}",ok,sols/tune_dev_Region6_F2b_mq_06f77634d5_b10.0_s4_F2b_tau_rel0.6__mq__b10_t4.npz,F2b_tau_rel0.6__mq__b10_t4,,,,
2026-09-28T17:04:14,tune,dev_Region7,F2b,"{""k"": 4, ""name"": ""F2b"", ""tau"": 4.120279720279716, ""tau_rel"": 0.6}",mq,ising,dc11736b16,"{""mq_dt"": 0.97082874736767, ""mq_iters"": 121, ""mq_ksamp"": 1, ""mq_nmax"": 234, ""mq_pen"": 0.005467268720503918, ""mq_q"": 30, ""mq_reads"": 4, ""mq_solver"": ""mq_bsb"", ""mq_xi"": 1.0182128739641982, ""start"": ""pgreedy""}",10.0,5,9.915,0,4.750850450942993,"[6.880039, 6.123814, 5.456794, 4.868395, 4.340356, 3.864515, 3.431179, 3.041711]",24.8686868686869,1635.3973146853143,11481,1,"{""mq_time"": 9.841025829315186, ""mq_tries"": 250, ""mq_wins"": 1, ""rep_n_add"": 0, ""rep_n_drop"": 0, ""rep_n_fill"": 0, ""start_n_add"": 11478, ""start_n_drop"": 0, ""start_n_fill"": 0}",ok,sols/tune_dev_Region7_F2b_mq_dc11736b16_b10.0_s5_F2b_tau_rel0.6__mq__b10_t5.npz,F2b_tau_rel0.6__mq__b10_t5,,,,
2026-09-28T17:04:25,tune,dev_Region6,F2b,"{""k"": 4, ""name"": ""F2b"", ""tau"": 4.121760839160841, ""tau_rel"": 0.6}",mq,ising,dc11736b16,"{""mq_dt"": 0.97082874736767, ""mq_iters"": 121, ""mq_ksamp"": 1, ""mq_nmax"": 234, ""mq_pen"": 0.005467268720503918, ""mq_q"": 30, ""mq_reads"": 4, ""mq_solver"": ""mq_bsb"", ""mq_xi"": 1.0182128739641982, ""start"": ""pgreedy""}",10.0,5,9.917,0,2.5766778577145253,"[4.497463, 3.769638, 3.152404, 2.626993, 2.172461, 1.784355, 1.44971, 1.160399]",22.8492942242942,2353.0821258741257,6820,1,"{""mq_time"": 9.862256288528442, ""mq_tries"": 269, ""mq_wins"": 1, ""rep_n_add"": 0, ""rep_n_drop"": 0, ""rep_n_fill"": 0, ""start_n_add"": 6824, ""start_n_drop"": 0, ""start_n_fill"": 0}",ok,sols/tune_dev_Region6_F2b_mq_dc11736b16_b10.0_s5_F2b_tau_rel0.6__mq__b10_t5.npz,F2b_tau_rel0.6__mq__b10_t5,,,,
2026-09-28T17:04:37,tune,dev_Region7,F2b,"{""k"": 4, ""name"": ""F2b"", ""tau"": 4.120279720279716, ""tau_rel"": 0.6}",mq,ising,a21eba82e8,"{""mq_dt"": 0.07448044762885073, ""mq_iters"": 208, ""mq_ksamp"": 1, ""mq_nmax"": 116, ""mq_pen"": 0.012106718952367564, ""mq_q"": 6, ""mq_reads"": 8, ""mq_solver"": ""mq_bsb"", ""mq_xi"": 0.1024984864100098, ""start"": ""pgreedy""}",10.0,6,9.921,0,4.75088165920206,"[6.880039, 6.123814, 5.456521, 4.868828, 4.340585, 3.864495, 3.431025, 3.041746]",24.8686868686869,1635.3168951048947,11479,1,"{""mq_time"": 9.864909648895264, ""mq_tries"": 403, ""mq_wins"": 2, ""rep_n_add"": 0, ""rep_n_drop"": 0, ""rep_n_fill"": 0, ""start_n_add"": 11473, ""start_n_drop"": 0, ""start_n_fill"": 0}",ok,sols/tune_dev_Region7_F2b_mq_a21eba82e8_b10.0_s6_F2b_tau_rel0.6__mq__b10_t6.npz,F2b_tau_rel0.6__mq__b10_t6,,,,
2026-09-28T17:04:48,tune,dev_Region6,F2b,"{""k"": 4, ""name"": ""F2b"", ""tau"": 4.121760839160841, ""tau_rel"": 0.6}",mq,ising,a21eba82e8,"{""mq_dt"": 0.07448044762885073, ""mq_iters"": 208, ""mq_ksamp"": 1, ""mq_nmax"": 116, ""mq_pen"": 0.012106718952367564, ""mq_q"": 6, ""mq_reads"": 8, ""mq_solver"": ""mq_bsb"", ""mq_xi"": 0.1024984864100098, ""start"": ""pgreedy""}",10.0,6,9.913,0,2.5765585745444333,"[4.497463, 3.769638, 3.152404, 2.626993, 2.171785, 1.783722, 1.449666, 1.160797]",22.961344211344265,2352.837755244755,6822,1,"{""mq_time"": 9.868417501449585, ""mq_tries"": 441, ""mq_wins"": 1, ""rep_n_add"": 0, ""rep_n_drop"": 0, ""rep_n_fill"": 0, ""start_n_add"": 6824, ""start_n_drop"": 0, ""start_n_fill"": 0}",ok,sols/tune_dev_Region6_F2b_mq_a21eba82e8_b10.0_s6_F2b_tau_rel0.6__mq__b10_t6.npz,F2b_tau_rel0.6__mq__b10_t6,,,,
2026-09-28T17:04:59,tune,dev_Region7,F2b,"{""k"": 4, ""name"": ""F2b"", ""tau"": 4.120279720279716, ""tau_rel"": 0.6}",mq,ising,99379199fd,"{""mq_dt"": 0.834852499565282, ""mq_iters"": 463, ""mq_ksamp"": 3, ""mq_nmax"": 117, ""mq_pen"": 0.005184318833808465, ""mq_q"": 8, ""mq_reads"": 8, ""mq_solver"": ""mq_bsb"", ""mq_xi"": 0.10379277955913387, ""start"": ""pgreedy""}",10.0,7,9.927,0,4.750855555208815,"[6.880039, 6.123814, 5.456794, 4.868395, 4.340356, 3.864547, 3.431212, 3.041686]",24.8686868686869,1635.4060559440557,11482,1,"{""mq_time"": 9.874975442886353, ""mq_tries"": 172, ""mq_wins"": 1, ""rep_n_add"": 0, ""rep_n_drop"": 0, ""rep_n_fill"": 0, ""start_n_add"": 11474, ""start_n_drop"": 0, ""start_n_fill"": 0}",ok,sols/tune_dev_Region7_F2b_mq_99379199fd_b10.0_s7_F2b_tau_rel0.6__mq__b10_t7.npz,F2b_tau_rel0.6__mq__b10_t7,,,,
2026-09-28T17:05:11,tune,dev_Region6,F2b,"{""k"": 4, ""name"": ""F2b"", ""tau"": 4.121760839160841, ""tau_rel"": 0.6}",mq,ising,99379199fd,"{""mq_dt"": 0.834852499565282, ""mq_iters"": 463, ""mq_ksamp"": 3, ""mq_nmax"": 117, ""mq_pen"": 0.005184318833808465, ""mq_q"": 8, ""mq_reads"": 8, ""mq_solver"": ""mq_bsb"", ""mq_xi"": 0.10379277955913387, ""start"": ""pgreedy""}",10.0,7,9.941,0,2.5767996033375766,"[4.497463, 3.769638, 3.152404, 2.626993, 2.172461, 1.784834, 1.449728, 1.160875]",22.961344211344265,2352.8864335664334,6823,1,"{""mq_time"": 9.895736932754517, ""mq_tries"": 191, ""mq_wins"": 3, ""rep_n_add"": 0, ""rep_n_drop"": 0, ""rep_n_fill"": 0, ""start_n_add"": 6828, ""start_n_drop"": 0, ""start_n_fill"": 0}",ok,sols/tune_dev_Region6_F2b_mq_99379199fd_b10.0_s7_F2b_tau_rel0.6__mq__b10_t7.npz,F2b_tau_rel0.6__mq__b10_t7,,,,
2026-09-28T17:05:22,tune,dev_Region7,F2b,"{""k"": 4, ""name"": ""F2b"", ""tau"": 4.120279720279716, ""tau_rel"": 0.6}",mq,ising,c2000c46a3,"{""mq_dt"": 0.1725975876714125, ""mq_iters"": 330, ""mq_ksamp"": 5, ""mq_nmax"": 142, ""mq_pen"": 0.011682909697246035, ""mq_q"": 28, ""mq_reads"": 8, ""mq_solver"": ""mq_bsb"", ""mq_xi"": 0.878574376927204, ""start"": ""pgreedy""}",10.0,8,9.954,0,4.750925962516002,"[6.880039, 6.123814, 5.456794, 4.868395, 4.340356, 3.864558, 3.431581, 3.041869]",24.8686868686869,1635.4739090909088,11484,1,"{""mq_time"": 9.89808464050293, ""mq_tries"": 136, ""mq_wins"": 0, ""rep_n_add"": 0, ""rep_n_drop"": 0, ""rep_n_fill"": 0, ""start_n_add"": 11484, ""start_n_drop"": 0, ""start_n_fill"": 0}",ok,sols/tune_dev_Region7_F2b_mq_c2000c46a3_b10.0_s8_F2b_tau_rel0.6__mq__b10_t8.npz,F2b_tau_rel0.6__mq__b10_t8,,,,
2026-09-28T17:05:33,tune,dev_Region6,F2b,"{""k"": 4, ""name"": ""F2b"", ""tau"": 4.121760839160841, ""tau_rel"": 0.6}",mq,ising,c2000c46a3,"{""mq_dt"": 0.1725975876714125, ""mq_iters"": 330, ""mq_ksamp"": 5, ""mq_nmax"": 142, ""mq_pen"": 0.011682909697246035, ""mq_q"": 28, ""mq_reads"": 8, ""mq_solver"": ""mq_bsb"", ""mq_xi"": 0.878574376927204, ""start"": ""pgreedy""}",10.0,8,9.926,0,2.5768514584115136,"[4.497463, 3.769638, 3.152404, 2.626993, 2.172461, 1.785283, 1.449949, 1.16062]",22.961344211344265,2352.6434825174824,6822,1,"{""mq_time"": 9.85614562034607, ""mq_tries"": 145, ""mq_wins"": 0, ""rep_n_add"": 0, ""rep_n_drop"": 0, ""rep_n_fill"": 0, ""start_n_add"": 6822, ""start_n_drop"": 0, ""start_n_fill"": 0}",ok,sols/tune_dev_Region6_F2b_mq_c2000c46a3_b10.0_s8_F2b_tau_rel0.6__mq__b10_t8.npz,F2b_tau_rel0.6__mq__b10_t8,,,,
2026-09-28T17:05:45,tune,dev_Region7,F2b,"{""k"": 4, ""name"": ""F2b"", ""tau"": 4.120279720279716, ""tau_rel"": 0.6}",mq,ising,279291f626,"{""mq_dt"": 0.39691260063316103, ""mq_iters"": 141, ""mq_ksamp"": 8, ""mq_nmax"": 377, ""mq_pen"": 0.8432169904639403, ""mq_q"": 21, ""mq_reads"": 8, ""mq_solver"": ""mq_bsb"", ""mq_xi"": 1.139407416383334, ""start"": ""pgreedy""}",10.0,9,9.945,0,4.749907340487556,"[6.874137, 6.123383, 5.456484, 4.868069, 4.339956, 3.864146, 3.431413, 3.041671]",24.8686868686869,1635.3229650349647,11482,1,"{""mq_time"": 9.889256000518799, ""mq_tries"": 92, ""mq_wins"": 9, ""rep_n_add"": 0, ""rep_n_drop"": 0, ""rep_n_fill"": 0, ""start_n_add"": 11420, ""start_n_drop"": 0, ""start_n_fill"": 0}",ok,sols/tune_dev_Region7_F2b_mq_279291f626_b10.0_s9_F2b_tau_rel0.6__mq__b10_t9.npz,F2b_tau_rel0.6__mq__b10_t9,,,,
2026-09-28T17:05:56,tune,dev_Region6,F2b,"{""k"": 4, ""name"": ""F2b"", ""tau"": 4.121760839160841, ""tau_rel"": 0.6}",mq,ising,279291f626,"{""mq_dt"": 0.39691260063316103, ""mq_iters"": 141, ""mq_ksamp"": 8, ""mq_nmax"": 377, ""mq_pen"": 0.8432169904639403, ""mq_q"": 21, ""mq_reads"": 8, ""mq_solver"": ""mq_bsb"", ""mq_xi"": 1.139407416383334, ""start"": ""pgreedy""}",10.0,9,9.913,0,2.576551073045265,"[4.495692, 3.769331, 3.152318, 2.626837, 2.172218, 1.78486, 1.450162, 1.160989]",22.961344211344265,2352.6888566433563,6816,1,"{""mq_time"": 9.869704723358154, ""mq_tries"": 96, ""mq_wins"": 8, ""rep_n_add"": 0, ""rep_n_drop"": 0, ""rep_n_fill"": 0, ""start_n_add"": 6796, ""start_n_drop"": 0, ""start_n_fill"": 0}",ok,sols/tune_dev_Region6_F2b_mq_279291f626_b10.0_s9_F2b_tau_rel0.6__mq__b10_t9.npz,F2b_tau_rel0.6__mq__b10_t9,,,,
2026-09-28T17:06:02,tune,dev_Region7,F2b,"{""k"": 4, ""name"": ""F2b"", ""tau"": 4.120279720279716, ""tau_rel"": 0.6}",lp,classical,6b14285449,"{""J"": 12, ""lexi"": false}",10.0,0,1.561,0,4.779446423563723,"[7.022306, 6.175938, 5.47808, 4.877438, 4.342514, 3.864974, 3.431792, 3.042528]",24.8686868686869,1632.5822237762236,11487,1,"{""rep_n_add"": 0, ""rep_n_drop"": 0, ""rep_n_fill"": 0, ""start_n_add"": 2088, ""start_n_drop"": 0, ""start_n_fill"": 0}",ok,sols/tune_dev_Region7_F2b_lp_6b14285449_b10.0_s0_F2b_tau_rel0.6__lp__b10_t0.npz,F2b_tau_rel0.6__lp__b10_t0,,,,
2026-09-28T17:06:03,tune,dev_Region7,F2b,"{""k"": 4, ""name"": ""F2b"", ""tau"": 4.120279720279716, ""tau_rel"": 0.6}",pgreedy,classical,bf21a9e8fb,{},10.0,0,0.085,0,4.750925962516002,"[6.880039, 6.123814, 5.456794, 4.868395, 4.340356, 3.864558, 3.431581, 3.041869]",24.8686868686869,1635.4739090909088,11484,1,"{""rep_n_add"": 11484, ""rep_n_drop"": 0, ""rep_n_fill"": 0}",ok,sols/tune_dev_Region7_F2b_pgreedy_bf21a9e8fb_b10.0_s0_ref.npz,ref,,,,
2026-09-28T17:06:05,tune,dev_Region6,F2b,"{""k"": 4, ""name"": ""F2b"", ""tau"": 4.121760839160841, ""tau_rel"": 0.6}",lp,classical,6b14285449,"{""J"": 12, ""lexi"": false}",10.0,0,1.56,0,2.59246365189514,"[4.600235, 3.794622, 3.158515, 2.627887, 2.171148, 1.781662, 1.446758, 1.158881]",22.8492942242942,2351.770636363636,6816,1,"{""rep_n_add"": 0, ""rep_n_drop"": 0, ""rep_n_fill"": 0, ""start_n_add"": 1557, ""start_n_drop"": 0, ""start_n_fill"": 0}",ok,sols/tune_dev_Region6_F2b_lp_6b14285449_b10.0_s0_F2b_tau_rel0.6__lp__b10_t0.npz,F2b_tau_rel0.6__lp__b10_t0,,,,
2026-09-28T17:06:06,tune,dev_Region6,F2b,"{""k"": 4, ""name"": ""F2b"", ""tau"": 4.121760839160841, ""tau_rel"": 0.6}",pgreedy,classical,bf21a9e8fb,{},10.0,0,0.073,0,2.5768514584115136,"[4.497463, 3.769638, 3.152404, 2.626993, 2.172461, 1.785283, 1.449949, 1.16062]",22.961344211344265,2352.6434825174824,6822,1,"{""rep_n_add"": 6822, ""rep_n_drop"": 0, ""rep_n_fill"": 0}",ok,sols/tune_dev_Region6_F2b_pgreedy_bf21a9e8fb_b10.0_s0_ref.npz,ref,,,,
2026-09-28T17:06:17,tune,dev_Region7,F2b,"{""k"": 4, ""name"": ""F2b"", ""tau"": 4.120279720279716, ""tau_rel"": 0.6}",lp,classical,92855cc8a3,"{""J"": 24, ""lexi"": true}",10.0,1,10.115,0,4.750545832631099,"[6.891052, 6.124692, 5.454824, 4.865521, 4.337292, 3.862048, 3.429352, 3.039586]",24.81139924889928,1632.2574160839158,11447,1,"{""rep_n_add"": 0, ""rep_n_drop"": 0, ""rep_n_fill"": 0, ""start_n_add"": 1513, ""start_n_drop"": 0, ""start_n_fill"": 0}",ok,sols/tune_dev_Region7_F2b_lp_92855cc8a3_b10.0_s1_F2b_tau_rel0.6__lp__b10_t1.npz,F2b_tau_rel0.6__lp__b10_t1,,,,
2026-09-28T17:06:25,tune,dev_Region6,F2b,"{""k"": 4, ""name"": ""F2b"", ""tau"": 4.121760839160841, ""tau_rel"": 0.6}",lp,classical,92855cc8a3,"{""J"": 24, ""lexi"": true}",10.0,1,7.238,0,2.576405638981442,"[4.506798, 3.76782, 3.150607, 2.626381, 2.171087, 1.78229, 1.447636, 1.158627]",22.8492942242942,2351.4524300699304,6804,1,"{""rep_n_add"": 0, ""rep_n_drop"": 0, ""rep_n_fill"": 0, ""start_n_add"": 1369, ""start_n_drop"": 0, ""start_n_fill"": 0}",ok,sols/tune_dev_Region6_F2b_lp_92855cc8a3_b10.0_s1_F2b_tau_rel0.6__lp__b10_t1.npz,F2b_tau_rel0.6__lp__b10_t1,,,,
2026-09-28T17:06:35,tune,dev_Region7,F2b,"{""k"": 4, ""name"": ""F2b"", ""tau"": 4.120279720279716, ""tau_rel"": 0.6}",lp,classical,529aed208e,"{""J"": 6, ""lexi"": true}",10.0,2,9.667,0,5.346028404834318,"[8.76908, 7.151448, 6.110134, 5.283686, 4.62193, 4.073886, 3.592221, 3.165841]",24.134793447293433,1624.2907587412583,11376,1,"{""rep_n_add"": 0, ""rep_n_drop"": 0, ""rep_n_fill"": 0, ""start_n_add"": 3708, ""start_n_drop"": 0, ""start_n_fill"": 0}",ok,sols/tune_dev_Region7_F2b_lp_529aed208e_b10.0_s2_F2b_tau_rel0.6__lp__b10_t2.npz,F2b_tau_rel0.6__lp__b10_t2,,,,
2026-09-28T17:06:42,tune,dev_Region6,F2b,"{""k"": 4, ""name"": ""F2b"", ""tau"": 4.121760839160841, ""tau_rel"": 0.6}",lp,classical,529aed208e,"{""J"": 6, ""lexi"": true}",10.0,2,6.241,0,3.1925639523107865,"[6.46313, 4.878445, 3.830494, 3.062106, 2.463537, 1.984289, 1.59261, 1.2659]",23.087315462315434,2345.462881118881,6724,1,"{""rep_n_add"": 0, ""rep_n_drop"": 0, ""rep_n_fill"": 0, ""start_n_add"": 2017, ""start_n_drop"": 0, ""start_n_fill"": 0}",ok,sols/tune_dev_Region6_F2b_lp_529aed208e_b10.0_s2_F2b_tau_rel0.6__lp__b10_t2.npz,F2b_tau_rel0.6__lp__b10_t2,,,,
2026-09-28T17:06:52,tune,dev_Region7,F2b,"{""k"": 4, ""name"": ""F2b"", ""tau"": 4.120279720279716, ""tau_rel"": 0.6}",lp,classical,529aed208e,"{""J"": 6, ""lexi"": true}",10.0,3,9.612,0,5.3701039900622565,"[8.845267, 7.198733, 6.137386, 5.305533, 4.632298, 4.07785, 3.594398, 3.169369]",24.087525900025934,1625.3728216783213,11414,1,"{""rep_n_add"": 0, ""rep_n_drop"": 0, ""rep_n_fill"": 0, ""start_n_add"": 3701, ""start_n_drop"": 0, ""start_n_fill"": 0}",ok,sols/tune_dev_Region7_F2b_lp_529aed208e_b10.0_s3_F2b_tau_rel0.6__lp__b10_t3.npz,F2b_tau_rel0.6__lp__b10_t3,,,,
2026-09-28T17:06:59,tune,dev_Region6,F2b,"{""k"": 4, ""name"": ""F2b"", ""tau"": 4.121760839160841, ""tau_rel"": 0.6}",lp,classical,529aed208e,"{""J"": 6, ""lexi"": true}",10.0,3,6.218,0,3.138186077569625,"[6.287004, 4.787792, 3.774106, 3.022541, 2.434806, 1.966222, 1.579293, 1.253724]",23.06303418803416,2347.0287307692306,6724,1,"{""rep_n_add"": 0, ""rep_n_drop"": 0, ""rep_n_fill"": 0, ""start_n_add"": 2112, ""start_n_drop"": 0, ""start_n_fill"": 0}",ok,sols/tune_dev_Region6_F2b_lp_529aed208e_b10.0_s3_F2b_tau_rel0.6__lp__b10_t3.npz,F2b_tau_rel0.6__lp__b10_t3,,,,
2026-09-28T17:07:10,tune,dev_Region7,F2b,"{""k"": 4, ""name"": ""F2b"", ""tau"": 4.120279720279716, ""tau_rel"": 0.6}",lp,classical,92855cc8a3,"{""J"": 24, ""lexi"": true}",10.0,4,10.141,0,4.750545832631099,"[6.891052, 6.124692, 5.454824, 4.865521, 4.337292, 3.862048, 3.429352, 3.039586]",24.81139924889928,1632.2450419580418,11447,1,"{""rep_n_add"": 0, ""rep_n_drop"": 0, ""rep_n_fill"": 0, ""start_n_add"": 1512, ""start_n_drop"": 0, ""start_n_fill"": 0}",ok,sols/tune_dev_Region7_F2b_lp_92855cc8a3_b10.0_s4_F2b_tau_rel0.6__lp__b10_t4.npz,F2b_tau_rel0.6__lp__b10_t4,,,,
2026-09-28T17:07:18,tune,dev_Region6,F2b,"{""k"": 4, ""name"": ""F2b"", ""tau"": 4.121760839160841, ""tau_rel"": 0.6}",lp,classical,92855cc8a3,"{""J"": 24, ""lexi"": true}",10.0,4,7.227,0,2.5760504650468063,"[4.506474, 3.767727, 3.150226, 2.625983, 2.170679, 1.781807, 1.447229, 1.158277]",22.8492942242942,2351.3829650349653,6801,1,"{""rep_n_add"": 0, ""rep_n_drop"": 0, ""rep_n_fill"": 0, ""start_n_add"": 1370, ""start_n_drop"": 0, ""start_n_fill"": 0}",ok,sols/tune_dev_Region6_F2b_lp_92855cc8a3_b10.0_s4_F2b_tau_rel0.6__lp__b10_t4.npz,F2b_tau_rel0.6__lp__b10_t4,,,,
2026-09-28T17:07:21,tune,dev_Region7,F2b,"{""k"": 4, ""name"": ""F2b"", ""tau"": 4.120279720279716, ""tau_rel"": 0.6}",lp,classical,a3b9de4e04,"{""J"": 24, ""lexi"": false}",10.0,5,2.069,0,4.750545832631099,"[6.891052, 6.124692, 5.454824, 4.865521, 4.337292, 3.862048, 3.429352, 3.039586]",24.81139924889928,1632.2574160839158,11447,1,"{""rep_n_add"": 0, ""rep_n_drop"": 0, ""rep_n_fill"": 0, ""start_n_add"": 1512, ""start_n_drop"": 0, ""start_n_fill"": 0}",ok,sols/tune_dev_Region7_F2b_lp_a3b9de4e04_b10.0_s5_F2b_tau_rel0.6__lp__b10_t5.npz,F2b_tau_rel0.6__lp__b10_t5,,,,
2026-09-28T17:07:23,tune,dev_Region6,F2b,"{""k"": 4, ""name"": ""F2b"", ""tau"": 4.121760839160841, ""tau_rel"": 0.6}",lp,classical,a3b9de4e04,"{""J"": 24, ""lexi"": false}",10.0,5,2.033,0,2.5764440190963436,"[4.506798, 3.767862, 3.150607, 2.626494, 2.171128, 1.782318, 1.447681, 1.158663]",22.8492942242942,2351.456062937063,6804,1,"{""rep_n_add"": 0, ""rep_n_drop"": 0, ""rep_n_fill"": 0, ""start_n_add"": 1371, ""start_n_drop"": 0, ""start_n_fill"": 0}",ok,sols/tune_dev_Region6_F2b_lp_a3b9de4e04_b10.0_s5_F2b_tau_rel0.6__lp__b10_t5.npz,F2b_tau_rel0.6__lp__b10_t5,,,,
2026-09-28T17:07:34,tune,dev_Region7,F2b,"{""k"": 4, ""name"": ""F2b"", ""tau"": 4.120279720279716, ""tau_rel"": 0.6}",lp,classical,b0e9699c6d,"{""J"": 12, ""lexi"": true}",10.0,6,10.018,0,4.779259566840475,"[7.021036, 6.175402, 5.4779, 4.877535, 4.342635, 3.865122, 3.431854, 3.042593]",24.8686868686869,1632.8455769230768,11491,1,"{""rep_n_add"": 0, ""rep_n_drop"": 0, ""rep_n_fill"": 0, ""start_n_add"": 2089, ""start_n_drop"": 0, ""start_n_fill"": 0}",ok,sols/tune_dev_Region7_F2b_lp_b0e9699c6d_b10.0_s6_F2b_tau_rel0.6__lp__b10_t6.npz,F2b_tau_rel0.6__lp__b10_t6,,,,
2026-09-28T17:07:41,tune,dev_Region6,F2b,"{""k"": 4, ""name"": ""F2b"", ""tau"": 4.121760839160841, ""tau_rel"": 0.6}",lp,classical,b0e9699c6d,"{""J"": 12, ""lexi"": true}",10.0,6,6.406,0,2.5924742018338023,"[4.600389, 3.794622, 3.15844, 2.627992, 2.171183, 1.781759, 1.44665, 1.158758]",22.8492942242942,2351.794101398601,6814,1,"{""rep_n_add"": 0, ""rep_n_drop"": 0, ""rep_n_fill"": 0, ""start_n_add"": 1557, ""start_n_drop"": 0, ""start_n_fill"": 0}",ok,sols/tune_dev_Region6_F2b_lp_b0e9699c6d_b10.0_s6_F2b_tau_rel0.6__lp__b10_t6.npz,F2b_tau_rel0.6__lp__b10_t6,,,,
2026-09-28T17:07:43,tune,dev_Region7,F2b,"{""k"": 4, ""name"": ""F2b"", ""tau"": 4.120279720279716, ""tau_rel"": 0.6}",lp,classical,b9a13a472a,"{""J"": 6, ""lexi"": false}",10.0,7,0.888,0,5.371453649782081,"[8.848944, 7.19548, 6.139418, 5.308947, 4.639689, 4.079326, 3.594307, 3.165519]",24.087525900025934,1624.040846153846,11403,1,"{""rep_n_add"": 0, ""rep_n_drop"": 0, ""rep_n_fill"": 0, ""start_n_add"": 3709, ""start_n_drop"": 0, ""start_n_fill"": 0}",ok,sols/tune_dev_Region7_F2b_lp_b9a13a472a_b10.0_s7_F2b_tau_rel0.6__lp__b10_t7.npz,F2b_tau_rel0.6__lp__b10_t7,,,,
2026-09-28T17:07:45,tune,dev_Region6,F2b,"{""k"": 4, ""name"": ""F2b"", ""tau"": 4.121760839160841, ""tau_rel"": 0.6}",lp,classical,b9a13a472a,"{""J"": 6, ""lexi"": false}",10.0,7,0.894,0,3.1758614205725526,"[6.322385, 4.836418, 3.824289, 3.066933, 2.473178, 2.00006, 1.604909, 1.278718]",23.013840326340294,2343.896269230769,6726,1,"{""rep_n_add"": 0, ""rep_n_drop"": 0, ""rep_n_fill"": 0, ""start_n_add"": 2093, ""start_n_drop"": 0, ""start_n_fill"": 0}",ok,sols/tune_dev_Region6_F2b_lp_b9a13a472a_b10.0_s7_F2b_tau_rel0.6__lp__b10_t7.npz,F2b_tau_rel0.6__lp__b10_t7,,,,
2026-09-28T17:07:56,tune,dev_Region7,F2b,"{""k"": 4, ""name"": ""F2b"", ""tau"": 4.120279720279716, ""tau_rel"": 0.6}",lp,classical,92855cc8a3,"{""J"": 24, ""lexi"": true}",10.0,8,10.191,0,4.750545832631099,"[6.891052, 6.124692, 5.454824, 4.865521, 4.337292, 3.862048, 3.429352, 3.039586]",24.81139924889928,1632.2450419580416,11447,1,"{""rep_n_add"": 0, ""rep_n_drop"": 0, ""rep_n_fill"": 0, ""start_n_add"": 1513, ""start_n_drop"": 0, ""start_n_fill"": 0}",ok,sols/tune_dev_Region7_F2b_lp_92855cc8a3_b10.0_s8_F2b_tau_rel0.6__lp__b10_t8.npz,F2b_tau_rel0.6__lp__b10_t8,,,,
2026-09-28T17:08:03,tune,dev_Region6,F2b,"{""k"": 4, ""name"": ""F2b"", ""tau"": 4.121760839160841, ""tau_rel"": 0.6}",lp,classical,92855cc8a3,"{""J"": 24, ""lexi"": true}",10.0,8,7.273,0,2.5760311264793345,"[4.506375, 3.767672, 3.150226, 2.625983, 2.170679, 1.781807, 1.447229, 1.158277]",22.8492942242942,2351.3829650349653,6801,1,"{""rep_n_add"": 0, ""rep_n_drop"": 0, ""rep_n_fill"": 0, ""start_n_add"": 1376, ""start_n_drop"": 0, ""start_n_fill"": 0}",ok,sols/tune_dev_Region6_F2b_lp_92855cc8a3_b10.0_s8_F2b_tau_rel0.6__lp__b10_t8.npz,F2b_tau_rel0.6__lp__b10_t8,,,,
2026-09-28T17:08:15,tune,dev_Region7,F2b,"{""k"": 4, ""name"": ""F2b"", ""tau"": 4.120279720279716, ""tau_rel"": 0.6}",lp,classical,92855cc8a3,"{""J"": 24, ""lexi"": true}",10.0,9,10.2,0,4.750549364840121,"[6.891052, 6.124692, 5.454824, 4.865549, 4.337292, 3.862048, 3.429352, 3.039586]",24.81139924889928,1632.2697902097898,11447,1,"{""rep_n_add"": 0, ""rep_n_drop"": 0, ""rep_n_fill"": 0, ""start_n_add"": 1513, ""start_n_drop"": 0, ""start_n_fill"": 0}",ok,sols/tune_dev_Region7_F2b_lp_92855cc8a3_b10.0_s9_F2b_tau_rel0.6__lp__b10_t9.npz,F2b_tau_rel0.6__lp__b10_t9,,,,
2026-09-28T17:08:23,tune,dev_Region6,F2b,"{""k"": 4, ""name"": ""F2b"", ""tau"": 4.121760839160841, ""tau_rel"": 0.6}",lp,classical,92855cc8a3,"{""J"": 24, ""lexi"": true}",10.0,9,7.267,0,2.576405638981442,"[4.506798, 3.76782, 3.150607, 2.626381, 2.171087, 1.78229, 1.447636, 1.158627]",22.8492942242942,2351.4524300699304,6804,1,"{""rep_n_add"": 0, ""rep_n_drop"": 0, ""rep_n_fill"": 0, ""start_n_add"": 1369, ""start_n_drop"": 0, ""start_n_fill"": 0}",ok,sols/tune_dev_Region6_F2b_lp_92855cc8a3_b10.0_s9_F2b_tau_rel0.6__lp__b10_t9.npz,F2b_tau_rel0.6__lp__b10_t9,,,,
2026-09-28T17:08:35,tune,dev_Region7,F1,"{""k"": 4, ""name"": ""F1"", ""tau"": 0.0}",ls,classical,ef58d95727,"{""g_scale"": 3000.0, ""ls_T0"": 0.002, ""ls_T1"": 1e-06, ""ls_chains"": 8, ""ls_moves"": 20000, ""ls_restart_every"": 0, ""p_add"": 0.2, ""p_swap"": 0.6, ""start"": ""lp"", ""topw"": 8}",10.0,0,10.012,0,24.12181308275062,"[24.361823, 24.087526, 24.087526, 24.087526, 24.087526, 24.087526, 24.087526, 24.087526]",24.087525900025934,1888.0414615384611,14613,1,"{""ls_acc"": 50476984, ""rep_n_add"": 0, ""rep_n_drop"": 0, ""rep_n_fill"": 29, ""start_n_add"": 242, ""start_n_drop"": 0, ""start_n_fill"": 12788}",ok,sols/tune_dev_Region7_F1_ls_ef58d95727_b10.0_s0_F1__ls__b10_t0.npz,F1__ls__b10_t0,,,,
2026-09-28T17:08:35,tune,dev_Region7,F1,"{""k"": 4, ""name"": ""F1"", ""tau"": 0.0}",pgreedy,classical,bf21a9e8fb,{},10.0,0,0.136,0,27.40123389342144,"[34.262141, 27.984768, 26.677059, 26.328137, 26.328137, 26.328137, 25.712008, 25.589485]",25.58948458948464,1948.8709930069926,15525,1,"{""rep_n_add"": 2042, ""rep_n_drop"": 0, ""rep_n_fill"": 13483}",ok,sols/tune_dev_Region7_F1_pgreedy_bf21a9e8fb_b10.0_s0_ref.npz,ref,,,,
2026-09-28T17:08:46,tune,dev_Region6,F1,"{""k"": 4, ""name"": ""F1"", ""tau"": 0.0}",ls,classical,ef58d95727,"{""g_scale"": 3000.0, ""ls_T0"": 0.002, ""ls_T1"": 1e-06, ""ls_chains"": 8, ""ls_moves"": 20000, ""ls_restart_every"": 0, ""p_add"": 0.2, ""p_swap"": 0.6, ""start"": ""lp"", ""topw"": 8}",10.0,0,10.007,0,22.41797178515927,"[23.407359, 23.03571, 22.747119, 22.483068, 22.239624, 22.006135, 21.807725, 21.617036]",21.61703574203578,2198.9070174825174,5374,1,"{""ls_acc"": 25435031, ""rep_n_add"": 0, ""rep_n_drop"": 0, ""rep_n_fill"": 2, ""start_n_add"": 300, ""start_n_drop"": 0, ""start_n_fill"": 6615}",ok,sols/tune_dev_Region6_F1_ls_ef58d95727_b10.0_s0_F1__ls__b10_t0.npz,F1__ls__b10_t0,,,,
2026-09-28T17:08:47,tune,dev_Region6,F1,"{""k"": 4, ""name"": ""F1"", ""tau"": 0.0}",pgreedy,classical,bf21a9e8fb,{},10.0,0,0.092,0,27.148913008287977,"[32.181446, 27.601301, 26.406987, 26.406987, 26.406987, 26.406987, 26.406987, 25.373624]",25.3736240611241,2699.697895104895,8706,1,"{""rep_n_add"": 1616, ""rep_n_drop"": 0, ""rep_n_fill"": 7090}",ok,sols/tune_dev_Region6_F1_pgreedy_bf21a9e8fb_b10.0_s0_ref.npz,ref,,,,
2026-09-28T17:08:58,tune,dev_Region7,F1,"{""k"": 4, ""name"": ""F1"", ""tau"": 0.0}",ls,classical,cf76477493,"{""g_scale"": 138.69861245357328, ""ls_T0"": 0.0025766385746135885, ""ls_T1"": 3.895706556508577e-06, ""ls_chains"": 16, ""ls_moves"": 23860, ""ls_restart_every"": 0, ""p_add"": 0.32294705653332806, ""p_swap"": 0.38687290659310525, ""start"": ""pgreedy"", ""topw"": 43}",10.0,1,10.022,0,24.150614720927255,"[24.534949, 24.144814, 24.087526, 24.087526, 24.087526, 24.087526, 24.087526, 24.087526]",24.087525900025934,1880.3728986013984,14572,1,"{""ls_acc"": 38868321, ""rep_n_add"": 0, ""rep_n_drop"": 0, ""rep_n_fill"": 62, ""start_n_add"": 1348, ""start_n_drop"": 0, ""start_n_fill"": 28038}",ok,sols/tune_dev_Region7_F1_ls_cf76477493_b10.0_s1_F1__ls__b10_t1.npz,F1__ls__b10_t1,,,,
2026-09-28T17:09:09,tune,dev_Region6,F1,"{""k"": 4, ""name"": ""F1"", ""tau"": 0.0}",ls,classical,cf76477493,"{""g_scale"": 138.69861245357328, ""ls_T0"": 0.0025766385746135885, ""ls_T1"": 3.895706556508577e-06, ""ls_chains"": 16, ""ls_moves"": 23860, ""ls_restart_every"": 0, ""p_add"": 0.32294705653332806, ""p_swap"": 0.38687290659310525, ""start"": ""pgreedy"", ""topw"": 43}",10.0,1,10.023,0,22.278670114607607,"[23.401191, 22.975751, 22.630649, 22.367716, 22.094276, 21.813148, 21.575304, 21.371325]",21.37132543382542,2248.1026748251743,4967,1,"{""ls_acc"": 35865864, ""rep_n_add"": 0, ""rep_n_drop"": 0, ""rep_n_fill"": 8, ""start_n_add"": 1449, ""start_n_drop"": 0, ""start_n_fill"": 14941}",ok,sols/tune_dev_Region6_F1_ls_cf76477493_b10.0_s1_F1__ls__b10_t1.npz,F1__ls__b10_t1,,,,
2026-09-28T17:09:20,tune,dev_Region7,F1,"{""k"": 4, ""name"": ""F1"", ""tau"": 0.0}",ls,classical,9df072f7d2,"{""g_scale"": 675.031252159593, ""ls_T0"": 0.021403233140986057, ""ls_T1"": 0.0002773999548118371, ""ls_chains"": 8, ""ls_moves"": 123816, ""ls_restart_every"": 0, ""p_add"": 0.489309171116382, ""p_swap"": 0.4083333085150997, ""start"": ""lp"", ""topw"": 9}",10.0,2,10.024,0,24.14352863571616,"[24.49537, 24.127703, 24.087526, 24.087526, 24.087526, 24.087526, 24.087526, 24.087526]",24.087525900025934,1872.7495034965032,14876,1,"{""ls_acc"": 48037851, ""rep_n_add"": 2, ""rep_n_drop"": 0, ""rep_n_fill"": 19, ""start_n_add"": 351, ""start_n_drop"": 0, ""start_n_fill"": 11541}",ok,sols/tune_dev_Region7_F1_ls_9df072f7d2_b10.0_s2_F1__ls__b10_t2.npz,F1__ls__b10_t2,,,,
2026-09-28T17:09:31,tune,dev_Region6,F1,"{""k"": 4, ""name"": ""F1"", ""tau"": 0.0}",ls,classical,9df072f7d2,"{""g_scale"": 675.031252159593, ""ls_T0"": 0.021403233140986057, ""ls_T1"": 0.0002773999548118371, ""ls_chains"": 8, ""ls_moves"": 123816, ""ls_restart_every"": 0, ""p_add"": 0.489309171116382, ""p_swap"": 0.4083333085150997, ""start"": ""lp"", ""topw"": 9}",10.0,2,10.026,0,22.551988231675733,"[23.478713, 23.100719, 22.807449, 22.600994, 22.330517, 22.197374, 22.029931, 21.870208]",21.87020849520852,2349.1799265734267,6603,1,"{""ls_acc"": 39269046, ""rep_n_add"": 6, ""rep_n_drop"": 0, ""rep_n_fill"": 20, ""start_n_add"": 336, ""start_n_drop"": 0, ""start_n_fill"": 5091}",ok,sols/tune_dev_Region6_F1_ls_9df072f7d2_b10.0_s2_F1__ls__b10_t2.npz,F1__ls__b10_t2,,,,
2026-09-28T17:09:42,tune,dev_Region7,F1,"{""k"": 4, ""name"": ""F1"", ""tau"": 0.0}",ls,classical,c23556e44b,"{""g_scale"": 2155.4275565447515, ""ls_T0"": 0.0006677306766018312, ""ls_T1"": 1.2541143128078558e-06, ""ls_chains"": 8, ""ls_moves"": 5358, ""ls_restart_every"": 0, ""p_add"": 0.30881774853793853, ""p_swap"": 0.47004576906097556, ""start"": ""pgreedy"", ""topw"": 15}",10.0,3,10.006,0,24.145667411292443,"[24.49537, 24.144814, 24.087526, 24.087526, 24.087526, 24.087526, 24.087526, 24.087526]",24.087525900025934,1880.2438846153843,14410,1,"{""ls_acc"": 51851911, ""rep_n_add"": 0, ""rep_n_drop"": 0, ""rep_n_fill"": 46, ""start_n_add"": 1322, ""start_n_drop"": 0, ""start_n_fill"": 29089}",ok,sols/tune_dev_Region7_F1_ls_c23556e44b_b10.0_s3_F1__ls__b10_t3.npz,F1__ls__b10_t3,,,,
2026-09-28T17:09:52,tune,dev_Region6,F1,"{""k"": 4, ""name"": ""F1"", ""tau"": 0.0}",ls,classical,c23556e44b,"{""g_scale"": 2155.4275565447515, ""ls_T0"": 0.0006677306766018312, ""ls_T1"": 1.2541143128078558e-06, ""ls_chains"": 8, ""ls_moves"": 5358, ""ls_restart_every"": 0, ""p_add"": 0.30881774853793853, ""p_swap"": 0.47004576906097556, ""start"": ""pgreedy"", ""topw"": 15}",10.0,3,10.004,0,22.30894684019683,"[23.255358, 22.903053, 22.61205, 22.369464, 22.150706, 21.936626, 21.720361, 21.523958]",21.523957523957552,2214.0135454545452,5283,1,"{""ls_acc"": 13588397, ""rep_n_add"": 0, ""rep_n_drop"": 0, ""rep_n_fill"": 5, ""start_n_add"": 1238, ""start_n_drop"": 0, ""start_n_fill"": 14352}",ok,sols/tune_dev_Region6_F1_ls_c23556e44b_b10.0_s3_F1__ls__b10_t3.npz,F1__ls__b10_t3,,,,
2026-09-28T17:10:03,tune,dev_Region7,F1,"{""k"": 4, ""name"": ""F1"", ""tau"": 0.0}",ls,classical,c219f1eb3b,"{""g_scale"": 289.7212311414237, ""ls_T0"": 3.72040022970518e-05, ""ls_T1"": 5.863590765858074e-07, ""ls_chains"": 16, ""ls_moves"": 9443, ""ls_restart_every"": 0, ""p_add"": 0.013333258633848627, ""p_swap"": 0.9187426839734351, ""start"": ""pgreedy"", ""topw"": 52}",10.0,4,10.021,0,24.22882875226627,"[25.046232, 24.259243, 24.087526, 24.087526, 24.087526, 24.087526, 24.087526, 24.087526]",24.087525900025934,1875.140129370629,14620,1,"{""ls_acc"": 10253121, ""rep_n_add"": 0, ""rep_n_drop"": 0, ""rep_n_fill"": 33, ""start_n_add"": 1434, ""start_n_drop"": 0, ""start_n_fill"": 27788}",ok,sols/tune_dev_Region7_F1_ls_c219f1eb3b_b10.0_s4_F1__ls__b10_t4.npz,F1__ls__b10_t4,,,,
2026-09-28T17:10:14,tune,dev_Region6,F1,"{""k"": 4, ""name"": ""F1"", ""tau"": 0.0}",ls,classical,c219f1eb3b,"{""g_scale"": 289.7212311414237, ""ls_T0"": 3.72040022970518e-05, ""ls_T1"": 5.863590765858074e-07, ""ls_chains"": 16, ""ls_moves"": 9443, ""ls_restart_every"": 0, ""p_add"": 0.013333258633848627, ""p_swap"": 0.9187426839734351, ""start"": ""pgreedy"", ""topw"": 52}",10.0,4,10.014,0,22.393880714193177,"[23.539789, 23.094891, 22.747005, 22.423336, 22.173093, 21.959499, 21.711976, 21.501457]",21.50145687645679,2227.0375839160843,4720,1,"{""ls_acc"": 2962959, ""rep_n_add"": 0, ""rep_n_drop"": 0, ""rep_n_fill"": 2, ""start_n_add"": 1367, ""start_n_drop"": 0, ""start_n_fill"": 15588}",ok,sols/tune_dev_Region6_F1_ls_c219f1eb3b_b10.0_s4_F1__ls__b10_t4.npz,F1__ls__b10_t4,,,,
2026-09-28T17:10:25,tune,dev_Region7,F1,"{""k"": 4, ""name"": ""F1"", ""tau"": 0.0}",ls,classical,45677d48c2,"{""g_scale"": 555.6606116591612, ""ls_T0"": 0.000156986831163984, ""ls_T1"": 9.068448111123078e-08, ""ls_chains"": 16, ""ls_moves"": 67676, ""ls_restart_every"": 0, ""p_add"": 0.4480331602070674, ""p_swap"": 0.21172323729529735, ""start"": ""pgreedy"", ""topw"": 7}",10.0,5,10.027,0,24.114652130277165,"[24.304536, 24.087526, 24.087526, 24.087526, 24.087526, 24.087526, 24.087526, 24.087526]",24.087525900025934,1896.4803426573421,14729,1,"{""ls_acc"": 49384583, ""rep_n_add"": 0, ""rep_n_drop"": 0, ""rep_n_fill"": 11, ""start_n_add"": 1327, ""start_n_drop"": 0, ""start_n_fill"": 25266}",ok,sols/tune_dev_Region7_F1_ls_45677d48c2_b10.0_s5_F1__ls__b10_t5.npz,F1__ls__b10_t5,,,,
2026-09-28T17:10:36,tune,dev_Region6,F1,"{""k"": 4, ""name"": ""F1"", ""tau"": 0.0}",ls,classical,45677d48c2,"{""g_scale"": 555.6606116591612, ""ls_T0"": 0.000156986831163984, ""ls_T1"": 9.068448111123078e-08, ""ls_chains"": 16, ""ls_moves"": 67676, ""ls_restart_every"": 0, ""p_add"": 0.4480331602070674, ""p_swap"": 0.21172323729529735, ""start"": ""pgreedy"", ""topw"": 7}",10.0,5,10.012,0,22.424521658896623,"[23.353632, 23.03571, 22.761898, 22.500599, 22.257414, 22.044742, 21.810509, 21.631669]",21.631669256669092,2249.130304195804,5189,1,"{""ls_acc"": 12492740, ""rep_n_add"": 0, ""rep_n_drop"": 0, ""rep_n_fill"": 7, ""start_n_add"": 1228, ""start_n_drop"": 0, ""start_n_fill"": 14551}",ok,sols/tune_dev_Region6_F1_ls_45677d48c2_b10.0_s5_F1__ls__b10_t5.npz,F1__ls__b10_t5,,,,
2026-09-28T17:10:47,tune,dev_Region7,F1,"{""k"": 4, ""name"": ""F1"", ""tau"": 0.0}",ls,classical,e5bc555b3c,"{""g_scale"": 511.4496398156002, ""ls_T0"": 0.0016594443735891288, ""ls_T1"": 0.00011989335628061841, ""ls_chains"": 16, ""ls_moves"": 151644, ""ls_restart_every"": 0, ""p_add"": 0.07116304365302778, ""p_swap"": 0.8076662933277226, ""start"": ""pgreedy"", ""topw"": 43}",10.0,6,10.216,0,24.545254224941765,"[26.23862, 25.020137, 24.572229, 24.180944, 24.087526, 24.087526, 24.087526, 24.087526]",24.087525900025934,1841.1235349650347,14508,1,"{""ls_acc"": 42113010, ""rep_n_add"": 162, ""rep_n_drop"": 0, ""rep_n_fill"": 4270, ""start_n_add"": 1447, ""start_n_drop"": 0, ""start_n_fill"": 30593}",ok,sols/tune_dev_Region7_F1_ls_e5bc555b3c_b10.0_s6_F1__ls__b10_t6.npz,F1__ls__b10_t6,,,,
2026-09-28T17:10:58,tune,dev_Region6,F1,"{""k"": 4, ""name"": ""F1"", ""tau"": 0.0}",ls,classical,e5bc555b3c,"{""g_scale"": 511.4496398156002, ""ls_T0"": 0.0016594443735891288, ""ls_T1"": 0.00011989335628061841, ""ls_chains"": 16, ""ls_moves"": 151644, ""ls_restart_every"": 0, ""p_add"": 0.07116304365302778, ""p_swap"": 0.8076662933277226, ""start"": ""pgreedy"", ""topw"": 43}",10.0,6,10.027,0,23.507373413623412,"[24.673805, 24.191531, 23.825337, 23.597967, 23.311529, 23.01915, 22.815883, 22.623786]",22.62378593628594,2420.1089125874123,7597,1,"{""ls_acc"": 38892375, ""rep_n_add"": 26, ""rep_n_drop"": 0, ""rep_n_fill"": 25, ""start_n_add"": 1521, ""start_n_drop"": 0, ""start_n_fill"": 13824}",ok,sols/tune_dev_Region6_F1_ls_e5bc555b3c_b10.0_s6_F1__ls__b10_t6.npz,F1__ls__b10_t6,,,,
2026-09-28T17:11:09,tune,dev_Region7,F1,"{""k"": 4, ""name"": ""F1"", ""tau"": 0.0}",ls,classical,c518aac72f,"{""g_scale"": 2200.175974838301, ""ls_T0"": 0.0002942789028480088, ""ls_T1"": 1.6553404579837536e-07, ""ls_chains"": 16, ""ls_moves"": 31503, ""ls_restart_every"": 0, ""p_add"": 0.008224288684886394, ""p_swap"": 0.2016648037950276, ""start"": ""pgreedy"", ""topw"": 24}",10.0,7,10.024,0,24.570881086506112,"[26.378739, 24.967269, 24.496973, 24.144814, 24.144814, 24.144814, 24.144814, 24.144814]",24.144813519813557,1878.073157342657,14464,1,"{""ls_acc"": 2295961, ""rep_n_add"": 25, ""rep_n_drop"": 0, ""rep_n_fill"": 10142, ""start_n_add"": 1434, ""start_n_drop"": 0, ""start_n_fill"": 15447}",ok,sols/tune_dev_Region7_F1_ls_c518aac72f_b10.0_s7_F1__ls__b10_t7.npz,F1__ls__b10_t7,,,,
2026-09-28T17:11:20,tune,dev_Region6,F1,"{""k"": 4, ""name"": ""F1"", ""tau"": 0.0}",ls,classical,c518aac72f,"{""g_scale"": 2200.175974838301, ""ls_T0"": 0.0002942789028480088, ""ls_T1"": 1.6553404579837536e-07, ""ls_chains"": 16, ""ls_moves"": 31503, ""ls_restart_every"": 0, ""p_add"": 0.008224288684886394, ""p_swap"": 0.2016648037950276, ""start"": ""pgreedy"", ""topw"": 24}",10.0,7,10.024,0,23.981402567340083,"[27.411988, 25.096024, 24.361419, 23.793852, 23.329319, 22.945642, 22.604183, 22.308793]",22.308793058793068,2567.062601398601,7672,1,"{""ls_acc"": 1412199, ""rep_n_add"": 50, ""rep_n_drop"": 0, ""rep_n_fill"": 5375, ""start_n_add"": 1374, ""start_n_drop"": 0, ""start_n_fill"": 8102}",ok,sols/tune_dev_Region6_F1_ls_c518aac72f_b10.0_s7_F1__ls__b10_t7.npz,F1__ls__b10_t7,,,,
2026-09-28T17:11:31,tune,dev_Region7,F1,"{""k"": 4, ""name"": ""F1"", ""tau"": 0.0}",ls,classical,265bc9a939,"{""g_scale"": 8337.984800372698, ""ls_T0"": 0.012194259304779041, ""ls_T1"": 5.151008441261852e-05, ""ls_chains"": 16, ""ls_moves"": 42329, ""ls_restart_every"": 0, ""p_add"": 0.35547372709938485, ""p_swap"": 0.3236774599178473, ""start"": ""pgreedy"", ""topw"": 33}",10.0,8,10.048,0,24.202404655529698,"[24.700839, 24.335956, 24.144814, 24.087526, 24.087526, 24.087526, 24.087526, 24.087526]",24.087525900025934,1860.801192307692,14256,1,"{""ls_acc"": 48731429, ""rep_n_add"": 13, ""rep_n_drop"": 0, ""rep_n_fill"": 57, ""start_n_add"": 1375, ""start_n_drop"": 0, ""start_n_fill"": 29759}",ok,sols/tune_dev_Region7_F1_ls_265bc9a939_b10.0_s8_F1__ls__b10_t8.npz,F1__ls__b10_t8,,,,
2026-09-28T17:11:42,tune,dev_Region6,F1,"{""k"": 4, ""name"": ""F1"", ""tau"": 0.0}",ls,classical,265bc9a939,"{""g_scale"": 8337.984800372698, ""ls_T0"": 0.012194259304779041, ""ls_T1"": 5.151008441261852e-05, ""ls_chains"": 16, ""ls_moves"": 42329, ""ls_restart_every"": 0, ""p_add"": 0.35547372709938485, ""p_swap"": 0.3236774599178473, ""start"": ""pgreedy"", ""topw"": 33}",10.0,8,10.003,0,22.643728956228934,"[23.672446, 23.361322, 22.993978, 22.683518, 22.465731, 22.213076, 21.983926, 21.775835]",21.775835275835316,2180.164902097902,4446,1,"{""ls_acc"": 44342814, ""rep_n_add"": 10, ""rep_n_drop"": 0, ""rep_n_fill"": 14, ""start_n_add"": 1286, ""start_n_drop"": 0, ""start_n_fill"": 15254}",ok,sols/tune_dev_Region6_F1_ls_265bc9a939_b10.0_s8_F1__ls__b10_t8.npz,F1__ls__b10_t8,,,,
2026-09-28T17:11:53,tune,dev_Region7,F1,"{""k"": 4, ""name"": ""F1"", ""tau"": 0.0}",ls,classical,25ebe901dc,"{""g_scale"": 762.7288777398302, ""ls_T0"": 0.001932618175969679, ""ls_T1"": 0.00019004614895555696, ""ls_chains"": 16, ""ls_moves"": 19784, ""ls_restart_every"": 0, ""p_add"": 0.3306282293893413, ""p_swap"": 0.3230642188291738, ""start"": ""pgreedy"", ""topw"": 15}",10.0,9,10.02,0,24.345216993654525,"[25.315932, 24.617602, 24.390572, 24.087526, 24.087526, 24.087526, 24.087526, 24.087526]",24.087525900025934,1830.4103706293704,14249,1,"{""ls_acc"": 70604528, ""rep_n_add"": 40, ""rep_n_drop"": 0, ""rep_n_fill"": 69, ""start_n_add"": 1336, ""start_n_drop"": 0, ""start_n_fill"": 28385}",ok,sols/tune_dev_Region7_F1_ls_25ebe901dc_b10.0_s9_F1__ls__b10_t9.npz,F1__ls__b10_t9,,,,
2026-09-28T17:12:04,tune,dev_Region6,F1,"{""k"": 4, ""name"": ""F1"", ""tau"": 0.0}",ls,classical,25ebe901dc,"{""g_scale"": 762.7288777398302, ""ls_T0"": 0.001932618175969679, ""ls_T1"": 0.00019004614895555696, ""ls_chains"": 16, ""ls_moves"": 19784, ""ls_restart_every"": 0, ""p_add"": 0.3306282293893413, ""p_swap"": 0.3230642188291738, ""start"": ""pgreedy"", ""topw"": 15}",10.0,9,10.014,0,23.005534107096633,"[23.999579, 23.680394, 23.277972, 23.030999, 22.808194, 22.619885, 22.481255, 22.145995]",22.145995208495215,2408.1416608391605,6879,1,"{""ls_acc"": 71786259, ""rep_n_add"": 35, ""rep_n_drop"": 0, ""rep_n_fill"": 32, ""start_n_add"": 1300, ""start_n_drop"": 0, ""start_n_fill"": 16197}",ok,sols/tune_dev_Region6_F1_ls_25ebe901dc_b10.0_s9_F1__ls__b10_t9.npz,F1__ls__b10_t9,,,,
2026-09-28T17:12:15,tune,dev_Region7,F1,"{""k"": 4, ""name"": ""F1"", ""tau"": 0.0}",pt,ising,745ff506d7,"{""eim_R"": 16, ""eim_Tmax"": 0.003, ""eim_Tmin"": 1e-06, ""eim_anneal"": 0.0, ""eim_hscale"": 10.0, ""eim_moves"": 20000, ""eim_rho"": 50.0, ""g_scale"": 3000.0, ""p_add"": 0.2, ""p_swap"": 0.6, ""start"": ""lp"", ""topw"": 8}",10.0,0,10.02,0,24.104777745402785,"[24.225541, 24.087526, 24.087526, 24.087526, 24.087526, 24.087526, 24.087526, 24.087526]",24.087525900025934,1878.181762237762,15057,1,"{""eim_acc"": 6885722, ""rep_n_add"": 0, ""rep_n_drop"": 0, ""rep_n_fill"": 0, ""start_n_add"": 296, ""start_n_drop"": 0, ""start_n_fill"": 10526}",ok,sols/tune_dev_Region7_F1_pt_745ff506d7_b10.0_s0_F1__pt__b10_t0.npz,F1__pt__b10_t0,,,,
2026-09-28T17:12:26,tune,dev_Region6,F1,"{""k"": 4, ""name"": ""F1"", ""tau"": 0.0}",pt,ising,745ff506d7,"{""eim_R"": 16, ""eim_Tmax"": 0.003, ""eim_Tmin"": 1e-06, ""eim_anneal"": 0.0, ""eim_hscale"": 10.0, ""eim_moves"": 20000, ""eim_rho"": 50.0, ""g_scale"": 3000.0, ""p_add"": 0.2, ""p_swap"": 0.6, ""start"": ""lp"", ""topw"": 8}",10.0,0,10.01,0,22.413030545843043,"[23.170519, 22.856611, 22.6357, 22.46013, 22.306494, 22.137011, 21.960389, 21.777389]",21.777389277389243,2263.7528636363636,6596,1,"{""eim_acc"": 3477342, ""rep_n_add"": 0, ""rep_n_drop"": 0, ""rep_n_fill"": 0, ""start_n_add"": 284, ""start_n_drop"": 0, ""start_n_fill"": 7440}",ok,sols/tune_dev_Region6_F1_pt_745ff506d7_b10.0_s0_F1__pt__b10_t0.npz,F1__pt__b10_t0,,,,
2026-09-28T17:12:37,tune,dev_Region7,F1,"{""k"": 4, ""name"": ""F1"", ""tau"": 0.0}",pt,ising,6a357b6c2a,"{""eim_R"": 64, ""eim_Tmax"": 0.022388264096178515, ""eim_Tmin"": 5.6279320474151646e-06, ""eim_anneal"": 0.07032569761590807, ""eim_hscale"": 59.812219011525556, ""eim_moves"": 174910, ""eim_rho"": 18.71450068624066, ""g_scale"": 149.36835544198456, ""p_add"": 0.19172075941288885, ""p_swap"": 0.6420036530145916, ""start"": ""pgreedy"", ""topw"": 11}",10.0,1,10.141,0,24.5876210016835,"[25.549679, 25.186982, 24.80732, 24.520882, 24.267045, 24.194007, 24.087526, 24.087526]",24.087525900025934,1843.467108391608,15262,1,"{""eim_acc"": 7888299, ""rep_n_add"": 0, ""rep_n_drop"": 0, ""rep_n_fill"": 3, ""start_n_add"": 1705, ""start_n_drop"": 0, ""start_n_fill"": 20019}",ok,sols/tune_dev_Region7_F1_pt_6a357b6c2a_b10.0_s1_F1__pt__b10_t1.npz,F1__pt__b10_t1,,,,
2026-09-28T17:12:48,tune,dev_Region6,F1,"{""k"": 4, ""name"": ""F1"", ""tau"": 0.0}",pt,ising,6a357b6c2a,"{""eim_R"": 64, ""eim_Tmax"": 0.022388264096178515, ""eim_Tmin"": 5.6279320474151646e-06, ""eim_anneal"": 0.07032569761590807, ""eim_hscale"": 59.812219011525556, ""eim_moves"": 174910, ""eim_rho"": 18.71450068624066, ""g_scale"": 149.36835544198456, ""p_add"": 0.19172075941288885, ""p_swap"": 0.6420036530145916, ""start"": ""pgreedy"", ""topw"": 11}",10.0,1,9.986,0,23.84290420227918,"[25.186205, 24.592091, 24.13086, 23.846429, 23.607064, 23.346024, 23.058842, 22.975719]",22.97571872571881,2496.9886853146854,8312,1,"{""eim_acc"": 12009651, ""rep_n_add"": 0, ""rep_n_drop"": 0, ""rep_n_fill"": 0, ""start_n_add"": 1441, ""start_n_drop"": 0, ""start_n_fill"": 7879}",ok,sols/tune_dev_Region6_F1_pt_6a357b6c2a_b10.0_s1_F1__pt__b10_t1.npz,F1__pt__b10_t1,,,,
2026-09-28T17:12:59,tune,dev_Region7,F1,"{""k"": 4, ""name"": ""F1"", ""tau"": 0.0}",pt,ising,c2cb5ed85b,"{""eim_R"": 32, ""eim_Tmax"": 0.01081686613933192, ""eim_Tmin"": 7.013219779945795e-06, ""eim_anneal"": 0.2619100559835807, ""eim_hscale"": 1.7538232373118046, ""eim_moves"": 7734, ""eim_rho"": 12.229065947034353, ""g_scale"": 3535.6346291488144, ""p_add"": 0.3199605106637619, ""p_swap"": 0.2616475745120573, ""start"": ""pgreedy"", ""topw"": 52}",10.0,2,10.008,0,24.20144756863509,"[24.526596, 24.44213, 24.205225, 24.087526, 24.087526, 24.087526, 24.087526, 24.087526]",24.087525900025934,1837.5496328671322,14854,1,"{""eim_acc"": 17298376, ""rep_n_add"": 1, ""rep_n_drop"": 0, ""rep_n_fill"": 21, ""start_n_add"": 1402, ""start_n_drop"": 0, ""start_n_fill"": 30153}",ok,sols/tune_dev_Region7_F1_pt_c2cb5ed85b_b10.0_s2_F1__pt__b10_t2.npz,F1__pt__b10_t2,,,,
2026-09-28T17:13:10,tune,dev_Region6,F1,"{""k"": 4, ""name"": ""F1"", ""tau"": 0.0}",pt,ising,c2cb5ed85b,"{""eim_R"": 32, ""eim_Tmax"": 0.01081686613933192, ""eim_Tmin"": 7.013219779945795e-06, ""eim_anneal"": 0.2619100559835807, ""eim_hscale"": 1.7538232373118046, ""eim_moves"": 7734, ""eim_rho"": 12.229065947034353, ""g_scale"": 3535.6346291488144, ""p_add"": 0.3199605106637619, ""p_swap"": 0.2616475745120573, ""start"": ""pgreedy"", ""topw"": 52}",10.0,2,10.011,0,22.67801209207458,"[23.684926, 23.328979, 23.001068, 22.724327, 22.472303, 22.258596, 22.068651, 21.885247]",21.885246697746723,2212.511562937063,5491,1,"{""eim_acc"": 14661161, ""rep_n_add"": 2, ""rep_n_drop"": 0, ""rep_n_fill"": 3, ""start_n_add"": 1288, ""start_n_drop"": 0, ""start_n_fill"": 17585}",ok,sols/tune_dev_Region6_F1_pt_c2cb5ed85b_b10.0_s2_F1__pt__b10_t2.npz,F1__pt__b10_t2,,,,
2026-09-28T17:13:21,tune,dev_Region7,F1,"{""k"": 4, ""name"": ""F1"", ""tau"": 0.0}",pt,ising,f817f15f22,"{""eim_R"": 16, ""eim_Tmax"": 0.3963283547730436, ""eim_Tmin"": 0.0005956516018710562, ""eim_anneal"": 0.2082787354631025, ""eim_hscale"": 10.278118224157009, ""eim_moves"": 18832, ""eim_rho"": 46.458679515124714, ""g_scale"": 181.07254066631089, ""p_add"": 0.21851597689967073, ""p_swap"": 0.5707798346517168, ""start"": ""pgreedy"", ""topw"": 2}",10.0,3,10.007,0,25.058948863636388,"[26.972028, 25.692664, 25.275091, 25.012481, 24.720069, 24.382657, 24.208301, 24.208301]",24.208300958300995,1802.675972027972,14503,1,"{""eim_acc"": 36745672, ""rep_n_add"": 1, ""rep_n_drop"": 0, ""rep_n_fill"": 17, ""start_n_add"": 1529, ""start_n_drop"": 0, ""start_n_fill"": 31589}",ok,sols/tune_dev_Region7_F1_pt_f817f15f22_b10.0_s3_F1__pt__b10_t3.npz,F1__pt__b10_t3,,,,
2026-09-28T17:13:32,tune,dev_Region6,F1,"{""k"": 4, ""name"": ""F1"", ""tau"": 0.0}",pt,ising,f817f15f22,"{""eim_R"": 16, ""eim_Tmax"": 0.3963283547730436, ""eim_Tmin"": 0.0005956516018710562, ""eim_anneal"": 0.2082787354631025, ""eim_hscale"": 10.278118224157009, ""eim_moves"": 18832, ""eim_rho"": 46.458679515124714, ""g_scale"": 181.07254066631089, ""p_add"": 0.21851597689967073, ""p_swap"": 0.5707798346517168, ""start"": ""pgreedy"", ""topw"": 2}",10.0,3,10.009,0,24.476018194768177,"[26.051832, 25.428386, 24.912539, 24.499013, 24.136315, 23.841411, 23.588206, 23.350444]",23.35044353794361,2349.22356993007,7772,1,"{""eim_acc"": 40732954, ""rep_n_add"": 15, ""rep_n_drop"": 0, ""rep_n_fill"": 6, ""start_n_add"": 1527, ""start_n_drop"": 0, ""start_n_fill"": 12510}",ok,sols/tune_dev_Region6_F1_pt_f817f15f22_b10.0_s3_F1__pt__b10_t3.npz,F1__pt__b10_t3,,,,
2026-09-28T17:13:43,tune,dev_Region7,F1,"{""k"": 4, ""name"": ""F1"", ""tau"": 0.0}",pt,ising,e31a14d02b,"{""eim_R"": 16, ""eim_Tmax"": 6.840342246366934e-06, ""eim_Tmin"": 3.2202378453311506e-07, ""eim_anneal"": 0.5962767279261619, ""eim_hscale"": 99.13773847646657, ""eim_moves"": 5383, ""eim_rho"": 1.1167684943566796, ""g_scale"": 5387.10565840382, ""p_add"": 0.20003338804169363, ""p_swap"": 0.3482973720482757, ""start"": ""lp"", ""topw"": 9}",10.0,4,10.005,0,24.11513977920231,"[24.251149, 24.144814, 24.087526, 24.087526, 24.087526, 24.087526, 24.087526, 24.087526]",24.087525900025934,1869.6353181818179,14959,1,"{""eim_acc"": 1009299, ""rep_n_add"": 0, ""rep_n_drop"": 0, ""rep_n_fill"": 1, ""start_n_add"": 324, ""start_n_drop"": 0, ""start_n_fill"": 9254}",ok,sols/tune_dev_Region7_F1_pt_e31a14d02b_b10.0_s4_F1__pt__b10_t4.npz,F1__pt__b10_t4,,,,
2026-09-28T17:13:54,tune,dev_Region6,F1,"{""k"": 4, ""name"": ""F1"", ""tau"": 0.0}",pt,ising,e31a14d02b,"{""eim_R"": 16, ""eim_Tmax"": 6.840342246366934e-06, ""eim_Tmin"": 3.2202378453311506e-07, ""eim_anneal"": 0.5962767279261619, ""eim_hscale"": 99.13773847646657, ""eim_moves"": 5383, ""eim_rho"": 1.1167684943566796, ""g_scale"": 5387.10565840382, ""p_add"": 0.20003338804169363, ""p_swap"": 0.3482973720482757, ""start"": ""lp"", ""topw"": 9}",10.0,4,10.01,0,22.486979166666654,"[23.233974, 22.986224, 22.702198, 22.52242, 22.448508, 22.210114, 21.991356, 21.801039]",21.80103923853931,2451.9958741258743,8200,1,"{""eim_acc"": 44763, ""rep_n_add"": 0, ""rep_n_drop"": 0, ""rep_n_fill"": 1, ""start_n_add"": 372, ""start_n_drop"": 0, ""start_n_fill"": 3477}",ok,sols/tune_dev_Region6_F1_pt_e31a14d02b_b10.0_s4_F1__pt__b10_t4.npz,F1__pt__b10_t4,,,,
2026-09-28T17:14:05,tune,dev_Region7,F1,"{""k"": 4, ""name"": ""F1"", ""tau"": 0.0}",pt,ising,eb1d04fc51,"{""eim_R"": 16, ""eim_Tmax"": 7.3329031629428645e-06, ""eim_Tmin"": 1.1006348269620852e-06, ""eim_anneal"": 0.9462286962175356, ""eim_hscale"": 1.8587633596816164, ""eim_moves"": 18358, ""eim_rho"": 3.506794739778118, ""g_scale"": 774.8399988560119, ""p_add"": 0.22230587257383633, ""p_swap"": 0.46272105013386755, ""start"": ""lp"", ""topw"": 20}",10.0,5,10.016,0,24.094743508806044,"[24.145267, 24.087526, 24.087526, 24.087526, 24.087526, 24.087526, 24.087526, 24.087526]",24.087525900025934,1866.7923951048947,14848,1,"{""eim_acc"": 3105831, ""rep_n_add"": 0, ""rep_n_drop"": 0, ""rep_n_fill"": 7, ""start_n_add"": 177, ""start_n_drop"": 0, ""start_n_fill"": 11322}",ok,sols/tune_dev_Region7_F1_pt_eb1d04fc51_b10.0_s5_F1__pt__b10_t5.npz,F1__pt__b10_t5,,,,
2026-09-28T17:14:16,tune,dev_Region6,F1,"{""k"": 4, ""name"": ""F1"", ""tau"": 0.0}",pt,ising,eb1d04fc51,"{""eim_R"": 16, ""eim_Tmax"": 7.3329031629428645e-06, ""eim_Tmin"": 1.1006348269620852e-06, ""eim_anneal"": 0.9462286962175356, ""eim_hscale"": 1.8587633596816164, ""eim_moves"": 18358, ""eim_rho"": 3.506794739778118, ""g_scale"": 774.8399988560119, ""p_add"": 0.22230587257383633, ""p_swap"": 0.46272105013386755, ""start"": ""lp"", ""topw"": 20}",10.0,5,10.011,0,22.27498543123545,"[23.080225, 22.775301, 22.537685, 22.353908, 22.128577, 21.944574, 21.779138, 21.600476]",21.60047591297594,2269.7606993006993,6594,1,"{""eim_acc"": 287022, ""rep_n_add"": 0, ""rep_n_drop"": 0, ""rep_n_fill"": 6, ""start_n_add"": 268, ""start_n_drop"": 0, ""start_n_fill"": 7486}",ok,sols/tune_dev_Region6_F1_pt_eb1d04fc51_b10.0_s5_F1__pt__b10_t5.npz,F1__pt__b10_t5,,,,
2026-09-28T17:14:27,tune,dev_Region7,F1,"{""k"": 4, ""name"": ""F1"", ""tau"": 0.0}",pt,ising,6d5fd13fa7,"{""eim_R"": 16, ""eim_Tmax"": 5.781299393458698e-06, ""eim_Tmin"": 1.64051916149452e-06, ""eim_anneal"": 0.6629489546805363, ""eim_hscale"": 2.3613697065671944, ""eim_moves"": 17276, ""eim_rho"": 85.54444659081884, ""g_scale"": 469.3417407209877, ""p_add"": 0.02502959652654488, ""p_swap"": 0.877168501001951, ""start"": ""lp"", ""topw"": 7}",10.0,6,10.011,0,24.099949818699848,"[24.186917, 24.087526, 24.087526, 24.087526, 24.087526, 24.087526, 24.087526, 24.087526]",24.087525900025934,1852.4304720279715,14707,1,"{""eim_acc"": 1165380, ""rep_n_add"": 0, ""rep_n_drop"": 0, ""rep_n_fill"": 3, ""start_n_add"": 458, ""start_n_drop"": 0, ""start_n_fill"": 9806}",ok,sols/tune_dev_Region7_F1_pt_6d5fd13fa7_b10.0_s6_F1__pt__b10_t6.npz,F1__pt__b10_t6,,,,
2026-09-28T17:14:38,tune,dev_Region6,F1,"{""k"": 4, ""name"": ""F1"", ""tau"": 0.0}",pt,ising,6d5fd13fa7,"{""eim_R"": 16, ""eim_Tmax"": 5.781299393458698e-06, ""eim_Tmin"": 1.64051916149452e-06, ""eim_anneal"": 0.6629489546805363, ""eim_hscale"": 2.3613697065671944, ""eim_moves"": 17276, ""eim_rho"": 85.54444659081884, ""g_scale"": 469.3417407209877, ""p_add"": 0.02502959652654488, ""p_swap"": 0.877168501001951, ""start"": ""lp"", ""topw"": 7}",10.0,6,10.014,0,22.330886994949505,"[23.021756, 22.827393, 22.605332, 22.383207, 22.251764, 22.047009, 21.846931, 21.663704]",21.663704351204256,2380.736629370629,8250,1,"{""eim_acc"": 89489, ""rep_n_add"": 0, ""rep_n_drop"": 0, ""rep_n_fill"": 0, ""start_n_add"": 306, ""start_n_drop"": 0, ""start_n_fill"": 4208}",ok,sols/tune_dev_Region6_F1_pt_6d5fd13fa7_b10.0_s6_F1__pt__b10_t6.npz,F1__pt__b10_t6,,,,
2026-09-28T17:14:49,tune,dev_Region7,F1,"{""k"": 4, ""name"": ""F1"", ""tau"": 0.0}",pt,ising,79cfedc42b,"{""eim_R"": 16, ""eim_Tmax"": 0.01334810167563324, ""eim_Tmin"": 0.0001882482965355216, ""eim_anneal"": 0.9525411717301083, ""eim_hscale"": 0.8718494407847459, ""eim_moves"": 59172, ""eim_rho"": 27.09573752806049, ""g_scale"": 269.6408142513329, ""p_add"": 0.194981001084837, ""p_swap"": 0.4243939610308033, ""start"": ""lp"", ""topw"": 31}",10.0,7,10.029,0,24.173991517741555,"[24.667233, 24.199544, 24.087526, 24.087526, 24.087526, 24.087526, 24.087526, 24.087526]",24.087525900025934,1899.5872237762233,14585,1,"{""eim_acc"": 29261905, ""rep_n_add"": 2, ""rep_n_drop"": 0, ""rep_n_fill"": 5, ""start_n_add"": 450, ""start_n_drop"": 0, ""start_n_fill"": 13066}",ok,sols/tune_dev_Region7_F1_pt_79cfedc42b_b10.0_s7_F1__pt__b10_t7.npz,F1__pt__b10_t7,,,,
2026-09-28T17:15:00,tune,dev_Region6,F1,"{""k"": 4, ""name"": ""F1"", ""tau"": 0.0}",pt,ising,79cfedc42b,"{""eim_R"": 16, ""eim_Tmax"": 0.01334810167563324, ""eim_Tmin"": 0.0001882482965355216, ""eim_anneal"": 0.9525411717301083, ""eim_hscale"": 0.8718494407847459, ""eim_moves"": 59172, ""eim_rho"": 27.09573752806049, ""g_scale"": 269.6408142513329, ""p_add"": 0.194981001084837, ""p_swap"": 0.4243939610308033, ""start"": ""lp"", ""topw"": 31}",10.0,7,10.073,0,22.39553993460243,"[23.492489, 22.871649, 22.654008, 22.420293, 22.205954, 22.032084, 21.837056, 21.650787]",21.650786713286685,2433.487346153846,6250,1,"{""eim_acc"": 25629239, ""rep_n_add"": 0, ""rep_n_drop"": 0, ""rep_n_fill"": 7, ""start_n_add"": 551, ""start_n_drop"": 0, ""start_n_fill"": 4128}",ok,sols/tune_dev_Region6_F1_pt_79cfedc42b_b10.0_s7_F1__pt__b10_t7.npz,F1__pt__b10_t7,,,,
2026-09-28T17:15:11,tune,dev_Region7,F1,"{""k"": 4, ""name"": ""F1"", ""tau"": 0.0}",pt,ising,49e5d6b83d,"{""eim_R"": 16, ""eim_Tmax"": 2.1789220462003005, ""eim_Tmin"": 0.000527895176446479, ""eim_anneal"": 0.9518128726995312, ""eim_hscale"": 5.696605978323529, ""eim_moves"": 6686, ""eim_rho"": 2.649339554344387, ""g_scale"": 4993.941412749836, ""p_add"": 0.1034179031978551, ""p_swap"": 0.8102848055978014, ""start"": ""lp"", ""topw"": 27}",10.0,8,10.014,0,24.166644408831942,"[24.609946, 24.198054, 24.087526, 24.087526, 24.087526, 24.087526, 24.087526, 24.087526]",24.087525900025934,1878.0348041958039,14607,1,"{""eim_acc"": 34024136, ""rep_n_add"": 0, ""rep_n_drop"": 0, ""rep_n_fill"": 21, ""start_n_add"": 402, ""start_n_drop"": 0, ""start_n_fill"": 11656}",ok,sols/tune_dev_Region7_F1_pt_49e5d6b83d_b10.0_s8_F1__pt__b10_t8.npz,F1__pt__b10_t8,,,,
2026-09-28T17:15:22,tune,dev_Region6,F1,"{""k"": 4, ""name"": ""F1"", ""tau"": 0.0}",pt,ising,49e5d6b83d,"{""eim_R"": 16, ""eim_Tmax"": 2.1789220462003005, ""eim_Tmin"": 0.000527895176446479, ""eim_anneal"": 0.9518128726995312, ""eim_hscale"": 5.696605978323529, ""eim_moves"": 6686, ""eim_rho"": 2.649339554344387, ""g_scale"": 4993.941412749836, ""p_add"": 0.1034179031978551, ""p_swap"": 0.8102848055978014, ""start"": ""lp"", ""topw"": 27}",10.0,8,10.007,0,22.589413769101313,"[23.623511, 23.171005, 22.872653, 22.644943, 22.42816, 22.200385, 21.998705, 21.775949]",21.775948588448742,2377.0314055944054,6138,1,"{""eim_acc"": 31586860, ""rep_n_add"": 9, ""rep_n_drop"": 0, ""rep_n_fill"": 5, ""start_n_add"": 446, ""start_n_drop"": 0, ""start_n_fill"": 5661}",ok,sols/tune_dev_Region6_F1_pt_49e5d6b83d_b10.0_s8_F1__pt__b10_t8.npz,F1__pt__b10_t8,,,,
2026-09-28T17:15:33,tune,dev_Region7,F1,"{""k"": 4, ""name"": ""F1"", ""tau"": 0.0}",pt,ising,a1b326f6fd,"{""eim_R"": 16, ""eim_Tmax"": 0.0002818248884904255, ""eim_Tmin"": 2.7318348440821506e-05, ""eim_anneal"": 0.6641115471181485, ""eim_hscale"": 0.8660018700283132, ""eim_moves"": 8103, ""eim_rho"": 0.22220214200178764, ""g_scale"": 1483.3493457279637, ""p_add"": 0.06514230661112433, ""p_swap"": 0.21837077298886115, ""start"": ""lp"", ""topw"": 41}",10.0,9,10.008,0,24.26613895363898,"[25.098177, 24.478001, 24.115304, 24.087526, 24.087526, 24.087526, 24.087526, 24.087526]",24.087525900025934,1853.0506993006989,14491,1,"{""eim_acc"": 9445639, ""rep_n_add"": 49, ""rep_n_drop"": 0, ""rep_n_fill"": 396, ""start_n_add"": 339, ""start_n_drop"": 0, ""start_n_fill"": 11060}",ok,sols/tune_dev_Region7_F1_pt_a1b326f6fd_b10.0_s9_F1__pt__b10_t9.npz,F1__pt__b10_t9,,,,
2026-09-28T17:15:44,tune,dev_Region6,F1,"{""k"": 4, ""name"": ""F1"", ""tau"": 0.0}",pt,ising,a1b326f6fd,"{""eim_R"": 16, ""eim_Tmax"": 0.0002818248884904255, ""eim_Tmin"": 2.7318348440821506e-05, ""eim_anneal"": 0.6641115471181485, ""eim_hscale"": 0.8660018700283132, ""eim_moves"": 8103, ""eim_rho"": 0.22220214200178764, ""g_scale"": 1483.3493457279637, ""p_add"": 0.06514230661112433, ""p_swap"": 0.21837077298886115, ""start"": ""lp"", ""topw"": 41}",10.0,9,10.007,0,22.832147597772643,"[24.203849, 23.649168, 23.196921, 22.845879, 22.56182, 22.305005, 22.050165, 21.844373]",21.84437321937349,2308.0557237762237,4962,1,"{""eim_acc"": 7548750, ""rep_n_add"": 45, ""rep_n_drop"": 0, ""rep_n_fill"": 27, ""start_n_add"": 322, ""start_n_drop"": 0, ""start_n_fill"": 5164}",ok,sols/tune_dev_Region6_F1_pt_a1b326f6fd_b10.0_s9_F1__pt__b10_t9.npz,F1__pt__b10_t9,,,,
2026-09-28T17:15:55,tune,dev_Region7,F1,"{""k"": 4, ""name"": ""F1"", ""tau"": 0.0}",eim,ising,1b83459bc0,"{""eim_R"": 16, ""eim_Tmax"": 0.003, ""eim_Tmin"": 1e-06, ""eim_anneal"": 0.0, ""eim_eta"": 1.0, ""eim_hscale"": 10.0, ""eim_moves"": 20000, ""eim_rho"": 50.0, ""g_scale"": 3000.0, ""p_add"": 0.2, ""p_swap"": 0.6, ""start"": ""lp"", ""topw"": 8}",10.0,0,10.02,0,24.116139358326862,"[24.316434, 24.087526, 24.087526, 24.087526, 24.087526, 24.087526, 24.087526, 24.087526]",24.087525900025934,1868.0154720279718,14790,1,"{""eim_acc"": 46857193, ""rep_n_add"": 0, ""rep_n_drop"": 0, ""rep_n_fill"": 8, ""start_n_add"": 214, ""start_n_drop"": 0, ""start_n_fill"": 13070}",ok,sols/tune_dev_Region7_F1_eim_1b83459bc0_b10.0_s0_F1__eim__b10_t0.npz,F1__eim__b10_t0,,,,
2026-09-28T17:16:06,tune,dev_Region6,F1,"{""k"": 4, ""name"": ""F1"", ""tau"": 0.0}",eim,ising,1b83459bc0,"{""eim_R"": 16, ""eim_Tmax"": 0.003, ""eim_Tmin"": 1e-06, ""eim_anneal"": 0.0, ""eim_eta"": 1.0, ""eim_hscale"": 10.0, ""eim_moves"": 20000, ""eim_rho"": 50.0, ""g_scale"": 3000.0, ""p_add"": 0.2, ""p_swap"": 0.6, ""start"": ""lp"", ""topw"": 8}",10.0,0,10.016,0,22.281585890960898,"[23.152405, 22.813617, 22.550715, 22.325094, 22.120338, 21.937597, 21.759421, 21.593499]",21.593499093499076,2218.9865,6244,1,"{""eim_acc"": 22931054, ""rep_n_add"": 0, ""rep_n_drop"": 0, ""rep_n_fill"": 7, ""start_n_add"": 255, ""start_n_drop"": 0, ""start_n_fill"": 6895}",ok,sols/tune_dev_Region6_F1_eim_1b83459bc0_b10.0_s0_F1__eim__b10_t0.npz,F1__eim__b10_t0,,,,
2026-09-28T17:16:18,tune,dev_Region7,F1,"{""k"": 4, ""name"": ""F1"", ""tau"": 0.0}",eim,ising,0e0a89c7af,"{""eim_R"": 64, ""eim_Tmax"": 0.022388264096178515, ""eim_Tmin"": 5.6279320474151646e-06, ""eim_anneal"": 0.07032569761590807, ""eim_eta"": 0.018255254802399014, ""eim_hscale"": 59.812219011525556, ""eim_moves"": 174910, ""eim_rho"": 18.71450068624066, ""g_scale"": 109.7581541938016, ""p_add"": 0.19172075941288885, ""p_swap"": 0.6420036530145916, ""start"": ""pgreedy"", ""topw"": 11}",10.0,1,10.496,0,24.198839355089383,"[24.703736, 24.361823, 24.087526, 24.087526, 24.087526, 24.087526, 24.087526, 24.087526]",24.087525900025934,1879.5768671328667,14713,1,"{""eim_acc"": 57028263, ""rep_n_add"": 9, ""rep_n_drop"": 0, ""rep_n_fill"": 79, ""start_n_add"": 1380, ""start_n_drop"": 0, ""start_n_fill"": 28687}",ok,sols/tune_dev_Region7_F1_eim_0e0a89c7af_b10.0_s1_F1__eim__b10_t1.npz,F1__eim__b10_t1,,,,
2026-09-28T17:16:29,tune,dev_Region6,F1,"{""k"": 4, ""name"": ""F1"", ""tau"": 0.0}",eim,ising,0e0a89c7af,"{""eim_R"": 64, ""eim_Tmax"": 0.022388264096178515, ""eim_Tmin"": 5.6279320474151646e-06, ""eim_anneal"": 0.07032569761590807, ""eim_eta"": 0.018255254802399014, ""eim_hscale"": 59.812219011525556, ""eim_moves"": 174910, ""eim_rho"": 18.71450068624066, ""g_scale"": 109.7581541938016, ""p_add"": 0.19172075941288885, ""p_swap"": 0.6420036530145916, ""start"": ""pgreedy"", ""topw"": 11}",10.0,1,10.68,0,22.521066028878472,"[23.62466, 23.248867, 22.843353, 22.558955, 22.260231, 22.085551, 21.856401, 21.690511]",21.69051087801078,2302.202272727273,6336,1,"{""eim_acc"": 60365035, ""rep_n_add"": 3, ""rep_n_drop"": 0, ""rep_n_fill"": 26, ""start_n_add"": 1363, ""start_n_drop"": 0, ""start_n_fill"": 17155}",ok,sols/tune_dev_Region6_F1_eim_0e0a89c7af_b10.0_s1_F1__eim__b10_t1.npz,F1__eim__b10_t1,,,,
2026-09-28T17:16:40,tune,dev_Region7,F1,"{""k"": 4, ""name"": ""F1"", ""tau"": 0.0}",eim,ising,fea13985a5,"{""eim_R"": 16, ""eim_Tmax"": 0.0007255047403074508, ""eim_Tmin"": 0.00013246974647468452, ""eim_anneal"": 0.7664913525398744, ""eim_eta"": 0.23358825194833557, ""eim_hscale"": 0.6218230782016851, ""eim_moves"": 52984, ""eim_rho"": 4.5566719139214715, ""g_scale"": 1370.4648392849028, ""p_add"": 0.0716766437045232, ""p_swap"": 0.8407909904010871, ""start"": ""lp"", ""topw"": 11}",10.0,2,10.014,0,24.12181308275062,"[24.361823, 24.087526, 24.087526, 24.087526, 24.087526, 24.087526, 24.087526, 24.087526]",24.087525900025934,1881.5148006993002,14692,1,"{""eim_acc"": 53385830, ""rep_n_add"": 0, ""rep_n_drop"": 0, ""rep_n_fill"": 166, ""start_n_add"": 320, ""start_n_drop"": 0, ""start_n_fill"": 11796}",ok,sols/tune_dev_Region7_F1_eim_fea13985a5_b10.0_s2_F1__eim__b10_t2.npz,F1__eim__b10_t2,,,,
2026-09-28T17:16:51,tune,dev_Region6,F1,"{""k"": 4, ""name"": ""F1"", ""tau"": 0.0}",eim,ising,fea13985a5,"{""eim_R"": 16, ""eim_Tmax"": 0.0007255047403074508, ""eim_Tmin"": 0.00013246974647468452, ""eim_anneal"": 0.7664913525398744, ""eim_eta"": 0.23358825194833557, ""eim_hscale"": 0.6218230782016851, ""eim_moves"": 52984, ""eim_rho"": 4.5566719139214715, ""g_scale"": 1370.4648392849028, ""p_add"": 0.0716766437045232, ""p_swap"": 0.8407909904010871, ""start"": ""lp"", ""topw"": 11}",10.0,2,10.006,0,22.26809359621859,"[23.274994, 22.851156, 22.556802, 22.313811, 22.092156, 21.865304, 21.680118, 21.510409]",21.510408572908602,2281.7133811188805,6445,1,"{""eim_acc"": 45516692, ""rep_n_add"": 11, ""rep_n_drop"": 0, ""rep_n_fill"": 9, ""start_n_add"": 188, ""start_n_drop"": 0, ""start_n_fill"": 5218}",ok,sols/tune_dev_Region6_F1_eim_fea13985a5_b10.0_s2_F1__eim__b10_t2.npz,F1__eim__b10_t2,,,,
2026-09-28T17:17:02,tune,dev_Region7,F1,"{""k"": 4, ""name"": ""F1"", ""tau"": 0.0}",eim,ising,6900b59949,"{""eim_R"": 32, ""eim_Tmax"": 0.00022679302095938696, ""eim_Tmin"": 2.741773675242096e-06, ""eim_anneal"": 0.312274067414942, ""eim_eta"": 0.1233480570086002, ""eim_hscale"": 0.24365700014641997, ""eim_moves"": 65555, ""eim_rho"": 0.6942729492430144, ""g_scale"": 1381.6356822574794, ""p_add"": 0.030112735814634917, ""p_swap"": 0.6799968666320435, ""start"": ""pgreedy"", ""topw"": 19}",10.0,3,10.087,0,24.390343741906293,"[25.522808, 25.017499, 24.144814, 24.087526, 24.087526, 24.087526, 24.087526, 24.087526]",24.087525900025934,1845.945538461538,14096,1,"{""eim_acc"": 14639245, ""rep_n_add"": 7, ""rep_n_drop"": 0, ""rep_n_fill"": 1474, ""start_n_add"": 1480, ""start_n_drop"": 0, ""start_n_fill"": 31355}",ok,sols/tune_dev_Region7_F1_eim_6900b59949_b10.0_s3_F1__eim__b10_t3.npz,F1__eim__b10_t3,,,,
2026-09-28T17:17:13,tune,dev_Region6,F1,"{""k"": 4, ""name"": ""F1"", ""tau"": 0.0}",eim,ising,6900b59949,"{""eim_R"": 32, ""eim_Tmax"": 0.00022679302095938696, ""eim_Tmin"": 2.741773675242096e-06, ""eim_anneal"": 0.312274067414942, ""eim_eta"": 0.1233480570086002, ""eim_hscale"": 0.24365700014641997, ""eim_moves"": 65555, ""eim_rho"": 0.6942729492430144, ""g_scale"": 1381.6356822574794, ""p_add"": 0.030112735814634917, ""p_swap"": 0.6799968666320435, ""start"": ""pgreedy"", ""topw"": 19}",10.0,3,10.019,0,22.95842843499095,"[24.295892, 23.777519, 23.368412, 23.078153, 22.642272, 22.455452, 22.189766, 21.859962]",21.859961797461853,2252.8070104895105,4830,1,"{""eim_acc"": 5487103, ""rep_n_add"": 123, ""rep_n_drop"": 0, ""rep_n_fill"": 199, ""start_n_add"": 1260, ""start_n_drop"": 0, ""start_n_fill"": 16784}",ok,sols/tune_dev_Region6_F1_eim_6900b59949_b10.0_s3_F1__eim__b10_t3.npz,F1__eim__b10_t3,,,,
2026-09-28T17:17:24,tune,dev_Region7,F1,"{""k"": 4, ""name"": ""F1"", ""tau"": 0.0}",eim,ising,26d6e7379c,"{""eim_R"": 16, ""eim_Tmax"": 0.013323197406244793, ""eim_Tmin"": 0.0004987435476609301, ""eim_anneal"": 0.6411080434933271, ""eim_eta"": 0.23236965081001948, ""eim_hscale"": 6.742610434179981, ""eim_moves"": 133508, ""eim_rho"": 0.12908945670149974, ""g_scale"": 1453.27196243909, ""p_add"": 0.4207271306233804, ""p_swap"": 0.3782564144063032, ""start"": ""lp"", ""topw"": 4}",10.0,4,10.023,0,24.150835275835313,"[24.500615, 24.180912, 24.087526, 24.087526, 24.087526, 24.087526, 24.087526, 24.087526]",24.087525900025934,1884.7621188811186,14760,1,"{""eim_acc"": 74229105, ""rep_n_add"": 16, ""rep_n_drop"": 0, ""rep_n_fill"": 45, ""start_n_add"": 298, ""start_n_drop"": 0, ""start_n_fill"": 14065}",ok,sols/tune_dev_Region7_F1_eim_26d6e7379c_b10.0_s4_F1__eim__b10_t4.npz,F1__eim__b10_t4,,,,
2026-09-28T17:17:35,tune,dev_Region6,F1,"{""k"": 4, ""name"": ""F1"", ""tau"": 0.0}",eim,ising,26d6e7379c,"{""eim_R"": 16, ""eim_Tmax"": 0.013323197406244793, ""eim_Tmin"": 0.0004987435476609301, ""eim_anneal"": 0.6411080434933271, ""eim_eta"": 0.23236965081001948, ""eim_hscale"": 6.742610434179981, ""eim_moves"": 133508, ""eim_rho"": 0.12908945670149974, ""g_scale"": 1453.27196243909, ""p_add"": 0.4207271306233804, ""p_swap"": 0.3782564144063032, ""start"": ""lp"", ""topw"": 4}",10.0,4,10.025,0,22.394959207459234,"[23.320254, 22.985852, 22.61116, 22.481773, 22.179633, 22.082394, 21.816822, 21.681786]",21.68178580678581,2411.8527307692307,6971,1,"{""eim_acc"": 73176923, ""rep_n_add"": 10, ""rep_n_drop"": 0, ""rep_n_fill"": 63, ""start_n_add"": 264, ""start_n_drop"": 0, ""start_n_fill"": 5953}",ok,sols/tune_dev_Region6_F1_eim_26d6e7379c_b10.0_s4_F1__eim__b10_t4.npz,F1__eim__b10_t4,,,,
2026-09-28T17:17:46,tune,dev_Region7,F1,"{""k"": 4, ""name"": ""F1"", ""tau"": 0.0}",eim,ising,01e490297f,"{""eim_R"": 16, ""eim_Tmax"": 4.7046732748998884e-05, ""eim_Tmin"": 2.9038180032521327e-06, ""eim_anneal"": 0.9556153540439627, ""eim_eta"": 1.5761932982033324, ""eim_hscale"": 5.276338475187873, ""eim_moves"": 48206, ""eim_rho"": 57.388915924662584, ""g_scale"": 1066.2548683756768, ""p_add"": 0.21747725607858887, ""p_swap"": 0.2157770964030835, ""start"": ""lp"", ""topw"": 9}",10.0,5,10.039,0,24.122982630795164,"[24.37118, 24.087526, 24.087526, 24.087526, 24.087526, 24.087526, 24.087526, 24.087526]",24.087525900025934,1859.5342867132863,14614,1,"{""eim_acc"": 30224895, ""rep_n_add"": 0, ""rep_n_drop"": 0, ""rep_n_fill"": 11, ""start_n_add"": 153, ""start_n_drop"": 0, ""start_n_fill"": 13434}",ok,sols/tune_dev_Region7_F1_eim_01e490297f_b10.0_s5_F1__eim__b10_t5.npz,F1__eim__b10_t5,,,,
2026-09-28T17:17:57,tune,dev_Region6,F1,"{""k"": 4, ""name"": ""F1"", ""tau"": 0.0}",eim,ising,01e490297f,"{""eim_R"": 16, ""eim_Tmax"": 4.7046732748998884e-05, ""eim_Tmin"": 2.9038180032521327e-06, ""eim_anneal"": 0.9556153540439627, ""eim_eta"": 1.5761932982033324, ""eim_hscale"": 5.276338475187873, ""eim_moves"": 48206, ""eim_rho"": 57.388915924662584, ""g_scale"": 1066.2548683756768, ""p_add"": 0.21747725607858887, ""p_swap"": 0.2157770964030835, ""start"": ""lp"", ""topw"": 9}",10.0,5,10.023,0,22.3002683080808,"[23.185072, 22.833479, 22.567389, 22.378221, 22.147177, 21.946581, 21.76588, 21.578348]",21.578347578347547,2220.3993776223774,6017,1,"{""eim_acc"": 1131614, ""rep_n_add"": 0, ""rep_n_drop"": 0, ""rep_n_fill"": 5, ""start_n_add"": 209, ""start_n_drop"": 0, ""start_n_fill"": 6885}",ok,sols/tune_dev_Region6_F1_eim_01e490297f_b10.0_s5_F1__eim__b10_t5.npz,F1__eim__b10_t5,,,,
2026-09-28T17:18:08,tune,dev_Region7,F1,"{""k"": 4, ""name"": ""F1"", ""tau"": 0.0}",eim,ising,6a4bc30470,"{""eim_R"": 16, ""eim_Tmax"": 0.23493624582371722, ""eim_Tmin"": 5.161106531611771e-05, ""eim_anneal"": 0.5599992800532259, ""eim_eta"": 0.09916053756640525, ""eim_hscale"": 5.1956439619754375, ""eim_moves"": 38346, ""eim_rho"": 1.6773897965542055, ""g_scale"": 5470.828347571033, ""p_add"": 0.22549484154459695, ""p_swap"": 0.46537274181273974, ""start"": ""lp"", ""topw"": 4}",10.0,6,10.009,0,24.136640847578384,"[24.427205, 24.140767, 24.087526, 24.087526, 24.087526, 24.087526, 24.087526, 24.087526]",24.087525900025934,1862.8610839160835,14731,1,"{""eim_acc"": 43569935, ""rep_n_add"": 0, ""rep_n_drop"": 0, ""rep_n_fill"": 15, ""start_n_add"": 417, ""start_n_drop"": 0, ""start_n_fill"": 12449}",ok,sols/tune_dev_Region7_F1_eim_6a4bc30470_b10.0_s6_F1__eim__b10_t6.npz,F1__eim__b10_t6,,,,
2026-09-28T17:18:19,tune,dev_Region6,F1,"{""k"": 4, ""name"": ""F1"", ""tau"": 0.0}",eim,ising,6a4bc30470,"{""eim_R"": 16, ""eim_Tmax"": 0.23493624582371722, ""eim_Tmin"": 5.161106531611771e-05, ""eim_anneal"": 0.5599992800532259, ""eim_eta"": 0.09916053756640525, ""eim_hscale"": 5.1956439619754375, ""eim_moves"": 38346, ""eim_rho"": 1.6773897965542055, ""g_scale"": 5470.828347571033, ""p_add"": 0.22549484154459695, ""p_swap"": 0.46537274181273974, ""start"": ""lp"", ""topw"": 4}",10.0,6,10.014,0,22.353551541051516,"[23.236014, 22.878399, 22.607825, 22.387837, 22.196112, 22.028441, 21.831229, 21.662555]",21.662555037554988,2249.0016223776224,5764,1,"{""eim_acc"": 39780692, ""rep_n_add"": 0, ""rep_n_drop"": 0, ""rep_n_fill"": 12, ""start_n_add"": 507, ""start_n_drop"": 0, ""start_n_fill"": 6311}",ok,sols/tune_dev_Region6_F1_eim_6a4bc30470_b10.0_s6_F1__eim__b10_t6.npz,F1__eim__b10_t6,,,,
2026-09-28T17:18:30,tune,dev_Region7,F1,"{""k"": 4, ""name"": ""F1"", ""tau"": 0.0}",eim,ising,2772a75381,"{""eim_R"": 16, ""eim_Tmax"": 0.0024712106819587704, ""eim_Tmin"": 3.279711118691455e-05, ""eim_anneal"": 0.7992661330313624, ""eim_eta"": 0.021530041252627617, ""eim_hscale"": 0.2382126214028639, ""eim_moves"": 37594, ""eim_rho"": 141.26197483338572, ""g_scale"": 137.8224695773061, ""p_add"": 0.15502681030202012, ""p_swap"": 0.7940013736708005, ""start"": ""lp"", ""topw"": 25}",10.0,7,10.012,0,24.114652130277165,"[24.304536, 24.087526, 24.087526, 24.087526, 24.087526, 24.087526, 24.087526, 24.087526]",24.087525900025934,1927.267192307692,14975,1,"{""eim_acc"": 36383156, ""rep_n_add"": 0, ""rep_n_drop"": 0, ""rep_n_fill"": 13, ""start_n_add"": 376, ""start_n_drop"": 0, ""start_n_fill"": 11441}",ok,sols/tune_dev_Region7_F1_eim_2772a75381_b10.0_s7_F1__eim__b10_t7.npz,F1__eim__b10_t7,,,,
2026-09-28T17:18:41,tune,dev_Region6,F1,"{""k"": 4, ""name"": ""F1"", ""tau"": 0.0}",eim,ising,2772a75381,"{""eim_R"": 16, ""eim_Tmax"": 0.0024712106819587704, ""eim_Tmin"": 3.279711118691455e-05, ""eim_anneal"": 0.7992661330313624, ""eim_eta"": 0.021530041252627617, ""eim_hscale"": 0.2382126214028639, ""eim_moves"": 37594, ""eim_rho"": 141.26197483338572, ""g_scale"": 137.8224695773061, ""p_add"": 0.15502681030202012, ""p_swap"": 0.7940013736708005, ""start"": ""lp"", ""topw"": 25}",10.0,7,10.008,0,22.38938463157214,"[24.858893, 22.768729, 22.503043, 22.241372, 21.992991, 21.792201, 21.56666, 21.391188]",21.391187516187557,2473.1816153846153,6486,1,"{""eim_acc"": 34379383, ""rep_n_add"": 1, ""rep_n_drop"": 0, ""rep_n_fill"": 11, ""start_n_add"": 466, ""start_n_drop"": 0, ""start_n_fill"": 10680}",ok,sols/tune_dev_Region6_F1_eim_2772a75381_b10.0_s7_F1__eim__b10_t7.npz,F1__eim__b10_t7,,,,
2026-09-28T17:18:52,tune,dev_Region7,F1,"{""k"": 4, ""name"": ""F1"", ""tau"": 0.0}",eim,ising,e2d9b40824,"{""eim_R"": 16, ""eim_Tmax"": 0.02091931819668552, ""eim_Tmin"": 0.00011868799266337023, ""eim_anneal"": 0.7436258176096252, ""eim_eta"": 1.358227493972809, ""eim_hscale"": 0.2051314480603037, ""eim_moves"": 30813, ""eim_rho"": 40.85457496393755, ""g_scale"": 229.87233718109368, ""p_add"": 0.08971842766584243, ""p_swap"": 0.8485399733132015, ""start"": ""lp"", ""topw"": 2}",10.0,8,10.026,0,24.220304001554034,"[24.875453, 24.361823, 24.087526, 24.087526, 24.087526, 24.087526, 24.087526, 24.087526]",24.087525900025934,1865.9416748251745,14737,1,"{""eim_acc"": 29894506, ""rep_n_add"": 6, ""rep_n_drop"": 0, ""rep_n_fill"": 51, ""start_n_add"": 367, ""start_n_drop"": 0, ""start_n_fill"": 12675}",ok,sols/tune_dev_Region7_F1_eim_e2d9b40824_b10.0_s8_F1__eim__b10_t8.npz,F1__eim__b10_t8,,,,
2026-09-28T17:19:03,tune,dev_Region6,F1,"{""k"": 4, ""name"": ""F1"", ""tau"": 0.0}",eim,ising,e2d9b40824,"{""eim_R"": 16, ""eim_Tmax"": 0.02091931819668552, ""eim_Tmin"": 0.00011868799266337023, ""eim_anneal"": 0.7436258176096252, ""eim_eta"": 1.358227493972809, ""eim_hscale"": 0.2051314480603037, ""eim_moves"": 30813, ""eim_rho"": 40.85457496393755, ""g_scale"": 229.87233718109368, ""p_add"": 0.08971842766584243, ""p_swap"": 0.8485399733132015, ""start"": ""lp"", ""topw"": 2}",10.0,8,10.017,0,22.52102960696707,"[23.571387, 23.137367, 22.758369, 22.535273, 22.380714, 22.079756, 21.988944, 21.716427]",21.71642709142705,2375.9540979020976,6474,1,"{""eim_acc"": 61097110, ""rep_n_add"": 12, ""rep_n_drop"": 0, ""rep_n_fill"": 35, ""start_n_add"": 356, ""start_n_drop"": 0, ""start_n_fill"": 3453}",ok,sols/tune_dev_Region6_F1_eim_e2d9b40824_b10.0_s8_F1__eim__b10_t8.npz,F1__eim__b10_t8,,,,
2026-09-28T17:19:14,tune,dev_Region7,F1,"{""k"": 4, ""name"": ""F1"", ""tau"": 0.0}",eim,ising,30f4271796,"{""eim_R"": 16, ""eim_Tmax"": 0.04412351500343946, ""eim_Tmin"": 0.00020827188679238984, ""eim_anneal"": 0.9719942231917424, ""eim_eta"": 0.30362340943985383, ""eim_hscale"": 0.22984569932818313, ""eim_moves"": 96916, ""eim_rho"": 240.58174820146084, ""g_scale"": 3328.687869531856, ""p_add"": 0.329610509590732, ""p_swap"": 0.20573397698847973, ""start"": ""lp"", ""topw"": 13}",10.0,9,10.018,0,24.223715520590567,"[25.110545, 24.154024, 24.087526, 24.087526, 24.087526, 24.087526, 24.087526, 24.087526]",24.087525900025934,1891.655912587412,14896,1,"{""eim_acc"": 47223097, ""rep_n_add"": 8, ""rep_n_drop"": 0, ""rep_n_fill"": 27, ""start_n_add"": 424, ""start_n_drop"": 0, ""start_n_fill"": 9443}",ok,sols/tune_dev_Region7_F1_eim_30f4271796_b10.0_s9_F1__eim__b10_t9.npz,F1__eim__b10_t9,,,,
2026-09-28T17:19:25,tune,dev_Region6,F1,"{""k"": 4, ""name"": ""F1"", ""tau"": 0.0}",eim,ising,30f4271796,"{""eim_R"": 16, ""eim_Tmax"": 0.04412351500343946, ""eim_Tmin"": 0.00020827188679238984, ""eim_anneal"": 0.9719942231917424, ""eim_eta"": 0.30362340943985383, ""eim_hscale"": 0.22984569932818313, ""eim_moves"": 96916, ""eim_rho"": 240.58174820146084, ""g_scale"": 3328.687869531856, ""p_add"": 0.329610509590732, ""p_swap"": 0.20573397698847973, ""start"": ""lp"", ""topw"": 13}",10.0,9,10.035,0,22.52705945674697,"[24.068408, 23.042622, 22.662215, 22.435104, 22.250728, 22.073151, 21.904736, 21.77951]",21.779509842009873,2411.309423076923,6428,1,"{""eim_acc"": 44409886, ""rep_n_add"": 3, ""rep_n_drop"": 0, ""rep_n_fill"": 44, ""start_n_add"": 361, ""start_n_drop"": 0, ""start_n_fill"": 10131}",ok,sols/tune_dev_Region6_F1_eim_30f4271796_b10.0_s9_F1__eim__b10_t9.npz,F1__eim__b10_t9,,,,
2026-09-28T17:19:36,tune,dev_Region7,F1,"{""k"": 4, ""name"": ""F1"", ""tau"": 0.0}",milp,classical,2f947d6494,"{""eps_tie"": 0.0, ""mip_heuristic_effort"": 0.05, ""presolve"": ""on"", ""start"": ""lp""}",10.0,0,9.745,0,24.435488701113773,"[25.637238, 24.538931, 24.227613, 24.227613, 24.227613, 24.208301, 24.208301, 24.208301]",24.208300958300995,1893.909164335664,15081,1,"{""milp_improved"": 2, ""rep_n_add"": 0, ""rep_n_drop"": 0, ""rep_n_fill"": 233, ""start_n_add"": 403, ""start_n_drop"": 0, ""start_n_fill"": 9248}",ok,sols/tune_dev_Region7_F1_milp_2f947d6494_b10.0_s0_F1__milp__b10_t0.npz,F1__milp__b10_t0,,,,
2026-09-28T17:20:06,tune,dev_Region6,F1,"{""k"": 4, ""name"": ""F1"", ""tau"": 0.0}",milp,classical,2f947d6494,"{""eps_tie"": 0.0, ""mip_heuristic_effort"": 0.05, ""presolve"": ""on"", ""start"": ""lp""}",10.0,0,29.565,1,23.15959879241131,"[24.858893, 23.288478, 23.149249, 22.978017, 22.918949, 22.918949, 22.599909, 22.564345]",22.564345376845406,2655.5129265734263,8519,1,"{""milp_improved"": 0, ""rep_n_add"": 0, ""rep_n_drop"": 0, ""rep_n_fill"": 0, ""start_n_add"": 132, ""start_n_drop"": 0, ""start_n_fill"": 1132}",ok,sols/tune_dev_Region6_F1_milp_2f947d6494_b10.0_s0_F1__milp__b10_t0.npz,F1__milp__b10_t0,,,,
2026-09-28T17:20:17,tune,dev_Region7,F1,"{""k"": 4, ""name"": ""F1"", ""tau"": 0.0}",milp,classical,65b01da776,"{""eps_tie"": 0.0, ""mip_heuristic_effort"": 0.10490756141474163, ""presolve"": ""on"", ""start"": ""pgreedy""}",10.0,1,9.879,0,27.378994269619312,"[34.262141, 27.984768, 26.677059, 26.328137, 26.328137, 26.15022, 25.712008, 25.589485]",25.58948458948464,1948.8709930069926,15525,1,"{""milp_improved"": 1, ""rep_n_add"": 0, ""rep_n_drop"": 0, ""rep_n_fill"": 3, ""start_n_add"": 2008, ""start_n_drop"": 0, ""start_n_fill"": 13512}",ok,sols/tune_dev_Region7_F1_milp_65b01da776_b10.0_s1_F1__milp__b10_t1.npz,F1__milp__b10_t1,,,,
2026-09-28T17:20:46,tune,dev_Region6,F1,"{""k"": 4, ""name"": ""F1"", ""tau"": 0.0}",milp,classical,65b01da776,"{""eps_tie"": 0.0, ""mip_heuristic_effort"": 0.10490756141474163, ""presolve"": ""on"", ""start"": ""pgreedy""}",10.0,1,28.606,1,27.148913008287977,"[32.181446, 27.601301, 26.406987, 26.406987, 26.406987, 26.406987, 26.406987, 25.373624]",25.3736240611241,2699.697895104895,8706,1,"{""milp_improved"": 0, ""rep_n_add"": 0, ""rep_n_drop"": 0, ""rep_n_fill"": 0, ""start_n_add"": 1616, ""start_n_drop"": 0, ""start_n_fill"": 7090}",ok,sols/tune_dev_Region6_F1_milp_65b01da776_b10.0_s1_F1__milp__b10_t1.npz,F1__milp__b10_t1,,,,
2026-09-28T17:20:55,tune,dev_Region7,F1,"{""k"": 4, ""name"": ""F1"", ""tau"": 0.0}",milp,classical,8c36589e5a,"{""eps_tie"": 0.0001, ""mip_heuristic_effort"": 0.15834581868043074, ""presolve"": ""off"", ""start"": ""pgreedy""}",10.0,2,8.224,0,24.17297575110077,"[24.345717, 24.250745, 24.215326, 24.150949, 24.150949, 24.095069, 24.087526, 24.087526]",24.087525900025934,1957.9486188811184,15376,1,"{""milp_improved"": 4, ""rep_n_add"": 0, ""rep_n_drop"": 0, ""rep_n_fill"": 72, ""start_n_add"": 1387, ""start_n_drop"": 0, ""start_n_fill"": 16370}",ok,sols/tune_dev_Region7_F1_milp_8c36589e5a_b10.0_s2_F1__milp__b10_t2.npz,F1__milp__b10_t2,,,,
2026-09-28T17:21:05,tune,dev_Region6,F1,"{""k"": 4, ""name"": ""F1"", ""tau"": 0.0}",milp,classical,8c36589e5a,"{""eps_tie"": 0.0001, ""mip_heuristic_effort"": 0.15834581868043074, ""presolve"": ""off"", ""start"": ""pgreedy""}",10.0,2,9.644,0,22.423172024734544,"[23.220425, 22.773407, 22.562597, 22.506426, 22.288526, 22.073669, 22.024589, 21.935736]",21.93573556073557,2576.9627377622373,8061,1,"{""milp_improved"": 7, ""rep_n_add"": 0, ""rep_n_drop"": 0, ""rep_n_fill"": 402, ""start_n_add"": 1247, ""start_n_drop"": 0, ""start_n_fill"": 11300}",ok,sols/tune_dev_Region6_F1_milp_8c36589e5a_b10.0_s2_F1__milp__b10_t2.npz,F1__milp__b10_t2,,,,
2026-09-28T17:21:13,tune,dev_Region7,F1,"{""k"": 4, ""name"": ""F1"", ""tau"": 0.0}",milp,classical,e75fd74faf,"{""eps_tie"": 0.0001, ""mip_heuristic_effort"": 0.41985078951584265, ""presolve"": ""off"", ""start"": ""pgreedy""}",10.0,3,7.188,0,24.182981659544183,"[24.437387, 24.250745, 24.209645, 24.150949, 24.150949, 24.089128, 24.087526, 24.087526]",24.087525900025934,1958.8420069930066,15373,1,"{""milp_improved"": 3, ""rep_n_add"": 0, ""rep_n_drop"": 0, ""rep_n_fill"": 14, ""start_n_add"": 1404, ""start_n_drop"": 0, ""start_n_fill"": 16475}",ok,sols/tune_dev_Region7_F1_milp_e75fd74faf_b10.0_s3_F1__milp__b10_t3.npz,F1__milp__b10_t3,,,,
2026-09-28T17:21:24,tune,dev_Region6,F1,"{""k"": 4, ""name"": ""F1"", ""tau"": 0.0}",milp,classical,e75fd74faf,"{""eps_tie"": 0.0001, ""mip_heuristic_effort"": 0.41985078951584265, ""presolve"": ""off"", ""start"": ""pgreedy""}",10.0,3,9.664,0,22.38762828606582,"[23.220425, 22.773407, 22.609751, 22.46722, 22.274346, 22.065948, 21.986419, 21.703509]",21.703509453509497,2589.6032552447555,8202,1,"{""milp_improved"": 6, ""rep_n_add"": 0, ""rep_n_drop"": 0, ""rep_n_fill"": 377, ""start_n_add"": 1421, ""start_n_drop"": 0, ""start_n_fill"": 11004}",ok,sols/tune_dev_Region6_F1_milp_e75fd74faf_b10.0_s3_F1__milp__b10_t3.npz,F1__milp__b10_t3,,,,
2026-09-28T17:21:35,tune,dev_Region7,F1,"{""k"": 4, ""name"": ""F1"", ""tau"": 0.0}",milp,classical,4fbeb1567e,"{""eps_tie"": 0.0001, ""mip_heuristic_effort"": 0.6117180301996844, ""presolve"": ""off"", ""start"": ""lp""}",10.0,4,9.779,0,24.18464897371149,"[24.320173, 24.250745, 24.220749, 24.150949, 24.133644, 24.133644, 24.133644, 24.133644]",24.13364413364416,1959.9769090909085,15362,1,"{""milp_improved"": 2, ""rep_n_add"": 0, ""rep_n_drop"": 0, ""rep_n_fill"": 27, ""start_n_add"": 295, ""start_n_drop"": 0, ""start_n_fill"": 5448}",ok,sols/tune_dev_Region7_F1_milp_4fbeb1567e_b10.0_s4_F1__milp__b10_t4.npz,F1__milp__b10_t4,,,,
2026-09-28T17:21:45,tune,dev_Region6,F1,"{""k"": 4, ""name"": ""F1"", ""tau"": 0.0}",milp,classical,4fbeb1567e,"{""eps_tie"": 0.0001, ""mip_heuristic_effort"": 0.6117180301996844, ""presolve"": ""off"", ""start"": ""lp""}",10.0,4,9.66,0,22.476459304584303,"[23.220425, 22.839533, 22.670196, 22.662879, 22.243525, 22.11655, 22.11655, 21.942016]",21.94201631701625,2615.5120244755244,8437,1,"{""milp_improved"": 4, ""rep_n_add"": 0, ""rep_n_drop"": 0, ""rep_n_fill"": 360, ""start_n_add"": 389, ""start_n_drop"": 0, ""start_n_fill"": 4372}",ok,sols/tune_dev_Region6_F1_milp_4fbeb1567e_b10.0_s4_F1__milp__b10_t4.npz,F1__milp__b10_t4,,,,
2026-09-28T17:21:56,tune,dev_Region7,F1,"{""k"": 4, ""name"": ""F1"", ""tau"": 0.0}",milp,classical,afb1cb80db,"{""eps_tie"": 0.0001, ""mip_heuristic_effort"": 0.4914059552471096, ""presolve"": ""on"", ""start"": ""pgreedy""}",10.0,5,9.728,0,27.363678855866397,"[34.262141, 27.984768, 26.677059, 26.328137, 26.328137, 26.15022, 25.589485, 25.589485]",25.58948458948464,1948.8709930069926,15525,1,"{""milp_improved"": 2, ""rep_n_add"": 0, ""rep_n_drop"": 0, ""rep_n_fill"": 16, ""start_n_add"": 1978, ""start_n_drop"": 0, ""start_n_fill"": 13562}",ok,sols/tune_dev_Region7_F1_milp_afb1cb80db_b10.0_s5_F1__milp__b10_t5.npz,F1__milp__b10_t5,,,,
2026-09-28T17:22:24,tune,dev_Region6,F1,"{""k"": 4, ""name"": ""F1"", ""tau"": 0.0}",milp,classical,afb1cb80db,"{""eps_tie"": 0.0001, ""mip_heuristic_effort"": 0.4914059552471096, ""presolve"": ""on"", ""start"": ""pgreedy""}",10.0,5,28.264,1,27.148913008287977,"[32.181446, 27.601301, 26.406987, 26.406987, 26.406987, 26.406987, 26.406987, 25.373624]",25.3736240611241,2699.697895104895,8706,1,"{""milp_improved"": 0, ""rep_n_add"": 0, ""rep_n_drop"": 0, ""rep_n_fill"": 0, ""start_n_add"": 1616, ""start_n_drop"": 0, ""start_n_fill"": 7090}",ok,sols/tune_dev_Region6_F1_milp_afb1cb80db_b10.0_s5_F1__milp__b10_t5.npz,F1__milp__b10_t5,,,,
2026-09-28T17:22:33,tune,dev_Region7,F1,"{""k"": 4, ""name"": ""F1"", ""tau"": 0.0}",milp,classical,a90867a47e,"{""eps_tie"": 0.0001, ""mip_heuristic_effort"": 0.03017874796956039, ""presolve"": ""off"", ""start"": ""lp""}",10.0,6,7.268,0,24.175806542994074,"[24.393729, 24.250745, 24.197504, 24.150949, 24.150949, 24.087526, 24.087526, 24.087526]",24.087525900025934,1958.1105069930065,15376,1,"{""milp_improved"": 3, ""rep_n_add"": 0, ""rep_n_drop"": 0, ""rep_n_fill"": 68, ""start_n_add"": 444, ""start_n_drop"": 0, ""start_n_fill"": 5221}",ok,sols/tune_dev_Region7_F1_milp_a90867a47e_b10.0_s6_F1__milp__b10_t6.npz,F1__milp__b10_t6,,,,
2026-09-28T17:22:43,tune,dev_Region6,F1,"{""k"": 4, ""name"": ""F1"", ""tau"": 0.0}",milp,classical,a90867a47e,"{""eps_tie"": 0.0001, ""mip_heuristic_effort"": 0.03017874796956039, ""presolve"": ""off"", ""start"": ""lp""}",10.0,6,9.657,0,22.415705532893043,"[23.220425, 22.839533, 22.670196, 22.409933, 22.386428, 22.086814, 22.086814, 21.625502]",21.625501813001843,2574.992332167832,8104,1,"{""milp_improved"": 5, ""rep_n_add"": 0, ""rep_n_drop"": 0, ""rep_n_fill"": 321, ""start_n_add"": 238, ""start_n_drop"": 0, ""start_n_fill"": 4506}",ok,sols/tune_dev_Region6_F1_milp_a90867a47e_b10.0_s6_F1__milp__b10_t6.npz,F1__milp__b10_t6,,,,
2026-09-28T17:22:47,tune,dev_Region7,F1,"{""k"": 4, ""name"": ""F1"", ""tau"": 0.0}",milp,classical,7609bc1c44,"{""eps_tie"": 0.0, ""mip_heuristic_effort"": 0.8077206102454388, ""presolve"": ""off"", ""start"": ""pgreedy""}",10.0,7,3.537,0,24.121495402745467,"[24.265896, 24.180912, 24.087526, 24.087526, 24.087526, 24.087526, 24.087526, 24.087526]",24.087525900025934,1902.3384755244754,14989,1,"{""milp_improved"": 3, ""rep_n_add"": 0, ""rep_n_drop"": 0, ""rep_n_fill"": 3742, ""start_n_add"": 1315, ""start_n_drop"": 0, ""start_n_fill"": 21865}",ok,sols/tune_dev_Region7_F1_milp_7609bc1c44_b10.0_s7_F1__milp__b10_t7.npz,F1__milp__b10_t7,,,,
2026-09-28T17:22:58,tune,dev_Region6,F1,"{""k"": 4, ""name"": ""F1"", ""tau"": 0.0}",milp,classical,7609bc1c44,"{""eps_tie"": 0.0, ""mip_heuristic_effort"": 0.8077206102454388, ""presolve"": ""off"", ""start"": ""pgreedy""}",10.0,7,9.664,0,22.384253188940697,"[23.220425, 22.773407, 22.560185, 22.41576, 22.254856, 22.075822, 21.935736, 21.837833]",21.837833462833473,2600.996895104895,8337,1,"{""milp_improved"": 7, ""rep_n_add"": 0, ""rep_n_drop"": 0, ""rep_n_fill"": 762, ""start_n_add"": 1307, ""start_n_drop"": 0, ""start_n_fill"": 11204}",ok,sols/tune_dev_Region6_F1_milp_7609bc1c44_b10.0_s7_F1__milp__b10_t7.npz,F1__milp__b10_t7,,,,
2026-09-28T17:23:02,tune,dev_Region7,F1,"{""k"": 4, ""name"": ""F1"", ""tau"": 0.0}",milp,classical,984dc4d5e2,"{""eps_tie"": 0.0, ""mip_heuristic_effort"": 0.0247828031863947, ""presolve"": ""off"", ""start"": ""pgreedy""}",10.0,8,3.555,0,24.166229603729644,"[24.481125, 24.323556, 24.087526, 24.087526, 24.087526, 24.087526, 24.087526, 24.087526]",24.087525900025934,1907.673213286713,14993,1,"{""milp_improved"": 3, ""rep_n_add"": 0, ""rep_n_drop"": 0, ""rep_n_fill"": 4588, ""start_n_add"": 1315, ""start_n_drop"": 0, ""start_n_fill"": 21197}",ok,sols/tune_dev_Region7_F1_milp_984dc4d5e2_b10.0_s8_F1__milp__b10_t8.npz,F1__milp__b10_t8,,,,
2026-09-28T17:23:12,tune,dev_Region6,F1,"{""k"": 4, ""name"": ""F1"", ""tau"": 0.0}",milp,classical,984dc4d5e2,"{""eps_tie"": 0.0, ""mip_heuristic_effort"": 0.0247828031863947, ""presolve"": ""off"", ""start"": ""pgreedy""}",10.0,8,9.658,0,22.443234427609443,"[23.299501, 22.773407, 22.723436, 22.447245, 22.290194, 22.065948, 21.994512, 21.951632]",21.951631701631737,2600.8757027972024,8274,1,"{""milp_improved"": 6, ""rep_n_add"": 0, ""rep_n_drop"": 0, ""rep_n_fill"": 392, ""start_n_add"": 1390, ""start_n_drop"": 0, ""start_n_fill"": 11138}",ok,sols/tune_dev_Region6_F1_milp_984dc4d5e2_b10.0_s8_F1__milp__b10_t8.npz,F1__milp__b10_t8,,,,
2026-09-28T17:23:17,tune,dev_Region7,F1,"{""k"": 4, ""name"": ""F1"", ""tau"": 0.0}",milp,classical,08affb4532,"{""eps_tie"": 0.0, ""mip_heuristic_effort"": 0.6151716512607516, ""presolve"": ""off"", ""start"": ""pgreedy""}",10.0,9,3.548,0,24.15519781144785,"[24.392871, 24.323556, 24.087526, 24.087526, 24.087526, 24.087526, 24.087526, 24.087526]",24.087525900025934,1911.2055139860138,15051,1,"{""milp_improved"": 2, ""rep_n_add"": 0, ""rep_n_drop"": 0, ""rep_n_fill"": 4785, ""start_n_add"": 1343, ""start_n_drop"": 0, ""start_n_fill"": 20380}",ok,sols/tune_dev_Region7_F1_milp_08affb4532_b10.0_s9_F1__milp__b10_t9.npz,F1__milp__b10_t9,,,,
2026-09-28T17:23:27,tune,dev_Region6,F1,"{""k"": 4, ""name"": ""F1"", ""tau"": 0.0}",milp,classical,08affb4532,"{""eps_tie"": 0.0, ""mip_heuristic_effort"": 0.6151716512607516, ""presolve"": ""off"", ""start"": ""pgreedy""}",10.0,9,9.658,0,22.529169904169926,"[23.189459, 22.773407, 22.592334, 22.506426, 22.506426, 22.506426, 22.277535, 21.881346]",21.881345506345493,2632.3491118881116,8446,1,"{""milp_improved"": 6, ""rep_n_add"": 0, ""rep_n_drop"": 0, ""rep_n_fill"": 719, ""start_n_add"": 1272, ""start_n_drop"": 0, ""start_n_fill"": 11239}",ok,sols/tune_dev_Region6_F1_milp_08affb4532_b10.0_s9_F1__milp__b10_t9.npz,F1__milp__b10_t9,,,,
2026-09-28T17:23:34,tune,dev_Region7,F1,"{""k"": 4, ""name"": ""F1"", ""tau"": 0.0}",cpsat,classical,7e76392a52,"{""cp_model_presolve"": true, ""linearization_level"": 1, ""repair_hint"": false, ""start"": ""lp""}",10.0,0,5.768,0,24.337665517353074,"[25.637238, 24.538931, 24.087526, 24.087526, 24.087526, 24.087526, 24.087526, 24.087526]",24.087525900025934,1878.7554195804194,15042,1,"{""cp_improved"": 1, ""cp_time"": 5.542558908462524, ""rep_n_add"": 0, ""rep_n_drop"": 0, ""rep_n_fill"": 68}",ok,sols/tune_dev_Region7_F1_cpsat_7e76392a52_b10.0_s0_F1__cpsat__b10_t0.npz,F1__cpsat__b10_t0,,,,
2026-09-28T17:23:45,tune,dev_Region6,F1,"{""k"": 4, ""name"": ""F1"", ""tau"": 0.0}",cpsat,classical,7e76392a52,"{""cp_model_presolve"": true, ""linearization_level"": 1, ""repair_hint"": false, ""start"": ""lp""}",10.0,0,9.856,0,23.006642951955445,"[24.858893, 23.275074, 23.008126, 22.758855, 22.690058, 22.61116, 22.59672, 22.254257]",22.25425731675725,2628.429685314685,8551,1,"{""cp_improved"": 0, ""cp_time"": 9.74243450164795, ""rep_n_add"": 0, ""rep_n_drop"": 0, ""rep_n_fill"": 0}",ok,sols/tune_dev_Region6_F1_cpsat_7e76392a52_b10.0_s0_F1__cpsat__b10_t0.npz,F1__cpsat__b10_t0,,,,
2026-09-28T17:23:54,tune,dev_Region7,F1,"{""k"": 4, ""name"": ""F1"", ""tau"": 0.0}",cpsat,classical,2476acd648,"{""cp_model_presolve"": true, ""linearization_level"": 1, ""repair_hint"": false, ""start"": ""pgreedy""}",10.0,1,8.003,0,26.3083883708884,"[34.262141, 27.695901, 26.117359, 25.272565, 24.702214, 24.241874, 24.087526, 24.087526]",24.087525900025934,1924.112157342657,15358,1,"{""cp_improved"": 6, ""cp_time"": 7.7850329875946045, ""rep_n_add"": 0, ""rep_n_drop"": 0, ""rep_n_fill"": 182}",ok,sols/tune_dev_Region7_F1_cpsat_2476acd648_b10.0_s1_F1__cpsat__b10_t1.npz,F1__cpsat__b10_t1,,,,
2026-09-28T17:24:05,tune,dev_Region6,F1,"{""k"": 4, ""name"": ""F1"", ""tau"": 0.0}",cpsat,classical,2476acd648,"{""cp_model_presolve"": true, ""linearization_level"": 1, ""repair_hint"": false, ""start"": ""pgreedy""}",10.0,1,9.857,0,27.104828331390795,"[32.181446, 27.601301, 26.406987, 26.406987, 26.406987, 26.406987, 26.406987, 25.020947]",25.02094664594665,2693.3769020979025,8678,1,"{""cp_improved"": 1, ""cp_time"": 9.716280221939087, ""rep_n_add"": 0, ""rep_n_drop"": 0, ""rep_n_fill"": 1}",ok,sols/tune_dev_Region6_F1_cpsat_2476acd648_b10.0_s1_F1__cpsat__b10_t1.npz,F1__cpsat__b10_t1,,,,
2026-09-28T17:24:12,tune,dev_Region7,F1,"{""k"": 4, ""name"": ""F1"", ""tau"": 0.0}",cpsat,classical,2150f4b855,"{""cp_model_presolve"": false, ""linearization_level"": 1, ""repair_hint"": false, ""start"": ""pgreedy""}",10.0,2,6.409,0,24.455383158508184,"[25.978989, 24.833091, 24.393357, 24.087526, 24.087526, 24.087526, 24.087526, 24.087526]",24.087525900025934,1899.088534965035,14910,1,"{""cp_improved"": 4, ""cp_time"": 6.096715450286865, ""rep_n_add"": 0, ""rep_n_drop"": 0, ""rep_n_fill"": 3444}",ok,sols/tune_dev_Region7_F1_cpsat_2150f4b855_b10.0_s2_F1__cpsat__b10_t2.npz,F1__cpsat__b10_t2,,,,
2026-09-28T17:24:23,tune,dev_Region6,F1,"{""k"": 4, ""name"": ""F1"", ""tau"": 0.0}",cpsat,classical,2150f4b855,"{""cp_model_presolve"": false, ""linearization_level"": 1, ""repair_hint"": false, ""start"": ""pgreedy""}",10.0,2,9.881,0,24.02959482646982,"[26.173352, 25.21476, 24.515945, 24.011234, 23.611483, 23.268389, 22.866485, 22.57511]",22.57511007511001,2400.216748251748,7524,1,"{""cp_improved"": 8, ""cp_time"": 9.62943410873413, ""rep_n_add"": 0, ""rep_n_drop"": 0, ""rep_n_fill"": 77}",ok,sols/tune_dev_Region6_F1_cpsat_2150f4b855_b10.0_s2_F1__cpsat__b10_t2.npz,F1__cpsat__b10_t2,,,,
2026-09-28T17:24:32,tune,dev_Region7,F1,"{""k"": 4, ""name"": ""F1"", ""tau"": 0.0}",cpsat,classical,d264ddf9b5,"{""cp_model_presolve"": false, ""linearization_level"": 0, ""repair_hint"": false, ""start"": ""pgreedy""}",10.0,3,8.09,0,25.211032601657614,"[27.455873, 26.553904, 25.691887, 25.095879, 24.570853, 24.144814, 24.087526, 24.087526]",24.087525900025934,1794.752181818182,14460,1,"{""cp_improved"": 6, ""cp_time"": 7.7988808155059814, ""rep_n_add"": 0, ""rep_n_drop"": 0, ""rep_n_fill"": 3897}",ok,sols/tune_dev_Region7_F1_cpsat_d264ddf9b5_b10.0_s3_F1__cpsat__b10_t3.npz,F1__cpsat__b10_t3,,,,
2026-09-28T17:24:43,tune,dev_Region6,F1,"{""k"": 4, ""name"": ""F1"", ""tau"": 0.0}",cpsat,classical,d264ddf9b5,"{""cp_model_presolve"": false, ""linearization_level"": 0, ""repair_hint"": false, ""start"": ""pgreedy""}",10.0,3,9.876,0,24.48433453120953,"[26.88222, 25.767062, 25.125534, 24.651677, 23.944558, 23.522824, 23.194396, 22.786406]",22.786405723905744,2533.9526188811187,8048,1,"{""cp_improved"": 8, ""cp_time"": 9.663733720779419, ""rep_n_add"": 0, ""rep_n_drop"": 0, ""rep_n_fill"": 335}",ok,sols/tune_dev_Region6_F1_cpsat_d264ddf9b5_b10.0_s3_F1__cpsat__b10_t3.npz,F1__cpsat__b10_t3,,,,
2026-09-28T17:24:50,tune,dev_Region7,F1,"{""k"": 4, ""name"": ""F1"", ""tau"": 0.0}",cpsat,classical,9988542277,"{""cp_model_presolve"": true, ""linearization_level"": 2, ""repair_hint"": false, ""start"": ""lp""}",10.0,4,5.767,0,24.337665517353074,"[25.637238, 24.538931, 24.087526, 24.087526, 24.087526, 24.087526, 24.087526, 24.087526]",24.087525900025934,1879.8283986013982,15039,1,"{""cp_improved"": 1, ""cp_time"": 5.560397148132324, ""rep_n_add"": 0, ""rep_n_drop"": 0, ""rep_n_fill"": 93}",ok,sols/tune_dev_Region7_F1_cpsat_9988542277_b10.0_s4_F1__cpsat__b10_t4.npz,F1__cpsat__b10_t4,,,,
2026-09-28T17:25:00,tune,dev_Region6,F1,"{""k"": 4, ""name"": ""F1"", ""tau"": 0.0}",cpsat,classical,9988542277,"{""cp_model_presolve"": true, ""linearization_level"": 2, ""repair_hint"": false, ""start"": ""lp""}",10.0,4,9.853,0,23.006642951955445,"[24.858893, 23.275074, 23.008126, 22.758855, 22.690058, 22.61116, 22.59672, 22.254257]",22.25425731675725,2628.429685314685,8551,1,"{""cp_improved"": 0, ""cp_time"": 9.731483221054077, ""rep_n_add"": 0, ""rep_n_drop"": 0, ""rep_n_fill"": 0}",ok,sols/tune_dev_Region6_F1_cpsat_9988542277_b10.0_s4_F1__cpsat__b10_t4.npz,F1__cpsat__b10_t4,,,,
2026-09-28T17:25:07,tune,dev_Region7,F1,"{""k"": 4, ""name"": ""F1"", ""tau"": 0.0}",cpsat,classical,a24fce5b8e,"{""cp_model_presolve"": true, ""linearization_level"": 0, ""repair_hint"": true, ""start"": ""lp""}",10.0,5,5.805,0,24.337665517353074,"[25.637238, 24.538931, 24.087526, 24.087526, 24.087526, 24.087526, 24.087526, 24.087526]",24.087525900025934,1873.587951048951,15009,1,"{""cp_improved"": 1, ""cp_time"": 5.576943874359131, ""rep_n_add"": 0, ""rep_n_drop"": 0, ""rep_n_fill"": 58}",ok,sols/tune_dev_Region7_F1_cpsat_a24fce5b8e_b10.0_s5_F1__cpsat__b10_t5.npz,F1__cpsat__b10_t5,,,,
2026-09-28T17:25:18,tune,dev_Region6,F1,"{""k"": 4, ""name"": ""F1"", ""tau"": 0.0}",cpsat,classical,a24fce5b8e,"{""cp_model_presolve"": true, ""linearization_level"": 0, ""repair_hint"": true, ""start"": ""lp""}",10.0,5,9.853,0,23.006642951955445,"[24.858893, 23.275074, 23.008126, 22.758855, 22.690058, 22.61116, 22.59672, 22.254257]",22.25425731675725,2628.429685314685,8551,1,"{""cp_improved"": 0, ""cp_time"": 9.74140453338623, ""rep_n_add"": 0, ""rep_n_drop"": 0, ""rep_n_fill"": 0}",ok,sols/tune_dev_Region6_F1_cpsat_a24fce5b8e_b10.0_s5_F1__cpsat__b10_t5.npz,F1__cpsat__b10_t5,,,,
2026-09-28T17:25:25,tune,dev_Region7,F1,"{""k"": 4, ""name"": ""F1"", ""tau"": 0.0}",cpsat,classical,59ad4d5a07,"{""cp_model_presolve"": false, ""linearization_level"": 2, ""repair_hint"": true, ""start"": ""lp""}",10.0,6,6.147,0,24.178030303030333,"[24.554002, 24.345085, 24.087526, 24.087526, 24.087526, 24.087526, 24.087526, 24.087526]",24.087525900025934,1870.6193566433565,14731,1,"{""cp_improved"": 2, ""cp_time"": 5.917802095413208, ""rep_n_add"": 0, ""rep_n_drop"": 0, ""rep_n_fill"": 537}",ok,sols/tune_dev_Region7_F1_cpsat_59ad4d5a07_b10.0_s6_F1__cpsat__b10_t6.npz,F1__cpsat__b10_t6,,,,
2026-09-28T17:25:43,tune,dev_Region7,F1,"{""k"": 4, ""name"": ""F1"", ""tau"": 0.0}",cpsat,classical,d0a1b22646,"{""cp_model_presolve"": true, ""linearization_level"": 0, ""repair_hint"": false, ""start"": ""lp""}",10.0,7,5.831,0,24.337665517353074,"[25.637238, 24.538931, 24.087526, 24.087526, 24.087526, 24.087526, 24.087526, 24.087526]",24.087525900025934,1871.0736153846149,14997,1,"{""cp_improved"": 1, ""cp_time"": 5.605682611465454, ""rep_n_add"": 0, ""rep_n_drop"": 0, ""rep_n_fill"": 8}",ok,sols/tune_dev_Region7_F1_cpsat_d0a1b22646_b10.0_s7_F1__cpsat__b10_t7.npz,F1__cpsat__b10_t7,,,,
2026-09-28T17:25:54,tune,dev_Region6,F1,"{""k"": 4, ""name"": ""F1"", ""tau"": 0.0}",cpsat,classical,d0a1b22646,"{""cp_model_presolve"": true, ""linearization_level"": 0, ""repair_hint"": false, ""start"": ""lp""}",10.0,7,9.863,0,23.006642951955445,"[24.858893, 23.275074, 23.008126, 22.758855, 22.690058, 22.61116, 22.59672, 22.254257]",22.25425731675725,2628.429685314685,8551,1,"{""cp_improved"": 0, ""cp_time"": 9.752198934555054, ""rep_n_add"": 0, ""rep_n_drop"": 0, ""rep_n_fill"": 0}",ok,sols/tune_dev_Region6_F1_cpsat_d0a1b22646_b10.0_s7_F1__cpsat__b10_t7.npz,F1__cpsat__b10_t7,,,,
2026-09-28T17:26:00,tune,dev_Region7,F1,"{""k"": 4, ""name"": ""F1"", ""tau"": 0.0}",cpsat,classical,cd6c30cd5f,"{""cp_model_presolve"": false, ""linearization_level"": 1, ""repair_hint"": false, ""start"": ""lp""}",10.0,8,5.776,0,24.193359880859916,"[24.769344, 24.25238, 24.087526, 24.087526, 24.087526, 24.087526, 24.087526, 24.087526]",24.087525900025934,1868.8134615384615,14934,1,"{""cp_improved"": 3, ""cp_time"": 5.525616645812988, ""rep_n_add"": 0, ""rep_n_drop"": 0, ""rep_n_fill"": 380}",ok,sols/tune_dev_Region7_F1_cpsat_cd6c30cd5f_b10.0_s8_F1__cpsat__b10_t8.npz,F1__cpsat__b10_t8,,,,
2026-09-28T17:26:11,tune,dev_Region6,F1,"{""k"": 4, ""name"": ""F1"", ""tau"": 0.0}",cpsat,classical,cd6c30cd5f,"{""cp_model_presolve"": false, ""linearization_level"": 1, ""repair_hint"": false, ""start"": ""lp""}",10.0,8,9.9,0,22.469786001036017,"[23.288478, 22.882301, 22.615692, 22.572326, 22.397905, 22.218208, 22.000486, 21.782893]",21.782893032893014,2511.7925279720275,7897,1,"{""cp_improved"": 8, ""cp_time"": 9.67350959777832, ""rep_n_add"": 0, ""rep_n_drop"": 0, ""rep_n_fill"": 427}",ok,sols/tune_dev_Region6_F1_cpsat_cd6c30cd5f_b10.0_s8_F1__cpsat__b10_t8.npz,F1__cpsat__b10_t8,,,,
2026-09-28T17:26:18,tune,dev_Region7,F1,"{""k"": 4, ""name"": ""F1"", ""tau"": 0.0}",cpsat,classical,cd6c30cd5f,"{""cp_model_presolve"": false, ""linearization_level"": 1, ""repair_hint"": false, ""start"": ""lp""}",10.0,9,5.659,0,24.17774297461802,"[24.710163, 24.186626, 24.087526, 24.087526, 24.087526, 24.087526, 24.087526, 24.087526]",24.087525900025934,1876.8880419580416,14989,1,"{""cp_improved"": 3, ""cp_time"": 5.419979095458984, ""rep_n_add"": 0, ""rep_n_drop"": 0, ""rep_n_fill"": 653}",ok,sols/tune_dev_Region7_F1_cpsat_cd6c30cd5f_b10.0_s9_F1__cpsat__b10_t9.npz,F1__cpsat__b10_t9,,,,
2026-09-28T17:26:29,tune,dev_Region6,F1,"{""k"": 4, ""name"": ""F1"", ""tau"": 0.0}",cpsat,classical,cd6c30cd5f,"{""cp_model_presolve"": false, ""linearization_level"": 1, ""repair_hint"": false, ""start"": ""lp""}",10.0,9,9.898,0,22.433619042994074,"[23.288478, 22.983068, 22.697002, 22.456229, 22.26261, 22.10857, 21.935444, 21.737552]",21.7375518000518,2495.3913986013986,7856,1,"{""cp_improved"": 8, ""cp_time"": 9.66230320930481, ""rep_n_add"": 0, ""rep_n_drop"": 0, ""rep_n_fill"": 359}",ok,sols/tune_dev_Region6_F1_cpsat_cd6c30cd5f_b10.0_s9_F1__cpsat__b10_t9.npz,F1__cpsat__b10_t9,,,,
2026-09-28T17:26:40,tune,dev_Region7,F1,"{""k"": 4, ""name"": ""F1"", ""tau"": 0.0}",hlns,ising,1c9671206b,"{""eim_R"": 8, ""eim_Tmax"": 0.003, ""eim_Tmin"": 1e-06, ""eim_moves"": 20000, ""hl_frac_sel"": 0.5, ""hl_nmax"": 3000, ""hl_p_block"": 0.3, ""hl_p_milp"": 0.0, ""hl_q"": 8, ""hl_slice"": 0.25, ""start"": ""lp""}",10.0,0,9.996,0,24.252328978891498,"[24.892159, 24.312969, 24.253642, 24.209758, 24.087526, 24.087526, 24.087526, 24.087526]",24.087525900025934,1885.6038286713283,15080,1,"{""hl_flips_ising"": 1572, ""hl_flips_milp"": 0, ""hl_time"": 9.912017822265625, ""hl_tries_ising"": 36, ""hl_tries_milp"": 0, ""hl_wins_ising"": 23, ""hl_wins_milp"": 0, ""rep_n_add"": 24, ""rep_n_drop"": 0, ""rep_n_fill"": 586, ""start_n_add"": 483, ""start_n_drop"": 0, ""start_n_fill"": 9036}",ok,sols/tune_dev_Region7_F1_hlns_1c9671206b_b10.0_s0_F1__hlns__b10_t0.npz,F1__hlns__b10_t0,,,,
2026-09-28T17:26:51,tune,dev_Region6,F1,"{""k"": 4, ""name"": ""F1"", ""tau"": 0.0}",hlns,ising,1c9671206b,"{""eim_R"": 8, ""eim_Tmax"": 0.003, ""eim_Tmin"": 1e-06, ""eim_moves"": 20000, ""hl_frac_sel"": 0.5, ""hl_nmax"": 3000, ""hl_p_block"": 0.3, ""hl_p_milp"": 0.0, ""hl_q"": 8, ""hl_slice"": 0.25, ""start"": ""lp""}",10.0,0,10.008,0,22.765671539109015,"[23.828121, 23.213999, 22.887464, 22.727629, 22.551832, 22.377558, 22.350751, 22.188018]",22.188018000517907,2580.6838776223776,8361,1,"{""hl_flips_ising"": 1808, ""hl_flips_milp"": 0, ""hl_time"": 9.934463739395142, ""hl_tries_ising"": 33, ""hl_tries_milp"": 0, ""hl_wins_ising"": 33, ""hl_wins_milp"": 0, ""rep_n_add"": 135, ""rep_n_drop"": 0, ""rep_n_fill"": 298, ""start_n_add"": 439, ""start_n_drop"": 0, ""start_n_fill"": 3793}",ok,sols/tune_dev_Region6_F1_hlns_1c9671206b_b10.0_s0_F1__hlns__b10_t0.npz,F1__hlns__b10_t0,,,,
2026-09-28T17:27:02,tune,dev_Region7,F1,"{""k"": 4, ""name"": ""F1"", ""tau"": 0.0}",hlns,ising,d9992451b3,"{""eim_R"": 4, ""eim_Tmax"": 0.003294499661706162, ""eim_Tmin"": 1.3049073550362386e-05, ""eim_moves"": 74745, ""hl_frac_sel"": 0.25119498706364835, ""hl_nmax"": 2170, ""hl_p_block"": 0.5167152904533249, ""hl_p_milp"": 0.2675319002346239, ""hl_q"": 6, ""hl_slice"": 0.37316899400505027, ""start"": ""pgreedy""}",10.0,1,10.023,0,26.399422915047957,"[28.908411, 27.477969, 26.722578, 26.509761, 26.283023, 25.322018, 25.032019, 24.939604]",24.93960437710434,1927.6278951048948,15527,1,"{""hl_flips_ising"": 912, ""hl_flips_milp"": 1347, ""hl_time"": 9.911665439605713, ""hl_tries_ising"": 26, ""hl_tries_milp"": 10, ""hl_wins_ising"": 26, ""hl_wins_milp"": 9, ""rep_n_add"": 299, ""rep_n_drop"": 0, ""rep_n_fill"": 163, ""start_n_add"": 2089, ""start_n_drop"": 0, ""start_n_fill"": 14347}",ok,sols/tune_dev_Region7_F1_hlns_d9992451b3_b10.0_s1_F1__hlns__b10_t1.npz,F1__hlns__b10_t1,,,,
2026-09-28T17:27:12,tune,dev_Region6,F1,"{""k"": 4, ""name"": ""F1"", ""tau"": 0.0}",hlns,ising,d9992451b3,"{""eim_R"": 4, ""eim_Tmax"": 0.003294499661706162, ""eim_Tmin"": 1.3049073550362386e-05, ""eim_moves"": 74745, ""hl_frac_sel"": 0.25119498706364835, ""hl_nmax"": 2170, ""hl_p_block"": 0.5167152904533249, ""hl_p_milp"": 0.2675319002346239, ""hl_q"": 6, ""hl_slice"": 0.37316899400505027, ""start"": ""pgreedy""}",10.0,1,10.031,0,25.570721234783736,"[28.491243, 26.589986, 26.248414, 25.206957, 25.109573, 24.76384, 24.334725, 23.821031]",23.8210308210308,2634.752797202797,8590,1,"{""hl_flips_ising"": 821, ""hl_flips_milp"": 1499, ""hl_time"": 9.970390319824219, ""hl_tries_ising"": 26, ""hl_tries_milp"": 14, ""hl_wins_ising"": 26, ""hl_wins_milp"": 14, ""rep_n_add"": 373, ""rep_n_drop"": 0, ""rep_n_fill"": 134, ""start_n_add"": 1677, ""start_n_drop"": 0, ""start_n_fill"": 7502}",ok,sols/tune_dev_Region6_F1_hlns_d9992451b3_b10.0_s1_F1__hlns__b10_t1.npz,F1__hlns__b10_t1,,,,
2026-09-28T17:27:23,tune,dev_Region7,F1,"{""k"": 4, ""name"": ""F1"", ""tau"": 0.0}",hlns,ising,7e4579b68d,"{""eim_R"": 8, ""eim_Tmax"": 0.00024602179969746214, ""eim_Tmin"": 3.628140404024378e-05, ""eim_moves"": 80536, ""hl_frac_sel"": 1.8483120598659897, ""hl_nmax"": 320, ""hl_p_block"": 0.6960097185974554, ""hl_p_milp"": 0.23974756926501706, ""hl_q"": 16, ""hl_slice"": 1.0786410564546558, ""start"": ""pgreedy""}",10.0,2,10.027,0,26.720963642838683,"[29.251764, 28.650301, 27.300683, 26.368007, 25.935622, 25.832815, 25.456197, 24.972319]",24.972319347319434,1934.821776223776,15539,1,"{""hl_flips_ising"": 856, ""hl_flips_milp"": 515, ""hl_time"": 9.930302143096924, ""hl_tries_ising"": 9, ""hl_tries_milp"": 3, ""hl_wins_ising"": 9, ""hl_wins_milp"": 3, ""rep_n_add"": 272, ""rep_n_drop"": 0, ""rep_n_fill"": 329, ""start_n_add"": 1866, ""start_n_drop"": 0, ""start_n_fill"": 14105}",ok,sols/tune_dev_Region7_F1_hlns_7e4579b68d_b10.0_s2_F1__hlns__b10_t2.npz,F1__hlns__b10_t2,,,,
2026-09-28T17:27:34,tune,dev_Region6,F1,"{""k"": 4, ""name"": ""F1"", ""tau"": 0.0}",hlns,ising,7e4579b68d,"{""eim_R"": 8, ""eim_Tmax"": 0.00024602179969746214, ""eim_Tmin"": 3.628140404024378e-05, ""eim_moves"": 80536, ""hl_frac_sel"": 1.8483120598659897, ""hl_nmax"": 320, ""hl_p_block"": 0.6960097185974554, ""hl_p_milp"": 0.23974756926501706, ""hl_q"": 16, ""hl_slice"": 1.0786410564546558, ""start"": ""pgreedy""}",10.0,2,9.98,0,25.946241258741257,"[28.041149, 27.573119, 26.550635, 25.866566, 25.623041, 25.12479, 24.530238, 24.260392]",24.260392385392446,2650.289339160839,8636,1,"{""hl_flips_ising"": 781, ""hl_flips_milp"": 279, ""hl_time"": 9.925590991973877, ""hl_tries_ising"": 9, ""hl_tries_milp"": 3, ""hl_wins_ising"": 9, ""hl_wins_milp"": 3, ""rep_n_add"": 372, ""rep_n_drop"": 0, ""rep_n_fill"": 46, ""start_n_add"": 1594, ""start_n_drop"": 0, ""start_n_fill"": 7312}",ok,sols/tune_dev_Region6_F1_hlns_7e4579b68d_b10.0_s2_F1__hlns__b10_t2.npz,F1__hlns__b10_t2,,,,
2026-09-28T17:27:45,tune,dev_Region7,F1,"{""k"": 4, ""name"": ""F1"", ""tau"": 0.0}",hlns,ising,4ef34ba336,"{""eim_R"": 16, ""eim_Tmax"": 0.0022809729374061983, ""eim_Tmin"": 5.336803302756711e-05, ""eim_moves"": 11053, ""hl_frac_sel"": 0.05358859760545354, ""hl_nmax"": 714, ""hl_p_block"": 0.4547471590949188, ""hl_p_milp"": 0.1852906491227631, ""hl_q"": 6, ""hl_slice"": 0.8696386278445376, ""start"": ""lp""}",10.0,3,10.007,0,24.285365675990708,"[24.723566, 24.48064, 24.457249, 24.212914, 24.12963, 24.103875, 24.087526, 24.087526]",24.087525900025934,1901.8240629370623,15044,1,"{""hl_flips_ising"": 436, ""hl_flips_milp"": 126, ""hl_time"": 9.91277527809143, ""hl_tries_ising"": 17, ""hl_tries_milp"": 5, ""hl_wins_ising"": 14, ""hl_wins_milp"": 3, ""rep_n_add"": 133, ""rep_n_drop"": 0, ""rep_n_fill"": 69, ""start_n_add"": 229, ""start_n_drop"": 0, ""start_n_fill"": 8978}",ok,sols/tune_dev_Region7_F1_hlns_4ef34ba336_b10.0_s3_F1__hlns__b10_t3.npz,F1__hlns__b10_t3,,,,
2026-09-28T17:27:56,tune,dev_Region6,F1,"{""k"": 4, ""name"": ""F1"", ""tau"": 0.0}",hlns,ising,4ef34ba336,"{""eim_R"": 16, ""eim_Tmax"": 0.0022809729374061983, ""eim_Tmin"": 5.336803302756711e-05, ""eim_moves"": 11053, ""hl_frac_sel"": 0.05358859760545354, ""hl_nmax"": 714, ""hl_p_block"": 0.4547471590949188, ""hl_p_milp"": 0.1852906491227631, ""hl_q"": 6, ""hl_slice"": 0.8696386278445376, ""start"": ""lp""}",10.0,3,10.018,0,22.834719389406928,"[23.994415, 23.252056, 22.885425, 22.72915, 22.562856, 22.549048, 22.397792, 22.307012]",22.30701243201251,2632.025433566433,8502,1,"{""hl_flips_ising"": 423, ""hl_flips_milp"": 111, ""hl_time"": 9.947769403457642, ""hl_tries_ising"": 16, ""hl_tries_milp"": 4, ""hl_wins_ising"": 16, ""hl_wins_milp"": 2, ""rep_n_add"": 64, ""rep_n_drop"": 0, ""rep_n_fill"": 40, ""start_n_add"": 392, ""start_n_drop"": 0, ""start_n_fill"": 3668}",ok,sols/tune_dev_Region6_F1_hlns_4ef34ba336_b10.0_s3_F1__hlns__b10_t3.npz,F1__hlns__b10_t3,,,,
2026-09-28T17:28:07,tune,dev_Region7,F1,"{""k"": 4, ""name"": ""F1"", ""tau"": 0.0}",hlns,ising,7d9485669a,"{""eim_R"": 8, ""eim_Tmax"": 0.008011355863608797, ""eim_Tmin"": 1.2344819320729512e-06, ""eim_moves"": 6598, ""hl_frac_sel"": 0.40395860098418684, ""hl_nmax"": 2272, ""hl_p_block"": 0.05751986868961895, ""hl_p_milp"": 0.21702967139742327, ""hl_q"": 15, ""hl_slice"": 0.9259960792591326, ""start"": ""lp""}",10.0,4,10.015,0,24.26806324462578,"[24.798563, 24.407796, 24.301573, 24.249968, 24.124029, 24.087526, 24.087526, 24.087526]",24.087525900025934,1888.433433566433,15042,1,"{""hl_flips_ising"": 731, ""hl_flips_milp"": 148, ""hl_time"": 9.922497987747192, ""hl_tries_ising"": 16, ""hl_tries_milp"": 2, ""hl_wins_ising"": 11, ""hl_wins_milp"": 1, ""rep_n_add"": 36, ""rep_n_drop"": 0, ""rep_n_fill"": 30, ""start_n_add"": 405, ""start_n_drop"": 0, ""start_n_fill"": 9028}",ok,sols/tune_dev_Region7_F1_hlns_7d9485669a_b10.0_s4_F1__hlns__b10_t4.npz,F1__hlns__b10_t4,,,,
2026-09-28T17:28:18,tune,dev_Region6,F1,"{""k"": 4, ""name"": ""F1"", ""tau"": 0.0}",hlns,ising,7d9485669a,"{""eim_R"": 8, ""eim_Tmax"": 0.008011355863608797, ""eim_Tmin"": 1.2344819320729512e-06, ""eim_moves"": 6598, ""hl_frac_sel"": 0.40395860098418684, ""hl_nmax"": 2272, ""hl_p_block"": 0.05751986868961895, ""hl_p_milp"": 0.21702967139742327, ""hl_q"": 15, ""hl_slice"": 0.9259960792591326, ""start"": ""lp""}",10.0,4,10.003,0,22.72101018194769,"[23.520963, 23.211619, 22.900236, 22.757705, 22.626975, 22.372766, 22.280093, 22.097724]",22.097724035224008,2587.882055944056,8339,1,"{""hl_flips_ising"": 1212, ""hl_flips_milp"": 0, ""hl_time"": 9.938540697097778, ""hl_tries_ising"": 15, ""hl_tries_milp"": 0, ""hl_wins_ising"": 15, ""hl_wins_milp"": 0, ""rep_n_add"": 48, ""rep_n_drop"": 0, ""rep_n_fill"": 20, ""start_n_add"": 420, ""start_n_drop"": 0, ""start_n_fill"": 3700}",ok,sols/tune_dev_Region6_F1_hlns_7d9485669a_b10.0_s4_F1__hlns__b10_t4.npz,F1__hlns__b10_t4,,,,
2026-09-28T17:28:29,tune,dev_Region7,F1,"{""k"": 4, ""name"": ""F1"", ""tau"": 0.0}",hlns,ising,22855e0cd5,"{""eim_R"": 8, ""eim_Tmax"": 5.793475874104928e-06, ""eim_Tmin"": 3.9208214167899065e-07, ""eim_moves"": 3644, ""hl_frac_sel"": 1.8790491396530897, ""hl_nmax"": 6568, ""hl_p_block"": 0.1889267903162376, ""hl_p_milp"": 0.2662340583262359, ""hl_q"": 10, ""hl_slice"": 1.5481078287156222, ""start"": ""lp""}",10.0,5,10.009,0,24.377964338901865,"[25.342398, 24.692826, 24.406647, 24.227613, 24.091654, 24.087526, 24.087526, 24.087526]",24.087525900025934,1880.3812202797199,15123,1,"{""hl_flips_ising"": 209, ""hl_flips_milp"": 636, ""hl_time"": 9.938072204589844, ""hl_tries_ising"": 9, ""hl_tries_milp"": 2, ""hl_wins_ising"": 6, ""hl_wins_milp"": 2, ""rep_n_add"": 83, ""rep_n_drop"": 0, ""rep_n_fill"": 59, ""start_n_add"": 413, ""start_n_drop"": 0, ""start_n_fill"": 9064}",ok,sols/tune_dev_Region7_F1_hlns_22855e0cd5_b10.0_s5_F1__hlns__b10_t5.npz,F1__hlns__b10_t5,,,,
2026-09-28T17:28:39,tune,dev_Region6,F1,"{""k"": 4, ""name"": ""F1"", ""tau"": 0.0}",hlns,ising,22855e0cd5,"{""eim_R"": 8, ""eim_Tmax"": 5.793475874104928e-06, ""eim_Tmin"": 3.9208214167899065e-07, ""eim_moves"": 3644, ""hl_frac_sel"": 1.8790491396530897, ""hl_nmax"": 6568, ""hl_p_block"": 0.1889267903162376, ""hl_p_milp"": 0.2662340583262359, ""hl_q"": 10, ""hl_slice"": 1.5481078287156222, ""start"": ""lp""}",10.0,5,10.02,0,22.784457151644677,"[23.793852, 23.279753, 22.926039, 22.789854, 22.602548, 22.428419, 22.389731, 22.065462]",22.065462315462376,2596.1989090909087,8458,1,"{""hl_flips_ising"": 582, ""hl_flips_milp"": 1186, ""hl_time"": 9.929071187973022, ""hl_tries_ising"": 8, ""hl_tries_milp"": 6, ""hl_wins_ising"": 8, ""hl_wins_milp"": 6, ""rep_n_add"": 272, ""rep_n_drop"": 0, ""rep_n_fill"": 664, ""start_n_add"": 433, ""start_n_drop"": 0, ""start_n_fill"": 3586}",ok,sols/tune_dev_Region6_F1_hlns_22855e0cd5_b10.0_s5_F1__hlns__b10_t5.npz,F1__hlns__b10_t5,,,,
2026-09-28T17:28:50,tune,dev_Region7,F1,"{""k"": 4, ""name"": ""F1"", ""tau"": 0.0}",hlns,ising,038848bdc5,"{""eim_R"": 8, ""eim_Tmax"": 9.743771432792573e-05, ""eim_Tmin"": 5.094376884806586e-07, ""eim_moves"": 4932, ""hl_frac_sel"": 1.245245382673479, ""hl_nmax"": 1586, ""hl_p_block"": 0.13900799821383697, ""hl_p_milp"": 0.07498454774008419, ""hl_q"": 2, ""hl_slice"": 1.2638745229913981, ""start"": ""lp""}",10.0,6,10.005,0,24.29207540145042,"[24.923611, 24.509632, 24.293221, 24.160451, 24.156663, 24.117975, 24.087526, 24.087526]",24.087525900025934,1869.4700454545452,15064,1,"{""hl_flips_ising"": 165, ""hl_flips_milp"": 0, ""hl_time"": 9.930147886276245, ""hl_tries_ising"": 9, ""hl_tries_milp"": 0, ""hl_wins_ising"": 7, ""hl_wins_milp"": 0, ""rep_n_add"": 21, ""rep_n_drop"": 0, ""rep_n_fill"": 22, ""start_n_add"": 702, ""start_n_drop"": 0, ""start_n_fill"": 8351}",ok,sols/tune_dev_Region7_F1_hlns_038848bdc5_b10.0_s6_F1__hlns__b10_t6.npz,F1__hlns__b10_t6,,,,
2026-09-28T17:29:01,tune,dev_Region6,F1,"{""k"": 4, ""name"": ""F1"", ""tau"": 0.0}",hlns,ising,038848bdc5,"{""eim_R"": 8, ""eim_Tmax"": 9.743771432792573e-05, ""eim_Tmin"": 5.094376884806586e-07, ""eim_moves"": 4932, ""hl_frac_sel"": 1.245245382673479, ""hl_nmax"": 1586, ""hl_p_block"": 0.13900799821383697, ""hl_p_milp"": 0.07498454774008419, ""hl_q"": 2, ""hl_slice"": 1.2638745229913981, ""start"": ""lp""}",10.0,6,10.014,0,22.881035920098448,"[24.011752, 23.279753, 23.155967, 22.864478, 22.693846, 22.59078, 22.25968, 22.192033]",22.192032504532513,2615.222611888112,8549,1,"{""hl_flips_ising"": 591, ""hl_flips_milp"": 0, ""hl_time"": 9.938215017318726, ""hl_tries_ising"": 9, ""hl_tries_milp"": 0, ""hl_wins_ising"": 9, ""hl_wins_milp"": 0, ""rep_n_add"": 221, ""rep_n_drop"": 0, ""rep_n_fill"": 328, ""start_n_add"": 422, ""start_n_drop"": 0, ""start_n_fill"": 3454}",ok,sols/tune_dev_Region6_F1_hlns_038848bdc5_b10.0_s6_F1__hlns__b10_t6.npz,F1__hlns__b10_t6,,,,
2026-09-28T17:29:12,tune,dev_Region7,F1,"{""k"": 4, ""name"": ""F1"", ""tau"": 0.0}",hlns,ising,b7b8b0a456,"{""eim_R"": 8, ""eim_Tmax"": 1.280248970566445e-05, ""eim_Tmin"": 3.896419357017322e-07, ""eim_moves"": 4761, ""hl_frac_sel"": 0.14825222055770715, ""hl_nmax"": 708, ""hl_p_block"": 0.5584046065728129, ""hl_p_milp"": 0.25616192486093003, ""hl_q"": 6, ""hl_slice"": 1.680526157690484, ""start"": ""lp""}",10.0,7,10.003,0,24.25762027324531,"[24.821355, 24.444477, 24.258094, 24.160305, 24.114154, 24.087526, 24.087526, 24.087526]",24.087525900025934,1885.052818181818,15090,1,"{""hl_flips_ising"": 162, ""hl_flips_milp"": 254, ""hl_time"": 9.953196287155151, ""hl_tries_ising"": 9, ""hl_tries_milp"": 6, ""hl_wins_ising"": 6, ""hl_wins_milp"": 3, ""rep_n_add"": 7, ""rep_n_drop"": 0, ""rep_n_fill"": 15, ""start_n_add"": 623, ""start_n_drop"": 0, ""start_n_fill"": 8668}",ok,sols/tune_dev_Region7_F1_hlns_b7b8b0a456_b10.0_s7_F1__hlns__b10_t7.npz,F1__hlns__b10_t7,,,,
2026-09-28T17:29:23,tune,dev_Region6,F1,"{""k"": 4, ""name"": ""F1"", ""tau"": 0.0}",hlns,ising,b7b8b0a456,"{""eim_R"": 8, ""eim_Tmax"": 1.280248970566445e-05, ""eim_Tmin"": 3.896419357017322e-07, ""eim_moves"": 4761, ""hl_frac_sel"": 0.14825222055770715, ""hl_nmax"": 708, ""hl_p_block"": 0.5584046065728129, ""hl_p_milp"": 0.25616192486093003, ""hl_q"": 6, ""hl_slice"": 1.680526157690484, ""start"": ""lp""}",10.0,7,10.009,0,22.902142417767408,"[24.333689, 23.24741, 22.860512, 22.854976, 22.705986, 22.562597, 22.403879, 22.24809]",22.24808987308994,2625.5499930069927,8536,1,"{""hl_flips_ising"": 230, ""hl_flips_milp"": 134, ""hl_time"": 9.914542198181152, ""hl_tries_ising"": 8, ""hl_tries_milp"": 5, ""hl_wins_ising"": 8, ""hl_wins_milp"": 5, ""rep_n_add"": 37, ""rep_n_drop"": 0, ""rep_n_fill"": 25, ""start_n_add"": 447, ""start_n_drop"": 0, ""start_n_fill"": 3664}",ok,sols/tune_dev_Region6_F1_hlns_b7b8b0a456_b10.0_s7_F1__hlns__b10_t7.npz,F1__hlns__b10_t7,,,,
2026-09-28T17:29:34,tune,dev_Region7,F1,"{""k"": 4, ""name"": ""F1"", ""tau"": 0.0}",hlns,ising,039ec001fd,"{""eim_R"": 8, ""eim_Tmax"": 5.504103655676379e-05, ""eim_Tmin"": 5.599668416030328e-07, ""eim_moves"": 36632, ""hl_frac_sel"": 1.1778115524924693, ""hl_nmax"": 4485, ""hl_p_block"": 0.29046821963088276, ""hl_p_milp"": 0.28415144243150015, ""hl_q"": 11, ""hl_slice"": 0.06451219192567251, ""start"": ""lp""}",10.0,8,10.025,0,24.222867699430246,"[24.796669, 24.379095, 24.169548, 24.087526, 24.087526, 24.087526, 24.087526, 24.087526]",24.087525900025934,1850.307657342657,14734,1,"{""hl_flips_ising"": 3268, ""hl_flips_milp"": 0, ""hl_time"": 9.944293975830078, ""hl_tries_ising"": 108, ""hl_tries_milp"": 52, ""hl_wins_ising"": 53, ""hl_wins_milp"": 0, ""rep_n_add"": 54, ""rep_n_drop"": 0, ""rep_n_fill"": 605, ""start_n_add"": 478, ""start_n_drop"": 0, ""start_n_fill"": 9398}",ok,sols/tune_dev_Region7_F1_hlns_039ec001fd_b10.0_s8_F1__hlns__b10_t8.npz,F1__hlns__b10_t8,,,,
2026-09-28T17:29:45,tune,dev_Region6,F1,"{""k"": 4, ""name"": ""F1"", ""tau"": 0.0}",hlns,ising,039ec001fd,"{""eim_R"": 8, ""eim_Tmax"": 5.504103655676379e-05, ""eim_Tmin"": 5.599668416030328e-07, ""eim_moves"": 36632, ""hl_frac_sel"": 1.1778115524924693, ""hl_nmax"": 4485, ""hl_p_block"": 0.29046821963088276, ""hl_p_milp"": 0.28415144243150015, ""hl_q"": 11, ""hl_slice"": 0.06451219192567251, ""start"": ""lp""}",10.0,8,10.005,0,22.71268979862728,"[23.789692, 23.180766, 22.933502, 22.721316, 22.569914, 22.357356, 22.179261, 21.969713]",21.969713157213196,2502.479769230769,7923,1,"{""hl_flips_ising"": 5198, ""hl_flips_milp"": 0, ""hl_time"": 9.94027304649353, ""hl_tries_ising"": 102, ""hl_tries_milp"": 33, ""hl_wins_ising"": 102, ""hl_wins_milp"": 0, ""rep_n_add"": 58, ""rep_n_drop"": 0, ""rep_n_fill"": 635, ""start_n_add"": 360, ""start_n_drop"": 0, ""start_n_fill"": 4645}",ok,sols/tune_dev_Region6_F1_hlns_039ec001fd_b10.0_s8_F1__hlns__b10_t8.npz,F1__hlns__b10_t8,,,,
2026-09-28T17:29:56,tune,dev_Region7,F1,"{""k"": 4, ""name"": ""F1"", ""tau"": 0.0}",hlns,ising,1ab7e35d00,"{""eim_R"": 8, ""eim_Tmax"": 0.002149211332011167, ""eim_Tmin"": 2.742194550436767e-06, ""eim_moves"": 28133, ""hl_frac_sel"": 1.4390612928037052, ""hl_nmax"": 2899, ""hl_p_block"": 0.035120747192818935, ""hl_p_milp"": 0.28955460282642714, ""hl_q"": 13, ""hl_slice"": 0.1354209346186694, ""start"": ""lp""}",10.0,9,10.001,0,24.208671247733783,"[24.776062, 24.321808, 24.133871, 24.087526, 24.087526, 24.087526, 24.087526, 24.087526]",24.087525900025934,1859.1250244755242,14762,1,"{""hl_flips_ising"": 2855, ""hl_flips_milp"": 0, ""hl_time"": 9.908931255340576, ""hl_tries_ising"": 62, ""hl_tries_milp"": 35, ""hl_wins_ising"": 35, ""hl_wins_milp"": 0, ""rep_n_add"": 8, ""rep_n_drop"": 0, ""rep_n_fill"": 64, ""start_n_add"": 409, ""start_n_drop"": 0, ""start_n_fill"": 9713}",ok,sols/tune_dev_Region7_F1_hlns_1ab7e35d00_b10.0_s9_F1__hlns__b10_t9.npz,F1__hlns__b10_t9,,,,
2026-09-28T17:30:06,tune,dev_Region6,F1,"{""k"": 4, ""name"": ""F1"", ""tau"": 0.0}",hlns,ising,1ab7e35d00,"{""eim_R"": 8, ""eim_Tmax"": 0.002149211332011167, ""eim_Tmin"": 2.742194550436767e-06, ""eim_moves"": 28133, ""hl_frac_sel"": 1.4390612928037052, ""hl_nmax"": 2899, ""hl_p_block"": 0.035120747192818935, ""hl_p_milp"": 0.28955460282642714, ""hl_q"": 13, ""hl_slice"": 0.1354209346186694, ""start"": ""lp""}",10.0,9,10.004,0,22.674301103988608,"[23.649427, 23.124968, 22.902244, 22.673352, 22.508984, 22.365417, 22.161956, 22.008061]",22.008061383061357,2551.2264860139862,7973,1,"{""hl_flips_ising"": 4271, ""hl_flips_milp"": 0, ""hl_time"": 9.930515766143799, ""hl_tries_ising"": 58, ""hl_tries_milp"": 21, ""hl_wins_ising"": 58, ""hl_wins_milp"": 0, ""rep_n_add"": 189, ""rep_n_drop"": 0, ""rep_n_fill"": 1244, ""start_n_add"": 352, ""start_n_drop"": 0, ""start_n_fill"": 3706}",ok,sols/tune_dev_Region6_F1_hlns_1ab7e35d00_b10.0_s9_F1__hlns__b10_t9.npz,F1__hlns__b10_t9,,,,
2026-09-28T17:30:08,tune,dev_Region7,F1,"{""k"": 4, ""name"": ""F1"", ""tau"": 0.0}",lp,classical,2f39b383fb,"{""lexi"": false}",10.0,0,0.638,0,24.44539343758099,"[25.637238, 24.538931, 24.287539, 24.227613, 24.227613, 24.227613, 24.208301, 24.208301]",24.208300958300995,1889.7685419580419,15093,1,"{""rep_n_add"": 0, ""rep_n_drop"": 0, ""rep_n_fill"": 0, ""start_n_add"": 450, ""start_n_drop"": 0, ""start_n_fill"": 8601}",ok,sols/tune_dev_Region7_F1_lp_2f39b383fb_b10.0_s0_F1__lp__b10_t0.npz,F1__lp__b10_t0,,,,
2026-09-28T17:30:10,tune,dev_Region6,F1,"{""k"": 4, ""name"": ""F1"", ""tau"": 0.0}",lp,classical,2f39b383fb,"{""lexi"": false}",10.0,0,1.508,0,23.006642951955445,"[24.858893, 23.275074, 23.008126, 22.758855, 22.690058, 22.61116, 22.59672, 22.254257]",22.25425731675725,2628.307171328671,8551,1,"{""rep_n_add"": 0, ""rep_n_drop"": 0, ""rep_n_fill"": 0, ""start_n_add"": 508, ""start_n_drop"": 0, ""start_n_fill"": 3553}",ok,sols/tune_dev_Region6_F1_lp_2f39b383fb_b10.0_s0_F1__lp__b10_t0.npz,F1__lp__b10_t0,,,,
2026-09-28T17:30:22,tune,dev_Region7,F1,"{""k"": 4, ""name"": ""F1"", ""tau"": 0.0}",lp,classical,e62ade0088,"{""lexi"": true}",10.0,1,11.57,1,24.332032261719817,"[24.741275, 24.382139, 24.382139, 24.317502, 24.208301, 24.208301, 24.208301, 24.208301]",24.208300958300995,1883.453003496503,15062,1,"{""rep_n_add"": 0, ""rep_n_drop"": 0, ""rep_n_fill"": 0, ""start_n_add"": 680, ""start_n_drop"": 0, ""start_n_fill"": 8299}",ok,sols/tune_dev_Region7_F1_lp_e62ade0088_b10.0_s1_F1__lp__b10_t1.npz,F1__lp__b10_t1,,,,
2026-09-28T17:30:29,tune,dev_Region6,F1,"{""k"": 4, ""name"": ""F1"", ""tau"": 0.0}",lp,classical,e62ade0088,"{""lexi"": true}",10.0,1,6.045,0,22.99462372118625,"[24.858893, 23.275074, 22.928564, 22.770105, 22.676654, 22.59672, 22.59672, 22.254257]",22.25425731675725,2627.1069475524473,8545,1,"{""rep_n_add"": 0, ""rep_n_drop"": 0, ""rep_n_fill"": 0, ""start_n_add"": 519, ""start_n_drop"": 0, ""start_n_fill"": 3537}",ok,sols/tune_dev_Region6_F1_lp_e62ade0088_b10.0_s1_F1__lp__b10_t1.npz,F1__lp__b10_t1,,,,
2026-09-28T17:30:30,tune,dev_Region7,F1,"{""k"": 4, ""name"": ""F1"", ""tau"": 0.0}",lp,classical,2f39b383fb,"{""lexi"": false}",10.0,2,0.613,0,24.38789942696195,"[24.88986, 24.848015, 24.323815, 24.208301, 24.208301, 24.208301, 24.208301, 24.208301]",24.208300958300995,1865.9318251748246,14935,1,"{""rep_n_add"": 0, ""rep_n_drop"": 0, ""rep_n_fill"": 0, ""start_n_add"": 521, ""start_n_drop"": 0, ""start_n_fill"": 8187}",ok,sols/tune_dev_Region7_F1_lp_2f39b383fb_b10.0_s2_F1__lp__b10_t2.npz,F1__lp__b10_t2,,,,
2026-09-28T17:30:32,tune,dev_Region6,F1,"{""k"": 4, ""name"": ""F1"", ""tau"": 0.0}",lp,classical,2f39b383fb,"{""lexi"": false}",10.0,2,1.471,0,23.006642951955456,"[24.858893, 23.275074, 23.008126, 22.758855, 22.690058, 22.61116, 22.59672, 22.254257]",22.25425731675725,2628.3957867132867,8538,1,"{""rep_n_add"": 0, ""rep_n_drop"": 0, ""rep_n_fill"": 0, ""start_n_add"": 492, ""start_n_drop"": 0, ""start_n_fill"": 3551}",ok,sols/tune_dev_Region6_F1_lp_2f39b383fb_b10.0_s2_F1__lp__b10_t2.npz,F1__lp__b10_t2,,,,
2026-09-28T17:30:44,tune,dev_Region7,F1,"{""k"": 4, ""name"": ""F1"", ""tau"": 0.0}",lp,classical,e62ade0088,"{""lexi"": true}",10.0,3,10.675,0,24.630878091815614,"[26.864413, 24.595215, 24.595215, 24.595215, 24.134389, 24.087526, 24.087526, 24.087526]",24.087525900025934,1893.4438321678322,15061,1,"{""rep_n_add"": 0, ""rep_n_drop"": 0, ""rep_n_fill"": 0, ""start_n_add"": 339, ""start_n_drop"": 0, ""start_n_fill"": 8748}",ok,sols/tune_dev_Region7_F1_lp_e62ade0088_b10.0_s3_F1__lp__b10_t3.npz,F1__lp__b10_t3,,,,
2026-09-28T17:30:50,tune,dev_Region6,F1,"{""k"": 4, ""name"": ""F1"", ""tau"": 0.0}",lp,classical,e62ade0088,"{""lexi"": true}",10.0,3,5.986,0,22.99462372118625,"[24.858893, 23.275074, 22.928564, 22.770105, 22.676654, 22.59672, 22.59672, 22.254257]",22.25425731675725,2627.331486013986,8549,1,"{""rep_n_add"": 0, ""rep_n_drop"": 0, ""rep_n_fill"": 0, ""start_n_add"": 516, ""start_n_drop"": 0, ""start_n_fill"": 3545}",ok,sols/tune_dev_Region6_F1_lp_e62ade0088_b10.0_s3_F1__lp__b10_t3.npz,F1__lp__b10_t3,,,,
2026-09-28T17:30:52,tune,dev_Region7,F1,"{""k"": 4, ""name"": ""F1"", ""tau"": 0.0}",lp,classical,2f39b383fb,"{""lexi"": false}",10.0,4,0.62,0,24.369401142838697,"[25.087931, 24.397549, 24.307773, 24.307773, 24.213546, 24.213546, 24.213546, 24.213546]",24.21354571354578,1903.858381118881,15076,1,"{""rep_n_add"": 0, ""rep_n_drop"": 0, ""rep_n_fill"": 0, ""start_n_add"": 447, ""start_n_drop"": 0, ""start_n_fill"": 8667}",ok,sols/tune_dev_Region7_F1_lp_2f39b383fb_b10.0_s4_F1__lp__b10_t4.npz,F1__lp__b10_t4,,,,
2026-09-28T17:30:54,tune,dev_Region6,F1,"{""k"": 4, ""name"": ""F1"", ""tau"": 0.0}",lp,classical,2f39b383fb,"{""lexi"": false}",10.0,4,1.527,0,23.006642951955445,"[24.858893, 23.275074, 23.008126, 22.758855, 22.690058, 22.61116, 22.59672, 22.254257]",22.25425731675725,2628.086346153846,8545,1,"{""rep_n_add"": 0, ""rep_n_drop"": 0, ""rep_n_fill"": 0, ""start_n_add"": 507, ""start_n_drop"": 0, ""start_n_fill"": 3550}",ok,sols/tune_dev_Region6_F1_lp_2f39b383fb_b10.0_s4_F1__lp__b10_t4.npz,F1__lp__b10_t4,,,,
2026-09-28T17:31:05,tune,dev_Region7,F1,"{""k"": 4, ""name"": ""F1"", ""tau"": 0.0}",lp,classical,e62ade0088,"{""lexi"": true}",10.0,5,10.643,0,24.556213173400703,"[26.192356, 24.465456, 24.465456, 24.465456, 24.220005, 24.213659, 24.213659, 24.213659]",24.213659026159075,1895.663143356643,15107,1,"{""rep_n_add"": 0, ""rep_n_drop"": 0, ""rep_n_fill"": 0, ""start_n_add"": 518, ""start_n_drop"": 0, ""start_n_fill"": 8578}",ok,sols/tune_dev_Region7_F1_lp_e62ade0088_b10.0_s5_F1__lp__b10_t5.npz,F1__lp__b10_t5,,,,
2026-09-28T17:31:12,tune,dev_Region6,F1,"{""k"": 4, ""name"": ""F1"", ""tau"": 0.0}",lp,classical,e62ade0088,"{""lexi"": true}",10.0,5,5.997,0,22.99462372118625,"[24.858893, 23.275074, 22.928564, 22.770105, 22.676654, 22.59672, 22.59672, 22.254257]",22.25425731675725,2627.1069475524473,8545,1,"{""rep_n_add"": 0, ""rep_n_drop"": 0, ""rep_n_fill"": 0, ""start_n_add"": 519, ""start_n_drop"": 0, ""start_n_fill"": 3538}",ok,sols/tune_dev_Region6_F1_lp_e62ade0088_b10.0_s5_F1__lp__b10_t5.npz,F1__lp__b10_t5,,,,
2026-09-28T17:31:14,tune,dev_Region7,F1,"{""k"": 4, ""name"": ""F1"", ""tau"": 0.0}",lp,classical,2f39b383fb,"{""lexi"": false}",10.0,6,0.621,0,24.363490675990718,"[24.963109, 24.538931, 24.238491, 24.238491, 24.238491, 24.238491, 24.238491, 24.213432]",24.213432400932497,1879.368916083916,15063,1,"{""rep_n_add"": 0, ""rep_n_drop"": 0, ""rep_n_fill"": 0, ""start_n_add"": 630, ""start_n_drop"": 0, ""start_n_fill"": 8363}",ok,sols/tune_dev_Region7_F1_lp_2f39b383fb_b10.0_s6_F1__lp__b10_t6.npz,F1__lp__b10_t6,,,,
2026-09-28T17:31:16,tune,dev_Region6,F1,"{""k"": 4, ""name"": ""F1"", ""tau"": 0.0}",lp,classical,2f39b383fb,"{""lexi"": false}",10.0,6,1.422,0,23.006642951955456,"[24.858893, 23.275074, 23.008126, 22.758855, 22.690058, 22.61116, 22.59672, 22.254257]",22.25425731675725,2628.450856643357,8538,1,"{""rep_n_add"": 0, ""rep_n_drop"": 0, ""rep_n_fill"": 0, ""start_n_add"": 491, ""start_n_drop"": 0, ""start_n_fill"": 3552}",ok,sols/tune_dev_Region6_F1_lp_2f39b383fb_b10.0_s6_F1__lp__b10_t6.npz,F1__lp__b10_t6,,,,
2026-09-28T17:31:17,tune,dev_Region7,F1,"{""k"": 4, ""name"": ""F1"", ""tau"": 0.0}",lp,classical,2f39b383fb,"{""lexi"": false}",10.0,7,0.63,0,24.363525074462604,"[24.927286, 24.610107, 24.457249, 24.457249, 24.140475, 24.114154, 24.114154, 24.087526]",24.087525900025934,1896.2773496503494,15081,1,"{""rep_n_add"": 0, ""rep_n_drop"": 0, ""rep_n_fill"": 0, ""start_n_add"": 572, ""start_n_drop"": 0, ""start_n_fill"": 8476}",ok,sols/tune_dev_Region7_F1_lp_2f39b383fb_b10.0_s7_F1__lp__b10_t7.npz,F1__lp__b10_t7,,,,
2026-09-28T17:31:19,tune,dev_Region6,F1,"{""k"": 4, ""name"": ""F1"", ""tau"": 0.0}",lp,classical,2f39b383fb,"{""lexi"": false}",10.0,7,1.531,0,23.006642951955456,"[24.858893, 23.275074, 23.008126, 22.758855, 22.690058, 22.61116, 22.59672, 22.254257]",22.25425731675725,2628.09637062937,8540,1,"{""rep_n_add"": 0, ""rep_n_drop"": 0, ""rep_n_fill"": 0, ""start_n_add"": 497, ""start_n_drop"": 0, ""start_n_fill"": 3549}",ok,sols/tune_dev_Region6_F1_lp_2f39b383fb_b10.0_s7_F1__lp__b10_t7.npz,F1__lp__b10_t7,,,,
2026-09-28T17:31:21,tune,dev_Region7,F1,"{""k"": 4, ""name"": ""F1"", ""tau"": 0.0}",lp,classical,2f39b383fb,"{""lexi"": false}",10.0,8,0.639,0,24.410574090261672,"[25.291132, 24.297527, 24.297527, 24.297527, 24.297527, 24.297527, 24.297527, 24.208301]",24.208300958300995,1892.1575909090907,15068,1,"{""rep_n_add"": 0, ""rep_n_drop"": 0, ""rep_n_fill"": 0, ""start_n_add"": 604, ""start_n_drop"": 0, ""start_n_fill"": 8481}",ok,sols/tune_dev_Region7_F1_lp_2f39b383fb_b10.0_s8_F1__lp__b10_t8.npz,F1__lp__b10_t8,,,,
2026-09-28T17:31:23,tune,dev_Region6,F1,"{""k"": 4, ""name"": ""F1"", ""tau"": 0.0}",lp,classical,2f39b383fb,"{""lexi"": false}",10.0,8,1.531,0,23.006642951955445,"[24.858893, 23.275074, 23.008126, 22.758855, 22.690058, 22.61116, 22.59672, 22.254257]",22.25425731675725,2627.9514580419577,8545,1,"{""rep_n_add"": 0, ""rep_n_drop"": 0, ""rep_n_fill"": 0, ""start_n_add"": 507, ""start_n_drop"": 0, ""start_n_fill"": 3549}",ok,sols/tune_dev_Region6_F1_lp_2f39b383fb_b10.0_s8_F1__lp__b10_t8.npz,F1__lp__b10_t8,,,,
2026-09-28T17:31:24,tune,dev_Region7,F1,"{""k"": 4, ""name"": ""F1"", ""tau"": 0.0}",lp,classical,2f39b383fb,"{""lexi"": false}",10.0,9,0.57,0,24.402381183631217,"[25.386882, 24.737892, 24.340262, 24.328008, 24.157666, 24.093289, 24.087526, 24.087526]",24.087525900025934,1873.0354615384613,14993,1,"{""rep_n_add"": 0, ""rep_n_drop"": 0, ""rep_n_fill"": 0, ""start_n_add"": 514, ""start_n_drop"": 0, ""start_n_fill"": 8343}",ok,sols/tune_dev_Region7_F1_lp_2f39b383fb_b10.0_s9_F1__lp__b10_t9.npz,F1__lp__b10_t9,,,,
2026-09-28T17:31:26,tune,dev_Region6,F1,"{""k"": 4, ""name"": ""F1"", ""tau"": 0.0}",lp,classical,2f39b383fb,"{""lexi"": false}",10.0,9,1.431,0,23.006642951955445,"[24.858893, 23.275074, 23.008126, 22.758855, 22.690058, 22.61116, 22.59672, 22.254257]",22.25425731675725,2628.073972027972,8545,1,"{""rep_n_add"": 0, ""rep_n_drop"": 0, ""rep_n_fill"": 0, ""start_n_add"": 507, ""start_n_drop"": 0, ""start_n_fill"": 3548}",ok,sols/tune_dev_Region6_F1_lp_2f39b383fb_b10.0_s9_F1__lp__b10_t9.npz,F1__lp__b10_t9,,,,
2026-09-28T17:31:38,tune,dev_Region7,F1,"{""k"": 4, ""name"": ""F1"", ""tau"": 0.0}",sb,ising,33dbba307a,"{""sb_agents"": 32, ""sb_alpha_floor"": 0.0, ""sb_dt"": 1.0, ""sb_eta"": 0.5, ""sb_eta_mu"": 1.0, ""sb_heat"": 0.06, ""sb_steps"": 400, ""sb_tau_frac"": 0.97, ""sb_variant"": ""ballistic"", ""sb_warm"": 0.0, ""sb_xi"": 0.7, ""start"": ""lp""}",10.0,0,10.211,0,24.44539343758099,"[25.637238, 24.538931, 24.287539, 24.227613, 24.227613, 24.227613, 24.208301, 24.208301]",24.208300958300995,1889.7685419580419,15093,1,"{""rep_n_add"": 0, ""rep_n_drop"": 0, ""rep_n_fill"": 0, ""sb_decoded"": 11, ""sb_improved"": 0, ""sb_rounds"": 8, ""sb_start_obj"": 42.24163986013995, ""sb_time"": 10.11981987953186, ""start_n_add"": 450, ""start_n_drop"": 0, ""start_n_fill"": 8601}",ok,sols/tune_dev_Region7_F1_sb_33dbba307a_b10.0_s0_F1__sb__b10_t0.npz,F1__sb__b10_t0,,,,
2026-09-28T17:31:50,tune,dev_Region6,F1,"{""k"": 4, ""name"": ""F1"", ""tau"": 0.0}",sb,ising,33dbba307a,"{""sb_agents"": 32, ""sb_alpha_floor"": 0.0, ""sb_dt"": 1.0, ""sb_eta"": 0.5, ""sb_eta_mu"": 1.0, ""sb_heat"": 0.06, ""sb_steps"": 400, ""sb_tau_frac"": 0.97, ""sb_variant"": ""ballistic"", ""sb_warm"": 0.0, ""sb_xi"": 0.7, ""start"": ""lp""}",10.0,0,10.266,0,23.006642951955445,"[24.858893, 23.275074, 23.008126, 22.758855, 22.690058, 22.61116, 22.59672, 22.254257]",22.25425731675725,2628.307171328671,8551,1,"{""rep_n_add"": 0, ""rep_n_drop"": 0, ""rep_n_fill"": 0, ""sb_decoded"": 15, ""sb_improved"": 0, ""sb_rounds"": 8, ""sb_start_obj"": 39.75547902097901, ""sb_time"": 10.215190410614014, ""start_n_add"": 508, ""start_n_drop"": 0, ""start_n_fill"": 3553}",ok,sols/tune_dev_Region6_F1_sb_33dbba307a_b10.0_s0_F1__sb__b10_t0.npz,F1__sb__b10_t0,,,,
2026-09-28T17:32:03,tune,dev_Region7,F1,"{""k"": 4, ""name"": ""F1"", ""tau"": 0.0}",sb,ising,dba158ce16,"{""sb_agents"": 64, ""sb_alpha_floor"": 0.017425859940308142, ""sb_dt"": 1.3593049010167038, ""sb_eta"": 2.3131814207377923, ""sb_eta_mu"": 0.0163345876110695, ""sb_heat"": 0.060428515788450606, ""sb_steps"": 250, ""sb_tau_frac"": 0.9020218397440326, ""sb_variant"": ""ballistic"", ""sb_warm"": 0.8793168063780279, ""sb_xi"": 0.5117279648784191, ""start"": ""pgreedy""}",10.0,1,10.08,0,27.40123389342144,"[34.262141, 27.984768, 26.677059, 26.328137, 26.328137, 26.328137, 25.712008, 25.589485]",25.58948458948464,1948.8709930069926,15525,1,"{""rep_n_add"": 0, ""rep_n_drop"": 0, ""rep_n_fill"": 0, ""sb_decoded"": 28, ""sb_improved"": 0, ""sb_rounds"": 8, ""sb_start_obj"": 47.34933216783225, ""sb_time"": 10.018190860748291, ""start_n_add"": 2042, ""start_n_drop"": 0, ""start_n_fill"": 13483}",ok,sols/tune_dev_Region7_F1_sb_dba158ce16_b10.0_s1_F1__sb__b10_t1.npz,F1__sb__b10_t1,,,,
2026-09-28T17:32:15,tune,dev_Region6,F1,"{""k"": 4, ""name"": ""F1"", ""tau"": 0.0}",sb,ising,dba158ce16,"{""sb_agents"": 64, ""sb_alpha_floor"": 0.017425859940308142, ""sb_dt"": 1.3593049010167038, ""sb_eta"": 2.3131814207377923, ""sb_eta_mu"": 0.0163345876110695, ""sb_heat"": 0.060428515788450606, ""sb_steps"": 250, ""sb_tau_frac"": 0.9020218397440326, ""sb_variant"": ""ballistic"", ""sb_warm"": 0.8793168063780279, ""sb_xi"": 0.5117279648784191, ""start"": ""pgreedy""}",10.0,1,10.002,0,27.148913008287977,"[32.181446, 27.601301, 26.406987, 26.406987, 26.406987, 26.406987, 26.406987, 25.373624]",25.3736240611241,2699.697895104895,8706,1,"{""rep_n_add"": 0, ""rep_n_drop"": 0, ""rep_n_fill"": 0, ""sb_decoded"": 19, ""sb_improved"": 0, ""sb_rounds"": 8, ""sb_start_obj"": 46.91332167832162, ""sb_time"": 9.948291778564453, ""start_n_add"": 1616, ""start_n_drop"": 0, ""start_n_fill"": 7090}",ok,sols/tune_dev_Region6_F1_sb_dba158ce16_b10.0_s1_F1__sb__b10_t1.npz,F1__sb__b10_t1,,,,
2026-09-28T17:32:27,tune,dev_Region7,F1,"{""k"": 4, ""name"": ""F1"", ""tau"": 0.0}",sb,ising,d9060e7979,"{""sb_agents"": 8, ""sb_alpha_floor"": 0.1136867897737297, ""sb_dt"": 1.031897327725781, ""sb_eta"": 0.8594903371659688, ""sb_eta_mu"": 0.23358825194833557, ""sb_heat"": 0.040973773756855375, ""sb_steps"": 77, ""sb_tau_frac"": 0.9018789800436355, ""sb_variant"": ""discrete"", ""sb_warm"": 0.7355220049625057, ""sb_xi"": 0.14770319740236926, ""start"": ""pgreedy""}",10.0,2,10.071,0,27.40123389342144,"[34.262141, 27.984768, 26.677059, 26.328137, 26.328137, 26.328137, 25.712008, 25.589485]",25.58948458948464,1948.8709930069926,15525,1,"{""rep_n_add"": 0, ""rep_n_drop"": 0, ""rep_n_fill"": 0, ""sb_decoded"": 84, ""sb_improved"": 0, ""sb_rounds"": 14, ""sb_start_obj"": 47.34933216783225, ""sb_time"": 10.00545048713684, ""start_n_add"": 2042, ""start_n_drop"": 0, ""start_n_fill"": 13483}",ok,sols/tune_dev_Region7_F1_sb_d9060e7979_b10.0_s2_F1__sb__b10_t2.npz,F1__sb__b10_t2,,,,
2026-09-28T17:32:39,tune,dev_Region6,F1,"{""k"": 4, ""name"": ""F1"", ""tau"": 0.0}",sb,ising,d9060e7979,"{""sb_agents"": 8, ""sb_alpha_floor"": 0.1136867897737297, ""sb_dt"": 1.031897327725781, ""sb_eta"": 0.8594903371659688, ""sb_eta_mu"": 0.23358825194833557, ""sb_heat"": 0.040973773756855375, ""sb_steps"": 77, ""sb_tau_frac"": 0.9018789800436355, ""sb_variant"": ""discrete"", ""sb_warm"": 0.7355220049625057, ""sb_xi"": 0.14770319740236926, ""start"": ""pgreedy""}",10.0,2,9.983,0,27.148913008287977,"[32.181446, 27.601301, 26.406987, 26.406987, 26.406987, 26.406987, 26.406987, 25.373624]",25.3736240611241,2699.697895104895,8706,1,"{""rep_n_add"": 0, ""rep_n_drop"": 0, ""rep_n_fill"": 0, ""sb_decoded"": 244, ""sb_improved"": 0, ""sb_rounds"": 36, ""sb_start_obj"": 46.91332167832162, ""sb_time"": 9.922060012817383, ""start_n_add"": 1616, ""start_n_drop"": 0, ""start_n_fill"": 7090}",ok,sols/tune_dev_Region6_F1_sb_d9060e7979_b10.0_s2_F1__sb__b10_t2.npz,F1__sb__b10_t2,,,,
2026-09-28T17:32:51,tune,dev_Region7,F1,"{""k"": 4, ""name"": ""F1"", ""tau"": 0.0}",sb,ising,a5557f5238,"{""sb_agents"": 8, ""sb_alpha_floor"": 0.08772030269246407, ""sb_dt"": 0.2782931131180508, ""sb_eta"": 0.07999440746315747, ""sb_eta_mu"": 0.513558960650023, ""sb_heat"": 0.015503857733727292, ""sb_steps"": 654, ""sb_tau_frac"": 0.9988373838059226, ""sb_variant"": ""discrete"", ""sb_warm"": 0.3455252323954915, ""sb_xi"": 0.18190696204307705, ""start"": ""pgreedy""}",10.0,3,10.039,0,27.40123389342144,"[34.262141, 27.984768, 26.677059, 26.328137, 26.328137, 26.328137, 25.712008, 25.589485]",25.58948458948464,1948.8709930069926,15525,1,"{""rep_n_add"": 0, ""rep_n_drop"": 0, ""rep_n_fill"": 0, ""sb_decoded"": 49, ""sb_improved"": 0, ""sb_rounds"": 8, ""sb_start_obj"": 47.34933216783225, ""sb_time"": 9.988090515136719, ""start_n_add"": 2042, ""start_n_drop"": 0, ""start_n_fill"": 13483}",ok,sols/tune_dev_Region7_F1_sb_a5557f5238_b10.0_s3_F1__sb__b10_t3.npz,F1__sb__b10_t3,,,,
2026-09-28T17:33:03,tune,dev_Region6,F1,"{""k"": 4, ""name"": ""F1"", ""tau"": 0.0}",sb,ising,a5557f5238,"{""sb_agents"": 8, ""sb_alpha_floor"": 0.08772030269246407, ""sb_dt"": 0.2782931131180508, ""sb_eta"": 0.07999440746315747, ""sb_eta_mu"": 0.513558960650023, ""sb_heat"": 0.015503857733727292, ""sb_steps"": 654, ""sb_tau_frac"": 0.9988373838059226, ""sb_variant"": ""discrete"", ""sb_warm"": 0.3455252323954915, ""sb_xi"": 0.18190696204307705, ""start"": ""pgreedy""}",10.0,3,10.065,0,27.148913008287977,"[32.181446, 27.601301, 26.406987, 26.406987, 26.406987, 26.406987, 26.406987, 25.373624]",25.3736240611241,2699.697895104895,8706,1,"{""rep_n_add"": 0, ""rep_n_drop"": 0, ""rep_n_fill"": 0, ""sb_decoded"": 29, ""sb_improved"": 0, ""sb_rounds"": 8, ""sb_start_obj"": 46.91332167832162, ""sb_time"": 9.989521980285645, ""start_n_add"": 1616, ""start_n_drop"": 0, ""start_n_fill"": 7090}",ok,sols/tune_dev_Region6_F1_sb_a5557f5238_b10.0_s3_F1__sb__b10_t3.npz,F1__sb__b10_t3,,,,
2026-09-28T17:33:16,tune,dev_Region7,F1,"{""k"": 4, ""name"": ""F1"", ""tau"": 0.0}",sb,ising,07d9925e5c,"{""sb_agents"": 32, ""sb_alpha_floor"": 0.12790764691351628, ""sb_dt"": 0.9781366314927988, ""sb_eta"": 1.1053939319688928, ""sb_eta_mu"": 6.38817009093146, ""sb_heat"": 0.06306448033812095, ""sb_steps"": 361, ""sb_tau_frac"": 0.9592088870691005, ""sb_variant"": ""ballistic"", ""sb_warm"": 0.24073122565136285, ""sb_xi"": 0.31896357793988156, ""start"": ""lp""}",10.0,4,10.063,0,24.352819055944106,"[25.087931, 24.397549, 24.307773, 24.307773, 24.213546, 24.211652, 24.148164, 24.148164]",24.14816433566441,1869.2113006993006,15921,1,"{""rep_n_add"": 0, ""rep_n_drop"": 0, ""rep_n_fill"": 1, ""sb_decoded"": 35, ""sb_improved"": 1, ""sb_rounds"": 8, ""sb_start_obj"": 42.08208041958052, ""sb_time"": 9.988863468170166, ""start_n_add"": 466, ""start_n_drop"": 0, ""start_n_fill"": 8719}",ok,sols/tune_dev_Region7_F1_sb_07d9925e5c_b10.0_s4_F1__sb__b10_t4.npz,F1__sb__b10_t4,,,,
2026-09-28T17:33:28,tune,dev_Region6,F1,"{""k"": 4, ""name"": ""F1"", ""tau"": 0.0}",sb,ising,07d9925e5c,"{""sb_agents"": 32, ""sb_alpha_floor"": 0.12790764691351628, ""sb_dt"": 0.9781366314927988, ""sb_eta"": 1.1053939319688928, ""sb_eta_mu"": 6.38817009093146, ""sb_heat"": 0.06306448033812095, ""sb_steps"": 361, ""sb_tau_frac"": 0.9592088870691005, ""sb_variant"": ""ballistic"", ""sb_warm"": 0.24073122565136285, ""sb_xi"": 0.31896357793988156, ""start"": ""lp""}",10.0,4,10.115,0,23.006642951955445,"[24.858893, 23.275074, 23.008126, 22.758855, 22.690058, 22.61116, 22.59672, 22.254257]",22.25425731675725,2628.086346153846,8545,1,"{""rep_n_add"": 0, ""rep_n_drop"": 0, ""rep_n_fill"": 0, ""sb_decoded"": 24, ""sb_improved"": 0, ""sb_rounds"": 8, ""sb_start_obj"": 39.75547902097901, ""sb_time"": 10.051227569580078, ""start_n_add"": 507, ""start_n_drop"": 0, ""start_n_fill"": 3550}",ok,sols/tune_dev_Region6_F1_sb_07d9925e5c_b10.0_s4_F1__sb__b10_t4.npz,F1__sb__b10_t4,,,,
2026-09-28T17:33:41,tune,dev_Region7,F1,"{""k"": 4, ""name"": ""F1"", ""tau"": 0.0}",sb,ising,c3cef0c895,"{""sb_agents"": 32, ""sb_alpha_floor"": 0.19780234417617237, ""sb_dt"": 0.6436723047760182, ""sb_eta"": 3.814570612061276, ""sb_eta_mu"": 0.08241374531341575, ""sb_heat"": 0.011530597063250929, ""sb_steps"": 626, ""sb_tau_frac"": 0.9914161811132042, ""sb_variant"": ""ballistic"", ""sb_warm"": 0.2612112560393884, ""sb_xi"": 0.25081528474748704, ""start"": ""lp""}",10.0,5,11.102,1,24.52526871276875,"[26.192356, 24.465456, 24.465456, 24.45406, 24.231514, 24.218256, 24.087526, 24.087526]",24.087525900025934,1804.6966223776221,15553,1,"{""rep_n_add"": 0, ""rep_n_drop"": 0, ""rep_n_fill"": 2, ""sb_decoded"": 119, ""sb_improved"": 8, ""sb_rounds"": 9, ""sb_start_obj"": 42.38498951048956, ""sb_time"": 11.04353952407837, ""start_n_add"": 577, ""start_n_drop"": 0, ""start_n_fill"": 8445}",ok,sols/tune_dev_Region7_F1_sb_c3cef0c895_b10.0_s5_F1__sb__b10_t5.npz,F1__sb__b10_t5,,,,
2026-09-28T17:33:53,tune,dev_Region6,F1,"{""k"": 4, ""name"": ""F1"", ""tau"": 0.0}",sb,ising,c3cef0c895,"{""sb_agents"": 32, ""sb_alpha_floor"": 0.19780234417617237, ""sb_dt"": 0.6436723047760182, ""sb_eta"": 3.814570612061276, ""sb_eta_mu"": 0.08241374531341575, ""sb_heat"": 0.011530597063250929, ""sb_steps"": 626, ""sb_tau_frac"": 0.9914161811132042, ""sb_variant"": ""ballistic"", ""sb_warm"": 0.2612112560393884, ""sb_xi"": 0.25081528474748704, ""start"": ""lp""}",10.0,5,9.987,0,23.006642951955456,"[24.858893, 23.275074, 23.008126, 22.758855, 22.690058, 22.61116, 22.59672, 22.254257]",22.25425731675725,2628.5306748251746,8538,1,"{""rep_n_add"": 0, ""rep_n_drop"": 0, ""rep_n_fill"": 0, ""sb_decoded"": 49, ""sb_improved"": 0, ""sb_rounds"": 8, ""sb_start_obj"": 39.755479020979024, ""sb_time"": 9.931361436843872, ""start_n_add"": 491, ""start_n_drop"": 0, ""start_n_fill"": 3552}",ok,sols/tune_dev_Region6_F1_sb_c3cef0c895_b10.0_s5_F1__sb__b10_t5.npz,F1__sb__b10_t5,,,,
2026-09-28T17:34:06,tune,dev_Region7,F1,"{""k"": 4, ""name"": ""F1"", ""tau"": 0.0}",sb,ising,8c225c7f66,"{""sb_agents"": 32, ""sb_alpha_floor"": 0.19397546899179888, ""sb_dt"": 1.4232321618458184, ""sb_eta"": 0.0965605178058406, ""sb_eta_mu"": 4.719399631690194, ""sb_heat"": 0.0125536250820598, ""sb_steps"": 1432, ""sb_tau_frac"": 0.9386113363824448, ""sb_variant"": ""ballistic"", ""sb_warm"": 0.10136029824871645, ""sb_xi"": 0.07953090488826875, ""start"": ""lp""}",10.0,6,10.156,0,24.338806737244276,"[24.963109, 24.538931, 24.238491, 24.238491, 24.191935, 24.191935, 24.187257, 24.160305]",24.160304972804962,1818.379916083916,16537,1,"{""rep_n_add"": 0, ""rep_n_drop"": 0, ""rep_n_fill"": 4, ""sb_decoded"": 6, ""sb_improved"": 2, ""sb_rounds"": 7, ""sb_start_obj"": 42.05745804195812, ""sb_time"": 10.046223163604736, ""start_n_add"": 671, ""start_n_drop"": 0, ""start_n_fill"": 11604}",ok,sols/tune_dev_Region7_F1_sb_8c225c7f66_b10.0_s6_F1__sb__b10_t6.npz,F1__sb__b10_t6,,,,
2026-09-28T17:34:18,tune,dev_Region6,F1,"{""k"": 4, ""name"": ""F1"", ""tau"": 0.0}",sb,ising,8c225c7f66,"{""sb_agents"": 32, ""sb_alpha_floor"": 0.19397546899179888, ""sb_dt"": 1.4232321618458184, ""sb_eta"": 0.0965605178058406, ""sb_eta_mu"": 4.719399631690194, ""sb_heat"": 0.0125536250820598, ""sb_steps"": 1432, ""sb_tau_frac"": 0.9386113363824448, ""sb_variant"": ""ballistic"", ""sb_warm"": 0.10136029824871645, ""sb_xi"": 0.07953090488826875, ""start"": ""lp""}",10.0,6,10.462,0,23.006642951955456,"[24.858893, 23.275074, 23.008126, 22.758855, 22.690058, 22.61116, 22.59672, 22.254257]",22.25425731675725,2628.450856643357,8538,1,"{""rep_n_add"": 0, ""rep_n_drop"": 0, ""rep_n_fill"": 0, ""sb_decoded"": 8, ""sb_improved"": 0, ""sb_rounds"": 8, ""sb_start_obj"": 39.755479020979024, ""sb_time"": 10.406962156295776, ""start_n_add"": 491, ""start_n_drop"": 0, ""start_n_fill"": 3552}",ok,sols/tune_dev_Region6_F1_sb_8c225c7f66_b10.0_s6_F1__sb__b10_t6.npz,F1__sb__b10_t6,,,,
2026-09-28T17:34:30,tune,dev_Region7,F1,"{""k"": 4, ""name"": ""F1"", ""tau"": 0.0}",sb,ising,ba55e27462,"{""sb_agents"": 32, ""sb_alpha_floor"": 0.10495505384946222, ""sb_dt"": 0.2160066056566079, ""sb_eta"": 1.2217235389541414, ""sb_eta_mu"": 0.1904447617876336, ""sb_heat"": 0.02663989797176289, ""sb_steps"": 507, ""sb_tau_frac"": 0.942607649775167, ""sb_variant"": ""ballistic"", ""sb_warm"": 0.7669725518987822, ""sb_xi"": 0.0787719113682172, ""start"": ""lp""}",10.0,7,9.974,0,24.41227984977988,"[24.927286, 24.610107, 24.457249, 24.4206, 24.258094, 24.208301, 24.208301, 24.208301]",24.208300958300995,1876.422031468531,15232,1,"{""rep_n_add"": 0, ""rep_n_drop"": 0, ""rep_n_fill"": 2, ""sb_decoded"": 178, ""sb_improved"": 6, ""sb_rounds"": 8, ""sb_start_obj"": 42.19233566433574, ""sb_time"": 9.913501977920532, ""start_n_add"": 517, ""start_n_drop"": 0, ""start_n_fill"": 8464}",ok,sols/tune_dev_Region7_F1_sb_ba55e27462_b10.0_s7_F1__sb__b10_t7.npz,F1__sb__b10_t7,,,,
2026-09-28T17:34:42,tune,dev_Region6,F1,"{""k"": 4, ""name"": ""F1"", ""tau"": 0.0}",sb,ising,ba55e27462,"{""sb_agents"": 32, ""sb_alpha_floor"": 0.10495505384946222, ""sb_dt"": 0.2160066056566079, ""sb_eta"": 1.2217235389541414, ""sb_eta_mu"": 0.1904447617876336, ""sb_heat"": 0.02663989797176289, ""sb_steps"": 507, ""sb_tau_frac"": 0.942607649775167, ""sb_variant"": ""ballistic"", ""sb_warm"": 0.7669725518987822, ""sb_xi"": 0.0787719113682172, ""start"": ""lp""}",10.0,7,9.998,0,23.00200118168869,"[24.858893, 23.275074, 23.008126, 22.758855, 22.690058, 22.61116, 22.567275, 22.246568]",22.24656824656824,2599.7235454545453,8647,1,"{""rep_n_add"": 0, ""rep_n_drop"": 0, ""rep_n_fill"": 1, ""sb_decoded"": 148, ""sb_improved"": 1, ""sb_rounds"": 8, ""sb_start_obj"": 39.7538181818182, ""sb_time"": 9.936693906784058, ""start_n_add"": 530, ""start_n_drop"": 0, ""start_n_fill"": 3491}",ok,sols/tune_dev_Region6_F1_sb_ba55e27462_b10.0_s7_F1__sb__b10_t7.npz,F1__sb__b10_t7,,,,
2026-09-28T17:34:54,tune,dev_Region7,F1,"{""k"": 4, ""name"": ""F1"", ""tau"": 0.0}",sb,ising,5e3a8a9eca,"{""sb_agents"": 32, ""sb_alpha_floor"": 0.16222436059873674, ""sb_dt"": 1.1147401893109368, ""sb_eta"": 3.818519028925482, ""sb_eta_mu"": 0.03309945815403003, ""sb_heat"": 0.014737208286711916, ""sb_steps"": 707, ""sb_tau_frac"": 0.9337928836995604, ""sb_variant"": ""ballistic"", ""sb_warm"": 0.5132551063363158, ""sb_xi"": 1.7943789966474426, ""start"": ""lp""}",10.0,8,10.0,0,24.37703558016064,"[25.291132, 24.297527, 24.297527, 24.296895, 24.208301, 24.208301, 24.208301, 24.208301]",24.208300958300995,1837.156073426573,15279,1,"{""rep_n_add"": 0, ""rep_n_drop"": 0, ""rep_n_fill"": 8, ""sb_decoded"": 39, ""sb_improved"": 2, ""sb_rounds"": 8, ""sb_start_obj"": 42.12365384615395, ""sb_time"": 9.938191652297974, ""start_n_add"": 614, ""start_n_drop"": 0, ""start_n_fill"": 10581}",ok,sols/tune_dev_Region7_F1_sb_5e3a8a9eca_b10.0_s8_F1__sb__b10_t8.npz,F1__sb__b10_t8,,,,
2026-09-28T17:35:06,tune,dev_Region6,F1,"{""k"": 4, ""name"": ""F1"", ""tau"": 0.0}",sb,ising,5e3a8a9eca,"{""sb_agents"": 32, ""sb_alpha_floor"": 0.16222436059873674, ""sb_dt"": 1.1147401893109368, ""sb_eta"": 3.818519028925482, ""sb_eta_mu"": 0.03309945815403003, ""sb_heat"": 0.014737208286711916, ""sb_steps"": 707, ""sb_tau_frac"": 0.9337928836995604, ""sb_variant"": ""ballistic"", ""sb_warm"": 0.5132551063363158, ""sb_xi"": 1.7943789966474426, ""start"": ""lp""}",10.0,8,10.006,0,23.006642951955445,"[24.858893, 23.275074, 23.008126, 22.758855, 22.690058, 22.61116, 22.59672, 22.254257]",22.25425731675725,2627.9514580419577,8545,1,"{""rep_n_add"": 0, ""rep_n_drop"": 0, ""rep_n_fill"": 0, ""sb_decoded"": 43, ""sb_improved"": 0, ""sb_rounds"": 8, ""sb_start_obj"": 39.75547902097901, ""sb_time"": 9.953443050384521, ""start_n_add"": 507, ""start_n_drop"": 0, ""start_n_fill"": 3549}",ok,sols/tune_dev_Region6_F1_sb_5e3a8a9eca_b10.0_s8_F1__sb__b10_t8.npz,F1__sb__b10_t8,,,,
2026-09-28T17:35:18,tune,dev_Region7,F1,"{""k"": 4, ""name"": ""F1"", ""tau"": 0.0}",sb,ising,f09bb3d754,"{""sb_agents"": 32, ""sb_alpha_floor"": 0.12937050425834662, ""sb_dt"": 0.5105651450466572, ""sb_eta"": 0.16449703914336528, ""sb_eta_mu"": 0.22309198379998565, ""sb_heat"": 0.018437433346967267, ""sb_steps"": 1871, ""sb_tau_frac"": 0.9470181330689641, ""sb_variant"": ""ballistic"", ""sb_warm"": 0.2606713043127498, ""sb_xi"": 2.0307216047275527, ""start"": ""lp""}",10.0,9,9.992,0,24.402381183631217,"[25.386882, 24.737892, 24.340262, 24.328008, 24.157666, 24.093289, 24.087526, 24.087526]",24.087525900025934,1873.0354615384613,14993,1,"{""rep_n_add"": 0, ""rep_n_drop"": 0, ""rep_n_fill"": 0, ""sb_decoded"": 11, ""sb_improved"": 0, ""sb_rounds"": 8, ""sb_start_obj"": 42.167314685314736, ""sb_time"": 9.93425440788269, ""start_n_add"": 514, ""start_n_drop"": 0, ""start_n_fill"": 8343}",ok,sols/tune_dev_Region7_F1_sb_f09bb3d754_b10.0_s9_F1__sb__b10_t9.npz,F1__sb__b10_t9,,,,
2026-09-28T17:35:30,tune,dev_Region6,F1,"{""k"": 4, ""name"": ""F1"", ""tau"": 0.0}",sb,ising,f09bb3d754,"{""sb_agents"": 32, ""sb_alpha_floor"": 0.12937050425834662, ""sb_dt"": 0.5105651450466572, ""sb_eta"": 0.16449703914336528, ""sb_eta_mu"": 0.22309198379998565, ""sb_heat"": 0.018437433346967267, ""sb_steps"": 1871, ""sb_tau_frac"": 0.9470181330689641, ""sb_variant"": ""ballistic"", ""sb_warm"": 0.2606713043127498, ""sb_xi"": 2.0307216047275527, ""start"": ""lp""}",10.0,9,10.076,0,23.006642951955445,"[24.858893, 23.275074, 23.008126, 22.758855, 22.690058, 22.61116, 22.59672, 22.254257]",22.25425731675725,2628.073972027972,8545,1,"{""rep_n_add"": 0, ""rep_n_drop"": 0, ""rep_n_fill"": 0, ""sb_decoded"": 9, ""sb_improved"": 0, ""sb_rounds"": 8, ""sb_start_obj"": 39.75547902097901, ""sb_time"": 10.016571283340454, ""start_n_add"": 507, ""start_n_drop"": 0, ""start_n_fill"": 3548}",ok,sols/tune_dev_Region6_F1_sb_f09bb3d754_b10.0_s9_F1__sb__b10_t9.npz,F1__sb__b10_t9,,,,
2026-09-28T17:35:42,tune,dev_Region7,F1,"{""k"": 4, ""name"": ""F1"", ""tau"": 0.0}",mq,ising,2313bd004c,"{""mq_dt"": 1.0, ""mq_iters"": 300, ""mq_ksamp"": 4, ""mq_nmax"": 800, ""mq_pen"": 0.05, ""mq_q"": 6, ""mq_reads"": 16, ""mq_solver"": ""mq_dsb"", ""mq_xi"": 0.5, ""start"": ""lp""}",10.0,0,9.913,0,24.31189499158248,"[25.499239, 24.402632, 24.155659, 24.087526, 24.087526, 24.087526, 24.087526, 24.087526]",24.087525900025934,1872.6970559440556,15042,1,"{""mq_time"": 9.8674795627594, ""mq_tries"": 48, ""mq_wins"": 19, ""rep_n_add"": 0, ""rep_n_drop"": 0, ""rep_n_fill"": 71, ""start_n_add"": 402, ""start_n_drop"": 0, ""start_n_fill"": 9776}",ok,sols/tune_dev_Region7_F1_mq_2313bd004c_b10.0_s0_F1__mq__b10_t0.npz,F1__mq__b10_t0,,,,
2026-09-28T17:35:53,tune,dev_Region6,F1,"{""k"": 4, ""name"": ""F1"", ""tau"": 0.0}",mq,ising,2313bd004c,"{""mq_dt"": 1.0, ""mq_iters"": 300, ""mq_ksamp"": 4, ""mq_nmax"": 800, ""mq_pen"": 0.05, ""mq_q"": 6, ""mq_reads"": 16, ""mq_solver"": ""mq_dsb"", ""mq_xi"": 0.5, ""start"": ""lp""}",10.0,0,10.079,0,22.722985058922575,"[24.858893, 23.067907, 22.715974, 22.581197, 22.368315, 22.184861, 22.057887, 21.948847]",21.948847448847484,2489.255972027972,8138,1,"{""mq_time"": 10.039347171783447, ""mq_tries"": 34, ""mq_wins"": 80, ""rep_n_add"": 0, ""rep_n_drop"": 0, ""rep_n_fill"": 49, ""start_n_add"": 505, ""start_n_drop"": 0, ""start_n_fill"": 4930}",ok,sols/tune_dev_Region6_F1_mq_2313bd004c_b10.0_s0_F1__mq__b10_t0.npz,F1__mq__b10_t0,,,,
2026-09-28T17:36:04,tune,dev_Region7,F1,"{""k"": 4, ""name"": ""F1"", ""tau"": 0.0}",mq,ising,56cdc9c0f2,"{""mq_dt"": 1.1646313382487206, ""mq_iters"": 405, ""mq_ksamp"": 7, ""mq_nmax"": 1119, ""mq_pen"": 0.001825525480239901, ""mq_q"": 2, ""mq_reads"": 4, ""mq_solver"": ""dwave_sa"", ""mq_xi"": 0.06687793579777104, ""start"": ""pgreedy""}",10.0,1,9.928,0,26.82883927415182,"[29.719535, 28.219778, 27.359573, 26.804147, 26.411147, 25.952846, 25.213756, 24.949932]",24.949932012432132,1887.580171328671,14969,1,"{""mq_time"": 9.876059770584106, ""mq_tries"": 65, ""mq_wins"": 118, ""rep_n_add"": 0, ""rep_n_drop"": 0, ""rep_n_fill"": 71, ""start_n_add"": 1934, ""start_n_drop"": 0, ""start_n_fill"": 17157}",ok,sols/tune_dev_Region7_F1_mq_56cdc9c0f2_b10.0_s1_F1__mq__b10_t1.npz,F1__mq__b10_t1,,,,
2026-09-28T17:36:15,tune,dev_Region6,F1,"{""k"": 4, ""name"": ""F1"", ""tau"": 0.0}",mq,ising,56cdc9c0f2,"{""mq_dt"": 1.1646313382487206, ""mq_iters"": 405, ""mq_ksamp"": 7, ""mq_nmax"": 1119, ""mq_pen"": 0.001825525480239901, ""mq_q"": 2, ""mq_reads"": 4, ""mq_solver"": ""dwave_sa"", ""mq_xi"": 0.06687793579777104, ""start"": ""pgreedy""}",10.0,1,9.934,0,26.174790776353287,"[29.553581, 27.447892, 26.814685, 26.122556, 25.546118, 25.104264, 24.542784, 24.266447]",24.266446516446525,2576.7365174825172,8003,1,"{""mq_time"": 9.892897367477417, ""mq_tries"": 70, ""mq_wins"": 155, ""rep_n_add"": 0, ""rep_n_drop"": 0, ""rep_n_fill"": 79, ""start_n_add"": 1570, ""start_n_drop"": 0, ""start_n_fill"": 9962}",ok,sols/tune_dev_Region6_F1_mq_56cdc9c0f2_b10.0_s1_F1__mq__b10_t1.npz,F1__mq__b10_t1,,,,
2026-09-28T17:36:26,tune,dev_Region7,F1,"{""k"": 4, ""name"": ""F1"", ""tau"": 0.0}",mq,ising,137304fe52,"{""mq_dt"": 0.6959964799137436, ""mq_iters"": 132, ""mq_ksamp"": 5, ""mq_nmax"": 565, ""mq_pen"": 0.05073432032394333, ""mq_q"": 2, ""mq_reads"": 8, ""mq_solver"": ""mq_bsb"", ""mq_xi"": 0.3236490137439119, ""start"": ""pgreedy""}",10.0,2,9.923,0,26.003203104765625,"[28.324657, 26.851107, 26.015783, 25.752023, 25.652486, 25.370063, 25.051654, 25.007851]",25.007850945351016,1911.8170699300697,15516,1,"{""mq_time"": 9.873204469680786, ""mq_tries"": 319, ""mq_wins"": 130, ""rep_n_add"": 0, ""rep_n_drop"": 0, ""rep_n_fill"": 92, ""start_n_add"": 1928, ""start_n_drop"": 0, ""start_n_fill"": 15096}",ok,sols/tune_dev_Region7_F1_mq_137304fe52_b10.0_s2_F1__mq__b10_t2.npz,F1__mq__b10_t2,,,,
2026-09-28T17:36:37,tune,dev_Region6,F1,"{""k"": 4, ""name"": ""F1"", ""tau"": 0.0}",mq,ising,137304fe52,"{""mq_dt"": 0.6959964799137436, ""mq_iters"": 132, ""mq_ksamp"": 5, ""mq_nmax"": 565, ""mq_pen"": 0.05073432032394333, ""mq_q"": 2, ""mq_reads"": 8, ""mq_solver"": ""mq_bsb"", ""mq_xi"": 0.3236490137439119, ""start"": ""pgreedy""}",10.0,2,9.918,0,26.321423368298344,"[32.181446, 26.658897, 26.477014, 26.220976, 25.365271, 24.815818, 24.46701, 24.384955]",24.384955322455276,2640.9325034965036,8715,1,"{""mq_time"": 9.880037307739258, ""mq_tries"": 302, ""mq_wins"": 80, ""rep_n_add"": 0, ""rep_n_drop"": 0, ""rep_n_fill"": 31, ""start_n_add"": 1939, ""start_n_drop"": 0, ""start_n_fill"": 6749}",ok,sols/tune_dev_Region6_F1_mq_137304fe52_b10.0_s2_F1__mq__b10_t2.npz,F1__mq__b10_t2,,,,
2026-09-28T17:36:49,tune,dev_Region7,F1,"{""k"": 4, ""name"": ""F1"", ""tau"": 0.0}",mq,ising,986cb5bc0c,"{""mq_dt"": 0.17227208685390633, ""mq_iters"": 159, ""mq_ksamp"": 1, ""mq_nmax"": 117, ""mq_pen"": 0.02069209865653834, ""mq_q"": 31, ""mq_reads"": 8, ""mq_solver"": ""mq_bsb"", ""mq_xi"": 0.5162571798019395, ""start"": ""pgreedy""}",10.0,3,9.908,0,26.084251974877002,"[29.662539, 27.64886, 26.53456, 25.902843, 25.30936, 24.900771, 24.506702, 24.208382]",24.208381895881942,1897.2253076923073,15515,1,"{""mq_time"": 9.858216762542725, ""mq_tries"": 695, ""mq_wins"": 133, ""rep_n_add"": 0, ""rep_n_drop"": 0, ""rep_n_fill"": 61, ""start_n_add"": 1929, ""start_n_drop"": 0, ""start_n_fill"": 13751}",ok,sols/tune_dev_Region7_F1_mq_986cb5bc0c_b10.0_s3_F1__mq__b10_t3.npz,F1__mq__b10_t3,,,,
2026-09-28T17:37:00,tune,dev_Region6,F1,"{""k"": 4, ""name"": ""F1"", ""tau"": 0.0}",mq,ising,986cb5bc0c,"{""mq_dt"": 0.17227208685390633, ""mq_iters"": 159, ""mq_ksamp"": 1, ""mq_nmax"": 117, ""mq_pen"": 0.02069209865653834, ""mq_q"": 31, ""mq_reads"": 8, ""mq_solver"": ""mq_bsb"", ""mq_xi"": 0.5162571798019395, ""start"": ""pgreedy""}",10.0,3,9.907,0,25.155736046361074,"[28.190398, 26.7956, 25.723695, 25.063682, 24.543528, 24.022711, 23.623737, 23.282537]",23.28253690753698,2598.043311188811,8620,1,"{""mq_time"": 9.860319137573242, ""mq_tries"": 674, ""mq_wins"": 174, ""rep_n_add"": 0, ""rep_n_drop"": 0, ""rep_n_fill"": 27, ""start_n_add"": 1585, ""start_n_drop"": 0, ""start_n_fill"": 6850}",ok,sols/tune_dev_Region6_F1_mq_986cb5bc0c_b10.0_s3_F1__mq__b10_t3.npz,F1__mq__b10_t3,,,,
2026-09-28T17:37:11,tune,dev_Region7,F1,"{""k"": 4, ""name"": ""F1"", ""tau"": 0.0}",mq,ising,a40762f396,"{""mq_dt"": 0.6127962401986928, ""mq_iters"": 392, ""mq_ksamp"": 6, ""mq_nmax"": 1274, ""mq_pen"": 0.045791260232899984, ""mq_q"": 7, ""mq_reads"": 16, ""mq_solver"": ""mq_dsb"", ""mq_xi"": 0.507938059290821, ""start"": ""lp""}",10.0,4,9.988,0,24.267717236467277,"[25.026855, 24.425651, 24.251603, 24.087526, 24.087526, 24.087526, 24.087526, 24.087526]",24.087525900025934,1869.3724615384613,15016,1,"{""mq_time"": 9.938508033752441, ""mq_tries"": 18, ""mq_wins"": 24, ""rep_n_add"": 0, ""rep_n_drop"": 0, ""rep_n_fill"": 31, ""start_n_add"": 442, ""start_n_drop"": 0, ""start_n_fill"": 9631}",ok,sols/tune_dev_Region7_F1_mq_a40762f396_b10.0_s4_F1__mq__b10_t4.npz,F1__mq__b10_t4,,,,
2026-09-28T17:37:22,tune,dev_Region6,F1,"{""k"": 4, ""name"": ""F1"", ""tau"": 0.0}",mq,ising,a40762f396,"{""mq_dt"": 0.6127962401986928, ""mq_iters"": 392, ""mq_ksamp"": 6, ""mq_nmax"": 1274, ""mq_pen"": 0.045791260232899984, ""mq_q"": 7, ""mq_reads"": 16, ""mq_solver"": ""mq_dsb"", ""mq_xi"": 0.507938059290821, ""start"": ""lp""}",10.0,4,10.029,0,22.84288396788395,"[24.858893, 23.160645, 22.789708, 22.61239, 22.459127, 22.415873, 22.271076, 22.175359]",22.17535936285939,2541.4559125874125,8190,1,"{""mq_time"": 9.972028970718384, ""mq_tries"": 15, ""mq_wins"": 48, ""rep_n_add"": 0, ""rep_n_drop"": 0, ""rep_n_fill"": 43, ""start_n_add"": 373, ""start_n_drop"": 0, ""start_n_fill"": 3934}",ok,sols/tune_dev_Region6_F1_mq_a40762f396_b10.0_s4_F1__mq__b10_t4.npz,F1__mq__b10_t4,,,,
2026-09-28T17:37:34,tune,dev_Region7,F1,"{""k"": 4, ""name"": ""F1"", ""tau"": 0.0}",mq,ising,4c999e1d60,"{""mq_dt"": 1.0556925918889197, ""mq_iters"": 468, ""mq_ksamp"": 1, ""mq_nmax"": 508, ""mq_pen"": 0.00869796099948597, ""mq_q"": 2, ""mq_reads"": 16, ""mq_solver"": ""mq_dsb"", ""mq_xi"": 0.16673484888184587, ""start"": ""lp""}",10.0,5,9.954,0,24.393824057886555,"[25.979296, 24.406873, 24.236046, 24.178273, 24.087526, 24.087526, 24.087526, 24.087526]",24.087525900025934,1848.1400874125873,14856,1,"{""mq_time"": 9.902264833450317, ""mq_tries"": 100, ""mq_wins"": 23, ""rep_n_add"": 0, ""rep_n_drop"": 0, ""rep_n_fill"": 73, ""start_n_add"": 498, ""start_n_drop"": 0, ""start_n_fill"": 9270}",ok,sols/tune_dev_Region7_F1_mq_4c999e1d60_b10.0_s5_F1__mq__b10_t5.npz,F1__mq__b10_t5,,,,
2026-09-28T17:37:45,tune,dev_Region6,F1,"{""k"": 4, ""name"": ""F1"", ""tau"": 0.0}",mq,ising,4c999e1d60,"{""mq_dt"": 1.0556925918889197, ""mq_iters"": 468, ""mq_ksamp"": 1, ""mq_nmax"": 508, ""mq_pen"": 0.00869796099948597, ""mq_q"": 2, ""mq_reads"": 16, ""mq_solver"": ""mq_dsb"", ""mq_xi"": 0.16673484888184587, ""start"": ""lp""}",10.0,5,9.922,0,22.8292743136493,"[24.809505, 23.236386, 22.924032, 22.67918, 22.446986, 22.367198, 22.143502, 22.027405]",22.02740546490545,2519.881409090909,8153,1,"{""mq_time"": 9.877094268798828, ""mq_tries"": 72, ""mq_wins"": 52, ""rep_n_add"": 0, ""rep_n_drop"": 0, ""rep_n_fill"": 50, ""start_n_add"": 488, ""start_n_drop"": 0, ""start_n_fill"": 4204}",ok,sols/tune_dev_Region6_F1_mq_4c999e1d60_b10.0_s5_F1__mq__b10_t5.npz,F1__mq__b10_t5,,,,
2026-09-28T17:37:56,tune,dev_Region7,F1,"{""k"": 4, ""name"": ""F1"", ""tau"": 0.0}",mq,ising,bf723476e8,"{""mq_dt"": 1.3970660253002645, ""mq_iters"": 1072, ""mq_ksamp"": 5, ""mq_nmax"": 191, ""mq_pen"": 0.17189342528042645, ""mq_q"": 9, ""mq_reads"": 16, ""mq_solver"": ""mq_dsb"", ""mq_xi"": 2.555158124901922, ""start"": ""lp""}",10.0,6,9.943,0,24.288297639860218,"[24.963109, 24.516803, 24.296895, 24.159301, 24.107696, 24.087526, 24.087526, 24.087526]",24.087525900025934,1859.0737797202792,14869,1,"{""mq_time"": 9.887966632843018, ""mq_tries"": 46, ""mq_wins"": 12, ""rep_n_add"": 0, ""rep_n_drop"": 0, ""rep_n_fill"": 57, ""start_n_add"": 638, ""start_n_drop"": 0, ""start_n_fill"": 8255}",ok,sols/tune_dev_Region7_F1_mq_bf723476e8_b10.0_s6_F1__mq__b10_t6.npz,F1__mq__b10_t6,,,,
2026-09-28T17:38:07,tune,dev_Region6,F1,"{""k"": 4, ""name"": ""F1"", ""tau"": 0.0}",mq,ising,bf723476e8,"{""mq_dt"": 1.3970660253002645, ""mq_iters"": 1072, ""mq_ksamp"": 5, ""mq_nmax"": 191, ""mq_pen"": 0.17189342528042645, ""mq_q"": 9, ""mq_reads"": 16, ""mq_solver"": ""mq_dsb"", ""mq_xi"": 2.555158124901922, ""start"": ""lp""}",10.0,6,9.998,0,22.982056138306135,"[24.858893, 23.241064, 22.957524, 22.758855, 22.690058, 22.59672, 22.53524, 22.218094]",22.218094405594396,2611.4600804195807,8522,1,"{""mq_time"": 9.93674612045288, ""mq_tries"": 35, ""mq_wins"": 6, ""rep_n_add"": 0, ""rep_n_drop"": 0, ""rep_n_fill"": 7, ""start_n_add"": 490, ""start_n_drop"": 0, ""start_n_fill"": 3588}",ok,sols/tune_dev_Region6_F1_mq_bf723476e8_b10.0_s6_F1__mq__b10_t6.npz,F1__mq__b10_t6,,,,
2026-09-28T17:38:19,tune,dev_Region7,F1,"{""k"": 4, ""name"": ""F1"", ""tau"": 0.0}",mq,ising,b30cc786c7,"{""mq_dt"": 0.06526542706084622, ""mq_iters"": 910, ""mq_ksamp"": 7, ""mq_nmax"": 514, ""mq_pen"": 0.001344312143528808, ""mq_q"": 2, ""mq_reads"": 16, ""mq_solver"": ""mq_dsb"", ""mq_xi"": 0.15316981598941554, ""start"": ""lp""}",10.0,7,9.977,0,24.218760117197647,"[24.821355, 24.303726, 24.186917, 24.087979, 24.087526, 24.087526, 24.087526, 24.087526]",24.087525900025934,1864.188297202797,14920,1,"{""mq_time"": 9.925598621368408, ""mq_tries"": 50, ""mq_wins"": 33, ""rep_n_add"": 0, ""rep_n_drop"": 0, ""rep_n_fill"": 15, ""start_n_add"": 656, ""start_n_drop"": 0, ""start_n_fill"": 8777}",ok,sols/tune_dev_Region7_F1_mq_b30cc786c7_b10.0_s7_F1__mq__b10_t7.npz,F1__mq__b10_t7,,,,
2026-09-28T17:38:30,tune,dev_Region6,F1,"{""k"": 4, ""name"": ""F1"", ""tau"": 0.0}",mq,ising,b30cc786c7,"{""mq_dt"": 0.06526542706084622, ""mq_iters"": 910, ""mq_ksamp"": 7, ""mq_nmax"": 514, ""mq_pen"": 0.001344312143528808, ""mq_q"": 2, ""mq_reads"": 16, ""mq_solver"": ""mq_dsb"", ""mq_xi"": 0.15316981598941554, ""start"": ""lp""}",10.0,7,9.932,0,22.75954254079256,"[24.491404, 23.219389, 22.894522, 22.68007, 22.45508, 22.276904, 22.120079, 21.938892]",21.938892126392105,2533.5134300699297,8322,1,"{""mq_time"": 9.88302206993103, ""mq_tries"": 36, ""mq_wins"": 105, ""rep_n_add"": 0, ""rep_n_drop"": 0, ""rep_n_fill"": 62, ""start_n_add"": 356, ""start_n_drop"": 0, ""start_n_fill"": 3836}",ok,sols/tune_dev_Region6_F1_mq_b30cc786c7_b10.0_s7_F1__mq__b10_t7.npz,F1__mq__b10_t7,,,,
2026-09-28T17:38:41,tune,dev_Region7,F1,"{""k"": 4, ""name"": ""F1"", ""tau"": 0.0}",mq,ising,7fec1724fb,"{""mq_dt"": 0.350232550230423, ""mq_iters"": 292, ""mq_ksamp"": 7, ""mq_nmax"": 145, ""mq_pen"": 0.002030508121595855, ""mq_q"": 7, ""mq_reads"": 16, ""mq_solver"": ""mq_dsb"", ""mq_xi"": 1.052996956442961, ""start"": ""lp""}",10.0,8,9.932,0,24.36728057821813,"[25.056527, 24.51261, 24.327603, 24.208301, 24.208301, 24.208301, 24.208301, 24.208301]",24.208300958300995,1859.6934125874122,14876,1,"{""mq_time"": 9.883077383041382, ""mq_tries"": 201, ""mq_wins"": 22, ""rep_n_add"": 0, ""rep_n_drop"": 0, ""rep_n_fill"": 33, ""start_n_add"": 542, ""start_n_drop"": 0, ""start_n_fill"": 8173}",ok,sols/tune_dev_Region7_F1_mq_7fec1724fb_b10.0_s8_F1__mq__b10_t8.npz,F1__mq__b10_t8,,,,
2026-09-28T17:38:52,tune,dev_Region6,F1,"{""k"": 4, ""name"": ""F1"", ""tau"": 0.0}",mq,ising,7fec1724fb,"{""mq_dt"": 0.350232550230423, ""mq_iters"": 292, ""mq_ksamp"": 7, ""mq_nmax"": 145, ""mq_pen"": 0.002030508121595855, ""mq_q"": 7, ""mq_reads"": 16, ""mq_solver"": ""mq_dsb"", ""mq_xi"": 1.052996956442961, ""start"": ""lp""}",10.0,8,9.917,0,22.747925974488453,"[24.527681, 23.249272, 22.854717, 22.602289, 22.421329, 22.289303, 22.08997, 21.948847]",21.948847448847484,2537.1357412587413,8326,1,"{""mq_time"": 9.877865552902222, ""mq_tries"": 171, ""mq_wins"": 120, ""rep_n_add"": 0, ""rep_n_drop"": 0, ""rep_n_fill"": 27, ""start_n_add"": 473, ""start_n_drop"": 0, ""start_n_fill"": 3270}",ok,sols/tune_dev_Region6_F1_mq_7fec1724fb_b10.0_s8_F1__mq__b10_t8.npz,F1__mq__b10_t8,,,,
2026-09-28T17:39:04,tune,dev_Region7,F1,"{""k"": 4, ""name"": ""F1"", ""tau"": 0.0}",mq,ising,2ec9e65d61,"{""mq_dt"": 0.06850293825816656, ""mq_iters"": 548, ""mq_ksamp"": 7, ""mq_nmax"": 413, ""mq_pen"": 0.03112333220327883, ""mq_q"": 32, ""mq_reads"": 16, ""mq_solver"": ""mq_dsb"", ""mq_xi"": 0.05856655318172979, ""start"": ""lp""}",10.0,9,9.974,0,24.33548020266774,"[25.274459, 24.481417, 24.294257, 24.283605, 24.087526, 24.087526, 24.087526, 24.087526]",24.087525900025934,1881.7332027972025,15072,1,"{""mq_time"": 9.864363670349121, ""mq_tries"": 18, ""mq_wins"": 12, ""rep_n_add"": 0, ""rep_n_drop"": 0, ""rep_n_fill"": 34, ""start_n_add"": 436, ""start_n_drop"": 0, ""start_n_fill"": 8569}",ok,sols/tune_dev_Region7_F1_mq_2ec9e65d61_b10.0_s9_F1__mq__b10_t9.npz,F1__mq__b10_t9,,,,
2026-09-28T17:39:16,tune,dev_Region6,F1,"{""k"": 4, ""name"": ""F1"", ""tau"": 0.0}",mq,ising,2ec9e65d61,"{""mq_dt"": 0.06850293825816656, ""mq_iters"": 548, ""mq_ksamp"": 7, ""mq_nmax"": 413, ""mq_pen"": 0.03112333220327883, ""mq_q"": 32, ""mq_reads"": 16, ""mq_solver"": ""mq_dsb"", ""mq_xi"": 0.05856655318172979, ""start"": ""lp""}",10.0,9,10.335,0,22.875912571225058,"[24.858893, 23.190608, 22.918949, 22.760894, 22.527551, 22.412086, 22.233133, 22.105186]",22.10518648018647,2585.3360874125874,8563,1,"{""mq_time"": 10.296313524246216, ""mq_tries"": 17, ""mq_wins"": 23, ""rep_n_add"": 0, ""rep_n_drop"": 0, ""rep_n_fill"": 21, ""start_n_add"": 490, ""start_n_drop"": 0, ""start_n_fill"": 3594}",ok,sols/tune_dev_Region6_F1_mq_2ec9e65d61_b10.0_s9_F1__mq__b10_t9.npz,F1__mq__b10_t9,,,,
2026-09-28T17:40:19,tune,dev_Region7,F1,"{""k"": 4, ""name"": ""F1"", ""tau"": 0.0}",ls,classical,cf76477493,"{""g_scale"": 138.69861245357328, ""ls_T0"": 0.0025766385746135885, ""ls_T1"": 3.895706556508577e-06, ""ls_chains"": 16, ""ls_moves"": 23860, ""ls_restart_every"": 0, ""p_add"": 0.32294705653332806, ""p_swap"": 0.38687290659310525, ""start"": ""pgreedy"", ""topw"": 43}",60.0,0,60.021,0,24.138506458818995,"[24.49537, 24.087526, 24.087526, 24.087526, 24.087526, 24.087526, 24.087526, 24.087526]",24.087525900025934,1908.041706293706,14590,1,"{""ls_acc"": 233342017, ""rep_n_add"": 0, ""rep_n_drop"": 0, ""rep_n_fill"": 74, ""start_n_add"": 1319, ""start_n_drop"": 0, ""start_n_fill"": 25710}",ok,sols/tune_dev_Region7_F1_ls_cf76477493_b60.0_s0_F1__ls__b60_t0.npz,F1__ls__b60_t0,,,,
2026-09-28T17:40:19,tune,dev_Region7,F1,"{""k"": 4, ""name"": ""F1"", ""tau"": 0.0}",pgreedy,classical,bf21a9e8fb,{},10.0,0,0.095,0,27.40123389342144,"[34.262141, 27.984768, 26.677059, 26.328137, 26.328137, 26.328137, 25.712008, 25.589485]",25.58948458948464,1948.8709930069926,15525,1,"{""rep_n_add"": 2042, ""rep_n_drop"": 0, ""rep_n_fill"": 13483}",ok,sols/tune_dev_Region7_F1_pgreedy_bf21a9e8fb_b10.0_s0_ref.npz,ref,,,,
2026-09-28T17:41:20,tune,dev_Region6,F1,"{""k"": 4, ""name"": ""F1"", ""tau"": 0.0}",ls,classical,cf76477493,"{""g_scale"": 138.69861245357328, ""ls_T0"": 0.0025766385746135885, ""ls_T1"": 3.895706556508577e-06, ""ls_chains"": 16, ""ls_moves"": 23860, ""ls_restart_every"": 0, ""p_add"": 0.32294705653332806, ""p_swap"": 0.38687290659310525, ""start"": ""pgreedy"", ""topw"": 43}",60.0,0,60.025,0,22.14231861888111,"[23.204416, 22.800246, 22.492683, 22.215084, 21.967447, 21.701389, 21.46047, 21.296814]",21.29681429681437,2261.5358041958043,4922,1,"{""ls_acc"": 230433300, ""rep_n_add"": 0, ""rep_n_drop"": 0, ""rep_n_fill"": 8, ""start_n_add"": 1414, ""start_n_drop"": 0, ""start_n_fill"": 15967}",ok,sols/tune_dev_Region6_F1_ls_cf76477493_b60.0_s0_F1__ls__b60_t0.npz,F1__ls__b60_t0,,,,
2026-09-28T17:41:21,tune,dev_Region6,F1,"{""k"": 4, ""name"": ""F1"", ""tau"": 0.0}",pgreedy,classical,bf21a9e8fb,{},10.0,0,0.121,0,27.148913008287977,"[32.181446, 27.601301, 26.406987, 26.406987, 26.406987, 26.406987, 26.406987, 25.373624]",25.3736240611241,2699.697895104895,8706,1,"{""rep_n_add"": 1616, ""rep_n_drop"": 0, ""rep_n_fill"": 7090}",ok,sols/tune_dev_Region6_F1_pgreedy_bf21a9e8fb_b10.0_s0_ref.npz,ref,,,,
2026-09-28T17:42:22,tune,dev_Region7,F1,"{""k"": 4, ""name"": ""F1"", ""tau"": 0.0}",ls,classical,c23556e44b,"{""g_scale"": 2155.4275565447515, ""ls_T0"": 0.0006677306766018312, ""ls_T1"": 1.2541143128078558e-06, ""ls_chains"": 8, ""ls_moves"": 5358, ""ls_restart_every"": 0, ""p_add"": 0.30881774853793853, ""p_swap"": 0.47004576906097556, ""start"": ""pgreedy"", ""topw"": 15}",60.0,1,60.01,0,24.132245936933465,"[24.44213, 24.090682, 24.087526, 24.087526, 24.087526, 24.087526, 24.087526, 24.087526]",24.087525900025934,1904.4301608391606,14672,1,"{""ls_acc"": 330284795, ""rep_n_add"": 5, ""rep_n_drop"": 0, ""rep_n_fill"": 18, ""start_n_add"": 1322, ""start_n_drop"": 0, ""start_n_fill"": 26110}",ok,sols/tune_dev_Region7_F1_ls_c23556e44b_b60.0_s1_F1__ls__b60_t1.npz,F1__ls__b60_t1,,,,
2026-09-28T17:43:23,tune,dev_Region6,F1,"{""k"": 4, ""name"": ""F1"", ""tau"": 0.0}",ls,classical,c23556e44b,"{""g_scale"": 2155.4275565447515, ""ls_T0"": 0.0006677306766018312, ""ls_T1"": 1.2541143128078558e-06, ""ls_chains"": 8, ""ls_moves"": 5358, ""ls_restart_every"": 0, ""p_add"": 0.30881774853793853, ""p_swap"": 0.47004576906097556, ""start"": ""pgreedy"", ""topw"": 15}",60.0,1,60.007,0,22.118561415436393,"[23.069347, 22.720911, 22.428192, 22.188018, 21.949511, 21.734541, 21.512076, 21.345895]",21.345894845894797,2244.4625769230765,5150,1,"{""ls_acc"": 103268842, ""rep_n_add"": 0, ""rep_n_drop"": 0, ""rep_n_fill"": 7, ""start_n_add"": 1314, ""start_n_drop"": 0, ""start_n_fill"": 15530}",ok,sols/tune_dev_Region6_F1_ls_c23556e44b_b60.0_s1_F1__ls__b60_t1.npz,F1__ls__b60_t1,,,,
2026-09-28T17:44:24,tune,dev_Region7,F1,"{""k"": 4, ""name"": ""F1"", ""tau"": 0.0}",ls,classical,ef58d95727,"{""g_scale"": 3000.0, ""ls_T0"": 0.002, ""ls_T1"": 1e-06, ""ls_chains"": 8, ""ls_moves"": 20000, ""ls_restart_every"": 0, ""p_add"": 0.2, ""p_swap"": 0.6, ""start"": ""lp"", ""topw"": 8}",60.0,2,60.007,0,24.114652130277165,"[24.304536, 24.087526, 24.087526, 24.087526, 24.087526, 24.087526, 24.087526, 24.087526]",24.087525900025934,1916.2523321678316,14679,1,"{""ls_acc"": 279997650, ""rep_n_add"": 0, ""rep_n_drop"": 0, ""rep_n_fill"": 65, ""start_n_add"": 329, ""start_n_drop"": 0, ""start_n_fill"": 12505}",ok,sols/tune_dev_Region7_F1_ls_ef58d95727_b60.0_s2_F1__ls__b60_t2.npz,F1__ls__b60_t2,,,,
2026-09-28T17:45:25,tune,dev_Region6,F1,"{""k"": 4, ""name"": ""F1"", ""tau"": 0.0}",ls,classical,ef58d95727,"{""g_scale"": 3000.0, ""ls_T0"": 0.002, ""ls_T1"": 1e-06, ""ls_chains"": 8, ""ls_moves"": 20000, ""ls_restart_every"": 0, ""p_add"": 0.2, ""p_swap"": 0.6, ""start"": ""lp"", ""topw"": 8}",60.0,2,60.006,0,22.18053734459986,"[23.149395, 22.795017, 22.503934, 22.23773, 21.98909, 21.790647, 21.583657, 21.39483]",21.394829707329663,2227.0029790209787,5317,1,"{""ls_acc"": 182998644, ""rep_n_add"": 0, ""rep_n_drop"": 0, ""rep_n_fill"": 5, ""start_n_add"": 433, ""start_n_drop"": 0, ""start_n_fill"": 6195}",ok,sols/tune_dev_Region6_F1_ls_ef58d95727_b60.0_s2_F1__ls__b60_t2.npz,F1__ls__b60_t2,,,,
2026-09-28T17:46:26,tune,dev_Region7,F1,"{""k"": 4, ""name"": ""F1"", ""tau"": 0.0}",pt,ising,eb1d04fc51,"{""eim_R"": 16, ""eim_Tmax"": 7.3329031629428645e-06, ""eim_Tmin"": 1.1006348269620852e-06, ""eim_anneal"": 0.9462286962175356, ""eim_hscale"": 1.8587633596816164, ""eim_moves"": 18358, ""eim_rho"": 3.506794739778118, ""g_scale"": 774.8399988560119, ""p_add"": 0.22230587257383633, ""p_swap"": 0.46272105013386755, ""start"": ""lp"", ""topw"": 20}",60.0,0,60.025,0,24.087525900025934,"[24.087526, 24.087526, 24.087526, 24.087526, 24.087526, 24.087526, 24.087526, 24.087526]",24.087525900025934,1901.698520979021,14947,1,"{""eim_acc"": 30985482, ""rep_n_add"": 0, ""rep_n_drop"": 0, ""rep_n_fill"": 14, ""start_n_add"": 194, ""start_n_drop"": 0, ""start_n_fill"": 10669}",ok,sols/tune_dev_Region7_F1_pt_eb1d04fc51_b60.0_s0_F1__pt__b60_t0.npz,F1__pt__b60_t0,,,,
2026-09-28T17:47:27,tune,dev_Region6,F1,"{""k"": 4, ""name"": ""F1"", ""tau"": 0.0}",pt,ising,eb1d04fc51,"{""eim_R"": 16, ""eim_Tmax"": 7.3329031629428645e-06, ""eim_Tmin"": 1.1006348269620852e-06, ""eim_anneal"": 0.9462286962175356, ""eim_hscale"": 1.8587633596816164, ""eim_moves"": 18358, ""eim_rho"": 3.506794739778118, ""g_scale"": 774.8399988560119, ""p_add"": 0.22230587257383633, ""p_swap"": 0.46272105013386755, ""start"": ""lp"", ""topw"": 20}",60.0,0,60.021,0,22.19656500906502,"[22.944493, 22.692729, 22.463578, 22.270073, 22.069962, 21.883579, 21.695561, 21.552545]",21.552544677544653,2243.6034160839163,6485,1,"{""eim_acc"": 766744, ""rep_n_add"": 0, ""rep_n_drop"": 0, ""rep_n_fill"": 5, ""start_n_add"": 254, ""start_n_drop"": 0, ""start_n_fill"": 7490}",ok,sols/tune_dev_Region6_F1_pt_eb1d04fc51_b60.0_s0_F1__pt__b60_t0.npz,F1__pt__b60_t0,,,,
2026-09-28T17:48:28,tune,dev_Region7,F1,"{""k"": 4, ""name"": ""F1"", ""tau"": 0.0}",pt,ising,6d5fd13fa7,"{""eim_R"": 16, ""eim_Tmax"": 5.781299393458698e-06, ""eim_Tmin"": 1.64051916149452e-06, ""eim_anneal"": 0.6629489546805363, ""eim_hscale"": 2.3613697065671944, ""eim_moves"": 17276, ""eim_rho"": 85.54444659081884, ""g_scale"": 469.3417407209877, ""p_add"": 0.02502959652654488, ""p_swap"": 0.877168501001951, ""start"": ""lp"", ""topw"": 7}",60.0,1,60.009,0,24.094686852499386,"[24.144814, 24.087526, 24.087526, 24.087526, 24.087526, 24.087526, 24.087526, 24.087526]",24.087525900025934,1901.2777762237758,14892,1,"{""eim_acc"": 10755391, ""rep_n_add"": 0, ""rep_n_drop"": 0, ""rep_n_fill"": 0, ""start_n_add"": 478, ""start_n_drop"": 0, ""start_n_fill"": 9990}",ok,sols/tune_dev_Region7_F1_pt_6d5fd13fa7_b60.0_s1_F1__pt__b60_t1.npz,F1__pt__b60_t1,,,,
2026-09-28T17:49:28,tune,dev_Region6,F1,"{""k"": 4, ""name"": ""F1"", ""tau"": 0.0}",pt,ising,6d5fd13fa7,"{""eim_R"": 16, ""eim_Tmax"": 5.781299393458698e-06, ""eim_Tmin"": 1.64051916149452e-06, ""eim_anneal"": 0.6629489546805363, ""eim_hscale"": 2.3613697065671944, ""eim_moves"": 17276, ""eim_rho"": 85.54444659081884, ""g_scale"": 469.3417407209877, ""p_add"": 0.02502959652654488, ""p_swap"": 0.877168501001951, ""start"": ""lp"", ""topw"": 7}",60.0,1,60.015,0,22.26173594923595,"[22.936173, 22.74359, 22.528215, 22.322569, 22.143098, 21.980963, 21.809991, 21.62929]",21.629289691789708,2339.286982517482,8202,1,"{""eim_acc"": 202319, ""rep_n_add"": 0, ""rep_n_drop"": 0, ""rep_n_fill"": 0, ""start_n_add"": 225, ""start_n_drop"": 0, ""start_n_fill"": 4369}",ok,sols/tune_dev_Region6_F1_pt_6d5fd13fa7_b60.0_s1_F1__pt__b60_t1.npz,F1__pt__b60_t1,,,,
2026-09-28T17:50:29,tune,dev_Region7,F1,"{""k"": 4, ""name"": ""F1"", ""tau"": 0.0}",pt,ising,745ff506d7,"{""eim_R"": 16, ""eim_Tmax"": 0.003, ""eim_Tmin"": 1e-06, ""eim_anneal"": 0.0, ""eim_hscale"": 10.0, ""eim_moves"": 20000, ""eim_rho"": 50.0, ""g_scale"": 3000.0, ""p_add"": 0.2, ""p_swap"": 0.6, ""start"": ""lp"", ""topw"": 8}",60.0,2,60.017,0,24.094686852499386,"[24.144814, 24.087526, 24.087526, 24.087526, 24.087526, 24.087526, 24.087526, 24.087526]",24.087525900025934,1862.7885069930066,14838,1,"{""eim_acc"": 66016297, ""rep_n_add"": 0, ""rep_n_drop"": 0, ""rep_n_fill"": 1, ""start_n_add"": 329, ""start_n_drop"": 0, ""start_n_fill"": 9581}",ok,sols/tune_dev_Region7_F1_pt_745ff506d7_b60.0_s2_F1__pt__b60_t2.npz,F1__pt__b60_t2,,,,
2026-09-28T17:51:30,tune,dev_Region6,F1,"{""k"": 4, ""name"": ""F1"", ""tau"": 0.0}",pt,ising,745ff506d7,"{""eim_R"": 16, ""eim_Tmax"": 0.003, ""eim_Tmin"": 1e-06, ""eim_anneal"": 0.0, ""eim_hscale"": 10.0, ""eim_moves"": 20000, ""eim_rho"": 50.0, ""g_scale"": 3000.0, ""p_add"": 0.2, ""p_swap"": 0.6, ""start"": ""lp"", ""topw"": 8}",60.0,2,60.008,0,22.301733278295806,"[23.032407, 22.802593, 22.598242, 22.387286, 22.200418, 21.972756, 21.792282, 21.627881]",21.627881377881433,2263.119842657343,6482,1,"{""eim_acc"": 37614940, ""rep_n_add"": 0, ""rep_n_drop"": 0, ""rep_n_fill"": 2, ""start_n_add"": 228, ""start_n_drop"": 0, ""start_n_fill"": 6635}",ok,sols/tune_dev_Region6_F1_pt_745ff506d7_b60.0_s2_F1__pt__b60_t2.npz,F1__pt__b60_t2,,,,
2026-09-28T17:52:31,tune,dev_Region7,F1,"{""k"": 4, ""name"": ""F1"", ""tau"": 0.0}",eim,ising,fea13985a5,"{""eim_R"": 16, ""eim_Tmax"": 0.0007255047403074508, ""eim_Tmin"": 0.00013246974647468452, ""eim_anneal"": 0.7664913525398744, ""eim_eta"": 0.23358825194833557, ""eim_hscale"": 0.6218230782016851, ""eim_moves"": 52984, ""eim_rho"": 4.5566719139214715, ""g_scale"": 1370.4648392849028, ""p_add"": 0.0716766437045232, ""p_swap"": 0.8407909904010871, ""start"": ""lp"", ""topw"": 11}",60.0,0,60.041,0,24.114652130277165,"[24.304536, 24.087526, 24.087526, 24.087526, 24.087526, 24.087526, 24.087526, 24.087526]",24.087525900025934,1909.0782097902095,14654,1,"{""eim_acc"": 348458561, ""rep_n_add"": 0, ""rep_n_drop"": 0, ""rep_n_fill"": 26, ""start_n_add"": 200, ""start_n_drop"": 0, ""start_n_fill"": 13061}",ok,sols/tune_dev_Region7_F1_eim_fea13985a5_b60.0_s0_F1__eim__b60_t0.npz,F1__eim__b60_t0,,,,
2026-09-28T17:53:32,tune,dev_Region6,F1,"{""k"": 4, ""name"": ""F1"", ""tau"": 0.0}",eim,ising,fea13985a5,"{""eim_R"": 16, ""eim_Tmax"": 0.0007255047403074508, ""eim_Tmin"": 0.00013246974647468452, ""eim_anneal"": 0.7664913525398744, ""eim_eta"": 0.23358825194833557, ""eim_hscale"": 0.6218230782016851, ""eim_moves"": 52984, ""eim_rho"": 4.5566719139214715, ""g_scale"": 1370.4648392849028, ""p_add"": 0.0716766437045232, ""p_swap"": 0.8407909904010871, ""start"": ""lp"", ""topw"": 11}",60.0,0,60.058,0,22.200935638435652,"[23.102467, 22.737358, 22.471526, 22.245905, 22.050278, 21.844551, 21.662296, 21.493104]",21.49310411810415,2348.2601993006992,6338,1,"{""eim_acc"": 348795676, ""rep_n_add"": 7, ""rep_n_drop"": 0, ""rep_n_fill"": 12, ""start_n_add"": 531, ""start_n_drop"": 0, ""start_n_fill"": 4015}",ok,sols/tune_dev_Region6_F1_eim_fea13985a5_b60.0_s0_F1__eim__b60_t0.npz,F1__eim__b60_t0,,,,
2026-09-28T17:54:33,tune,dev_Region7,F1,"{""k"": 4, ""name"": ""F1"", ""tau"": 0.0}",eim,ising,1b83459bc0,"{""eim_R"": 16, ""eim_Tmax"": 0.003, ""eim_Tmin"": 1e-06, ""eim_anneal"": 0.0, ""eim_eta"": 1.0, ""eim_hscale"": 10.0, ""eim_moves"": 20000, ""eim_rho"": 50.0, ""g_scale"": 3000.0, ""p_add"": 0.2, ""p_swap"": 0.6, ""start"": ""lp"", ""topw"": 8}",60.0,1,60.025,0,24.10134194509198,"[24.198054, 24.087526, 24.087526, 24.087526, 24.087526, 24.087526, 24.087526, 24.087526]",24.087525900025934,1881.4177447552445,14970,1,"{""eim_acc"": 311976678, ""rep_n_add"": 0, ""rep_n_drop"": 0, ""rep_n_fill"": 25, ""start_n_add"": 491, ""start_n_drop"": 0, ""start_n_fill"": 10845}",ok,sols/tune_dev_Region7_F1_eim_1b83459bc0_b60.0_s1_F1__eim__b60_t1.npz,F1__eim__b60_t1,,,,
2026-09-28T17:55:34,tune,dev_Region6,F1,"{""k"": 4, ""name"": ""F1"", ""tau"": 0.0}",eim,ising,1b83459bc0,"{""eim_R"": 16, ""eim_Tmax"": 0.003, ""eim_Tmin"": 1e-06, ""eim_anneal"": 0.0, ""eim_eta"": 1.0, ""eim_hscale"": 10.0, ""eim_moves"": 20000, ""eim_rho"": 50.0, ""g_scale"": 3000.0, ""p_add"": 0.2, ""p_swap"": 0.6, ""start"": ""lp"", ""topw"": 8}",60.0,1,60.023,0,22.25094089937839,"[23.040501, 22.757851, 22.512772, 22.309052, 22.117036, 21.930912, 21.755002, 21.584402]",21.58440170940178,2216.744146853147,6249,1,"{""eim_acc"": 175961598, ""rep_n_add"": 0, ""rep_n_drop"": 0, ""rep_n_fill"": 7, ""start_n_add"": 204, ""start_n_drop"": 0, ""start_n_fill"": 6923}",ok,sols/tune_dev_Region6_F1_eim_1b83459bc0_b60.0_s1_F1__eim__b60_t1.npz,F1__eim__b60_t1,,,,
2026-09-28T17:56:35,tune,dev_Region7,F1,"{""k"": 4, ""name"": ""F1"", ""tau"": 0.0}",eim,ising,0e0a89c7af,"{""eim_R"": 64, ""eim_Tmax"": 0.022388264096178515, ""eim_Tmin"": 5.6279320474151646e-06, ""eim_anneal"": 0.07032569761590807, ""eim_eta"": 0.018255254802399014, ""eim_hscale"": 59.812219011525556, ""eim_moves"": 174910, ""eim_rho"": 18.71450068624066, ""g_scale"": 109.7581541938016, ""p_add"": 0.19172075941288885, ""p_swap"": 0.6420036530145916, ""start"": ""pgreedy"", ""topw"": 11}",60.0,2,60.236,0,24.15232250388504,"[24.552658, 24.140767, 24.087526, 24.087526, 24.087526, 24.087526, 24.087526, 24.087526]",24.087525900025934,1911.2934965034963,14815,1,"{""eim_acc"": 375598162, ""rep_n_add"": 0, ""rep_n_drop"": 0, ""rep_n_fill"": 14, ""start_n_add"": 1329, ""start_n_drop"": 0, ""start_n_fill"": 25956}",ok,sols/tune_dev_Region7_F1_eim_0e0a89c7af_b60.0_s2_F1__eim__b60_t2.npz,F1__eim__b60_t2,,,,
2026-09-28T17:57:37,tune,dev_Region6,F1,"{""k"": 4, ""name"": ""F1"", ""tau"": 0.0}",eim,ising,0e0a89c7af,"{""eim_R"": 64, ""eim_Tmax"": 0.022388264096178515, ""eim_Tmin"": 5.6279320474151646e-06, ""eim_anneal"": 0.07032569761590807, ""eim_eta"": 0.018255254802399014, ""eim_hscale"": 59.812219011525556, ""eim_moves"": 174910, ""eim_rho"": 18.71450068624066, ""g_scale"": 109.7581541938016, ""p_add"": 0.19172075941288885, ""p_swap"": 0.6420036530145916, ""start"": ""pgreedy"", ""topw"": 11}",60.0,2,60.649,0,22.202981335793773,"[23.291634, 22.824349, 22.514893, 22.258482, 22.027179, 21.728195, 21.55719, 21.421928]",21.42192760942758,2325.5321328671325,6505,1,"{""eim_acc"": 387293045, ""rep_n_add"": 10, ""rep_n_drop"": 0, ""rep_n_fill"": 24, ""start_n_add"": 1321, ""start_n_drop"": 0, ""start_n_fill"": 17637}",ok,sols/tune_dev_Region6_F1_eim_0e0a89c7af_b60.0_s2_F1__eim__b60_t2.npz,F1__eim__b60_t2,,,,
2026-09-28T17:57:51,tune,dev_Region7,F1,"{""k"": 4, ""name"": ""F1"", ""tau"": 0.0}",milp,classical,7609bc1c44,"{""eps_tie"": 0.0, ""mip_heuristic_effort"": 0.8077206102454388, ""presolve"": ""off"", ""start"": ""pgreedy""}",60.0,0,13.156,0,24.13059885716138,"[24.43211, 24.087526, 24.087526, 24.087526, 24.087526, 24.087526, 24.087526, 24.087526]",24.087525900025934,1894.8233531468527,14960,1,"{""milp_improved"": 2, ""rep_n_add"": 0, ""rep_n_drop"": 0, ""rep_n_fill"": 694, ""start_n_add"": 1341, ""start_n_drop"": 0, ""start_n_fill"": 22658}",ok,sols/tune_dev_Region7_F1_milp_7609bc1c44_b60.0_s0_F1__milp__b60_t0.npz,F1__milp__b60_t0,,,,
2026-09-28T17:58:50,tune,dev_Region6,F1,"{""k"": 4, ""name"": ""F1"", ""tau"": 0.0}",milp,classical,7609bc1c44,"{""eps_tie"": 0.0, ""mip_heuristic_effort"": 0.8077206102454388, ""presolve"": ""off"", ""start"": ""pgreedy""}",60.0,0,58.554,0,22.354573378010905,"[23.299501, 22.773407, 22.572358, 22.46722, 22.294354, 22.06632, 21.799744, 21.563682]",21.563681688681697,2571.462776223776,8117,1,"{""milp_improved"": 8, ""rep_n_add"": 0, ""rep_n_drop"": 0, ""rep_n_fill"": 780, ""start_n_add"": 1270, ""start_n_drop"": 0, ""start_n_fill"": 11075}",ok,sols/tune_dev_Region6_F1_milp_7609bc1c44_b60.0_s0_F1__milp__b60_t0.npz,F1__milp__b60_t0,,,,
2026-09-28T17:59:10,tune,dev_Region7,F1,"{""k"": 4, ""name"": ""F1"", ""tau"": 0.0}",milp,classical,e75fd74faf,"{""eps_tie"": 0.0001, ""mip_heuristic_effort"": 0.41985078951584265, ""presolve"": ""off"", ""start"": ""pgreedy""}",60.0,1,19.078,0,24.12553621147375,"[24.391608, 24.087526, 24.087526, 24.087526, 24.087526, 24.087526, 24.087526, 24.087526]",24.087525900025934,1957.8019755244752,15306,1,"{""milp_improved"": 2, ""rep_n_add"": 0, ""rep_n_drop"": 0, ""rep_n_fill"": 32, ""start_n_add"": 1458, ""start_n_drop"": 0, ""start_n_fill"": 19366}",ok,sols/tune_dev_Region7_F1_milp_e75fd74faf_b60.0_s1_F1__milp__b60_t1.npz,F1__milp__b60_t1,,,,
2026-09-28T18:00:10,tune,dev_Region6,F1,"{""k"": 4, ""name"": ""F1"", ""tau"": 0.0}",milp,classical,e75fd74faf,"{""eps_tie"": 0.0001, ""mip_heuristic_effort"": 0.41985078951584265, ""presolve"": ""off"", ""start"": ""pgreedy""}",60.0,1,58.594,0,22.536369301994313,"[23.220425, 22.773407, 22.773407, 22.771254, 22.455452, 22.409933, 21.989316, 21.89776]",21.897759647759695,2635.0466818181812,8439,1,"{""milp_improved"": 5, ""rep_n_add"": 0, ""rep_n_drop"": 0, ""rep_n_fill"": 390, ""start_n_add"": 1321, ""start_n_drop"": 0, ""start_n_fill"": 9975}",ok,sols/tune_dev_Region6_F1_milp_e75fd74faf_b60.0_s1_F1__milp__b60_t1.npz,F1__milp__b60_t1,,,,
2026-09-28T18:00:43,tune,dev_Region7,F1,"{""k"": 4, ""name"": ""F1"", ""tau"": 0.0}",milp,classical,2f947d6494,"{""eps_tie"": 0.0, ""mip_heuristic_effort"": 0.05, ""presolve"": ""on"", ""start"": ""lp""}",60.0,2,32.945,0,24.225425326987875,"[24.848015, 24.397549, 24.120208, 24.087526, 24.087526, 24.087526, 24.087526, 24.087526]",24.087525900025934,1860.2394860139855,14865,1,"{""milp_improved"": 3, ""rep_n_add"": 0, ""rep_n_drop"": 0, ""rep_n_fill"": 1403, ""start_n_add"": 471, ""start_n_drop"": 0, ""start_n_fill"": 8307}",ok,sols/tune_dev_Region7_F1_milp_2f947d6494_b60.0_s2_F1__milp__b60_t2.npz,F1__milp__b60_t2,,,,
2026-09-28T18:01:44,tune,dev_Region6,F1,"{""k"": 4, ""name"": ""F1"", ""tau"": 0.0}",milp,classical,2f947d6494,"{""eps_tie"": 0.0, ""mip_heuristic_effort"": 0.05, ""presolve"": ""on"", ""start"": ""lp""}",60.0,2,60.247,0,23.008791844729352,"[24.858893, 23.149249, 23.008126, 22.712817, 22.673125, 22.59672, 22.59672, 22.474683]",22.474682724682648,2632.1684265734266,8530,1,"{""milp_improved"": 1, ""rep_n_add"": 0, ""rep_n_drop"": 0, ""rep_n_fill"": 18, ""start_n_add"": 435, ""start_n_drop"": 0, ""start_n_fill"": 3872}",ok,sols/tune_dev_Region6_F1_milp_2f947d6494_b60.0_s2_F1__milp__b60_t2.npz,F1__milp__b60_t2,,,,
2026-09-28T18:02:01,tune,dev_Region7,F1,"{""k"": 4, ""name"": ""F1"", ""tau"": 0.0}",cpsat,classical,cd6c30cd5f,"{""cp_model_presolve"": false, ""linearization_level"": 1, ""repair_hint"": false, ""start"": ""lp""}",60.0,0,15.128,0,24.096390588578117,"[24.158443, 24.087526, 24.087526, 24.087526, 24.087526, 24.087526, 24.087526, 24.087526]",24.087525900025934,1907.9556958041953,14910,1,"{""cp_improved"": 2, ""cp_time"": 14.866610288619995, ""rep_n_add"": 0, ""rep_n_drop"": 0, ""rep_n_fill"": 1601}",ok,sols/tune_dev_Region7_F1_cpsat_cd6c30cd5f_b60.0_s0_F1__cpsat__b60_t0.npz,F1__cpsat__b60_t0,,,,
2026-09-28T18:03:01,tune,dev_Region6,F1,"{""k"": 4, ""name"": ""F1"", ""tau"": 0.0}",cpsat,classical,cd6c30cd5f,"{""cp_model_presolve"": false, ""linearization_level"": 1, ""repair_hint"": false, ""start"": ""lp""}",60.0,0,59.199,0,21.991113053613052,"[22.910888, 22.517078, 22.278199, 22.058259, 21.83594, 21.628691, 21.445173, 21.254678]",21.25467819217823,2254.214646853147,6394,1,"{""cp_improved"": 8, ""cp_time"": 58.927725076675415, ""rep_n_add"": 0, ""rep_n_drop"": 0, ""rep_n_fill"": 16}",ok,sols/tune_dev_Region6_F1_cpsat_cd6c30cd5f_b60.0_s0_F1__cpsat__b60_t0.npz,F1__cpsat__b60_t0,,,,
2026-09-28T18:03:17,tune,dev_Region7,F1,"{""k"": 4, ""name"": ""F1"", ""tau"": 0.0}",cpsat,classical,7e76392a52,"{""cp_model_presolve"": true, ""linearization_level"": 1, ""repair_hint"": false, ""start"": ""lp""}",60.0,1,14.999,0,24.13940284252788,"[24.502541, 24.087526, 24.087526, 24.087526, 24.087526, 24.087526, 24.087526, 24.087526]",24.087525900025934,1876.3379580419578,14936,1,"{""cp_improved"": 2, ""cp_time"": 14.762768507003784, ""rep_n_add"": 0, ""rep_n_drop"": 0, ""rep_n_fill"": 355}",ok,sols/tune_dev_Region7_F1_cpsat_7e76392a52_b60.0_s1_F1__cpsat__b60_t1.npz,F1__cpsat__b60_t1,,,,
2026-09-28T18:04:17,tune,dev_Region6,F1,"{""k"": 4, ""name"": ""F1"", ""tau"": 0.0}",cpsat,classical,7e76392a52,"{""cp_model_presolve"": true, ""linearization_level"": 1, ""repair_hint"": false, ""start"": ""lp""}",60.0,1,59.179,0,22.11579942048701,"[23.288478, 22.650738, 22.375291, 22.138565, 21.920374, 21.708819, 21.508887, 21.335243]",21.335243460243998,2371.766874125874,6889,1,"{""cp_improved"": 8, ""cp_time"": 58.9455943107605, ""rep_n_add"": 0, ""rep_n_drop"": 0, ""rep_n_fill"": 112}",ok,sols/tune_dev_Region6_F1_cpsat_7e76392a52_b60.0_s1_F1__cpsat__b60_t1.npz,F1__cpsat__b60_t1,,,,
2026-09-28T18:04:38,tune,dev_Region7,F1,"{""k"": 4, ""name"": ""F1"", ""tau"": 0.0}",cpsat,classical,2476acd648,"{""cp_model_presolve"": true, ""linearization_level"": 1, ""repair_hint"": false, ""start"": ""pgreedy""}",60.0,2,20.073,0,24.296067647630174,"[25.464177, 24.379209, 24.087526, 24.087526, 24.087526, 24.087526, 24.087526, 24.087526]",24.087525900025934,1920.9053916083913,15132,1,"{""cp_improved"": 3, ""cp_time"": 19.83044981956482, ""rep_n_add"": 0, ""rep_n_drop"": 0, ""rep_n_fill"": 7155}",ok,sols/tune_dev_Region7_F1_cpsat_2476acd648_b60.0_s2_F1__cpsat__b60_t2.npz,F1__cpsat__b60_t2,,,,
2026-09-28T18:05:38,tune,dev_Region6,F1,"{""k"": 4, ""name"": ""F1"", ""tau"": 0.0}",cpsat,classical,2476acd648,"{""cp_model_presolve"": true, ""linearization_level"": 1, ""repair_hint"": false, ""start"": ""pgreedy""}",60.0,2,59.144,0,23.487209838772305,"[26.459337, 24.858812, 23.991599, 23.358456, 22.88557, 22.456342, 22.102111, 21.785451]",21.785450660450593,2498.098982517483,7864,1,"{""cp_improved"": 8, ""cp_time"": 58.8973491191864, ""rep_n_add"": 0, ""rep_n_drop"": 0, ""rep_n_fill"": 173}",ok,sols/tune_dev_Region6_F1_cpsat_2476acd648_b60.0_s2_F1__cpsat__b60_t2.npz,F1__cpsat__b60_t2,,,,
2026-09-28T18:06:39,tune,dev_Region7,F1,"{""k"": 4, ""name"": ""F1"", ""tau"": 0.0}",hlns,ising,1ab7e35d00,"{""eim_R"": 8, ""eim_Tmax"": 0.002149211332011167, ""eim_Tmin"": 2.742194550436767e-06, ""eim_moves"": 28133, ""hl_frac_sel"": 1.4390612928037052, ""hl_nmax"": 2899, ""hl_p_block"": 0.035120747192818935, ""hl_p_milp"": 0.28955460282642714, ""hl_q"": 13, ""hl_slice"": 0.1354209346186694, ""start"": ""lp""}",60.0,0,60.014,0,24.16123980186483,"[24.591686, 24.173077, 24.087526, 24.087526, 24.087526, 24.087526, 24.087526, 24.087526]",24.087525900025934,1824.5092517482515,14509,1,"{""hl_flips_ising"": 7550, ""hl_flips_milp"": 0, ""hl_time"": 59.952088832855225, ""hl_tries_ising"": 389, ""hl_tries_milp"": 176, ""hl_wins_ising"": 146, ""hl_wins_milp"": 0, ""rep_n_add"": 1, ""rep_n_drop"": 0, ""rep_n_fill"": 11, ""start_n_add"": 360, ""start_n_drop"": 0, ""start_n_fill"": 11942}",ok,sols/tune_dev_Region7_F1_hlns_1ab7e35d00_b60.0_s0_F1__hlns__b60_t0.npz,F1__hlns__b60_t0,,,,
2026-09-28T18:07:40,tune,dev_Region6,F1,"{""k"": 4, ""name"": ""F1"", ""tau"": 0.0}",hlns,ising,1ab7e35d00,"{""eim_R"": 8, ""eim_Tmax"": 0.002149211332011167, ""eim_Tmin"": 2.742194550436767e-06, ""eim_moves"": 28133, ""hl_frac_sel"": 1.4390612928037052, ""hl_nmax"": 2899, ""hl_p_block"": 0.035120747192818935, ""hl_p_milp"": 0.28955460282642714, ""hl_q"": 13, ""hl_slice"": 0.1354209346186694, ""start"": ""lp""}",60.0,0,60.018,0,22.327228616291105,"[23.29416, 22.864591, 22.603471, 22.383239, 22.155611, 21.958722, 21.770332, 21.587704]",21.587703962704026,2219.983027972028,5895,1,"{""hl_flips_ising"": 15677, ""hl_flips_milp"": 0, ""hl_time"": 59.954392194747925, ""hl_tries_ising"": 386, ""hl_tries_milp"": 172, ""hl_wins_ising"": 376, ""hl_wins_milp"": 0, ""rep_n_add"": 9, ""rep_n_drop"": 0, ""rep_n_fill"": 9, ""start_n_add"": 272, ""start_n_drop"": 0, ""start_n_fill"": 6850}",ok,sols/tune_dev_Region6_F1_hlns_1ab7e35d00_b60.0_s0_F1__hlns__b60_t0.npz,F1__hlns__b60_t0,,,,
2026-09-28T18:08:41,tune,dev_Region7,F1,"{""k"": 4, ""name"": ""F1"", ""tau"": 0.0}",hlns,ising,039ec001fd,"{""eim_R"": 8, ""eim_Tmax"": 5.504103655676379e-05, ""eim_Tmin"": 5.599668416030328e-07, ""eim_moves"": 36632, ""hl_frac_sel"": 1.1778115524924693, ""hl_nmax"": 4485, ""hl_p_block"": 0.29046821963088276, ""hl_p_milp"": 0.28415144243150015, ""hl_q"": 11, ""hl_slice"": 0.06451219192567251, ""start"": ""lp""}",60.0,1,59.969,0,24.113943926443966,"[24.29887, 24.087526, 24.087526, 24.087526, 24.087526, 24.087526, 24.087526, 24.087526]",24.087525900025934,1863.4091293706292,14754,1,"{""hl_flips_ising"": 6271, ""hl_flips_milp"": 0, ""hl_time"": 59.884846448898315, ""hl_tries_ising"": 721, ""hl_tries_milp"": 304, ""hl_wins_ising"": 198, ""hl_wins_milp"": 0, ""rep_n_add"": 3, ""rep_n_drop"": 0, ""rep_n_fill"": 24, ""start_n_add"": 501, ""start_n_drop"": 0, ""start_n_fill"": 11132}",ok,sols/tune_dev_Region7_F1_hlns_039ec001fd_b60.0_s1_F1__hlns__b60_t1.npz,F1__hlns__b60_t1,,,,
2026-09-28T18:09:42,tune,dev_Region6,F1,"{""k"": 4, ""name"": ""F1"", ""tau"": 0.0}",hlns,ising,039ec001fd,"{""eim_R"": 8, ""eim_Tmax"": 5.504103655676379e-05, ""eim_Tmin"": 5.599668416030328e-07, ""eim_moves"": 36632, ""hl_frac_sel"": 1.1778115524924693, ""hl_nmax"": 4485, ""hl_p_block"": 0.29046821963088276, ""hl_p_milp"": 0.28415144243150015, ""hl_q"": 11, ""hl_slice"": 0.06451219192567251, ""start"": ""lp""}",60.0,1,59.974,0,22.371831293706293,"[23.411179, 22.955662, 22.639488, 22.43436, 22.185719, 21.950919, 21.788122, 21.609201]",21.60920098420102,2216.511671328671,5853,1,"{""hl_flips_ising"": 16636, ""hl_flips_milp"": 0, ""hl_time"": 59.881996393203735, ""hl_tries_ising"": 709, ""hl_tries_milp"": 265, ""hl_wins_ising"": 556, ""hl_wins_milp"": 0, ""rep_n_add"": 2, ""rep_n_drop"": 0, ""rep_n_fill"": 4, ""start_n_add"": 227, ""start_n_drop"": 0, ""start_n_fill"": 6565}",ok,sols/tune_dev_Region6_F1_hlns_039ec001fd_b60.0_s1_F1__hlns__b60_t1.npz,F1__hlns__b60_t1,,,,
2026-09-28T18:10:43,tune,dev_Region7,F1,"{""k"": 4, ""name"": ""F1"", ""tau"": 0.0}",hlns,ising,1c9671206b,"{""eim_R"": 8, ""eim_Tmax"": 0.003, ""eim_Tmin"": 1e-06, ""eim_moves"": 20000, ""hl_frac_sel"": 0.5, ""hl_nmax"": 3000, ""hl_p_block"": 0.3, ""hl_p_milp"": 0.0, ""hl_q"": 8, ""hl_slice"": 0.25, ""start"": ""lp""}",60.0,2,59.969,0,24.167546862859396,"[24.52794, 24.28728, 24.087526, 24.087526, 24.087526, 24.087526, 24.087526, 24.087526]",24.087525900025934,1873.0622167832162,14919,1,"{""hl_flips_ising"": 3815, ""hl_flips_milp"": 0, ""hl_time"": 59.90375733375549, ""hl_tries_ising"": 230, ""hl_tries_milp"": 0, ""hl_wins_ising"": 99, ""hl_wins_milp"": 0, ""rep_n_add"": 11, ""rep_n_drop"": 0, ""rep_n_fill"": 47, ""start_n_add"": 336, ""start_n_drop"": 0, ""start_n_fill"": 10570}",ok,sols/tune_dev_Region7_F1_hlns_1c9671206b_b60.0_s2_F1__hlns__b60_t2.npz,F1__hlns__b60_t2,,,,
2026-09-28T18:11:44,tune,dev_Region6,F1,"{""k"": 4, ""name"": ""F1"", ""tau"": 0.0}",hlns,ising,1c9671206b,"{""eim_R"": 8, ""eim_Tmax"": 0.003, ""eim_Tmin"": 1e-06, ""eim_moves"": 20000, ""hl_frac_sel"": 0.5, ""hl_nmax"": 3000, ""hl_p_block"": 0.3, ""hl_p_milp"": 0.0, ""hl_q"": 8, ""hl_slice"": 0.25, ""start"": ""lp""}",60.0,2,60.007,0,22.643824057886597,"[23.651693, 23.155594, 22.892402, 22.67714, 22.462056, 22.277422, 22.112244, 21.922041]",21.92204092204099,2433.35370979021,7486,1,"{""hl_flips_ising"": 8619, ""hl_flips_milp"": 0, ""hl_time"": 59.943034410476685, ""hl_tries_ising"": 223, ""hl_tries_milp"": 0, ""hl_wins_ising"": 223, ""hl_wins_milp"": 0, ""rep_n_add"": 17, ""rep_n_drop"": 0, ""rep_n_fill"": 71, ""start_n_add"": 302, ""start_n_drop"": 0, ""start_n_fill"": 6570}",ok,sols/tune_dev_Region6_F1_hlns_1c9671206b_b60.0_s2_F1__hlns__b60_t2.npz,F1__hlns__b60_t2,,,,
2026-09-28T18:11:45,tune,dev_Region7,F1,"{""k"": 4, ""name"": ""F1"", ""tau"": 0.0}",lp,classical,2f39b383fb,"{""lexi"": false}",60.0,0,0.621,0,24.44539343758099,"[25.637238, 24.538931, 24.287539, 24.227613, 24.227613, 24.227613, 24.208301, 24.208301]",24.208300958300995,1889.7685419580419,15093,1,"{""rep_n_add"": 0, ""rep_n_drop"": 0, ""rep_n_fill"": 0, ""start_n_add"": 450, ""start_n_drop"": 0, ""start_n_fill"": 8601}",ok,sols/tune_dev_Region7_F1_lp_2f39b383fb_b60.0_s0_F1__lp__b60_t0.npz,F1__lp__b60_t0,,,,
2026-09-28T18:11:47,tune,dev_Region6,F1,"{""k"": 4, ""name"": ""F1"", ""tau"": 0.0}",lp,classical,2f39b383fb,"{""lexi"": false}",60.0,0,1.571,0,23.006642951955445,"[24.858893, 23.275074, 23.008126, 22.758855, 22.690058, 22.61116, 22.59672, 22.254257]",22.25425731675725,2628.307171328671,8551,1,"{""rep_n_add"": 0, ""rep_n_drop"": 0, ""rep_n_fill"": 0, ""start_n_add"": 508, ""start_n_drop"": 0, ""start_n_fill"": 3553}",ok,sols/tune_dev_Region6_F1_lp_2f39b383fb_b60.0_s0_F1__lp__b60_t0.npz,F1__lp__b60_t0,,,,
2026-09-28T18:11:58,tune,dev_Region7,F1,"{""k"": 4, ""name"": ""F1"", ""tau"": 0.0}",lp,classical,e62ade0088,"{""lexi"": true}",60.0,1,9.98,0,24.397318537943576,"[24.583706, 24.580436, 24.398779, 24.398779, 24.398779, 24.398779, 24.209645, 24.209645]",24.20964452214452,1957.328748251748,15477,1,"{""rep_n_add"": 0, ""rep_n_drop"": 0, ""rep_n_fill"": 0, ""start_n_add"": 291, ""start_n_drop"": 0, ""start_n_fill"": 1214}",ok,sols/tune_dev_Region7_F1_lp_e62ade0088_b60.0_s1_F1__lp__b60_t1.npz,F1__lp__b60_t1,,,,
2026-09-28T18:12:05,tune,dev_Region6,F1,"{""k"": 4, ""name"": ""F1"", ""tau"": 0.0}",lp,classical,e62ade0088,"{""lexi"": true}",60.0,1,6.611,0,22.9853462509713,"[24.858893, 23.149249, 22.774929, 22.712817, 22.59672, 22.59672, 22.59672, 22.59672]",22.596720409220474,2631.670881118881,8567,1,"{""rep_n_add"": 0, ""rep_n_drop"": 0, ""rep_n_fill"": 0, ""start_n_add"": 548, ""start_n_drop"": 0, ""start_n_fill"": 3543}",ok,sols/tune_dev_Region6_F1_lp_e62ade0088_b60.0_s1_F1__lp__b60_t1.npz,F1__lp__b60_t1,,,,
2026-09-28T18:12:07,tune,dev_Region7,F1,"{""k"": 4, ""name"": ""F1"", ""tau"": 0.0}",lp,classical,2f39b383fb,"{""lexi"": false}",60.0,2,0.597,0,24.38789942696195,"[24.88986, 24.848015, 24.323815, 24.208301, 24.208301, 24.208301, 24.208301, 24.208301]",24.208300958300995,1865.9318251748246,14935,1,"{""rep_n_add"": 0, ""rep_n_drop"": 0, ""rep_n_fill"": 0, ""start_n_add"": 521, ""start_n_drop"": 0, ""start_n_fill"": 8187}",ok,sols/tune_dev_Region7_F1_lp_2f39b383fb_b60.0_s2_F1__lp__b60_t2.npz,F1__lp__b60_t2,,,,
2026-09-28T18:12:09,tune,dev_Region6,F1,"{""k"": 4, ""name"": ""F1"", ""tau"": 0.0}",lp,classical,2f39b383fb,"{""lexi"": false}",60.0,2,1.406,0,23.006642951955456,"[24.858893, 23.275074, 23.008126, 22.758855, 22.690058, 22.61116, 22.59672, 22.254257]",22.25425731675725,2628.3957867132867,8538,1,"{""rep_n_add"": 0, ""rep_n_drop"": 0, ""rep_n_fill"": 0, ""start_n_add"": 492, ""start_n_drop"": 0, ""start_n_fill"": 3551}",ok,sols/tune_dev_Region6_F1_lp_2f39b383fb_b60.0_s2_F1__lp__b60_t2.npz,F1__lp__b60_t2,,,,
2026-09-28T18:13:11,tune,dev_Region7,F1,"{""k"": 4, ""name"": ""F1"", ""tau"": 0.0}",sb,ising,8c225c7f66,"{""sb_agents"": 32, ""sb_alpha_floor"": 0.19397546899179888, ""sb_dt"": 1.4232321618458184, ""sb_eta"": 0.0965605178058406, ""sb_eta_mu"": 4.719399631690194, ""sb_heat"": 0.0125536250820598, ""sb_steps"": 1432, ""sb_tau_frac"": 0.9386113363824448, ""sb_variant"": ""ballistic"", ""sb_warm"": 0.10136029824871645, ""sb_xi"": 0.07953090488826875, ""start"": ""lp""}",60.0,0,60.046,0,24.44539343758099,"[25.637238, 24.538931, 24.287539, 24.227613, 24.227613, 24.227613, 24.208301, 24.208301]",24.208300958300995,1889.7685419580419,15093,1,"{""rep_n_add"": 0, ""rep_n_drop"": 0, ""rep_n_fill"": 0, ""sb_decoded"": 459, ""sb_improved"": 0, ""sb_rounds"": 21, ""sb_start_obj"": 42.24163986013995, ""sb_time"": 59.969624280929565, ""start_n_add"": 450, ""start_n_drop"": 0, ""start_n_fill"": 8601}",ok,sols/tune_dev_Region7_F1_sb_8c225c7f66_b60.0_s0_F1__sb__b60_t0.npz,F1__sb__b60_t0,,,,
2026-09-28T18:14:13,tune,dev_Region6,F1,"{""k"": 4, ""name"": ""F1"", ""tau"": 0.0}",sb,ising,8c225c7f66,"{""sb_agents"": 32, ""sb_alpha_floor"": 0.19397546899179888, ""sb_dt"": 1.4232321618458184, ""sb_eta"": 0.0965605178058406, ""sb_eta_mu"": 4.719399631690194, ""sb_heat"": 0.0125536250820598, ""sb_steps"": 1432, ""sb_tau_frac"": 0.9386113363824448, ""sb_variant"": ""ballistic"", ""sb_warm"": 0.10136029824871645, ""sb_xi"": 0.07953090488826875, ""start"": ""lp""}",60.0,0,60.125,0,23.021879451566956,"[24.858893, 23.275074, 23.008126, 22.758855, 22.690058, 22.59672, 22.591411, 22.395898]",22.395898083398126,2603.168825174825,8924,1,"{""rep_n_add"": 0, ""rep_n_drop"": 0, ""rep_n_fill"": 415, ""sb_decoded"": 479, ""sb_improved"": 12, ""sb_rounds"": 22, ""sb_start_obj"": 39.78607342657344, ""sb_time"": 60.063915491104126, ""start_n_add"": 461, ""start_n_drop"": 0, ""start_n_fill"": 3563}",ok,sols/tune_dev_Region6_F1_sb_8c225c7f66_b60.0_s0_F1__sb__b60_t0.npz,F1__sb__b60_t0,,,,
2026-09-28T18:15:15,tune,dev_Region7,F1,"{""k"": 4, ""name"": ""F1"", ""tau"": 0.0}",sb,ising,07d9925e5c,"{""sb_agents"": 32, ""sb_alpha_floor"": 0.12790764691351628, ""sb_dt"": 0.9781366314927988, ""sb_eta"": 1.1053939319688928, ""sb_eta_mu"": 6.38817009093146, ""sb_heat"": 0.06306448033812095, ""sb_steps"": 361, ""sb_tau_frac"": 0.9592088870691005, ""sb_variant"": ""ballistic"", ""sb_warm"": 0.24073122565136285, ""sb_xi"": 0.31896357793988156, ""start"": ""lp""}",60.0,1,60.19,0,24.32813916407671,"[24.741275, 24.382139, 24.382139, 24.247329, 24.247329, 24.208301, 24.208301, 24.208301]",24.208300958300995,1856.7628531468529,15509,1,"{""rep_n_add"": 0, ""rep_n_drop"": 0, ""rep_n_fill"": 8, ""sb_decoded"": 359, ""sb_improved"": 2, ""sb_rounds"": 17, ""sb_start_obj"": 42.05418181818191, ""sb_time"": 60.13404631614685, ""start_n_add"": 658, ""start_n_drop"": 0, ""start_n_fill"": 10440}",ok,sols/tune_dev_Region7_F1_sb_07d9925e5c_b60.0_s1_F1__sb__b60_t1.npz,F1__sb__b60_t1,,,,
2026-09-28T18:16:17,tune,dev_Region6,F1,"{""k"": 4, ""name"": ""F1"", ""tau"": 0.0}",sb,ising,07d9925e5c,"{""sb_agents"": 32, ""sb_alpha_floor"": 0.12790764691351628, ""sb_dt"": 0.9781366314927988, ""sb_eta"": 1.1053939319688928, ""sb_eta_mu"": 6.38817009093146, ""sb_heat"": 0.06306448033812095, ""sb_steps"": 361, ""sb_tau_frac"": 0.9592088870691005, ""sb_variant"": ""ballistic"", ""sb_warm"": 0.24073122565136285, ""sb_xi"": 0.31896357793988156, ""start"": ""lp""}",60.0,1,59.973,0,23.006642951955456,"[24.858893, 23.275074, 23.008126, 22.758855, 22.690058, 22.61116, 22.59672, 22.254257]",22.25425731675725,2628.463230769231,8538,1,"{""rep_n_add"": 0, ""rep_n_drop"": 0, ""rep_n_fill"": 0, ""sb_decoded"": 248, ""sb_improved"": 0, ""sb_rounds"": 10, ""sb_start_obj"": 39.755479020979024, ""sb_time"": 59.92503881454468, ""start_n_add"": 491, ""start_n_drop"": 0, ""start_n_fill"": 3550}",ok,sols/tune_dev_Region6_F1_sb_07d9925e5c_b60.0_s1_F1__sb__b60_t1.npz,F1__sb__b60_t1,,,,
2026-09-28T18:17:19,tune,dev_Region7,F1,"{""k"": 4, ""name"": ""F1"", ""tau"": 0.0}",sb,ising,33dbba307a,"{""sb_agents"": 32, ""sb_alpha_floor"": 0.0, ""sb_dt"": 1.0, ""sb_eta"": 0.5, ""sb_eta_mu"": 1.0, ""sb_heat"": 0.06, ""sb_steps"": 400, ""sb_tau_frac"": 0.97, ""sb_variant"": ""ballistic"", ""sb_warm"": 0.0, ""sb_xi"": 0.7, ""start"": ""lp""}",60.0,2,60.037,0,24.38789942696195,"[24.88986, 24.848015, 24.323815, 24.208301, 24.208301, 24.208301, 24.208301, 24.208301]",24.208300958300995,1865.9318251748246,14935,1,"{""rep_n_add"": 0, ""rep_n_drop"": 0, ""rep_n_fill"": 0, ""sb_decoded"": 104, ""sb_improved"": 0, ""sb_rounds"": 8, ""sb_start_obj"": 42.142290209790254, ""sb_time"": 59.968292474746704, ""start_n_add"": 521, ""start_n_drop"": 0, ""start_n_fill"": 8187}",ok,sols/tune_dev_Region7_F1_sb_33dbba307a_b60.0_s2_F1__sb__b60_t2.npz,F1__sb__b60_t2,,,,
2026-09-28T18:18:21,tune,dev_Region6,F1,"{""k"": 4, ""name"": ""F1"", ""tau"": 0.0}",sb,ising,33dbba307a,"{""sb_agents"": 32, ""sb_alpha_floor"": 0.0, ""sb_dt"": 1.0, ""sb_eta"": 0.5, ""sb_eta_mu"": 1.0, ""sb_heat"": 0.06, ""sb_steps"": 400, ""sb_tau_frac"": 0.97, ""sb_variant"": ""ballistic"", ""sb_warm"": 0.0, ""sb_xi"": 0.7, ""start"": ""lp""}",60.0,2,60.035,0,23.006642951955456,"[24.858893, 23.275074, 23.008126, 22.758855, 22.690058, 22.61116, 22.59672, 22.254257]",22.25425731675725,2628.3957867132867,8538,1,"{""rep_n_add"": 0, ""rep_n_drop"": 0, ""rep_n_fill"": 0, ""sb_decoded"": 149, ""sb_improved"": 0, ""sb_rounds"": 8, ""sb_start_obj"": 39.755479020979024, ""sb_time"": 59.972235679626465, ""start_n_add"": 492, ""start_n_drop"": 0, ""start_n_fill"": 3551}",ok,sols/tune_dev_Region6_F1_sb_33dbba307a_b60.0_s2_F1__sb__b60_t2.npz,F1__sb__b60_t2,,,,
2026-09-28T18:19:23,tune,dev_Region7,F1,"{""k"": 4, ""name"": ""F1"", ""tau"": 0.0}",mq,ising,b30cc786c7,"{""mq_dt"": 0.06526542706084622, ""mq_iters"": 910, ""mq_ksamp"": 7, ""mq_nmax"": 514, ""mq_pen"": 0.001344312143528808, ""mq_q"": 2, ""mq_reads"": 16, ""mq_solver"": ""mq_dsb"", ""mq_xi"": 0.15316981598941554, ""start"": ""lp""}",60.0,0,59.947,0,24.219474391349436,"[24.786341, 24.341524, 24.1903, 24.087526, 24.087526, 24.087526, 24.087526, 24.087526]",24.087525900025934,1867.148325174825,15083,1,"{""mq_time"": 59.88322901725769, ""mq_tries"": 333, ""mq_wins"": 70, ""rep_n_add"": 0, ""rep_n_drop"": 0, ""rep_n_fill"": 80, ""start_n_add"": 348, ""start_n_drop"": 0, ""start_n_fill"": 9796}",ok,sols/tune_dev_Region7_F1_mq_b30cc786c7_b60.0_s0_F1__mq__b60_t0.npz,F1__mq__b60_t0,,,,
2026-09-28T18:20:24,tune,dev_Region6,F1,"{""k"": 4, ""name"": ""F1"", ""tau"": 0.0}",mq,ising,b30cc786c7,"{""mq_dt"": 0.06526542706084622, ""mq_iters"": 910, ""mq_ksamp"": 7, ""mq_nmax"": 514, ""mq_pen"": 0.001344312143528808, ""mq_q"": 2, ""mq_reads"": 16, ""mq_solver"": ""mq_dsb"", ""mq_xi"": 0.15316981598941554, ""start"": ""lp""}",60.0,0,59.962,0,22.73764487826989,"[23.919823, 23.294564, 23.039093, 22.74571, 22.514002, 22.321937, 22.118331, 21.947698]",21.947698135198138,2438.130842657343,7905,1,"{""mq_time"": 59.91135120391846, ""mq_tries"": 269, ""mq_wins"": 236, ""rep_n_add"": 0, ""rep_n_drop"": 0, ""rep_n_fill"": 46, ""start_n_add"": 322, ""start_n_drop"": 0, ""start_n_fill"": 5626}",ok,sols/tune_dev_Region6_F1_mq_b30cc786c7_b60.0_s0_F1__mq__b60_t0.npz,F1__mq__b60_t0,,,,
2026-09-28T18:21:25,tune,dev_Region7,F1,"{""k"": 4, ""name"": ""F1"", ""tau"": 0.0}",mq,ising,2313bd004c,"{""mq_dt"": 1.0, ""mq_iters"": 300, ""mq_ksamp"": 4, ""mq_nmax"": 800, ""mq_pen"": 0.05, ""mq_q"": 6, ""mq_reads"": 16, ""mq_solver"": ""mq_dsb"", ""mq_xi"": 0.5, ""start"": ""lp""}",60.0,1,59.912,0,24.15438843563846,"[24.508482, 24.20147, 24.087526, 24.087526, 24.087526, 24.087526, 24.087526, 24.087526]",24.087525900025934,1878.3880559440554,15079,1,"{""mq_time"": 59.86596393585205, ""mq_tries"": 416, ""mq_wins"": 51, ""rep_n_add"": 0, ""rep_n_drop"": 0, ""rep_n_fill"": 81, ""start_n_add"": 543, ""start_n_drop"": 0, ""start_n_fill"": 10212}",ok,sols/tune_dev_Region7_F1_mq_2313bd004c_b60.0_s1_F1__mq__b60_t1.npz,F1__mq__b60_t1,,,,
2026-09-28T18:22:26,tune,dev_Region6,F1,"{""k"": 4, ""name"": ""F1"", ""tau"": 0.0}",mq,ising,2313bd004c,"{""mq_dt"": 1.0, ""mq_iters"": 300, ""mq_ksamp"": 4, ""mq_nmax"": 800, ""mq_pen"": 0.05, ""mq_q"": 6, ""mq_reads"": 16, ""mq_solver"": ""mq_dsb"", ""mq_xi"": 0.5, ""start"": ""lp""}",60.0,1,59.915,0,22.744858440170965,"[24.254306, 23.492084, 23.009097, 22.688568, 22.485415, 22.234768, 22.00777, 21.786859]",21.786858974359042,2401.1996293706293,7006,1,"{""mq_time"": 59.867804527282715, ""mq_tries"": 296, ""mq_wins"": 199, ""rep_n_add"": 0, ""rep_n_drop"": 0, ""rep_n_fill"": 34, ""start_n_add"": 344, ""start_n_drop"": 0, ""start_n_fill"": 8476}",ok,sols/tune_dev_Region6_F1_mq_2313bd004c_b60.0_s1_F1__mq__b60_t1.npz,F1__mq__b60_t1,,,,
2026-09-28T18:23:28,tune,dev_Region7,F1,"{""k"": 4, ""name"": ""F1"", ""tau"": 0.0}",mq,ising,56cdc9c0f2,"{""mq_dt"": 1.1646313382487206, ""mq_iters"": 405, ""mq_ksamp"": 7, ""mq_nmax"": 1119, ""mq_pen"": 0.001825525480239901, ""mq_q"": 2, ""mq_reads"": 4, ""mq_solver"": ""dwave_sa"", ""mq_xi"": 0.06687793579777104, ""start"": ""pgreedy""}",60.0,2,59.913,0,25.39926306332559,"[26.988151, 26.228228, 25.755779, 25.38086, 25.08411, 24.809214, 24.627331, 24.320432]",24.32043188293199,1742.4528251748247,13985,1,"{""mq_time"": 59.86501932144165, ""mq_tries"": 446, ""mq_wins"": 316, ""rep_n_add"": 0, ""rep_n_drop"": 0, ""rep_n_fill"": 58, ""start_n_add"": 1682, ""start_n_drop"": 0, ""start_n_fill"": 28132}",ok,sols/tune_dev_Region7_F1_mq_56cdc9c0f2_b60.0_s2_F1__mq__b60_t2.npz,F1__mq__b60_t2,,,,
2026-09-28T18:24:29,tune,dev_Region6,F1,"{""k"": 4, ""name"": ""F1"", ""tau"": 0.0}",mq,ising,56cdc9c0f2,"{""mq_dt"": 1.1646313382487206, ""mq_iters"": 405, ""mq_ksamp"": 7, ""mq_nmax"": 1119, ""mq_pen"": 0.001825525480239901, ""mq_q"": 2, ""mq_reads"": 4, ""mq_solver"": ""dwave_sa"", ""mq_xi"": 0.06687793579777104, ""start"": ""pgreedy""}",60.0,2,59.97,0,25.190676800051836,"[27.499239, 26.406323, 25.663769, 25.132851, 24.704367, 24.317049, 24.01554, 23.786276]",23.786276223776234,2234.7946748251743,6292,1,"{""mq_time"": 59.921825647354126, ""mq_tries"": 510, ""mq_wins"": 286, ""rep_n_add"": 0, ""rep_n_drop"": 0, ""rep_n_fill"": 32, ""start_n_add"": 1824, ""start_n_drop"": 0, ""start_n_fill"": 12844}",ok,sols/tune_dev_Region6_F1_mq_56cdc9c0f2_b60.0_s2_F1__mq__b60_t2.npz,F1__mq__b60_t2,,,,
2026-09-28T18:30:14,heldout,full_Region7_s0.1,F1,"{""k"": 4, ""name"": ""F1"", ""tau"": 0.0}",pt,ising,eb1d04fc51,"{""eim_R"": 16, ""eim_Tmax"": 7.3329031629428645e-06, ""eim_Tmin"": 1.1006348269620852e-06, ""eim_anneal"": 0.9462286962175356, ""eim_hscale"": 1.8587633596816164, ""eim_moves"": 18358, ""eim_rho"": 3.506794739778118, ""g_scale"": 774.8399988560119, ""p_add"": 0.22230587257383633, ""p_swap"": 0.46272105013386755, ""start"": ""lp"", ""topw"": 20}",300.0,2,300.03,0,23.118243735431243,"[23.129419, 23.116647, 23.116647, 23.116647, 23.116647, 23.116647, 23.116647, 23.116647]",23.116647241647247,1835.9625699300698,14755,1,"{""eim_acc"": 68031768, ""rep_n_add"": 1, ""rep_n_drop"": 0, ""rep_n_fill"": 37, ""start_n_add"": 328, ""start_n_drop"": 0, ""start_n_fill"": 10298}",ok,sols/heldout_full_Region7_s0.1_F1_pt_eb1d04fc51_b300.0_s2.npz,,,,,
2026-09-28T18:35:15,heldout,full_Region7_s0.1,F1,"{""k"": 4, ""name"": ""F1"", ""tau"": 0.0}",pt,ising,eb1d04fc51,"{""eim_R"": 16, ""eim_Tmax"": 7.3329031629428645e-06, ""eim_Tmin"": 1.1006348269620852e-06, ""eim_anneal"": 0.9462286962175356, ""eim_hscale"": 1.8587633596816164, ""eim_moves"": 18358, ""eim_rho"": 3.506794739778118, ""g_scale"": 774.8399988560119, ""p_add"": 0.22230587257383633, ""p_swap"": 0.46272105013386755, ""start"": ""lp"", ""topw"": 20}",300.0,1,300.02,0,23.12540468790469,"[23.186707, 23.116647, 23.116647, 23.116647, 23.116647, 23.116647, 23.116647, 23.116647]",23.116647241647247,1814.042776223776,14887,1,"{""eim_acc"": 79582746, ""rep_n_add"": 0, ""rep_n_drop"": 0, ""rep_n_fill"": 12, ""start_n_add"": 544, ""start_n_drop"": 0, ""start_n_fill"": 10277}",ok,sols/heldout_full_Region7_s0.1_F1_pt_eb1d04fc51_b300.0_s1.npz,,,,,
2026-09-28T18:35:16,heldout,full_Region7_s0.1,F1,"{""k"": 4, ""name"": ""F1"", ""tau"": 0.0}",pgreedy,classical,bf21a9e8fb,{},300.0,0,0.098,0,27.503275948588453,"[34.904672, 27.682725, 27.682725, 26.920017, 26.920017, 25.467301, 25.263581, 25.185169]",25.185168997669017,1892.1308671328666,15447,1,"{""rep_n_add"": 1141, ""rep_n_drop"": 0, ""rep_n_fill"": 14306}",ok,sols/heldout_full_Region7_s0.1_F1_pgreedy_bf21a9e8fb_b300.0_s0.npz,,,,,
2026-09-28T18:38:55,heldout,full_Region7_s0.1,F1,"{""k"": 4, ""name"": ""F1"", ""tau"": 0.0}",milp,classical,7609bc1c44,"{""eps_tie"": 0.0, ""mip_heuristic_effort"": 0.8077206102454388, ""presolve"": ""off"", ""start"": ""pgreedy""}",300.0,0,219.014,0,25.497575919450895,"[34.904672, 26.388241, 25.105866, 24.309521, 23.747523, 23.291489, 23.116647, 23.116647]",23.116647241647247,1861.8563181818179,15207,1,"{""milp_improved"": 6, ""rep_n_add"": 0, ""rep_n_drop"": 0, ""rep_n_fill"": 18, ""start_n_add"": 840, ""start_n_drop"": 0, ""start_n_fill"": 14610}",ok,sols/heldout_full_Region7_s0.1_F1_milp_7609bc1c44_b300.0_s0.npz,,,,,
2026-09-28T18:43:56,heldout,full_Region7_s0.1,F1,"{""k"": 4, ""name"": ""F1"", ""tau"": 0.0}",ls,classical,c23556e44b,"{""g_scale"": 2155.4275565447515, ""ls_T0"": 0.0006677306766018312, ""ls_T1"": 1.2541143128078558e-06, ""ls_chains"": 8, ""ls_moves"": 5358, ""ls_restart_every"": 0, ""p_add"": 0.30881774853793853, ""p_swap"": 0.47004576906097556, ""start"": ""pgreedy"", ""topw"": 15}",300.0,0,300.011,0,23.14688754532505,"[23.35857, 23.116647, 23.116647, 23.116647, 23.116647, 23.116647, 23.116647, 23.116647]",23.116647241647247,1847.8096328671327,14433,1,"{""ls_acc"": 1637306416, ""rep_n_add"": 0, ""rep_n_drop"": 0, ""rep_n_fill"": 10, ""start_n_add"": 490, ""start_n_drop"": 0, ""start_n_fill"": 26422}",ok,sols/heldout_full_Region7_s0.1_F1_ls_c23556e44b_b300.0_s0.npz,,,,,
2026-09-28T18:48:57,heldout,full_Region7_s0.1,F1,"{""k"": 4, ""name"": ""F1"", ""tau"": 0.0}",ls,classical,c23556e44b,"{""g_scale"": 2155.4275565447515, ""ls_T0"": 0.0006677306766018312, ""ls_T1"": 1.2541143128078558e-06, ""ls_chains"": 8, ""ls_moves"": 5358, ""ls_restart_every"": 0, ""p_add"": 0.30881774853793853, ""p_swap"": 0.47004576906097556, ""start"": ""pgreedy"", ""topw"": 15}",300.0,1,300.011,0,23.152957863895367,"[23.407132, 23.116647, 23.116647, 23.116647, 23.116647, 23.116647, 23.116647, 23.116647]",23.116647241647247,1853.8751118881119,14498,1,"{""ls_acc"": 1651222774, ""rep_n_add"": 0, ""rep_n_drop"": 0, ""rep_n_fill"": 21, ""start_n_add"": 491, ""start_n_drop"": 0, ""start_n_fill"": 26472}",ok,sols/heldout_full_Region7_s0.1_F1_ls_c23556e44b_b300.0_s1.npz,,,,,
2026-09-28T18:53:58,heldout,full_Region7_s0.1,F1,"{""k"": 4, ""name"": ""F1"", ""tau"": 0.0}",ls,classical,c23556e44b,"{""g_scale"": 2155.4275565447515, ""ls_T0"": 0.0006677306766018312, ""ls_T1"": 1.2541143128078558e-06, ""ls_chains"": 8, ""ls_moves"": 5358, ""ls_restart_every"": 0, ""p_add"": 0.30881774853793853, ""p_swap"": 0.47004576906097556, ""start"": ""pgreedy"", ""topw"": 15}",300.0,2,300.009,0,23.152452004014506,"[23.403085, 23.116647, 23.116647, 23.116647, 23.116647, 23.116647, 23.116647, 23.116647]",23.116647241647247,1859.8554615384614,14706,1,"{""ls_acc"": 1690205082, ""rep_n_add"": 0, ""rep_n_drop"": 0, ""rep_n_fill"": 90, ""start_n_add"": 485, ""start_n_drop"": 0, ""start_n_fill"": 24278}",ok,sols/heldout_full_Region7_s0.1_F1_ls_c23556e44b_b300.0_s2.npz,,,,,
2026-09-28T18:54:30,heldout,full_Region7_s0.1,F1,"{""k"": 4, ""name"": ""F1"", ""tau"": 0.0}",cpsat,classical,cd6c30cd5f,"{""cp_model_presolve"": false, ""linearization_level"": 1, ""repair_hint"": false, ""start"": ""lp""}",300.0,0,31.444,0,23.116647241647247,"[23.116647, 23.116647, 23.116647, 23.116647, 23.116647, 23.116647, 23.116647, 23.116647]",23.116647241647247,1842.5462132867128,14662,1,"{""cp_improved"": 1, ""cp_time"": 31.214216232299805, ""rep_n_add"": 0, ""rep_n_drop"": 0, ""rep_n_fill"": 128}",ok,sols/heldout_full_Region7_s0.1_F1_cpsat_cd6c30cd5f_b300.0_s0.npz,,,,,
2026-09-28T18:54:40,heldout,full_Region7_s0.1,F1,"{""k"": 4, ""name"": ""F1"", ""tau"": 0.0}",lp,classical,e62ade0088,"{""lexi"": true}",300.0,0,9.549,0,23.406818586506137,"[23.579335, 23.579335, 23.39292, 23.39292, 23.39292, 23.362956, 23.277082, 23.277082]",23.277081714581758,1879.2377832167829,15292,1,"{""rep_n_add"": 0, ""rep_n_drop"": 0, ""rep_n_fill"": 0, ""start_n_add"": 370, ""start_n_drop"": 0, ""start_n_fill"": 1561}",ok,sols/heldout_full_Region7_s0.1_F1_lp_e62ade0088_b300.0_s0.npz,,,,,
2026-09-28T18:59:41,heldout,full_Region7_s0.1,F1,"{""k"": 4, ""name"": ""F1"", ""tau"": 0.0}",eim,ising,fea13985a5,"{""eim_R"": 16, ""eim_Tmax"": 0.0007255047403074508, ""eim_Tmin"": 0.00013246974647468452, ""eim_anneal"": 0.7664913525398744, ""eim_eta"": 0.23358825194833557, ""eim_hscale"": 0.6218230782016851, ""eim_moves"": 52984, ""eim_rho"": 4.5566719139214715, ""g_scale"": 1370.4648392849028, ""p_add"": 0.0716766437045232, ""p_swap"": 0.8407909904010871, ""start"": ""lp"", ""topw"": 11}",300.0,2,300.031,0,23.15455435767936,"[23.419904, 23.116647, 23.116647, 23.116647, 23.116647, 23.116647, 23.116647, 23.116647]",23.116647241647247,1822.7881853146848,14672,1,"{""eim_acc"": 1588398303, ""rep_n_add"": 0, ""rep_n_drop"": 0, ""rep_n_fill"": 56, ""start_n_add"": 351, ""start_n_drop"": 0, ""start_n_fill"": 14845}",ok,sols/heldout_full_Region7_s0.1_F1_eim_fea13985a5_b300.0_s2.npz,,,,,
2026-09-28T19:04:42,heldout,full_Region7_s0.1,F1,"{""k"": 4, ""name"": ""F1"", ""tau"": 0.0}",eim,ising,fea13985a5,"{""eim_R"": 16, ""eim_Tmax"": 0.0007255047403074508, ""eim_Tmin"": 0.00013246974647468452, ""eim_anneal"": 0.7664913525398744, ""eim_eta"": 0.23358825194833557, ""eim_hscale"": 0.6218230782016851, ""eim_moves"": 52984, ""eim_rho"": 4.5566719139214715, ""g_scale"": 1370.4648392849028, ""p_add"": 0.0716766437045232, ""p_swap"": 0.8407909904010871, ""start"": ""lp"", ""topw"": 11}",300.0,1,300.019,0,23.15455435767936,"[23.419904, 23.116647, 23.116647, 23.116647, 23.116647, 23.116647, 23.116647, 23.116647]",23.116647241647247,1826.6565419580418,14560,1,"{""eim_acc"": 1614031007, ""rep_n_add"": 0, ""rep_n_drop"": 0, ""rep_n_fill"": 46, ""start_n_add"": 546, ""start_n_drop"": 0, ""start_n_fill"": 12730}",ok,sols/heldout_full_Region7_s0.1_F1_eim_fea13985a5_b300.0_s1.npz,,,,,
2026-09-28T19:04:43,heldout,full_Region7_s0.1,F1,"{""k"": 4, ""name"": ""F1"", ""tau"": 0.0}",greedy,classical,bf21a9e8fb,{},300.0,0,0.092,0,33.023324187386606,"[33.757398, 33.757398, 33.679876, 33.602354, 33.602354, 32.29042, 31.90812, 31.588675]",31.588675213675135,1926.6376468531464,15114,1,"{""rep_n_add"": 9, ""rep_n_drop"": 0, ""rep_n_fill"": 11}",ok,sols/heldout_full_Region7_s0.1_F1_greedy_bf21a9e8fb_b300.0_s0.npz,,,,,
2026-09-28T19:09:43,heldout,full_Region7_s0.1,F1,"{""k"": 4, ""name"": ""F1"", ""tau"": 0.0}",eim,ising,fea13985a5,"{""eim_R"": 16, ""eim_Tmax"": 0.0007255047403074508, ""eim_Tmin"": 0.00013246974647468452, ""eim_anneal"": 0.7664913525398744, ""eim_eta"": 0.23358825194833557, ""eim_hscale"": 0.6218230782016851, ""eim_moves"": 52984, ""eim_rho"": 4.5566719139214715, ""g_scale"": 1370.4648392849028, ""p_add"": 0.0716766437045232, ""p_swap"": 0.8407909904010871, ""start"": ""lp"", ""topw"": 11}",300.0,0,300.02,0,23.154554357679363,"[23.419904, 23.116647, 23.116647, 23.116647, 23.116647, 23.116647, 23.116647, 23.116647]",23.116647241647247,1812.0609090909088,14668,1,"{""eim_acc"": 1646643372, ""rep_n_add"": 0, ""rep_n_drop"": 0, ""rep_n_fill"": 58, ""start_n_add"": 352, ""start_n_drop"": 0, ""start_n_fill"": 14900}",ok,sols/heldout_full_Region7_s0.1_F1_eim_fea13985a5_b300.0_s0.npz,,,,,
2026-09-28T19:10:12,heldout,full_Region7_s0.1,F1,"{""k"": 4, ""name"": ""F1"", ""tau"": 0.0}",cpsat,classical,cd6c30cd5f,"{""cp_model_presolve"": false, ""linearization_level"": 1, ""repair_hint"": false, ""start"": ""lp""}",300.0,2,28.095,0,23.116647241647247,"[23.116647, 23.116647, 23.116647, 23.116647, 23.116647, 23.116647, 23.116647, 23.116647]",23.116647241647247,1831.9269370629368,14606,1,"{""cp_improved"": 1, ""cp_time"": 27.851851224899292, ""rep_n_add"": 0, ""rep_n_drop"": 0, ""rep_n_fill"": 210}",ok,sols/heldout_full_Region7_s0.1_F1_cpsat_cd6c30cd5f_b300.0_s2.npz,,,,,
2026-09-28T19:10:36,heldout,full_Region7_s0.1,F1,"{""k"": 4, ""name"": ""F1"", ""tau"": 0.0}",cpsat,classical,cd6c30cd5f,"{""cp_model_presolve"": false, ""linearization_level"": 1, ""repair_hint"": false, ""start"": ""lp""}",300.0,1,23.246,0,23.116647241647247,"[23.116647, 23.116647, 23.116647, 23.116647, 23.116647, 23.116647, 23.116647, 23.116647]",23.116647241647247,1814.3824370629368,14543,1,"{""cp_improved"": 1, ""cp_time"": 23.009178400039673, ""rep_n_add"": 0, ""rep_n_drop"": 0, ""rep_n_fill"": 0}",ok,sols/heldout_full_Region7_s0.1_F1_cpsat_cd6c30cd5f_b300.0_s1.npz,,,,,
2026-09-28T19:15:37,heldout,full_Region7_s0.1,F1,"{""k"": 4, ""name"": ""F1"", ""tau"": 0.0}",pt,ising,eb1d04fc51,"{""eim_R"": 16, ""eim_Tmax"": 7.3329031629428645e-06, ""eim_Tmin"": 1.1006348269620852e-06, ""eim_anneal"": 0.9462286962175356, ""eim_hscale"": 1.8587633596816164, ""eim_moves"": 18358, ""eim_rho"": 3.506794739778118, ""g_scale"": 774.8399988560119, ""p_add"": 0.22230587257383633, ""p_swap"": 0.46272105013386755, ""start"": ""lp"", ""topw"": 20}",300.0,0,300.023,0,23.134255212380197,"[23.257511, 23.116647, 23.116647, 23.116647, 23.116647, 23.116647, 23.116647, 23.116647]",23.116647241647247,1809.5973916083913,14924,1,"{""eim_acc"": 96830751, ""rep_n_add"": 0, ""rep_n_drop"": 0, ""rep_n_fill"": 18, ""start_n_add"": 335, ""start_n_drop"": 0, ""start_n_fill"": 11738}",ok,sols/heldout_full_Region7_s0.1_F1_pt_eb1d04fc51_b300.0_s0.npz,,,,,
2026-09-28T19:16:38,heldout,full_Region7_s0.1,F1,"{""k"": 4, ""name"": ""F1"", ""tau"": 0.0}",ls,classical,c23556e44b,"{""g_scale"": 2155.4275565447515, ""ls_T0"": 0.0006677306766018312, ""ls_T1"": 1.2541143128078558e-06, ""ls_chains"": 8, ""ls_moves"": 5358, ""ls_restart_every"": 0, ""p_add"": 0.30881774853793853, ""p_swap"": 0.47004576906097556, ""start"": ""pgreedy"", ""topw"": 15}",60.0,1,60.011,0,23.160624676249682,"[23.407132, 23.177982, 23.116647, 23.116647, 23.116647, 23.116647, 23.116647, 23.116647]",23.116647241647247,1838.278143356643,14460,1,"{""ls_acc"": 332733041, ""rep_n_add"": 0, ""rep_n_drop"": 0, ""rep_n_fill"": 38, ""start_n_add"": 496, ""start_n_drop"": 0, ""start_n_fill"": 29078}",ok,sols/heldout_full_Region7_s0.1_F1_ls_c23556e44b_b60.0_s1.npz,,,,,
2026-09-28T19:17:39,heldout,full_Region7_s0.1,F1,"{""k"": 4, ""name"": ""F1"", ""tau"": 0.0}",pt,ising,eb1d04fc51,"{""eim_R"": 16, ""eim_Tmax"": 7.3329031629428645e-06, ""eim_Tmin"": 1.1006348269620852e-06, ""eim_anneal"": 0.9462286962175356, ""eim_hscale"": 1.8587633596816164, ""eim_moves"": 18358, ""eim_rho"": 3.506794739778118, ""g_scale"": 774.8399988560119, ""p_add"": 0.22230587257383633, ""p_swap"": 0.46272105013386755, ""start"": ""lp"", ""topw"": 20}",60.0,1,60.012,0,23.132565640378147,"[23.243994, 23.116647, 23.116647, 23.116647, 23.116647, 23.116647, 23.116647, 23.116647]",23.116647241647247,1802.8070069930063,14925,1,"{""eim_acc"": 15265740, ""rep_n_add"": 0, ""rep_n_drop"": 0, ""rep_n_fill"": 14, ""start_n_add"": 570, ""start_n_drop"": 0, ""start_n_fill"": 11316}",ok,sols/heldout_full_Region7_s0.1_F1_pt_eb1d04fc51_b60.0_s1.npz,,,,,
2026-09-28T19:17:40,heldout,full_Region7_s0.1,F1,"{""k"": 4, ""name"": ""F1"", ""tau"": 0.0}",pgreedy,classical,bf21a9e8fb,{},60.0,0,0.104,0,27.503275948588453,"[34.904672, 27.682725, 27.682725, 26.920017, 26.920017, 25.467301, 25.263581, 25.185169]",25.185168997669017,1892.1308671328666,15447,1,"{""rep_n_add"": 1141, ""rep_n_drop"": 0, ""rep_n_fill"": 14306}",ok,sols/heldout_full_Region7_s0.1_F1_pgreedy_bf21a9e8fb_b60.0_s0.npz,,,,,
2026-09-28T19:18:41,heldout,full_Region7_s0.1,F1,"{""k"": 4, ""name"": ""F1"", ""tau"": 0.0}",pt,ising,eb1d04fc51,"{""eim_R"": 16, ""eim_Tmax"": 7.3329031629428645e-06, ""eim_Tmin"": 1.1006348269620852e-06, ""eim_anneal"": 0.9462286962175356, ""eim_hscale"": 1.8587633596816164, ""eim_moves"": 18358, ""eim_rho"": 3.506794739778118, ""g_scale"": 774.8399988560119, ""p_add"": 0.22230587257383633, ""p_swap"": 0.46272105013386755, ""start"": ""lp"", ""topw"": 20}",60.0,2,60.009,0,23.132565640378147,"[23.243994, 23.116647, 23.116647, 23.116647, 23.116647, 23.116647, 23.116647, 23.116647]",23.116647241647247,1782.8198041958037,14580,1,"{""eim_acc"": 23660339, ""rep_n_add"": 0, ""rep_n_drop"": 0, ""rep_n_fill"": 13, ""start_n_add"": 356, ""start_n_drop"": 0, ""start_n_fill"": 9781}",ok,sols/heldout_full_Region7_s0.1_F1_pt_eb1d04fc51_b60.0_s2.npz,,,,,
2026-09-28T19:19:41,heldout,full_Region7_s0.1,F1,"{""k"": 4, ""name"": ""F1"", ""tau"": 0.0}",ls,classical,c23556e44b,"{""g_scale"": 2155.4275565447515, ""ls_T0"": 0.0006677306766018312, ""ls_T1"": 1.2541143128078558e-06, ""ls_chains"": 8, ""ls_moves"": 5358, ""ls_restart_every"": 0, ""p_add"": 0.30881774853793853, ""p_swap"": 0.47004576906097556, ""start"": ""pgreedy"", ""topw"": 15}",60.0,2,60.01,0,23.154554357679363,"[23.419904, 23.116647, 23.116647, 23.116647, 23.116647, 23.116647, 23.116647, 23.116647]",23.116647241647247,1849.5073391608385,14481,1,"{""ls_acc"": 340707355, ""rep_n_add"": 0, ""rep_n_drop"": 0, ""rep_n_fill"": 13, ""start_n_add"": 481, ""start_n_drop"": 0, ""start_n_fill"": 26335}",ok,sols/heldout_full_Region7_s0.1_F1_ls_c23556e44b_b60.0_s2.npz,,,,,
2026-09-28T19:19:52,heldout,full_Region7_s0.1,F1,"{""k"": 4, ""name"": ""F1"", ""tau"": 0.0}",lp,classical,e62ade0088,"{""lexi"": true}",60.0,0,9.693,0,23.406818586506137,"[23.579335, 23.579335, 23.39292, 23.39292, 23.39292, 23.362956, 23.277082, 23.277082]",23.277081714581758,1879.2377832167829,15292,1,"{""rep_n_add"": 0, ""rep_n_drop"": 0, ""rep_n_fill"": 0, ""start_n_add"": 370, ""start_n_drop"": 0, ""start_n_fill"": 1561}",ok,sols/heldout_full_Region7_s0.1_F1_lp_e62ade0088_b60.0_s0.npz,,,,,
2026-09-28T19:20:08,heldout,full_Region7_s0.1,F1,"{""k"": 4, ""name"": ""F1"", ""tau"": 0.0}",cpsat,classical,cd6c30cd5f,"{""cp_model_presolve"": false, ""linearization_level"": 1, ""repair_hint"": false, ""start"": ""lp""}",60.0,2,15.283,0,23.14085971898472,"[23.310347, 23.116647, 23.116647, 23.116647, 23.116647, 23.116647, 23.116647, 23.116647]",23.116647241647247,1823.0843216783214,14712,1,"{""cp_improved"": 2, ""cp_time"": 15.057384729385376, ""rep_n_add"": 0, ""rep_n_drop"": 0, ""rep_n_fill"": 517}",ok,sols/heldout_full_Region7_s0.1_F1_cpsat_cd6c30cd5f_b60.0_s2.npz,,,,,
2026-09-28T19:20:22,heldout,full_Region7_s0.1,F1,"{""k"": 4, ""name"": ""F1"", ""tau"": 0.0}",milp,classical,7609bc1c44,"{""eps_tie"": 0.0, ""mip_heuristic_effort"": 0.8077206102454388, ""presolve"": ""off"", ""start"": ""pgreedy""}",60.0,0,12.835,0,23.14476698070449,"[23.341605, 23.116647, 23.116647, 23.116647, 23.116647, 23.116647, 23.116647, 23.116647]",23.116647241647247,1835.2802972027969,14811,1,"{""milp_improved"": 2, ""rep_n_add"": 0, ""rep_n_drop"": 0, ""rep_n_fill"": 389, ""start_n_add"": 521, ""start_n_drop"": 0, ""start_n_fill"": 23294}",ok,sols/heldout_full_Region7_s0.1_F1_milp_7609bc1c44_b60.0_s0.npz,,,,,
2026-09-28T19:21:23,heldout,full_Region7_s0.1,F1,"{""k"": 4, ""name"": ""F1"", ""tau"": 0.0}",ls,classical,c23556e44b,"{""g_scale"": 2155.4275565447515, ""ls_T0"": 0.0006677306766018312, ""ls_T1"": 1.2541143128078558e-06, ""ls_chains"": 8, ""ls_moves"": 5358, ""ls_restart_every"": 0, ""p_add"": 0.30881774853793853, ""p_swap"": 0.47004576906097556, ""start"": ""pgreedy"", ""topw"": 15}",60.0,0,60.004,0,23.15455435767936,"[23.419904, 23.116647, 23.116647, 23.116647, 23.116647, 23.116647, 23.116647, 23.116647]",23.116647241647247,1850.1166678321674,14470,1,"{""ls_acc"": 344681982, ""rep_n_add"": 0, ""rep_n_drop"": 0, ""rep_n_fill"": 8, ""start_n_add"": 493, ""start_n_drop"": 0, ""start_n_fill"": 26293}",ok,sols/heldout_full_Region7_s0.1_F1_ls_c23556e44b_b60.0_s0.npz,,,,,
2026-09-28T19:21:23,heldout,full_Region7_s0.1,F1,"{""k"": 4, ""name"": ""F1"", ""tau"": 0.0}",greedy,classical,bf21a9e8fb,{},60.0,0,0.09,0,33.023324187386606,"[33.757398, 33.757398, 33.679876, 33.602354, 33.602354, 32.29042, 31.90812, 31.588675]",31.588675213675135,1926.6376468531464,15114,1,"{""rep_n_add"": 9, ""rep_n_drop"": 0, ""rep_n_fill"": 11}",ok,sols/heldout_full_Region7_s0.1_F1_greedy_bf21a9e8fb_b60.0_s0.npz,,,,,
2026-09-28T19:22:24,heldout,full_Region7_s0.1,F1,"{""k"": 4, ""name"": ""F1"", ""tau"": 0.0}",eim,ising,fea13985a5,"{""eim_R"": 16, ""eim_Tmax"": 0.0007255047403074508, ""eim_Tmin"": 0.00013246974647468452, ""eim_anneal"": 0.7664913525398744, ""eim_eta"": 0.23358825194833557, ""eim_hscale"": 0.6218230782016851, ""eim_moves"": 52984, ""eim_rho"": 4.5566719139214715, ""g_scale"": 1370.4648392849028, ""p_add"": 0.0716766437045232, ""p_swap"": 0.8407909904010871, ""start"": ""lp"", ""topw"": 11}",60.0,0,60.029,0,23.161209450271954,"[23.473145, 23.116647, 23.116647, 23.116647, 23.116647, 23.116647, 23.116647, 23.116647]",23.116647241647247,1816.5306188811185,14634,1,"{""eim_acc"": 318791026, ""rep_n_add"": 0, ""rep_n_drop"": 0, ""rep_n_fill"": 68, ""start_n_add"": 391, ""start_n_drop"": 0, ""start_n_fill"": 13640}",ok,sols/heldout_full_Region7_s0.1_F1_eim_fea13985a5_b60.0_s0.npz,,,,,
2026-09-28T19:23:25,heldout,full_Region7_s0.1,F1,"{""k"": 4, ""name"": ""F1"", ""tau"": 0.0}",pt,ising,eb1d04fc51,"{""eim_R"": 16, ""eim_Tmax"": 7.3329031629428645e-06, ""eim_Tmin"": 1.1006348269620852e-06, ""eim_anneal"": 0.9462286962175356, ""eim_hscale"": 1.8587633596816164, ""eim_moves"": 18358, ""eim_rho"": 3.506794739778118, ""g_scale"": 774.8399988560119, ""p_add"": 0.22230587257383633, ""p_swap"": 0.46272105013386755, ""start"": ""lp"", ""topw"": 20}",60.0,0,60.022,0,23.142854830354814,"[23.326308, 23.116647, 23.116647, 23.116647, 23.116647, 23.116647, 23.116647, 23.116647]",23.116647241647247,1795.7996468531464,14756,1,"{""eim_acc"": 15023580, ""rep_n_add"": 0, ""rep_n_drop"": 0, ""rep_n_fill"": 21, ""start_n_add"": 325, ""start_n_drop"": 0, ""start_n_fill"": 11752}",ok,sols/heldout_full_Region7_s0.1_F1_pt_eb1d04fc51_b60.0_s0.npz,,,,,
2026-09-28T19:23:42,heldout,full_Region7_s0.1,F1,"{""k"": 4, ""name"": ""F1"", ""tau"": 0.0}",cpsat,classical,cd6c30cd5f,"{""cp_model_presolve"": false, ""linearization_level"": 1, ""repair_hint"": false, ""start"": ""lp""}",60.0,1,16.81,0,23.164556219243707,"[23.499919, 23.116647, 23.116647, 23.116647, 23.116647, 23.116647, 23.116647, 23.116647]",23.116647241647247,1812.6640349650347,14700,1,"{""cp_improved"": 2, ""cp_time"": 16.545002937316895, ""rep_n_add"": 0, ""rep_n_drop"": 0, ""rep_n_fill"": 162}",ok,sols/heldout_full_Region7_s0.1_F1_cpsat_cd6c30cd5f_b60.0_s1.npz,,,,,
2026-09-28T19:24:02,heldout,full_Region7_s0.1,F1,"{""k"": 4, ""name"": ""F1"", ""tau"": 0.0}",cpsat,classical,cd6c30cd5f,"{""cp_model_presolve"": false, ""linearization_level"": 1, ""repair_hint"": false, ""start"": ""lp""}",60.0,0,18.306,0,23.190828558016065,"[23.710098, 23.116647, 23.116647, 23.116647, 23.116647, 23.116647, 23.116647, 23.116647]",23.116647241647247,1820.340227272727,14742,1,"{""cp_improved"": 2, ""cp_time"": 18.01088809967041, ""rep_n_add"": 0, ""rep_n_drop"": 0, ""rep_n_fill"": 15}",ok,sols/heldout_full_Region7_s0.1_F1_cpsat_cd6c30cd5f_b60.0_s0.npz,,,,,
2026-09-28T19:25:02,heldout,full_Region7_s0.1,F1,"{""k"": 4, ""name"": ""F1"", ""tau"": 0.0}",eim,ising,fea13985a5,"{""eim_R"": 16, ""eim_Tmax"": 0.0007255047403074508, ""eim_Tmin"": 0.00013246974647468452, ""eim_anneal"": 0.7664913525398744, ""eim_eta"": 0.23358825194833557, ""eim_hscale"": 0.6218230782016851, ""eim_moves"": 52984, ""eim_rho"": 4.5566719139214715, ""g_scale"": 1370.4648392849028, ""p_add"": 0.0716766437045232, ""p_swap"": 0.8407909904010871, ""start"": ""lp"", ""topw"": 11}",60.0,1,60.01,0,23.15455435767936,"[23.419904, 23.116647, 23.116647, 23.116647, 23.116647, 23.116647, 23.116647, 23.116647]",23.116647241647247,1798.8144825174822,14300,1,"{""eim_acc"": 340331041, ""rep_n_add"": 0, ""rep_n_drop"": 0, ""rep_n_fill"": 47, ""start_n_add"": 540, ""start_n_drop"": 0, ""start_n_fill"": 12043}",ok,sols/heldout_full_Region7_s0.1_F1_eim_fea13985a5_b60.0_s1.npz,,,,,
2026-09-28T19:26:03,heldout,full_Region7_s0.1,F1,"{""k"": 4, ""name"": ""F1"", ""tau"": 0.0}",eim,ising,fea13985a5,"{""eim_R"": 16, ""eim_Tmax"": 0.0007255047403074508, ""eim_Tmin"": 0.00013246974647468452, ""eim_anneal"": 0.7664913525398744, ""eim_eta"": 0.23358825194833557, ""eim_hscale"": 0.6218230782016851, ""eim_moves"": 52984, ""eim_rho"": 4.5566719139214715, ""g_scale"": 1370.4648392849028, ""p_add"": 0.0716766437045232, ""p_swap"": 0.8407909904010871, ""start"": ""lp"", ""topw"": 11}",60.0,2,60.065,0,23.154048497798502,"[23.415857, 23.116647, 23.116647, 23.116647, 23.116647, 23.116647, 23.116647, 23.116647]",23.116647241647247,1797.198262237762,14451,1,"{""eim_acc"": 327627050, ""rep_n_add"": 0, ""rep_n_drop"": 0, ""rep_n_fill"": 35, ""start_n_add"": 390, ""start_n_drop"": 0, ""start_n_fill"": 13592}",ok,sols/heldout_full_Region7_s0.1_F1_eim_fea13985a5_b60.0_s2.npz,,,,,
2026-09-28T19:26:14,heldout,full_Region7_s0.1,F1,"{""k"": 4, ""name"": ""F1"", ""tau"": 0.0}",pt,ising,eb1d04fc51,"{""eim_R"": 16, ""eim_Tmax"": 7.3329031629428645e-06, ""eim_Tmin"": 1.1006348269620852e-06, ""eim_anneal"": 0.9462286962175356, ""eim_hscale"": 1.8587633596816164, ""eim_moves"": 18358, ""eim_rho"": 3.506794739778118, ""g_scale"": 774.8399988560119, ""p_add"": 0.22230587257383633, ""p_swap"": 0.46272105013386755, ""start"": ""lp"", ""topw"": 20}",10.0,2,10.008,0,23.139726592851595,"[23.301282, 23.116647, 23.116647, 23.116647, 23.116647, 23.116647, 23.116647, 23.116647]",23.116647241647247,1815.4984999999997,14968,1,"{""eim_acc"": 2090385, ""rep_n_add"": 0, ""rep_n_drop"": 0, ""rep_n_fill"": 3, ""start_n_add"": 350, ""start_n_drop"": 0, ""start_n_fill"": 12268}",ok,sols/heldout_full_Region7_s0.1_F1_pt_eb1d04fc51_b10.0_s2.npz,,,,,
2026-09-28T19:26:21,heldout,full_Region7_s0.1,F1,"{""k"": 4, ""name"": ""F1"", ""tau"": 0.0}",cpsat,classical,cd6c30cd5f,"{""cp_model_presolve"": false, ""linearization_level"": 1, ""repair_hint"": false, ""start"": ""lp""}",10.0,0,6.077,0,23.296771804584303,"[24.171588, 23.502703, 23.116647, 23.116647, 23.116647, 23.116647, 23.116647, 23.116647]",23.116647241647247,1783.984608391608,14464,1,"{""cp_improved"": 3, ""cp_time"": 5.8160316944122314, ""rep_n_add"": 0, ""rep_n_drop"": 0, ""rep_n_fill"": 364}",ok,sols/heldout_full_Region7_s0.1_F1_cpsat_cd6c30cd5f_b10.0_s0.npz,,,,,
2026-09-28T19:26:32,heldout,full_Region7_s0.1,F1,"{""k"": 4, ""name"": ""F1"", ""tau"": 0.0}",pt,ising,eb1d04fc51,"{""eim_R"": 16, ""eim_Tmax"": 7.3329031629428645e-06, ""eim_Tmin"": 1.1006348269620852e-06, ""eim_anneal"": 0.9462286962175356, ""eim_hscale"": 1.8587633596816164, ""eim_moves"": 18358, ""eim_rho"": 3.506794739778118, ""g_scale"": 774.8399988560119, ""p_add"": 0.22230587257383633, ""p_swap"": 0.46272105013386755, ""start"": ""lp"", ""topw"": 20}",10.0,1,10.015,0,23.14010295260296,"[23.304293, 23.116647, 23.116647, 23.116647, 23.116647, 23.116647, 23.116647, 23.116647]",23.116647241647247,1799.4851118881118,14885,1,"{""eim_acc"": 1933936, ""rep_n_add"": 0, ""rep_n_drop"": 0, ""rep_n_fill"": 7, ""start_n_add"": 555, ""start_n_drop"": 0, ""start_n_fill"": 11742}",ok,sols/heldout_full_Region7_s0.1_F1_pt_eb1d04fc51_b10.0_s1.npz,,,,,
2026-09-28T19:26:42,heldout,full_Region7_s0.1,F1,"{""k"": 4, ""name"": ""F1"", ""tau"": 0.0}",pt,ising,eb1d04fc51,"{""eim_R"": 16, ""eim_Tmax"": 7.3329031629428645e-06, ""eim_Tmin"": 1.1006348269620852e-06, ""eim_anneal"": 0.9462286962175356, ""eim_hscale"": 1.8587633596816164, ""eim_moves"": 18358, ""eim_rho"": 3.506794739778118, ""g_scale"": 774.8399988560119, ""p_add"": 0.22230587257383633, ""p_swap"": 0.46272105013386755, ""start"": ""lp"", ""topw"": 20}",10.0,0,10.02,0,23.142316595441606,"[23.322002, 23.116647, 23.116647, 23.116647, 23.116647, 23.116647, 23.116647, 23.116647]",23.116647241647247,1817.0484160839155,14970,1,"{""eim_acc"": 2298901, ""rep_n_add"": 0, ""rep_n_drop"": 0, ""rep_n_fill"": 17, ""start_n_add"": 328, ""start_n_drop"": 0, ""start_n_fill"": 11933}",ok,sols/heldout_full_Region7_s0.1_F1_pt_eb1d04fc51_b10.0_s0.npz,,,,,
2026-09-28T19:26:53,heldout,full_Region7_s0.1,F1,"{""k"": 4, ""name"": ""F1"", ""tau"": 0.0}",ls,classical,cf76477493,"{""g_scale"": 138.69861245357328, ""ls_T0"": 0.0025766385746135885, ""ls_T1"": 3.895706556508577e-06, ""ls_chains"": 16, ""ls_moves"": 23860, ""ls_restart_every"": 0, ""p_add"": 0.32294705653332806, ""p_swap"": 0.38687290659310525, ""start"": ""pgreedy"", ""topw"": 43}",10.0,0,10.016,0,23.216663833851335,"[23.744917, 23.28851, 23.116647, 23.116647, 23.116647, 23.116647, 23.116647, 23.116647]",23.116647241647247,1845.5650349650348,14522,1,"{""ls_acc"": 36071286, ""rep_n_add"": 0, ""rep_n_drop"": 0, ""rep_n_fill"": 8, ""start_n_add"": 611, ""start_n_drop"": 0, ""start_n_fill"": 26175}",ok,sols/heldout_full_Region7_s0.1_F1_ls_cf76477493_b10.0_s0.npz,,,,,
2026-09-28T19:27:04,heldout,full_Region7_s0.1,F1,"{""k"": 4, ""name"": ""F1"", ""tau"": 0.0}",eim,ising,fea13985a5,"{""eim_R"": 16, ""eim_Tmax"": 0.0007255047403074508, ""eim_Tmin"": 0.00013246974647468452, ""eim_anneal"": 0.7664913525398744, ""eim_eta"": 0.23358825194833557, ""eim_hscale"": 0.6218230782016851, ""eim_moves"": 52984, ""eim_rho"": 4.5566719139214715, ""g_scale"": 1370.4648392849028, ""p_add"": 0.0716766437045232, ""p_swap"": 0.8407909904010871, ""start"": ""lp"", ""topw"": 11}",10.0,0,10.026,0,23.17981092981092,"[23.578995, 23.159609, 23.116647, 23.116647, 23.116647, 23.116647, 23.116647, 23.116647]",23.116647241647247,1794.789157342657,14386,1,"{""eim_acc"": 49818151, ""rep_n_add"": 0, ""rep_n_drop"": 0, ""rep_n_fill"": 53, ""start_n_add"": 346, ""start_n_drop"": 0, ""start_n_fill"": 13512}",ok,sols/heldout_full_Region7_s0.1_F1_eim_fea13985a5_b10.0_s0.npz,,,,,
2026-09-28T19:27:08,heldout,full_Region7_s0.1,F1,"{""k"": 4, ""name"": ""F1"", ""tau"": 0.0}",milp,classical,7609bc1c44,"{""eps_tie"": 0.0, ""mip_heuristic_effort"": 0.8077206102454388, ""presolve"": ""off"", ""start"": ""pgreedy""}",10.0,0,3.615,0,23.39831204674956,"[24.781711, 23.704902, 23.116647, 23.116647, 23.116647, 23.116647, 23.116647, 23.116647]",23.116647241647247,1832.7316783216781,14739,1,"{""milp_improved"": 2, ""rep_n_add"": 0, ""rep_n_drop"": 0, ""rep_n_fill"": 34, ""start_n_add"": 506, ""start_n_drop"": 0, ""start_n_fill"": 25007}",ok,sols/heldout_full_Region7_s0.1_F1_milp_7609bc1c44_b10.0_s0.npz,,,,,
2026-09-28T19:27:19,heldout,full_Region7_s0.1,F1,"{""k"": 4, ""name"": ""F1"", ""tau"": 0.0}",eim,ising,fea13985a5,"{""eim_R"": 16, ""eim_Tmax"": 0.0007255047403074508, ""eim_Tmin"": 0.00013246974647468452, ""eim_anneal"": 0.7664913525398744, ""eim_eta"": 0.23358825194833557, ""eim_hscale"": 0.6218230782016851, ""eim_moves"": 52984, ""eim_rho"": 4.5566719139214715, ""g_scale"": 1370.4648392849028, ""p_add"": 0.0716766437045232, ""p_swap"": 0.8407909904010871, ""start"": ""lp"", ""topw"": 11}",10.0,2,10.026,0,23.169966896529402,"[23.530433, 23.129419, 23.116647, 23.116647, 23.116647, 23.116647, 23.116647, 23.116647]",23.116647241647247,1814.937741258741,14646,1,"{""eim_acc"": 53292349, ""rep_n_add"": 2, ""rep_n_drop"": 0, ""rep_n_fill"": 39, ""start_n_add"": 337, ""start_n_drop"": 0, ""start_n_fill"": 13235}",ok,sols/heldout_full_Region7_s0.1_F1_eim_fea13985a5_b10.0_s2.npz,,,,,
2026-09-28T19:27:30,heldout,full_Region7_s0.1,F1,"{""k"": 4, ""name"": ""F1"", ""tau"": 0.0}",ls,classical,cf76477493,"{""g_scale"": 138.69861245357328, ""ls_T0"": 0.0025766385746135885, ""ls_T1"": 3.895706556508577e-06, ""ls_chains"": 16, ""ls_moves"": 23860, ""ls_restart_every"": 0, ""p_add"": 0.32294705653332806, ""p_swap"": 0.38687290659310525, ""start"": ""pgreedy"", ""topw"": 43}",10.0,1,10.022,0,23.200565349002865,"[23.603357, 23.301282, 23.116647, 23.116647, 23.116647, 23.116647, 23.116647, 23.116647]",23.116647241647247,1830.9349475524473,14469,1,"{""ls_acc"": 36409333, ""rep_n_add"": 6, ""rep_n_drop"": 0, ""rep_n_fill"": 24, ""start_n_add"": 583, ""start_n_drop"": 0, ""start_n_fill"": 29207}",ok,sols/heldout_full_Region7_s0.1_F1_ls_cf76477493_b10.0_s1.npz,,,,,
2026-09-28T19:27:36,heldout,full_Region7_s0.1,F1,"{""k"": 4, ""name"": ""F1"", ""tau"": 0.0}",cpsat,classical,cd6c30cd5f,"{""cp_model_presolve"": false, ""linearization_level"": 1, ""repair_hint"": false, ""start"": ""lp""}",10.0,2,5.899,0,23.25269319800571,"[24.016511, 23.305151, 23.116647, 23.116647, 23.116647, 23.116647, 23.116647, 23.116647]",23.116647241647247,1810.8629545454544,14845,1,"{""cp_improved"": 3, ""cp_time"": 5.629416227340698, ""rep_n_add"": 0, ""rep_n_drop"": 0, ""rep_n_fill"": 275}",ok,sols/heldout_full_Region7_s0.1_F1_cpsat_cd6c30cd5f_b10.0_s2.npz,,,,,
2026-09-28T19:27:43,heldout,full_Region7_s0.1,F1,"{""k"": 4, ""name"": ""F1"", ""tau"": 0.0}",cpsat,classical,cd6c30cd5f,"{""cp_model_presolve"": false, ""linearization_level"": 1, ""repair_hint"": false, ""start"": ""lp""}",10.0,1,6.075,0,23.277010894198398,"[24.119205, 23.396999, 23.116647, 23.116647, 23.116647, 23.116647, 23.116647, 23.116647]",23.116647241647247,1778.550388111888,14510,1,"{""cp_improved"": 3, ""cp_time"": 5.83218240737915, ""rep_n_add"": 0, ""rep_n_drop"": 0, ""rep_n_fill"": 298}",ok,sols/heldout_full_Region7_s0.1_F1_cpsat_cd6c30cd5f_b10.0_s1.npz,,,,,
2026-09-28T19:27:44,heldout,full_Region7_s0.1,F1,"{""k"": 4, ""name"": ""F1"", ""tau"": 0.0}",greedy,classical,bf21a9e8fb,{},10.0,0,0.057,0,33.023324187386606,"[33.757398, 33.757398, 33.679876, 33.602354, 33.602354, 32.29042, 31.90812, 31.588675]",31.588675213675135,1926.6376468531464,15114,1,"{""rep_n_add"": 9, ""rep_n_drop"": 0, ""rep_n_fill"": 11}",ok,sols/heldout_full_Region7_s0.1_F1_greedy_bf21a9e8fb_b10.0_s0.npz,,,,,
2026-09-28T19:27:55,heldout,full_Region7_s0.1,F1,"{""k"": 4, ""name"": ""F1"", ""tau"": 0.0}",eim,ising,fea13985a5,"{""eim_R"": 16, ""eim_Tmax"": 0.0007255047403074508, ""eim_Tmin"": 0.00013246974647468452, ""eim_anneal"": 0.7664913525398744, ""eim_eta"": 0.23358825194833557, ""eim_hscale"": 0.6218230782016851, ""eim_moves"": 52984, ""eim_rho"": 4.5566719139214715, ""g_scale"": 1370.4648392849028, ""p_add"": 0.0716766437045232, ""p_swap"": 0.8407909904010871, ""start"": ""lp"", ""topw"": 11}",10.0,1,10.017,0,23.18876262626263,"[23.578995, 23.231222, 23.116647, 23.116647, 23.116647, 23.116647, 23.116647, 23.116647]",23.116647241647247,1814.805692307692,14613,1,"{""eim_acc"": 50236146, ""rep_n_add"": 5, ""rep_n_drop"": 0, ""rep_n_fill"": 56, ""start_n_add"": 584, ""start_n_drop"": 0, ""start_n_fill"": 11661}",ok,sols/heldout_full_Region7_s0.1_F1_eim_fea13985a5_b10.0_s1.npz,,,,,
2026-09-28T19:27:56,heldout,full_Region7_s0.1,F1,"{""k"": 4, ""name"": ""F1"", ""tau"": 0.0}",lp,classical,2f39b383fb,"{""lexi"": false}",10.0,0,0.652,0,23.439284673659685,"[24.533621, 23.635846, 23.349926, 23.289999, 23.289999, 23.181592, 23.116647, 23.116647]",23.116647241647247,1795.89251048951,14935,1,"{""rep_n_add"": 0, ""rep_n_drop"": 0, ""rep_n_fill"": 0, ""start_n_add"": 684, ""start_n_drop"": 0, ""start_n_fill"": 7672}",ok,sols/heldout_full_Region7_s0.1_F1_lp_2f39b383fb_b10.0_s0.npz,,,,,
2026-09-28T19:27:57,heldout,full_Region7_s0.1,F1,"{""k"": 4, ""name"": ""F1"", ""tau"": 0.0}",pgreedy,classical,bf21a9e8fb,{},10.0,0,0.073,0,27.503275948588453,"[34.904672, 27.682725, 27.682725, 26.920017, 26.920017, 25.467301, 25.263581, 25.185169]",25.185168997669017,1892.1308671328666,15447,1,"{""rep_n_add"": 1141, ""rep_n_drop"": 0, ""rep_n_fill"": 14306}",ok,sols/heldout_full_Region7_s0.1_F1_pgreedy_bf21a9e8fb_b10.0_s0.npz,,,,,
2026-09-28T19:28:07,heldout,full_Region7_s0.1,F1,"{""k"": 4, ""name"": ""F1"", ""tau"": 0.0}",ls,classical,cf76477493,"{""g_scale"": 138.69861245357328, ""ls_T0"": 0.0025766385746135885, ""ls_T1"": 3.895706556508577e-06, ""ls_chains"": 16, ""ls_moves"": 23860, ""ls_restart_every"": 0, ""p_add"": 0.32294705653332806, ""p_swap"": 0.38687290659310525, ""start"": ""pgreedy"", ""topw"": 43}",10.0,2,10.02,0,23.208046004921002,"[23.659156, 23.305329, 23.116647, 23.116647, 23.116647, 23.116647, 23.116647, 23.116647]",23.116647241647247,1821.2427727272725,14394,1,"{""ls_acc"": 35250389, ""rep_n_add"": 0, ""rep_n_drop"": 0, ""rep_n_fill"": 118, ""start_n_add"": 534, ""start_n_drop"": 0, ""start_n_fill"": 28962}",ok,sols/heldout_full_Region7_s0.1_F1_ls_cf76477493_b10.0_s2.npz,,,,,
2026-09-28T19:28:12,heldout,full_Region7_s0.2,F1,"{""k"": 4, ""name"": ""F1"", ""tau"": 0.0}",cpsat,classical,cd6c30cd5f,"{""cp_model_presolve"": false, ""linearization_level"": 1, ""repair_hint"": false, ""start"": ""lp""}",300.0,0,3.497,0,25.411972286972233,"[25.411972, 25.411972, 25.411972, 25.411972, 25.411972, 25.411972, 25.411972, 25.411972]",25.411972286972233,1830.4489335664334,16321,1,"{""cp_improved"": 1, ""cp_time"": 3.2486395835876465, ""rep_n_add"": 0, ""rep_n_drop"": 0, ""rep_n_fill"": 1642}",ok,sols/heldout_full_Region7_s0.2_F1_cpsat_cd6c30cd5f_b300.0_s0.npz,,,,,
2026-09-28T19:28:16,heldout,full_Region7_s0.2,F1,"{""k"": 4, ""name"": ""F1"", ""tau"": 0.0}",cpsat,classical,cd6c30cd5f,"{""cp_model_presolve"": false, ""linearization_level"": 1, ""repair_hint"": false, ""start"": ""lp""}",300.0,2,3.509,0,25.411972286972233,"[25.411972, 25.411972, 25.411972, 25.411972, 25.411972, 25.411972, 25.411972, 25.411972]",25.411972286972233,1829.2812937062934,16327,1,"{""cp_improved"": 1, ""cp_time"": 3.2529561519622803, ""rep_n_add"": 0, ""rep_n_drop"": 0, ""rep_n_fill"": 1679}",ok,sols/heldout_full_Region7_s0.2_F1_cpsat_cd6c30cd5f_b300.0_s2.npz,,,,,
2026-09-28T19:33:17,heldout,full_Region7_s0.2,F1,"{""k"": 4, ""name"": ""F1"", ""tau"": 0.0}",ls,classical,c23556e44b,"{""g_scale"": 2155.4275565447515, ""ls_T0"": 0.0006677306766018312, ""ls_T1"": 1.2541143128078558e-06, ""ls_chains"": 8, ""ls_moves"": 5358, ""ls_restart_every"": 0, ""p_add"": 0.30881774853793853, ""p_swap"": 0.47004576906097556, ""start"": ""pgreedy"", ""topw"": 15}",300.0,2,300.004,0,25.411972286972233,"[25.411972, 25.411972, 25.411972, 25.411972, 25.411972, 25.411972, 25.411972, 25.411972]",25.411972286972233,1774.8851083916084,15567,1,"{""ls_acc"": 1845352551, ""rep_n_add"": 0, ""rep_n_drop"": 0, ""rep_n_fill"": 19, ""start_n_add"": 898, ""start_n_drop"": 0, ""start_n_fill"": 26255}",ok,sols/heldout_full_Region7_s0.2_F1_ls_c23556e44b_b300.0_s2.npz,,,,,
2026-09-28T19:38:18,heldout,full_Region7_s0.2,F1,"{""k"": 4, ""name"": ""F1"", ""tau"": 0.0}",pt,ising,eb1d04fc51,"{""eim_R"": 16, ""eim_Tmax"": 7.3329031629428645e-06, ""eim_Tmin"": 1.1006348269620852e-06, ""eim_anneal"": 0.9462286962175356, ""eim_hscale"": 1.8587633596816164, ""eim_moves"": 18358, ""eim_rho"": 3.506794739778118, ""g_scale"": 774.8399988560119, ""p_add"": 0.22230587257383633, ""p_swap"": 0.46272105013386755, ""start"": ""lp"", ""topw"": 20}",300.0,2,300.02,0,25.411972286972233,"[25.411972, 25.411972, 25.411972, 25.411972, 25.411972, 25.411972, 25.411972, 25.411972]",25.411972286972233,1787.674853146853,15490,1,"{""eim_acc"": 381989973, ""rep_n_add"": 0, ""rep_n_drop"": 0, ""rep_n_fill"": 2, ""start_n_add"": 611, ""start_n_drop"": 0, ""start_n_fill"": 21540}",ok,sols/heldout_full_Region7_s0.2_F1_pt_eb1d04fc51_b300.0_s2.npz,,,,,
2026-09-28T19:38:22,heldout,full_Region7_s0.2,F1,"{""k"": 4, ""name"": ""F1"", ""tau"": 0.0}",cpsat,classical,cd6c30cd5f,"{""cp_model_presolve"": false, ""linearization_level"": 1, ""repair_hint"": false, ""start"": ""lp""}",300.0,1,3.877,0,25.411972286972233,"[25.411972, 25.411972, 25.411972, 25.411972, 25.411972, 25.411972, 25.411972, 25.411972]",25.411972286972233,1831.8504195804196,16317,1,"{""cp_improved"": 1, ""cp_time"": 3.6414546966552734, ""rep_n_add"": 0, ""rep_n_drop"": 0, ""rep_n_fill"": 1679}",ok,sols/heldout_full_Region7_s0.2_F1_cpsat_cd6c30cd5f_b300.0_s1.npz,,,,,
2026-09-28T19:43:23,heldout,full_Region7_s0.2,F1,"{""k"": 4, ""name"": ""F1"", ""tau"": 0.0}",pt,ising,eb1d04fc51,"{""eim_R"": 16, ""eim_Tmax"": 7.3329031629428645e-06, ""eim_Tmin"": 1.1006348269620852e-06, ""eim_anneal"": 0.9462286962175356, ""eim_hscale"": 1.8587633596816164, ""eim_moves"": 18358, ""eim_rho"": 3.506794739778118, ""g_scale"": 774.8399988560119, ""p_add"": 0.22230587257383633, ""p_swap"": 0.46272105013386755, ""start"": ""lp"", ""topw"": 20}",300.0,0,300.018,0,25.411972286972233,"[25.411972, 25.411972, 25.411972, 25.411972, 25.411972, 25.411972, 25.411972, 25.411972]",25.411972286972233,1778.1265594405593,15478,1,"{""eim_acc"": 377690166, ""rep_n_add"": 0, ""rep_n_drop"": 0, ""rep_n_fill"": 1, ""start_n_add"": 350, ""start_n_drop"": 0, ""start_n_fill"": 21703}",ok,sols/heldout_full_Region7_s0.2_F1_pt_eb1d04fc51_b300.0_s0.npz,,,,,
2026-09-28T19:48:24,heldout,full_Region7_s0.2,F1,"{""k"": 4, ""name"": ""F1"", ""tau"": 0.0}",eim,ising,fea13985a5,"{""eim_R"": 16, ""eim_Tmax"": 0.0007255047403074508, ""eim_Tmin"": 0.00013246974647468452, ""eim_anneal"": 0.7664913525398744, ""eim_eta"": 0.23358825194833557, ""eim_hscale"": 0.6218230782016851, ""eim_moves"": 52984, ""eim_rho"": 4.5566719139214715, ""g_scale"": 1370.4648392849028, ""p_add"": 0.0716766437045232, ""p_swap"": 0.8407909904010871, ""start"": ""lp"", ""topw"": 11}",300.0,1,300.038,0,25.411972286972233,"[25.411972, 25.411972, 25.411972, 25.411972, 25.411972, 25.411972, 25.411972, 25.411972]",25.411972286972233,1732.4634440559437,15418,1,"{""eim_acc"": 1772209384, ""rep_n_add"": 0, ""rep_n_drop"": 0, ""rep_n_fill"": 97, ""start_n_add"": 464, ""start_n_drop"": 0, ""start_n_fill"": 24919}",ok,sols/heldout_full_Region7_s0.2_F1_eim_fea13985a5_b300.0_s1.npz,,,,,
2026-09-28T19:53:25,heldout,full_Region7_s0.2,F1,"{""k"": 4, ""name"": ""F1"", ""tau"": 0.0}",ls,classical,c23556e44b,"{""g_scale"": 2155.4275565447515, ""ls_T0"": 0.0006677306766018312, ""ls_T1"": 1.2541143128078558e-06, ""ls_chains"": 8, ""ls_moves"": 5358, ""ls_restart_every"": 0, ""p_add"": 0.30881774853793853, ""p_swap"": 0.47004576906097556, ""start"": ""pgreedy"", ""topw"": 15}",300.0,1,300.006,0,25.411972286972233,"[25.411972, 25.411972, 25.411972, 25.411972, 25.411972, 25.411972, 25.411972, 25.411972]",25.411972286972233,1773.6329895104893,15541,1,"{""ls_acc"": 1969388304, ""rep_n_add"": 0, ""rep_n_drop"": 0, ""rep_n_fill"": 42, ""start_n_add"": 898, ""start_n_drop"": 0, ""start_n_fill"": 26246}",ok,sols/heldout_full_Region7_s0.2_F1_ls_c23556e44b_b300.0_s1.npz,,,,,
2026-09-28T19:53:41,heldout,full_Region7_s0.2,F1,"{""k"": 4, ""name"": ""F1"", ""tau"": 0.0}",lp,classical,e62ade0088,"{""lexi"": true}",300.0,0,15.325,0,25.594375242812795,"[25.622005, 25.612503, 25.604523, 25.601998, 25.587477, 25.582799, 25.576858, 25.566838]",25.56683825433835,1864.48722027972,16551,1,"{""rep_n_add"": 0, ""rep_n_drop"": 0, ""rep_n_fill"": 0, ""start_n_add"": 194, ""start_n_drop"": 0, ""start_n_fill"": 14}",ok,sols/heldout_full_Region7_s0.2_F1_lp_e62ade0088_b300.0_s0.npz,,,,,
2026-09-28T19:58:42,heldout,full_Region7_s0.2,F1,"{""k"": 4, ""name"": ""F1"", ""tau"": 0.0}",eim,ising,fea13985a5,"{""eim_R"": 16, ""eim_Tmax"": 0.0007255047403074508, ""eim_Tmin"": 0.00013246974647468452, ""eim_anneal"": 0.7664913525398744, ""eim_eta"": 0.23358825194833557, ""eim_hscale"": 0.6218230782016851, ""eim_moves"": 52984, ""eim_rho"": 4.5566719139214715, ""g_scale"": 1370.4648392849028, ""p_add"": 0.0716766437045232, ""p_swap"": 0.8407909904010871, ""start"": ""lp"", ""topw"": 11}",300.0,0,300.046,0,25.411972286972233,"[25.411972, 25.411972, 25.411972, 25.411972, 25.411972, 25.411972, 25.411972, 25.411972]",25.411972286972233,1742.474122377622,15489,1,"{""eim_acc"": 1820167238, ""rep_n_add"": 0, ""rep_n_drop"": 0, ""rep_n_fill"": 31, ""start_n_add"": 350, ""start_n_drop"": 0, ""start_n_fill"": 24342}",ok,sols/heldout_full_Region7_s0.2_F1_eim_fea13985a5_b300.0_s0.npz,,,,,
2026-09-28T19:58:43,heldout,full_Region7_s0.2,F1,"{""k"": 4, ""name"": ""F1"", ""tau"": 0.0}",greedy,classical,bf21a9e8fb,{},300.0,0,0.06,0,34.53615481740475,"[35.34337, 35.34337, 35.220069, 35.220069, 34.901256, 34.901256, 33.230041, 32.129808]",32.12980769230762,1878.9031048951044,16368,1,"{""rep_n_add"": 8, ""rep_n_drop"": 0, ""rep_n_fill"": 6}",ok,sols/heldout_full_Region7_s0.2_F1_greedy_bf21a9e8fb_b300.0_s0.npz,,,,,
2026-09-28T20:03:43,heldout,full_Region7_s0.2,F1,"{""k"": 4, ""name"": ""F1"", ""tau"": 0.0}",ls,classical,c23556e44b,"{""g_scale"": 2155.4275565447515, ""ls_T0"": 0.0006677306766018312, ""ls_T1"": 1.2541143128078558e-06, ""ls_chains"": 8, ""ls_moves"": 5358, ""ls_restart_every"": 0, ""p_add"": 0.30881774853793853, ""p_swap"": 0.47004576906097556, ""start"": ""pgreedy"", ""topw"": 15}",300.0,0,300.006,0,25.411972286972233,"[25.411972, 25.411972, 25.411972, 25.411972, 25.411972, 25.411972, 25.411972, 25.411972]",25.411972286972233,1775.8650909090904,15546,1,"{""ls_acc"": 1938755661, ""rep_n_add"": 0, ""rep_n_drop"": 0, ""rep_n_fill"": 18, ""start_n_add"": 898, ""start_n_drop"": 0, ""start_n_fill"": 26230}",ok,sols/heldout_full_Region7_s0.2_F1_ls_c23556e44b_b300.0_s0.npz,,,,,
2026-09-28T20:08:44,heldout,full_Region7_s0.2,F1,"{""k"": 4, ""name"": ""F1"", ""tau"": 0.0}",eim,ising,fea13985a5,"{""eim_R"": 16, ""eim_Tmax"": 0.0007255047403074508, ""eim_Tmin"": 0.00013246974647468452, ""eim_anneal"": 0.7664913525398744, ""eim_eta"": 0.23358825194833557, ""eim_hscale"": 0.6218230782016851, ""eim_moves"": 52984, ""eim_rho"": 4.5566719139214715, ""g_scale"": 1370.4648392849028, ""p_add"": 0.0716766437045232, ""p_swap"": 0.8407909904010871, ""start"": ""lp"", ""topw"": 11}",300.0,2,300.041,0,25.411972286972233,"[25.411972, 25.411972, 25.411972, 25.411972, 25.411972, 25.411972, 25.411972, 25.411972]",25.411972286972233,1760.2582972027972,15476,1,"{""eim_acc"": 1936252804, ""rep_n_add"": 0, ""rep_n_drop"": 0, ""rep_n_fill"": 39, ""start_n_add"": 611, ""start_n_drop"": 0, ""start_n_fill"": 21692}",ok,sols/heldout_full_Region7_s0.2_F1_eim_fea13985a5_b300.0_s2.npz,,,,,
2026-09-28T20:08:45,heldout,full_Region7_s0.2,F1,"{""k"": 4, ""name"": ""F1"", ""tau"": 0.0}",pgreedy,classical,bf21a9e8fb,{},300.0,0,0.118,0,27.4610750938876,"[34.901256, 28.011526, 26.625712, 26.080533, 26.080533, 26.080533, 25.954254, 25.954254]",25.954254079254024,1842.3746573426572,16647,1,"{""rep_n_add"": 1554, ""rep_n_drop"": 0, ""rep_n_fill"": 15093}",ok,sols/heldout_full_Region7_s0.2_F1_pgreedy_bf21a9e8fb_b300.0_s0.npz,,,,,
2026-09-28T20:08:57,heldout,full_Region7_s0.2,F1,"{""k"": 4, ""name"": ""F1"", ""tau"": 0.0}",milp,classical,7609bc1c44,"{""eps_tie"": 0.0, ""mip_heuristic_effort"": 0.8077206102454388, ""presolve"": ""off"", ""start"": ""pgreedy""}",300.0,0,11.118,0,25.411972286972233,"[25.411972, 25.411972, 25.411972, 25.411972, 25.411972, 25.411972, 25.411972, 25.411972]",25.411972286972233,1822.720262237762,16311,1,"{""milp_improved"": 1, ""rep_n_add"": 0, ""rep_n_drop"": 0, ""rep_n_fill"": 8504, ""start_n_add"": 898, ""start_n_drop"": 0, ""start_n_fill"": 16667}",ok,sols/heldout_full_Region7_s0.2_F1_milp_7609bc1c44_b300.0_s0.npz,,,,,
2026-09-28T20:13:57,heldout,full_Region7_s0.2,F1,"{""k"": 4, ""name"": ""F1"", ""tau"": 0.0}",pt,ising,eb1d04fc51,"{""eim_R"": 16, ""eim_Tmax"": 7.3329031629428645e-06, ""eim_Tmin"": 1.1006348269620852e-06, ""eim_anneal"": 0.9462286962175356, ""eim_hscale"": 1.8587633596816164, ""eim_moves"": 18358, ""eim_rho"": 3.506794739778118, ""g_scale"": 774.8399988560119, ""p_add"": 0.22230587257383633, ""p_swap"": 0.46272105013386755, ""start"": ""lp"", ""topw"": 20}",300.0,1,300.006,0,25.411972286972233,"[25.411972, 25.411972, 25.411972, 25.411972, 25.411972, 25.411972, 25.411972, 25.411972]",25.411972286972233,1773.8249999999998,15412,1,"{""eim_acc"": 375587654, ""rep_n_add"": 0, ""rep_n_drop"": 0, ""rep_n_fill"": 2, ""start_n_add"": 464, ""start_n_drop"": 0, ""start_n_fill"": 21370}",ok,sols/heldout_full_Region7_s0.2_F1_pt_eb1d04fc51_b300.0_s1.npz,,,,,
2026-09-28T20:14:58,heldout,full_Region7_s0.2,F1,"{""k"": 4, ""name"": ""F1"", ""tau"": 0.0}",eim,ising,fea13985a5,"{""eim_R"": 16, ""eim_Tmax"": 0.0007255047403074508, ""eim_Tmin"": 0.00013246974647468452, ""eim_anneal"": 0.7664913525398744, ""eim_eta"": 0.23358825194833557, ""eim_hscale"": 0.6218230782016851, ""eim_moves"": 52984, ""eim_rho"": 4.5566719139214715, ""g_scale"": 1370.4648392849028, ""p_add"": 0.0716766437045232, ""p_swap"": 0.8407909904010871, ""start"": ""lp"", ""topw"": 11}",60.0,2,60.05,0,25.411972286972233,"[25.411972, 25.411972, 25.411972, 25.411972, 25.411972, 25.411972, 25.411972, 25.411972]",25.411972286972233,1751.0235629370627,15578,1,"{""eim_acc"": 343510916, ""rep_n_add"": 0, ""rep_n_drop"": 0, ""rep_n_fill"": 37, ""start_n_add"": 611, ""start_n_drop"": 0, ""start_n_fill"": 22973}",ok,sols/heldout_full_Region7_s0.2_F1_eim_fea13985a5_b60.0_s2.npz,,,,,
2026-09-28T20:15:59,heldout,full_Region7_s0.2,F1,"{""k"": 4, ""name"": ""F1"", ""tau"": 0.0}",pt,ising,eb1d04fc51,"{""eim_R"": 16, ""eim_Tmax"": 7.3329031629428645e-06, ""eim_Tmin"": 1.1006348269620852e-06, ""eim_anneal"": 0.9462286962175356, ""eim_hscale"": 1.8587633596816164, ""eim_moves"": 18358, ""eim_rho"": 3.506794739778118, ""g_scale"": 774.8399988560119, ""p_add"": 0.22230587257383633, ""p_swap"": 0.46272105013386755, ""start"": ""lp"", ""topw"": 20}",60.0,2,60.01,0,25.411972286972233,"[25.411972, 25.411972, 25.411972, 25.411972, 25.411972, 25.411972, 25.411972, 25.411972]",25.411972286972233,1808.9224720279722,16281,1,"{""eim_acc"": 81715843, ""rep_n_add"": 0, ""rep_n_drop"": 0, ""rep_n_fill"": 53, ""start_n_add"": 611, ""start_n_drop"": 0, ""start_n_fill"": 14445}",ok,sols/heldout_full_Region7_s0.2_F1_pt_eb1d04fc51_b60.0_s2.npz,,,,,
2026-09-28T20:17:00,heldout,full_Region7_s0.2,F1,"{""k"": 4, ""name"": ""F1"", ""tau"": 0.0}",pt,ising,eb1d04fc51,"{""eim_R"": 16, ""eim_Tmax"": 7.3329031629428645e-06, ""eim_Tmin"": 1.1006348269620852e-06, ""eim_anneal"": 0.9462286962175356, ""eim_hscale"": 1.8587633596816164, ""eim_moves"": 18358, ""eim_rho"": 3.506794739778118, ""g_scale"": 774.8399988560119, ""p_add"": 0.22230587257383633, ""p_swap"": 0.46272105013386755, ""start"": ""lp"", ""topw"": 20}",60.0,1,60.014,0,25.411972286972233,"[25.411972, 25.411972, 25.411972, 25.411972, 25.411972, 25.411972, 25.411972, 25.411972]",25.411972286972233,1791.6813706293706,16168,1,"{""eim_acc"": 75267323, ""rep_n_add"": 0, ""rep_n_drop"": 0, ""rep_n_fill"": 14, ""start_n_add"": 464, ""start_n_drop"": 0, ""start_n_fill"": 18655}",ok,sols/heldout_full_Region7_s0.2_F1_pt_eb1d04fc51_b60.0_s1.npz,,,,,
2026-09-28T20:17:12,heldout,full_Region7_s0.2,F1,"{""k"": 4, ""name"": ""F1"", ""tau"": 0.0}",milp,classical,7609bc1c44,"{""eps_tie"": 0.0, ""mip_heuristic_effort"": 0.8077206102454388, ""presolve"": ""off"", ""start"": ""pgreedy""}",60.0,0,11.281,0,25.411972286972233,"[25.411972, 25.411972, 25.411972, 25.411972, 25.411972, 25.411972, 25.411972, 25.411972]",25.411972286972233,1822.720262237762,16311,1,"{""milp_improved"": 1, ""rep_n_add"": 0, ""rep_n_drop"": 0, ""rep_n_fill"": 8504, ""start_n_add"": 898, ""start_n_drop"": 0, ""start_n_fill"": 16667}",ok,sols/heldout_full_Region7_s0.2_F1_milp_7609bc1c44_b60.0_s0.npz,,,,,
2026-09-28T20:18:13,heldout,full_Region7_s0.2,F1,"{""k"": 4, ""name"": ""F1"", ""tau"": 0.0}",eim,ising,fea13985a5,"{""eim_R"": 16, ""eim_Tmax"": 0.0007255047403074508, ""eim_Tmin"": 0.00013246974647468452, ""eim_anneal"": 0.7664913525398744, ""eim_eta"": 0.23358825194833557, ""eim_hscale"": 0.6218230782016851, ""eim_moves"": 52984, ""eim_rho"": 4.5566719139214715, ""g_scale"": 1370.4648392849028, ""p_add"": 0.0716766437045232, ""p_swap"": 0.8407909904010871, ""start"": ""lp"", ""topw"": 11}",60.0,1,60.028,0,25.411972286972233,"[25.411972, 25.411972, 25.411972, 25.411972, 25.411972, 25.411972, 25.411972, 25.411972]",25.411972286972233,1740.7555524475522,15543,1,"{""eim_acc"": 351257181, ""rep_n_add"": 0, ""rep_n_drop"": 0, ""rep_n_fill"": 142, ""start_n_add"": 464, ""start_n_drop"": 0, ""start_n_fill"": 24937}",ok,sols/heldout_full_Region7_s0.2_F1_eim_fea13985a5_b60.0_s1.npz,,,,,
2026-09-28T20:18:17,heldout,full_Region7_s0.2,F1,"{""k"": 4, ""name"": ""F1"", ""tau"": 0.0}",cpsat,classical,cd6c30cd5f,"{""cp_model_presolve"": false, ""linearization_level"": 1, ""repair_hint"": false, ""start"": ""lp""}",60.0,1,3.957,0,25.411972286972233,"[25.411972, 25.411972, 25.411972, 25.411972, 25.411972, 25.411972, 25.411972, 25.411972]",25.411972286972233,1831.8504195804196,16317,1,"{""cp_improved"": 1, ""cp_time"": 3.7376720905303955, ""rep_n_add"": 0, ""rep_n_drop"": 0, ""rep_n_fill"": 1679}",ok,sols/heldout_full_Region7_s0.2_F1_cpsat_cd6c30cd5f_b60.0_s1.npz,,,,,
2026-09-28T20:18:22,heldout,full_Region7_s0.2,F1,"{""k"": 4, ""name"": ""F1"", ""tau"": 0.0}",cpsat,classical,cd6c30cd5f,"{""cp_model_presolve"": false, ""linearization_level"": 1, ""repair_hint"": false, ""start"": ""lp""}",60.0,0,3.688,0,25.411972286972233,"[25.411972, 25.411972, 25.411972, 25.411972, 25.411972, 25.411972, 25.411972, 25.411972]",25.411972286972233,1830.4489335664334,16321,1,"{""cp_improved"": 1, ""cp_time"": 3.464137554168701, ""rep_n_add"": 0, ""rep_n_drop"": 0, ""rep_n_fill"": 1642}",ok,sols/heldout_full_Region7_s0.2_F1_cpsat_cd6c30cd5f_b60.0_s0.npz,,,,,
2026-09-28T20:18:23,heldout,full_Region7_s0.2,F1,"{""k"": 4, ""name"": ""F1"", ""tau"": 0.0}",pgreedy,classical,bf21a9e8fb,{},60.0,0,0.197,0,27.4610750938876,"[34.901256, 28.011526, 26.625712, 26.080533, 26.080533, 26.080533, 25.954254, 25.954254]",25.954254079254024,1842.3746573426572,16647,1,"{""rep_n_add"": 1554, ""rep_n_drop"": 0, ""rep_n_fill"": 15093}",ok,sols/heldout_full_Region7_s0.2_F1_pgreedy_bf21a9e8fb_b60.0_s0.npz,,,,,
2026-09-28T20:19:24,heldout,full_Region7_s0.2,F1,"{""k"": 4, ""name"": ""F1"", ""tau"": 0.0}",eim,ising,fea13985a5,"{""eim_R"": 16, ""eim_Tmax"": 0.0007255047403074508, ""eim_Tmin"": 0.00013246974647468452, ""eim_anneal"": 0.7664913525398744, ""eim_eta"": 0.23358825194833557, ""eim_hscale"": 0.6218230782016851, ""eim_moves"": 52984, ""eim_rho"": 4.5566719139214715, ""g_scale"": 1370.4648392849028, ""p_add"": 0.0716766437045232, ""p_swap"": 0.8407909904010871, ""start"": ""lp"", ""topw"": 11}",60.0,0,60.047,0,25.411972286972233,"[25.411972, 25.411972, 25.411972, 25.411972, 25.411972, 25.411972, 25.411972, 25.411972]",25.411972286972233,1752.3296503496501,15566,1,"{""eim_acc"": 347523417, ""rep_n_add"": 0, ""rep_n_drop"": 0, ""rep_n_fill"": 20, ""start_n_add"": 350, ""start_n_drop"": 0, ""start_n_fill"": 23015}",ok,sols/heldout_full_Region7_s0.2_F1_eim_fea13985a5_b60.0_s0.npz,,,,,
2026-09-28T20:19:28,heldout,full_Region7_s0.2,F1,"{""k"": 4, ""name"": ""F1"", ""tau"": 0.0}",cpsat,classical,cd6c30cd5f,"{""cp_model_presolve"": false, ""linearization_level"": 1, ""repair_hint"": false, ""start"": ""lp""}",60.0,2,3.539,0,25.411972286972233,"[25.411972, 25.411972, 25.411972, 25.411972, 25.411972, 25.411972, 25.411972, 25.411972]",25.411972286972233,1829.2812937062934,16327,1,"{""cp_improved"": 1, ""cp_time"": 3.3088088035583496, ""rep_n_add"": 0, ""rep_n_drop"": 0, ""rep_n_fill"": 1679}",ok,sols/heldout_full_Region7_s0.2_F1_cpsat_cd6c30cd5f_b60.0_s2.npz,,,,,
2026-09-28T20:20:29,heldout,full_Region7_s0.2,F1,"{""k"": 4, ""name"": ""F1"", ""tau"": 0.0}",ls,classical,c23556e44b,"{""g_scale"": 2155.4275565447515, ""ls_T0"": 0.0006677306766018312, ""ls_T1"": 1.2541143128078558e-06, ""ls_chains"": 8, ""ls_moves"": 5358, ""ls_restart_every"": 0, ""p_add"": 0.30881774853793853, ""p_swap"": 0.47004576906097556, ""start"": ""pgreedy"", ""topw"": 15}",60.0,0,60.003,0,25.411972286972233,"[25.411972, 25.411972, 25.411972, 25.411972, 25.411972, 25.411972, 25.411972, 25.411972]",25.411972286972233,1774.6026818181817,15581,1,"{""ls_acc"": 362829000, ""rep_n_add"": 0, ""rep_n_drop"": 0, ""rep_n_fill"": 22, ""start_n_add"": 898, ""start_n_drop"": 0, ""start_n_fill"": 26195}",ok,sols/heldout_full_Region7_s0.2_F1_ls_c23556e44b_b60.0_s0.npz,,,,,
2026-09-28T20:20:30,heldout,full_Region7_s0.2,F1,"{""k"": 4, ""name"": ""F1"", ""tau"": 0.0}",greedy,classical,bf21a9e8fb,{},60.0,0,0.054,0,34.53615481740475,"[35.34337, 35.34337, 35.220069, 35.220069, 34.901256, 34.901256, 33.230041, 32.129808]",32.12980769230762,1878.9031048951044,16368,1,"{""rep_n_add"": 8, ""rep_n_drop"": 0, ""rep_n_fill"": 6}",ok,sols/heldout_full_Region7_s0.2_F1_greedy_bf21a9e8fb_b60.0_s0.npz,,,,,
2026-09-28T20:21:30,heldout,full_Region7_s0.2,F1,"{""k"": 4, ""name"": ""F1"", ""tau"": 0.0}",ls,classical,c23556e44b,"{""g_scale"": 2155.4275565447515, ""ls_T0"": 0.0006677306766018312, ""ls_T1"": 1.2541143128078558e-06, ""ls_chains"": 8, ""ls_moves"": 5358, ""ls_restart_every"": 0, ""p_add"": 0.30881774853793853, ""p_swap"": 0.47004576906097556, ""start"": ""pgreedy"", ""topw"": 15}",60.0,1,60.006,0,25.411972286972233,"[25.411972, 25.411972, 25.411972, 25.411972, 25.411972, 25.411972, 25.411972, 25.411972]",25.411972286972233,1772.7305069930067,15563,1,"{""ls_acc"": 374358610, ""rep_n_add"": 0, ""rep_n_drop"": 0, ""rep_n_fill"": 16, ""start_n_add"": 898, ""start_n_drop"": 0, ""start_n_fill"": 26218}",ok,sols/heldout_full_Region7_s0.2_F1_ls_c23556e44b_b60.0_s1.npz,,,,,
2026-09-28T20:22:31,heldout,full_Region7_s0.2,F1,"{""k"": 4, ""name"": ""F1"", ""tau"": 0.0}",pt,ising,eb1d04fc51,"{""eim_R"": 16, ""eim_Tmax"": 7.3329031629428645e-06, ""eim_Tmin"": 1.1006348269620852e-06, ""eim_anneal"": 0.9462286962175356, ""eim_hscale"": 1.8587633596816164, ""eim_moves"": 18358, ""eim_rho"": 3.506794739778118, ""g_scale"": 774.8399988560119, ""p_add"": 0.22230587257383633, ""p_swap"": 0.46272105013386755, ""start"": ""lp"", ""topw"": 20}",60.0,0,60.022,0,25.411972286972233,"[25.411972, 25.411972, 25.411972, 25.411972, 25.411972, 25.411972, 25.411972, 25.411972]",25.411972286972233,1785.0426293706291,15477,1,"{""eim_acc"": 65640390, ""rep_n_add"": 0, ""rep_n_drop"": 0, ""rep_n_fill"": 4, ""start_n_add"": 350, ""start_n_drop"": 0, ""start_n_fill"": 21731}",ok,sols/heldout_full_Region7_s0.2_F1_pt_eb1d04fc51_b60.0_s0.npz,,,,,
2026-09-28T20:22:46,heldout,full_Region7_s0.2,F1,"{""k"": 4, ""name"": ""F1"", ""tau"": 0.0}",lp,classical,e62ade0088,"{""lexi"": true}",60.0,0,14.533,0,25.817787247474733,"[26.548077, 25.874401, 25.78121, 25.670908, 25.666926, 25.666926, 25.666926, 25.666926]",25.666925666925614,1838.8881188811188,16332,1,"{""rep_n_add"": 0, ""rep_n_drop"": 0, ""rep_n_fill"": 0, ""start_n_add"": 378, ""start_n_drop"": 0, ""start_n_fill"": 9055}",ok,sols/heldout_full_Region7_s0.2_F1_lp_e62ade0088_b60.0_s0.npz,,,,,
2026-09-28T20:23:47,heldout,full_Region7_s0.2,F1,"{""k"": 4, ""name"": ""F1"", ""tau"": 0.0}",ls,classical,c23556e44b,"{""g_scale"": 2155.4275565447515, ""ls_T0"": 0.0006677306766018312, ""ls_T1"": 1.2541143128078558e-06, ""ls_chains"": 8, ""ls_moves"": 5358, ""ls_restart_every"": 0, ""p_add"": 0.30881774853793853, ""p_swap"": 0.47004576906097556, ""start"": ""pgreedy"", ""topw"": 15}",60.0,2,60.004,0,25.411972286972233,"[25.411972, 25.411972, 25.411972, 25.411972, 25.411972, 25.411972, 25.411972, 25.411972]",25.411972286972233,1774.3787342657342,15542,1,"{""ls_acc"": 373064243, ""rep_n_add"": 0, ""rep_n_drop"": 0, ""rep_n_fill"": 96, ""start_n_add"": 898, ""start_n_drop"": 0, ""start_n_fill"": 26184}",ok,sols/heldout_full_Region7_s0.2_F1_ls_c23556e44b_b60.0_s2.npz,,,,,
2026-09-28T20:23:51,heldout,full_Region7_s0.2,F1,"{""k"": 4, ""name"": ""F1"", ""tau"": 0.0}",cpsat,classical,cd6c30cd5f,"{""cp_model_presolve"": false, ""linearization_level"": 1, ""repair_hint"": false, ""start"": ""lp""}",10.0,2,3.552,0,25.411972286972233,"[25.411972, 25.411972, 25.411972, 25.411972, 25.411972, 25.411972, 25.411972, 25.411972]",25.411972286972233,1829.2812937062934,16327,1,"{""cp_improved"": 1, ""cp_time"": 3.333632469177246, ""rep_n_add"": 0, ""rep_n_drop"": 0, ""rep_n_fill"": 1679}",ok,sols/heldout_full_Region7_s0.2_F1_cpsat_cd6c30cd5f_b10.0_s2.npz,,,,,
2026-09-28T20:24:02,heldout,full_Region7_s0.2,F1,"{""k"": 4, ""name"": ""F1"", ""tau"": 0.0}",pt,ising,eb1d04fc51,"{""eim_R"": 16, ""eim_Tmax"": 7.3329031629428645e-06, ""eim_Tmin"": 1.1006348269620852e-06, ""eim_anneal"": 0.9462286962175356, ""eim_hscale"": 1.8587633596816164, ""eim_moves"": 18358, ""eim_rho"": 3.506794739778118, ""g_scale"": 774.8399988560119, ""p_add"": 0.22230587257383633, ""p_swap"": 0.46272105013386755, ""start"": ""lp"", ""topw"": 20}",10.0,2,10.012,0,25.411972286972233,"[25.411972, 25.411972, 25.411972, 25.411972, 25.411972, 25.411972, 25.411972, 25.411972]",25.411972286972233,1785.2058811188806,15524,1,"{""eim_acc"": 8558378, ""rep_n_add"": 0, ""rep_n_drop"": 0, ""rep_n_fill"": 7, ""start_n_add"": 611, ""start_n_drop"": 0, ""start_n_fill"": 21531}",ok,sols/heldout_full_Region7_s0.2_F1_pt_eb1d04fc51_b10.0_s2.npz,,,,,
2026-09-28T20:24:13,heldout,full_Region7_s0.2,F1,"{""k"": 4, ""name"": ""F1"", ""tau"": 0.0}",eim,ising,fea13985a5,"{""eim_R"": 16, ""eim_Tmax"": 0.0007255047403074508, ""eim_Tmin"": 0.00013246974647468452, ""eim_anneal"": 0.7664913525398744, ""eim_eta"": 0.23358825194833557, ""eim_hscale"": 0.6218230782016851, ""eim_moves"": 52984, ""eim_rho"": 4.5566719139214715, ""g_scale"": 1370.4648392849028, ""p_add"": 0.0716766437045232, ""p_swap"": 0.8407909904010871, ""start"": ""lp"", ""topw"": 11}",10.0,0,10.016,0,25.411972286972233,"[25.411972, 25.411972, 25.411972, 25.411972, 25.411972, 25.411972, 25.411972, 25.411972]",25.411972286972233,1749.5961678321676,15886,1,"{""eim_acc"": 57306475, ""rep_n_add"": 0, ""rep_n_drop"": 0, ""rep_n_fill"": 46, ""start_n_add"": 350, ""start_n_drop"": 0, ""start_n_fill"": 20871}",ok,sols/heldout_full_Region7_s0.2_F1_eim_fea13985a5_b10.0_s0.npz,,,,,
2026-09-28T20:24:13,heldout,full_Region7_s0.2,F1,"{""k"": 4, ""name"": ""F1"", ""tau"": 0.0}",pgreedy,classical,bf21a9e8fb,{},10.0,0,0.084,0,27.4610750938876,"[34.901256, 28.011526, 26.625712, 26.080533, 26.080533, 26.080533, 25.954254, 25.954254]",25.954254079254024,1842.3746573426572,16647,1,"{""rep_n_add"": 1554, ""rep_n_drop"": 0, ""rep_n_fill"": 15093}",ok,sols/heldout_full_Region7_s0.2_F1_pgreedy_bf21a9e8fb_b10.0_s0.npz,,,,,
2026-09-28T20:24:16,heldout,full_Region7_s0.2,F1,"{""k"": 4, ""name"": ""F1"", ""tau"": 0.0}",milp,classical,7609bc1c44,"{""eps_tie"": 0.0, ""mip_heuristic_effort"": 0.8077206102454388, ""presolve"": ""off"", ""start"": ""pgreedy""}",10.0,0,2.014,0,25.675990675990633,"[25.739446, 25.666926, 25.666926, 25.666926, 25.666926, 25.666926, 25.666926, 25.666926]",25.666925666925614,1847.587804195804,16354,1,"{""milp_improved"": 1, ""rep_n_add"": 0, ""rep_n_drop"": 0, ""rep_n_fill"": 9365, ""start_n_add"": 900, ""start_n_drop"": 0, ""start_n_fill"": 16070}",ok,sols/heldout_full_Region7_s0.2_F1_milp_7609bc1c44_b10.0_s0.npz,,,,,
2026-09-28T20:24:20,heldout,full_Region7_s0.2,F1,"{""k"": 4, ""name"": ""F1"", ""tau"": 0.0}",cpsat,classical,cd6c30cd5f,"{""cp_model_presolve"": false, ""linearization_level"": 1, ""repair_hint"": false, ""start"": ""lp""}",10.0,0,3.555,0,25.411972286972233,"[25.411972, 25.411972, 25.411972, 25.411972, 25.411972, 25.411972, 25.411972, 25.411972]",25.411972286972233,1830.4489335664334,16321,1,"{""cp_improved"": 1, ""cp_time"": 3.322497844696045, ""rep_n_add"": 0, ""rep_n_drop"": 0, ""rep_n_fill"": 1642}",ok,sols/heldout_full_Region7_s0.2_F1_cpsat_cd6c30cd5f_b10.0_s0.npz,,,,,
2026-09-28T20:24:21,heldout,full_Region7_s0.2,F1,"{""k"": 4, ""name"": ""F1"", ""tau"": 0.0}",greedy,classical,bf21a9e8fb,{},10.0,0,0.06,0,34.53615481740475,"[35.34337, 35.34337, 35.220069, 35.220069, 34.901256, 34.901256, 33.230041, 32.129808]",32.12980769230762,1878.9031048951044,16368,1,"{""rep_n_add"": 8, ""rep_n_drop"": 0, ""rep_n_fill"": 6}",ok,sols/heldout_full_Region7_s0.2_F1_greedy_bf21a9e8fb_b10.0_s0.npz,,,,,
2026-09-28T20:24:26,heldout,full_Region7_s0.2,F1,"{""k"": 4, ""name"": ""F1"", ""tau"": 0.0}",cpsat,classical,cd6c30cd5f,"{""cp_model_presolve"": false, ""linearization_level"": 1, ""repair_hint"": false, ""start"": ""lp""}",10.0,1,3.898,0,25.411972286972233,"[25.411972, 25.411972, 25.411972, 25.411972, 25.411972, 25.411972, 25.411972, 25.411972]",25.411972286972233,1831.6604615384615,16317,1,"{""cp_improved"": 1, ""cp_time"": 3.6770708560943604, ""rep_n_add"": 0, ""rep_n_drop"": 0, ""rep_n_fill"": 1678}",ok,sols/heldout_full_Region7_s0.2_F1_cpsat_cd6c30cd5f_b10.0_s1.npz,,,,,
2026-09-28T20:24:37,heldout,full_Region7_s0.2,F1,"{""k"": 4, ""name"": ""F1"", ""tau"": 0.0}",pt,ising,eb1d04fc51,"{""eim_R"": 16, ""eim_Tmax"": 7.3329031629428645e-06, ""eim_Tmin"": 1.1006348269620852e-06, ""eim_anneal"": 0.9462286962175356, ""eim_hscale"": 1.8587633596816164, ""eim_moves"": 18358, ""eim_rho"": 3.506794739778118, ""g_scale"": 774.8399988560119, ""p_add"": 0.22230587257383633, ""p_swap"": 0.46272105013386755, ""start"": ""lp"", ""topw"": 20}",10.0,1,10.008,0,25.411972286972233,"[25.411972, 25.411972, 25.411972, 25.411972, 25.411972, 25.411972, 25.411972, 25.411972]",25.411972286972233,1782.787629370629,15518,1,"{""eim_acc"": 8655753, ""rep_n_add"": 0, ""rep_n_drop"": 0, ""rep_n_fill"": 2, ""start_n_add"": 464, ""start_n_drop"": 0, ""start_n_fill"": 21537}",ok,sols/heldout_full_Region7_s0.2_F1_pt_eb1d04fc51_b10.0_s1.npz,,,,,
2026-09-28T20:24:47,heldout,full_Region7_s0.2,F1,"{""k"": 4, ""name"": ""F1"", ""tau"": 0.0}",ls,classical,cf76477493,"{""g_scale"": 138.69861245357328, ""ls_T0"": 0.0025766385746135885, ""ls_T1"": 3.895706556508577e-06, ""ls_chains"": 16, ""ls_moves"": 23860, ""ls_restart_every"": 0, ""p_add"": 0.32294705653332806, ""p_swap"": 0.38687290659310525, ""start"": ""pgreedy"", ""topw"": 43}",10.0,2,10.012,0,25.411972286972233,"[25.411972, 25.411972, 25.411972, 25.411972, 25.411972, 25.411972, 25.411972, 25.411972]",25.411972286972233,1808.6360839160836,15672,1,"{""ls_acc"": 54726514, ""rep_n_add"": 0, ""rep_n_drop"": 0, ""rep_n_fill"": 34, ""start_n_add"": 898, ""start_n_drop"": 0, ""start_n_fill"": 25447}",ok,sols/heldout_full_Region7_s0.2_F1_ls_cf76477493_b10.0_s2.npz,,,,,
2026-09-28T20:24:58,heldout,full_Region7_s0.2,F1,"{""k"": 4, ""name"": ""F1"", ""tau"": 0.0}",eim,ising,fea13985a5,"{""eim_R"": 16, ""eim_Tmax"": 0.0007255047403074508, ""eim_Tmin"": 0.00013246974647468452, ""eim_anneal"": 0.7664913525398744, ""eim_eta"": 0.23358825194833557, ""eim_hscale"": 0.6218230782016851, ""eim_moves"": 52984, ""eim_rho"": 4.5566719139214715, ""g_scale"": 1370.4648392849028, ""p_add"": 0.0716766437045232, ""p_swap"": 0.8407909904010871, ""start"": ""lp"", ""topw"": 11}",10.0,2,10.032,0,25.411972286972233,"[25.411972, 25.411972, 25.411972, 25.411972, 25.411972, 25.411972, 25.411972, 25.411972]",25.411972286972233,1739.8854475524472,15383,1,"{""eim_acc"": 57061529, ""rep_n_add"": 0, ""rep_n_drop"": 0, ""rep_n_fill"": 37, ""start_n_add"": 611, ""start_n_drop"": 0, ""start_n_fill"": 24160}",ok,sols/heldout_full_Region7_s0.2_F1_eim_fea13985a5_b10.0_s2.npz,,,,,
2026-09-28T20:25:09,heldout,full_Region7_s0.2,F1,"{""k"": 4, ""name"": ""F1"", ""tau"": 0.0}",ls,classical,cf76477493,"{""g_scale"": 138.69861245357328, ""ls_T0"": 0.0025766385746135885, ""ls_T1"": 3.895706556508577e-06, ""ls_chains"": 16, ""ls_moves"": 23860, ""ls_restart_every"": 0, ""p_add"": 0.32294705653332806, ""p_swap"": 0.38687290659310525, ""start"": ""pgreedy"", ""topw"": 43}",10.0,0,10.007,0,25.411972286972233,"[25.411972, 25.411972, 25.411972, 25.411972, 25.411972, 25.411972, 25.411972, 25.411972]",25.411972286972233,1812.1768356643354,15701,1,"{""ls_acc"": 54737753, ""rep_n_add"": 0, ""rep_n_drop"": 0, ""rep_n_fill"": 7, ""start_n_add"": 898, ""start_n_drop"": 0, ""start_n_fill"": 25567}",ok,sols/heldout_full_Region7_s0.2_F1_ls_cf76477493_b10.0_s0.npz,,,,,
2026-09-28T20:25:10,heldout,full_Region7_s0.2,F1,"{""k"": 4, ""name"": ""F1"", ""tau"": 0.0}",lp,classical,2f39b383fb,"{""lexi"": false}",10.0,0,0.445,0,25.77706957394453,"[26.548077, 25.666926, 25.666926, 25.666926, 25.666926, 25.666926, 25.666926, 25.666926]",25.666925666925614,1835.519248251748,16358,1,"{""rep_n_add"": 0, ""rep_n_drop"": 0, ""rep_n_fill"": 0, ""start_n_add"": 398, ""start_n_drop"": 0, ""start_n_fill"": 11577}",ok,sols/heldout_full_Region7_s0.2_F1_lp_2f39b383fb_b10.0_s0.npz,,,,,
2026-09-28T20:25:21,heldout,full_Region7_s0.2,F1,"{""k"": 4, ""name"": ""F1"", ""tau"": 0.0}",pt,ising,eb1d04fc51,"{""eim_R"": 16, ""eim_Tmax"": 7.3329031629428645e-06, ""eim_Tmin"": 1.1006348269620852e-06, ""eim_anneal"": 0.9462286962175356, ""eim_hscale"": 1.8587633596816164, ""eim_moves"": 18358, ""eim_rho"": 3.506794739778118, ""g_scale"": 774.8399988560119, ""p_add"": 0.22230587257383633, ""p_swap"": 0.46272105013386755, ""start"": ""lp"", ""topw"": 20}",10.0,0,10.01,0,25.411972286972233,"[25.411972, 25.411972, 25.411972, 25.411972, 25.411972, 25.411972, 25.411972, 25.411972]",25.411972286972233,1803.7555489510487,16260,1,"{""eim_acc"": 9818585, ""rep_n_add"": 0, ""rep_n_drop"": 0, ""rep_n_fill"": 19, ""start_n_add"": 350, ""start_n_drop"": 0, ""start_n_fill"": 18381}",ok,sols/heldout_full_Region7_s0.2_F1_pt_eb1d04fc51_b10.0_s0.npz,,,,,
2026-09-28T20:25:31,heldout,full_Region7_s0.2,F1,"{""k"": 4, ""name"": ""F1"", ""tau"": 0.0}",ls,classical,cf76477493,"{""g_scale"": 138.69861245357328, ""ls_T0"": 0.0025766385746135885, ""ls_T1"": 3.895706556508577e-06, ""ls_chains"": 16, ""ls_moves"": 23860, ""ls_restart_every"": 0, ""p_add"": 0.32294705653332806, ""p_swap"": 0.38687290659310525, ""start"": ""pgreedy"", ""topw"": 43}",10.0,1,10.005,0,25.411972286972233,"[25.411972, 25.411972, 25.411972, 25.411972, 25.411972, 25.411972, 25.411972, 25.411972]",25.411972286972233,1809.110678321678,15694,1,"{""ls_acc"": 53508141, ""rep_n_add"": 0, ""rep_n_drop"": 0, ""rep_n_fill"": 28, ""start_n_add"": 898, ""start_n_drop"": 0, ""start_n_fill"": 25477}",ok,sols/heldout_full_Region7_s0.2_F1_ls_cf76477493_b10.0_s1.npz,,,,,
2026-09-28T20:25:42,heldout,full_Region7_s0.2,F1,"{""k"": 4, ""name"": ""F1"", ""tau"": 0.0}",eim,ising,fea13985a5,"{""eim_R"": 16, ""eim_Tmax"": 0.0007255047403074508, ""eim_Tmin"": 0.00013246974647468452, ""eim_anneal"": 0.7664913525398744, ""eim_eta"": 0.23358825194833557, ""eim_hscale"": 0.6218230782016851, ""eim_moves"": 52984, ""eim_rho"": 4.5566719139214715, ""g_scale"": 1370.4648392849028, ""p_add"": 0.0716766437045232, ""p_swap"": 0.8407909904010871, ""start"": ""lp"", ""topw"": 11}",10.0,1,10.008,0,25.411972286972233,"[25.411972, 25.411972, 25.411972, 25.411972, 25.411972, 25.411972, 25.411972, 25.411972]",25.411972286972233,1747.2688111888108,15450,1,"{""eim_acc"": 56640617, ""rep_n_add"": 0, ""rep_n_drop"": 0, ""rep_n_fill"": 37, ""start_n_add"": 464, ""start_n_drop"": 0, ""start_n_fill"": 23917}",ok,sols/heldout_full_Region7_s0.2_F1_eim_fea13985a5_b10.0_s1.npz,,,,,
2026-09-28T20:30:43,heldout,full_Region7_s0.3,F1,"{""k"": 4, ""name"": ""F1"", ""tau"": 0.0}",ls,classical,c23556e44b,"{""g_scale"": 2155.4275565447515, ""ls_T0"": 0.0006677306766018312, ""ls_T1"": 1.2541143128078558e-06, ""ls_chains"": 8, ""ls_moves"": 5358, ""ls_restart_every"": 0, ""p_add"": 0.30881774853793853, ""p_swap"": 0.47004576906097556, ""start"": ""pgreedy"", ""topw"": 15}",300.0,1,300.008,0,21.978871244496293,"[22.800359, 22.48166, 22.204837, 21.971494, 21.790534, 21.634972, 21.494108, 21.453008]",21.453007640507725,1733.2647937062936,10474,1,"{""ls_acc"": 713013851, ""rep_n_add"": 0, ""rep_n_drop"": 0, ""rep_n_fill"": 59, ""start_n_add"": 536, ""start_n_drop"": 0, ""start_n_fill"": 33993}",ok,sols/heldout_full_Region7_s0.3_F1_ls_c23556e44b_b300.0_s1.npz,,,,,
2026-09-28T20:34:26,heldout,full_Region7_s0.3,F1,"{""k"": 4, ""name"": ""F1"", ""tau"": 0.0}",cpsat,classical,cd6c30cd5f,"{""cp_model_presolve"": false, ""linearization_level"": 1, ""repair_hint"": false, ""start"": ""lp""}",300.0,1,222.073,0,21.75893550893555,"[22.359816, 22.103519, 21.907116, 21.740449, 21.594389, 21.460179, 21.453008, 21.453008]",21.453007640507725,1829.8033916083912,14638,1,"{""cp_improved"": 7, ""cp_time"": 221.80847764015198, ""rep_n_add"": 0, ""rep_n_drop"": 0, ""rep_n_fill"": 722}",ok,sols/heldout_full_Region7_s0.3_F1_cpsat_cd6c30cd5f_b300.0_s1.npz,,,,,
2026-09-28T20:39:27,heldout,full_Region7_s0.3,F1,"{""k"": 4, ""name"": ""F1"", ""tau"": 0.0}",pt,ising,eb1d04fc51,"{""eim_R"": 16, ""eim_Tmax"": 7.3329031629428645e-06, ""eim_Tmin"": 1.1006348269620852e-06, ""eim_anneal"": 0.9462286962175356, ""eim_hscale"": 1.8587633596816164, ""eim_moves"": 18358, ""eim_rho"": 3.506794739778118, ""g_scale"": 774.8399988560119, ""p_add"": 0.22230587257383633, ""p_swap"": 0.46272105013386755, ""start"": ""lp"", ""topw"": 20}",300.0,1,300.01,0,22.006713772338813,"[22.546669, 22.355429, 22.188245, 22.059894, 21.89954, 21.774977, 21.647711, 21.581245]",21.581245143745228,1605.0827972027969,11845,1,"{""eim_acc"": 6020485, ""rep_n_add"": 0, ""rep_n_drop"": 0, ""rep_n_fill"": 15, ""start_n_add"": 387, ""start_n_drop"": 0, ""start_n_fill"": 16400}",ok,sols/heldout_full_Region7_s0.3_F1_pt_eb1d04fc51_b300.0_s1.npz,,,,,
2026-09-28T20:44:27,heldout,full_Region7_s0.3,F1,"{""k"": 4, ""name"": ""F1"", ""tau"": 0.0}",pt,ising,eb1d04fc51,"{""eim_R"": 16, ""eim_Tmax"": 7.3329031629428645e-06, ""eim_Tmin"": 1.1006348269620852e-06, ""eim_anneal"": 0.9462286962175356, ""eim_hscale"": 1.8587633596816164, ""eim_moves"": 18358, ""eim_rho"": 3.506794739778118, ""g_scale"": 774.8399988560119, ""p_add"": 0.22230587257383633, ""p_swap"": 0.46272105013386755, ""start"": ""lp"", ""topw"": 20}",300.0,2,300.007,0,22.004119722869774,"[22.576632, 22.359476, 22.195707, 22.045746, 21.889261, 21.756006, 21.628885, 21.581245]",21.581245143745228,1647.2421188811186,12535,1,"{""eim_acc"": 6139966, ""rep_n_add"": 0, ""rep_n_drop"": 0, ""rep_n_fill"": 18, ""start_n_add"": 395, ""start_n_drop"": 0, ""start_n_fill"": 17474}",ok,sols/heldout_full_Region7_s0.3_F1_pt_eb1d04fc51_b300.0_s2.npz,,,,,
2026-09-28T20:49:28,heldout,full_Region7_s0.3,F1,"{""k"": 4, ""name"": ""F1"", ""tau"": 0.0}",eim,ising,fea13985a5,"{""eim_R"": 16, ""eim_Tmax"": 0.0007255047403074508, ""eim_Tmin"": 0.00013246974647468452, ""eim_anneal"": 0.7664913525398744, ""eim_eta"": 0.23358825194833557, ""eim_hscale"": 0.6218230782016851, ""eim_moves"": 52984, ""eim_rho"": 4.5566719139214715, ""g_scale"": 1370.4648392849028, ""p_add"": 0.0716766437045232, ""p_swap"": 0.8407909904010871, ""start"": ""lp"", ""topw"": 11}",300.0,2,300.058,0,21.993783993784056,"[22.842835, 22.396788, 22.132074, 21.948588, 21.812144, 21.671539, 21.573151, 21.573151]",21.57315138565147,1748.8812447552443,12330,1,"{""eim_acc"": 1773679578, ""rep_n_add"": 7, ""rep_n_drop"": 0, ""rep_n_fill"": 54, ""start_n_add"": 436, ""start_n_drop"": 0, ""start_n_fill"": 16992}",ok,sols/heldout_full_Region7_s0.3_F1_eim_fea13985a5_b300.0_s2.npz,,,,,
2026-09-28T20:54:29,heldout,full_Region7_s0.3,F1,"{""k"": 4, ""name"": ""F1"", ""tau"": 0.0}",eim,ising,fea13985a5,"{""eim_R"": 16, ""eim_Tmax"": 0.0007255047403074508, ""eim_Tmin"": 0.00013246974647468452, ""eim_anneal"": 0.7664913525398744, ""eim_eta"": 0.23358825194833557, ""eim_hscale"": 0.6218230782016851, ""eim_moves"": 52984, ""eim_rho"": 4.5566719139214715, ""g_scale"": 1370.4648392849028, ""p_add"": 0.0716766437045232, ""p_swap"": 0.8407909904010871, ""start"": ""lp"", ""topw"": 11}",300.0,0,300.038,0,21.993417751230297,"[22.853713, 22.342884, 22.139682, 21.971461, 21.821274, 21.688212, 21.629176, 21.500939]",21.500938875938957,1708.3830314685313,12238,1,"{""eim_acc"": 1841447361, ""rep_n_add"": 7, ""rep_n_drop"": 0, ""rep_n_fill"": 36, ""start_n_add"": 573, ""start_n_drop"": 0, ""start_n_fill"": 12688}",ok,sols/heldout_full_Region7_s0.3_F1_eim_fea13985a5_b300.0_s0.npz,,,,,
2026-09-28T20:54:30,heldout,full_Region7_s0.3,F1,"{""k"": 4, ""name"": ""F1"", ""tau"": 0.0}",pgreedy,classical,bf21a9e8fb,{},300.0,0,0.065,0,26.940852839290407,"[32.687241, 27.09515, 27.089096, 25.87377, 25.87377, 25.87377, 25.87377, 25.160256]",25.160256410256434,2017.35722027972,15357,1,"{""rep_n_add"": 948, ""rep_n_drop"": 0, ""rep_n_fill"": 14409}",ok,sols/heldout_full_Region7_s0.3_F1_pgreedy_bf21a9e8fb_b300.0_s0.npz,,,,,
2026-09-28T20:59:30,heldout,full_Region7_s0.3,F1,"{""k"": 4, ""name"": ""F1"", ""tau"": 0.0}",ls,classical,c23556e44b,"{""g_scale"": 2155.4275565447515, ""ls_T0"": 0.0006677306766018312, ""ls_T1"": 1.2541143128078558e-06, ""ls_chains"": 8, ""ls_moves"": 5358, ""ls_restart_every"": 0, ""p_add"": 0.30881774853793853, ""p_swap"": 0.47004576906097556, ""start"": ""pgreedy"", ""topw"": 15}",300.0,2,300.009,0,21.96176913364421,"[22.779607, 22.461797, 22.187128, 21.967593, 21.78333, 21.608683, 21.453008, 21.453008]",21.453007640507725,1796.4001748251744,11236,1,"{""ls_acc"": 788143090, ""rep_n_add"": 0, ""rep_n_drop"": 0, ""rep_n_fill"": 47, ""start_n_add"": 530, ""start_n_drop"": 0, ""start_n_fill"": 34095}",ok,sols/heldout_full_Region7_s0.3_F1_ls_c23556e44b_b300.0_s2.npz,,,,,
2026-09-28T21:02:39,heldout,full_Region7_s0.3,F1,"{""k"": 4, ""name"": ""F1"", ""tau"": 0.0}",milp,classical,7609bc1c44,"{""eps_tie"": 0.0, ""mip_heuristic_effort"": 0.8077206102454388, ""presolve"": ""off"", ""start"": ""pgreedy""}",300.0,0,187.735,0,21.867737875550418,"[22.694962, 22.175958, 22.019911, 21.80821, 21.64292, 21.533314, 21.533314, 21.533314]",21.533313908313993,1882.8742027972023,14599,1,"{""milp_improved"": 6, ""rep_n_add"": 0, ""rep_n_drop"": 0, ""rep_n_fill"": 966, ""start_n_add"": 547, ""start_n_drop"": 0, ""start_n_fill"": 31832}",ok,sols/heldout_full_Region7_s0.3_F1_milp_7609bc1c44_b300.0_s0.npz,,,,,
2026-09-28T21:02:39,heldout,full_Region7_s0.3,F1,"{""k"": 4, ""name"": ""F1"", ""tau"": 0.0}",greedy,classical,bf21a9e8fb,{},300.0,0,0.085,0,30.526142838642876,"[31.469017, 31.455501, 31.069153, 31.024119, 31.024119, 30.227775, 29.137788, 28.801671]",28.801670551670572,2043.182601398601,15061,1,"{""rep_n_add"": 15, ""rep_n_drop"": 0, ""rep_n_fill"": 16}",ok,sols/heldout_full_Region7_s0.3_F1_greedy_bf21a9e8fb_b300.0_s0.npz,,,,,
2026-09-28T21:07:40,heldout,full_Region7_s0.3,F1,"{""k"": 4, ""name"": ""F1"", ""tau"": 0.0}",pt,ising,eb1d04fc51,"{""eim_R"": 16, ""eim_Tmax"": 7.3329031629428645e-06, ""eim_Tmin"": 1.1006348269620852e-06, ""eim_anneal"": 0.9462286962175356, ""eim_hscale"": 1.8587633596816164, ""eim_moves"": 18358, ""eim_rho"": 3.506794739778118, ""g_scale"": 774.8399988560119, ""p_add"": 0.22230587257383633, ""p_swap"": 0.46272105013386755, ""start"": ""lp"", ""topw"": 20}",300.0,0,300.023,0,22.016464727402262,"[22.602143, 22.366825, 22.202797, 22.054811, 21.922818, 21.77127, 21.629808, 21.581245]",21.581245143745228,1622.210192307692,12195,1,"{""eim_acc"": 5919115, ""rep_n_add"": 0, ""rep_n_drop"": 0, ""rep_n_fill"": 11, ""start_n_add"": 423, ""start_n_drop"": 0, ""start_n_fill"": 18065}",ok,sols/heldout_full_Region7_s0.3_F1_pt_eb1d04fc51_b300.0_s0.npz,,,,,
2026-09-28T21:07:51,heldout,full_Region7_s0.3,F1,"{""k"": 4, ""name"": ""F1"", ""tau"": 0.0}",lp,classical,e62ade0088,"{""lexi"": true}",300.0,0,10.392,0,22.70463246244536,"[23.484217, 23.051233, 22.781614, 22.60708, 22.579756, 22.405999, 22.405999, 22.32116]",22.32116032116035,1966.299213286713,15150,1,"{""rep_n_add"": 0, ""rep_n_drop"": 0, ""rep_n_fill"": 0, ""start_n_add"": 555, ""start_n_drop"": 0, ""start_n_fill"": 7199}",ok,sols/heldout_full_Region7_s0.3_F1_lp_e62ade0088_b300.0_s0.npz,,,,,
2026-09-28T21:11:04,heldout,full_Region7_s0.3,F1,"{""k"": 4, ""name"": ""F1"", ""tau"": 0.0}",cpsat,classical,cd6c30cd5f,"{""cp_model_presolve"": false, ""linearization_level"": 1, ""repair_hint"": false, ""start"": ""lp""}",300.0,2,192.108,0,21.773813859751662,"[22.336344, 22.100848, 21.915954, 21.740158, 21.594389, 21.500939, 21.500939, 21.500939]",21.500938875938957,1834.8220034965034,14636,1,"{""cp_improved"": 6, ""cp_time"": 191.79730248451233, ""rep_n_add"": 0, ""rep_n_drop"": 0, ""rep_n_fill"": 21}",ok,sols/heldout_full_Region7_s0.3_F1_cpsat_cd6c30cd5f_b300.0_s2.npz,,,,,
2026-09-28T21:16:05,heldout,full_Region7_s0.3,F1,"{""k"": 4, ""name"": ""F1"", ""tau"": 0.0}",eim,ising,fea13985a5,"{""eim_R"": 16, ""eim_Tmax"": 0.0007255047403074508, ""eim_Tmin"": 0.00013246974647468452, ""eim_anneal"": 0.7664913525398744, ""eim_eta"": 0.23358825194833557, ""eim_hscale"": 0.6218230782016851, ""eim_moves"": 52984, ""eim_rho"": 4.5566719139214715, ""g_scale"": 1370.4648392849028, ""p_add"": 0.0716766437045232, ""p_swap"": 0.8407909904010871, ""start"": ""lp"", ""topw"": 11}",300.0,1,300.06,0,21.998245677933213,"[22.864446, 22.388921, 22.142839, 21.970231, 21.825401, 21.700984, 21.559829, 21.533314]",21.533313908313993,1709.2821118881116,12075,1,"{""eim_acc"": 1876215844, ""rep_n_add"": 3, ""rep_n_drop"": 0, ""rep_n_fill"": 46, ""start_n_add"": 459, ""start_n_drop"": 0, ""start_n_fill"": 12362}",ok,sols/heldout_full_Region7_s0.3_F1_eim_fea13985a5_b300.0_s1.npz,,,,,
2026-09-28T21:21:06,heldout,full_Region7_s0.3,F1,"{""k"": 4, ""name"": ""F1"", ""tau"": 0.0}",ls,classical,c23556e44b,"{""g_scale"": 2155.4275565447515, ""ls_T0"": 0.0006677306766018312, ""ls_T1"": 1.2541143128078558e-06, ""ls_chains"": 8, ""ls_moves"": 5358, ""ls_restart_every"": 0, ""p_add"": 0.30881774853793853, ""p_swap"": 0.47004576906097556, ""start"": ""pgreedy"", ""topw"": 15}",300.0,0,300.009,0,21.978705322455387,"[22.780837, 22.436254, 22.171426, 21.975686, 21.76711, 21.631702, 21.533314, 21.533314]",21.533313908313993,1792.789643356643,10897,1,"{""ls_acc"": 809047598, ""rep_n_add"": 0, ""rep_n_drop"": 0, ""rep_n_fill"": 13, ""start_n_add"": 535, ""start_n_drop"": 0, ""start_n_fill"": 33782}",ok,sols/heldout_full_Region7_s0.3_F1_ls_c23556e44b_b300.0_s0.npz,,,,,
2026-09-28T21:24:19,heldout,full_Region7_s0.3,F1,"{""k"": 4, ""name"": ""F1"", ""tau"": 0.0}",cpsat,classical,cd6c30cd5f,"{""cp_model_presolve"": false, ""linearization_level"": 1, ""repair_hint"": false, ""start"": ""lp""}",300.0,0,192.559,0,21.798497798497834,"[22.355834, 22.11451, 21.925343, 21.763695, 21.628658, 21.533314, 21.533314, 21.533314]",21.533313908313993,1839.297087412587,14660,1,"{""cp_improved"": 6, ""cp_time"": 192.2902750968933, ""rep_n_add"": 0, ""rep_n_drop"": 0, ""rep_n_fill"": 174}",ok,sols/heldout_full_Region7_s0.3_F1_cpsat_cd6c30cd5f_b300.0_s0.npz,,,,,
2026-09-28T21:25:20,heldout,full_Region7_s0.3,F1,"{""k"": 4, ""name"": ""F1"", ""tau"": 0.0}",eim,ising,fea13985a5,"{""eim_R"": 16, ""eim_Tmax"": 0.0007255047403074508, ""eim_Tmin"": 0.00013246974647468452, ""eim_anneal"": 0.7664913525398744, ""eim_eta"": 0.23358825194833557, ""eim_hscale"": 0.6218230782016851, ""eim_moves"": 52984, ""eim_rho"": 4.5566719139214715, ""g_scale"": 1370.4648392849028, ""p_add"": 0.0716766437045232, ""p_swap"": 0.8407909904010871, ""start"": ""lp"", ""topw"": 11}",60.0,1,60.022,0,22.01048546361049,"[22.91249, 22.460875, 22.162814, 22.00722, 21.821209, 21.678338, 21.539999, 21.500939]",21.500938875938957,1727.414559440559,12790,1,"{""eim_acc"": 361138191, ""rep_n_add"": 3, ""rep_n_drop"": 0, ""rep_n_fill"": 48, ""start_n_add"": 438, ""start_n_drop"": 0, ""start_n_fill"": 16171}",ok,sols/heldout_full_Region7_s0.3_F1_eim_fea13985a5_b60.0_s1.npz,,,,,
2026-09-28T21:26:06,heldout,full_Region7_s0.3,F1,"{""k"": 4, ""name"": ""F1"", ""tau"": 0.0}",cpsat,classical,cd6c30cd5f,"{""cp_model_presolve"": false, ""linearization_level"": 1, ""repair_hint"": false, ""start"": ""lp""}",60.0,2,45.54,0,21.90494892838647,"[22.573556, 22.278393, 22.086555, 21.907229, 21.743719, 21.583511, 21.533314, 21.533314]",21.533313908313993,1732.4870034965033,11692,1,"{""cp_improved"": 7, ""cp_time"": 45.27278113365173, ""rep_n_add"": 0, ""rep_n_drop"": 0, ""rep_n_fill"": 133}",ok,sols/heldout_full_Region7_s0.3_F1_cpsat_cd6c30cd5f_b60.0_s2.npz,,,,,
2026-09-28T21:27:04,heldout,full_Region7_s0.3,F1,"{""k"": 4, ""name"": ""F1"", ""tau"": 0.0}",milp,classical,7609bc1c44,"{""eps_tie"": 0.0, ""mip_heuristic_effort"": 0.8077206102454388, ""presolve"": ""off"", ""start"": ""pgreedy""}",60.0,0,56.462,0,22.500627266252273,"[26.182984, 22.402956, 22.26792, 22.145364, 22.135522, 21.810218, 21.607048, 21.453008]",21.453007640507725,1856.109479020979,14547,1,"{""milp_improved"": 8, ""rep_n_add"": 0, ""rep_n_drop"": 0, ""rep_n_fill"": 1741, ""start_n_add"": 677, ""start_n_drop"": 0, ""start_n_fill"": 24226}",ok,sols/heldout_full_Region7_s0.3_F1_milp_7609bc1c44_b60.0_s0.npz,,,,,
2026-09-28T21:27:51,heldout,full_Region7_s0.3,F1,"{""k"": 4, ""name"": ""F1"", ""tau"": 0.0}",cpsat,classical,cd6c30cd5f,"{""cp_model_presolve"": false, ""linearization_level"": 1, ""repair_hint"": false, ""start"": ""lp""}",60.0,1,46.138,0,21.8997183372184,"[22.553694, 22.250955, 22.092236, 21.891074, 21.748802, 21.610545, 21.52522, 21.52522]",21.525220150220235,1783.5132797202796,13186,1,"{""cp_improved"": 7, ""cp_time"": 45.83146595954895, ""rep_n_add"": 0, ""rep_n_drop"": 0, ""rep_n_fill"": 74}",ok,sols/heldout_full_Region7_s0.3_F1_cpsat_cd6c30cd5f_b60.0_s1.npz,,,,,
2026-09-28T21:27:52,heldout,full_Region7_s0.3,F1,"{""k"": 4, ""name"": ""F1"", ""tau"": 0.0}",pgreedy,classical,bf21a9e8fb,{},60.0,0,0.101,0,26.940852839290407,"[32.687241, 27.09515, 27.089096, 25.87377, 25.87377, 25.87377, 25.87377, 25.160256]",25.160256410256434,2017.35722027972,15357,1,"{""rep_n_add"": 948, ""rep_n_drop"": 0, ""rep_n_fill"": 14409}",ok,sols/heldout_full_Region7_s0.3_F1_pgreedy_bf21a9e8fb_b60.0_s0.npz,,,,,
2026-09-28T21:28:52,heldout,full_Region7_s0.3,F1,"{""k"": 4, ""name"": ""F1"", ""tau"": 0.0}",pt,ising,eb1d04fc51,"{""eim_R"": 16, ""eim_Tmax"": 7.3329031629428645e-06, ""eim_Tmin"": 1.1006348269620852e-06, ""eim_anneal"": 0.9462286962175356, ""eim_hscale"": 1.8587633596816164, ""eim_moves"": 18358, ""eim_rho"": 3.506794739778118, ""g_scale"": 774.8399988560119, ""p_add"": 0.22230587257383633, ""p_swap"": 0.46272105013386755, ""start"": ""lp"", ""topw"": 20}",60.0,2,60.015,0,22.00292184667188,"[22.589258, 22.351496, 22.191288, 22.050424, 21.887513, 21.742343, 21.629808, 21.581245]",21.581245143745228,1652.7245069930066,13373,1,"{""eim_acc"": 1493179, ""rep_n_add"": 0, ""rep_n_drop"": 0, ""rep_n_fill"": 4, ""start_n_add"": 329, ""start_n_drop"": 0, ""start_n_fill"": 19826}",ok,sols/heldout_full_Region7_s0.3_F1_pt_eb1d04fc51_b60.0_s2.npz,,,,,
2026-09-28T21:29:53,heldout,full_Region7_s0.3,F1,"{""k"": 4, ""name"": ""F1"", ""tau"": 0.0}",eim,ising,fea13985a5,"{""eim_R"": 16, ""eim_Tmax"": 0.0007255047403074508, ""eim_Tmin"": 0.00013246974647468452, ""eim_anneal"": 0.7664913525398744, ""eim_eta"": 0.23358825194833557, ""eim_hscale"": 0.6218230782016851, ""eim_moves"": 52984, ""eim_rho"": 4.5566719139214715, ""g_scale"": 1370.4648392849028, ""p_add"": 0.0716766437045232, ""p_swap"": 0.8407909904010871, ""start"": ""lp"", ""topw"": 11}",60.0,2,60.035,0,22.042358682983732,"[22.930458, 22.520056, 22.185687, 22.023585, 21.855251, 21.711458, 21.621083, 21.491291]",21.491291116291187,1682.772122377622,10387,1,"{""eim_acc"": 327131368, ""rep_n_add"": 2, ""rep_n_drop"": 0, ""rep_n_fill"": 56, ""start_n_add"": 408, ""start_n_drop"": 0, ""start_n_fill"": 9906}",ok,sols/heldout_full_Region7_s0.3_F1_eim_fea13985a5_b60.0_s2.npz,,,,,
2026-09-28T21:30:54,heldout,full_Region7_s0.3,F1,"{""k"": 4, ""name"": ""F1"", ""tau"": 0.0}",ls,classical,c23556e44b,"{""g_scale"": 2155.4275565447515, ""ls_T0"": 0.0006677306766018312, ""ls_T1"": 1.2541143128078558e-06, ""ls_chains"": 8, ""ls_moves"": 5358, ""ls_restart_every"": 0, ""p_add"": 0.30881774853793853, ""p_swap"": 0.47004576906097556, ""start"": ""pgreedy"", ""topw"": 15}",60.0,2,60.009,0,22.029592803030344,"[22.799323, 22.507948, 22.265394, 22.039141, 21.858958, 21.688989, 21.543674, 21.533314]",21.533313908313993,1784.3117342657338,10987,1,"{""ls_acc"": 152344541, ""rep_n_add"": 0, ""rep_n_drop"": 0, ""rep_n_fill"": 9, ""start_n_add"": 517, ""start_n_drop"": 0, ""start_n_fill"": 33793}",ok,sols/heldout_full_Region7_s0.3_F1_ls_c23556e44b_b60.0_s2.npz,,,,,
2026-09-28T21:31:55,heldout,full_Region7_s0.3,F1,"{""k"": 4, ""name"": ""F1"", ""tau"": 0.0}",eim,ising,fea13985a5,"{""eim_R"": 16, ""eim_Tmax"": 0.0007255047403074508, ""eim_Tmin"": 0.00013246974647468452, ""eim_anneal"": 0.7664913525398744, ""eim_eta"": 0.23358825194833557, ""eim_hscale"": 0.6218230782016851, ""eim_moves"": 52984, ""eim_rho"": 4.5566719139214715, ""g_scale"": 1370.4648392849028, ""p_add"": 0.0716766437045232, ""p_swap"": 0.8407909904010871, ""start"": ""lp"", ""topw"": 11}",60.0,0,60.014,0,22.07536705192959,"[22.877962, 22.504047, 22.257819, 22.06127, 21.896011, 21.74762, 21.676962, 21.581245]",21.581245143745228,1589.2281993006989,11129,1,"{""eim_acc"": 354859354, ""rep_n_add"": 6, ""rep_n_drop"": 0, ""rep_n_fill"": 45, ""start_n_add"": 443, ""start_n_drop"": 0, ""start_n_fill"": 12184}",ok,sols/heldout_full_Region7_s0.3_F1_eim_fea13985a5_b60.0_s0.npz,,,,,
2026-09-28T21:32:44,heldout,full_Region7_s0.3,F1,"{""k"": 4, ""name"": ""F1"", ""tau"": 0.0}",cpsat,classical,cd6c30cd5f,"{""cp_model_presolve"": false, ""linearization_level"": 1, ""repair_hint"": false, ""start"": ""lp""}",60.0,0,48.242,0,21.928232646982693,"[22.599359, 22.311173, 22.107161, 21.936156, 21.776208, 21.629176, 21.533314, 21.533314]",21.533313908313993,1782.319615384615,13626,1,"{""cp_improved"": 7, ""cp_time"": 47.95520830154419, ""rep_n_add"": 0, ""rep_n_drop"": 0, ""rep_n_fill"": 66}",ok,sols/heldout_full_Region7_s0.3_F1_cpsat_cd6c30cd5f_b60.0_s0.npz,,,,,
2026-09-28T21:33:45,heldout,full_Region7_s0.3,F1,"{""k"": 4, ""name"": ""F1"", ""tau"": 0.0}",pt,ising,eb1d04fc51,"{""eim_R"": 16, ""eim_Tmax"": 7.3329031629428645e-06, ""eim_Tmin"": 1.1006348269620852e-06, ""eim_anneal"": 0.9462286962175356, ""eim_hscale"": 1.8587633596816164, ""eim_moves"": 18358, ""eim_rho"": 3.506794739778118, ""g_scale"": 774.8399988560119, ""p_add"": 0.22230587257383633, ""p_swap"": 0.46272105013386755, ""start"": ""lp"", ""topw"": 20}",60.0,0,60.007,0,22.002268275705802,"[22.592447, 22.356692, 22.199754, 22.067243, 21.907003, 21.76206, 21.614705, 21.518243]",21.518243330743406,1518.5784160839157,9891,1,"{""eim_acc"": 1558952, ""rep_n_add"": 1, ""rep_n_drop"": 0, ""rep_n_fill"": 24, ""start_n_add"": 407, ""start_n_drop"": 0, ""start_n_fill"": 15192}",ok,sols/heldout_full_Region7_s0.3_F1_pt_eb1d04fc51_b60.0_s0.npz,,,,,
2026-09-28T21:33:56,heldout,full_Region7_s0.3,F1,"{""k"": 4, ""name"": ""F1"", ""tau"": 0.0}",lp,classical,e62ade0088,"{""lexi"": true}",60.0,0,10.447,0,22.70463246244536,"[23.484217, 23.051233, 22.781614, 22.60708, 22.579756, 22.405999, 22.405999, 22.32116]",22.32116032116035,1966.299213286713,15150,1,"{""rep_n_add"": 0, ""rep_n_drop"": 0, ""rep_n_fill"": 0, ""start_n_add"": 555, ""start_n_drop"": 0, ""start_n_fill"": 7199}",ok,sols/heldout_full_Region7_s0.3_F1_lp_e62ade0088_b60.0_s0.npz,,,,,
2026-09-28T21:34:56,heldout,full_Region7_s0.3,F1,"{""k"": 4, ""name"": ""F1"", ""tau"": 0.0}",ls,classical,c23556e44b,"{""g_scale"": 2155.4275565447515, ""ls_T0"": 0.0006677306766018312, ""ls_T1"": 1.2541143128078558e-06, ""ls_chains"": 8, ""ls_moves"": 5358, ""ls_restart_every"": 0, ""p_add"": 0.30881774853793853, ""p_swap"": 0.47004576906097556, ""start"": ""pgreedy"", ""topw"": 15}",60.0,1,60.005,0,21.999305960243532,"[22.830177, 22.503529, 22.238329, 22.000712, 21.817599, 21.656987, 21.494108, 21.453008]",21.453007640507725,1783.7387097902094,10742,1,"{""ls_acc"": 140443988, ""rep_n_add"": 0, ""rep_n_drop"": 0, ""rep_n_fill"": 9, ""start_n_add"": 571, ""start_n_drop"": 0, ""start_n_fill"": 33193}",ok,sols/heldout_full_Region7_s0.3_F1_ls_c23556e44b_b60.0_s1.npz,,,,,
2026-09-28T21:34:57,heldout,full_Region7_s0.3,F1,"{""k"": 4, ""name"": ""F1"", ""tau"": 0.0}",greedy,classical,bf21a9e8fb,{},60.0,0,0.089,0,30.526142838642876,"[31.469017, 31.455501, 31.069153, 31.024119, 31.024119, 30.227775, 29.137788, 28.801671]",28.801670551670572,2043.182601398601,15061,1,"{""rep_n_add"": 15, ""rep_n_drop"": 0, ""rep_n_fill"": 16}",ok,sols/heldout_full_Region7_s0.3_F1_greedy_bf21a9e8fb_b60.0_s0.npz,,,,,
2026-09-28T21:35:58,heldout,full_Region7_s0.3,F1,"{""k"": 4, ""name"": ""F1"", ""tau"": 0.0}",ls,classical,c23556e44b,"{""g_scale"": 2155.4275565447515, ""ls_T0"": 0.0006677306766018312, ""ls_T1"": 1.2541143128078558e-06, ""ls_chains"": 8, ""ls_moves"": 5358, ""ls_restart_every"": 0, ""p_add"": 0.30881774853793853, ""p_swap"": 0.47004576906097556, ""start"": ""pgreedy"", ""topw"": 15}",60.0,0,60.004,0,22.026256151256224,"[22.827652, 22.50531, 22.266139, 22.029267, 21.826065, 21.688989, 21.533314, 21.533314]",21.533313908313993,1784.6942867132861,10943,1,"{""ls_acc"": 148916958, ""rep_n_add"": 0, ""rep_n_drop"": 0, ""rep_n_fill"": 4, ""start_n_add"": 521, ""start_n_drop"": 0, ""start_n_fill"": 33784}",ok,sols/heldout_full_Region7_s0.3_F1_ls_c23556e44b_b60.0_s0.npz,,,,,
2026-09-28T21:36:58,heldout,full_Region7_s0.3,F1,"{""k"": 4, ""name"": ""F1"", ""tau"": 0.0}",pt,ising,eb1d04fc51,"{""eim_R"": 16, ""eim_Tmax"": 7.3329031629428645e-06, ""eim_Tmin"": 1.1006348269620852e-06, ""eim_anneal"": 0.9462286962175356, ""eim_hscale"": 1.8587633596816164, ""eim_moves"": 18358, ""eim_rho"": 3.506794739778118, ""g_scale"": 774.8399988560119, ""p_add"": 0.22230587257383633, ""p_swap"": 0.46272105013386755, ""start"": ""lp"", ""topw"": 20}",60.0,1,60.017,0,22.00880803224581,"[22.58636, 22.363523, 22.197342, 22.048352, 21.902325, 21.758385, 21.632932, 21.581245]",21.581245143745228,1615.7340804195799,12406,1,"{""eim_acc"": 1572288, ""rep_n_add"": 0, ""rep_n_drop"": 0, ""rep_n_fill"": 7, ""start_n_add"": 373, ""start_n_drop"": 0, ""start_n_fill"": 18281}",ok,sols/heldout_full_Region7_s0.3_F1_pt_eb1d04fc51_b60.0_s1.npz,,,,,
2026-09-28T21:37:09,heldout,full_Region7_s0.3,F1,"{""k"": 4, ""name"": ""F1"", ""tau"": 0.0}",pt,ising,eb1d04fc51,"{""eim_R"": 16, ""eim_Tmax"": 7.3329031629428645e-06, ""eim_Tmin"": 1.1006348269620852e-06, ""eim_anneal"": 0.9462286962175356, ""eim_hscale"": 1.8587633596816164, ""eim_moves"": 18358, ""eim_rho"": 3.506794739778118, ""g_scale"": 774.8399988560119, ""p_add"": 0.22230587257383633, ""p_swap"": 0.46272105013386755, ""start"": ""lp"", ""topw"": 20}",10.0,1,10.021,0,22.02779396529403,"[22.603697, 22.377703, 22.22389, 22.058599, 21.920892, 21.771675, 21.63672, 21.629176]",21.629176379176442,1614.1254545454542,13125,1,"{""eim_acc"": 576156, ""rep_n_add"": 0, ""rep_n_drop"": 0, ""rep_n_fill"": 7, ""start_n_add"": 337, ""start_n_drop"": 0, ""start_n_fill"": 20591}",ok,sols/heldout_full_Region7_s0.3_F1_pt_eb1d04fc51_b10.0_s1.npz,,,,,
2026-09-28T21:37:20,heldout,full_Region7_s0.3,F1,"{""k"": 4, ""name"": ""F1"", ""tau"": 0.0}",eim,ising,fea13985a5,"{""eim_R"": 16, ""eim_Tmax"": 0.0007255047403074508, ""eim_Tmin"": 0.00013246974647468452, ""eim_anneal"": 0.7664913525398744, ""eim_eta"": 0.23358825194833557, ""eim_hscale"": 0.6218230782016851, ""eim_moves"": 52984, ""eim_rho"": 4.5566719139214715, ""g_scale"": 1370.4648392849028, ""p_add"": 0.0716766437045232, ""p_swap"": 0.8407909904010871, ""start"": ""lp"", ""topw"": 11}",10.0,0,10.014,0,22.059843223905762,"[22.962315, 22.446209, 22.240109, 22.058226, 21.880196, 21.737293, 21.629176, 21.52522]",21.525220150220235,1676.2892062937058,10981,1,"{""eim_acc"": 48856965, ""rep_n_add"": 16, ""rep_n_drop"": 0, ""rep_n_fill"": 9, ""start_n_add"": 401, ""start_n_drop"": 0, ""start_n_fill"": 15065}",ok,sols/heldout_full_Region7_s0.3_F1_eim_fea13985a5_b10.0_s0.npz,,,,,
2026-09-28T21:37:32,heldout,full_Region7_s0.3,F1,"{""k"": 4, ""name"": ""F1"", ""tau"": 0.0}",milp,classical,7609bc1c44,"{""eps_tie"": 0.0, ""mip_heuristic_effort"": 0.8077206102454388, ""presolve"": ""off"", ""start"": ""pgreedy""}",10.0,0,11.025,1,22.61562135780886,"[26.182984, 22.402956, 22.26792, 22.145364, 22.135522, 22.077943, 21.856142, 21.856142]",21.856141543641574,1940.409531468531,14969,1,"{""milp_improved"": 6, ""rep_n_add"": 0, ""rep_n_drop"": 0, ""rep_n_fill"": 1593, ""start_n_add"": 631, ""start_n_drop"": 0, ""start_n_fill"": 24234}",ok,sols/heldout_full_Region7_s0.3_F1_milp_7609bc1c44_b10.0_s0.npz,,,,,
2026-09-28T21:37:42,heldout,full_Region7_s0.3,F1,"{""k"": 4, ""name"": ""F1"", ""tau"": 0.0}",ls,classical,cf76477493,"{""g_scale"": 138.69861245357328, ""ls_T0"": 0.0025766385746135885, ""ls_T1"": 3.895706556508577e-06, ""ls_chains"": 16, ""ls_moves"": 23860, ""ls_restart_every"": 0, ""p_add"": 0.32294705653332806, ""p_swap"": 0.38687290659310525, ""start"": ""pgreedy"", ""topw"": 43}",10.0,1,10.027,0,22.22970490157996,"[23.197439, 22.824754, 22.521351, 22.269959, 22.022177, 21.815333, 21.653312, 21.533314]",21.533313908313993,1521.3438986013985,7323,1,"{""ls_acc"": 39397423, ""rep_n_add"": 4, ""rep_n_drop"": 0, ""rep_n_fill"": 20, ""start_n_add"": 700, ""start_n_drop"": 0, ""start_n_fill"": 34653}",ok,sols/heldout_full_Region7_s0.3_F1_ls_cf76477493_b10.0_s1.npz,,,,,
2026-09-28T21:37:44,heldout,full_Region7_s0.3,F1,"{""k"": 4, ""name"": ""F1"", ""tau"": 0.0}",lp,classical,2f39b383fb,"{""lexi"": false}",10.0,0,1.268,0,22.681646189458903,"[23.484217, 23.051233, 22.781614, 22.60708, 22.579756, 22.405999, 22.32116, 22.222109]",22.22210890960899,1960.5392972027971,15152,1,"{""rep_n_add"": 0, ""rep_n_drop"": 0, ""rep_n_fill"": 0, ""start_n_add"": 619, ""start_n_drop"": 0, ""start_n_fill"": 7132}",ok,sols/heldout_full_Region7_s0.3_F1_lp_2f39b383fb_b10.0_s0.npz,,,,,
2026-09-28T21:37:55,heldout,full_Region7_s0.3,F1,"{""k"": 4, ""name"": ""F1"", ""tau"": 0.0}",pt,ising,eb1d04fc51,"{""eim_R"": 16, ""eim_Tmax"": 7.3329031629428645e-06, ""eim_Tmin"": 1.1006348269620852e-06, ""eim_anneal"": 0.9462286962175356, ""eim_hscale"": 1.8587633596816164, ""eim_moves"": 18358, ""eim_rho"": 3.506794739778118, ""g_scale"": 774.8399988560119, ""p_add"": 0.22230587257383633, ""p_swap"": 0.46272105013386755, ""start"": ""lp"", ""topw"": 20}",10.0,0,10.008,0,22.034805183242693,"[22.583689, 22.377703, 22.216055, 22.064167, 21.937743, 21.788122, 21.729717, 21.581245]",21.581245143745228,1573.8393146853145,11489,1,"{""eim_acc"": 534988, ""rep_n_add"": 0, ""rep_n_drop"": 0, ""rep_n_fill"": 5, ""start_n_add"": 383, ""start_n_drop"": 0, ""start_n_fill"": 18084}",ok,sols/heldout_full_Region7_s0.3_F1_pt_eb1d04fc51_b10.0_s0.npz,,,,,
2026-09-28T21:38:06,heldout,full_Region7_s0.3,F1,"{""k"": 4, ""name"": ""F1"", ""tau"": 0.0}",eim,ising,fea13985a5,"{""eim_R"": 16, ""eim_Tmax"": 0.0007255047403074508, ""eim_Tmin"": 0.00013246974647468452, ""eim_anneal"": 0.7664913525398744, ""eim_eta"": 0.23358825194833557, ""eim_hscale"": 0.6218230782016851, ""eim_moves"": 52984, ""eim_rho"": 4.5566719139214715, ""g_scale"": 1370.4648392849028, ""p_add"": 0.0716766437045232, ""p_swap"": 0.8407909904010871, ""start"": ""lp"", ""topw"": 11}",10.0,2,10.043,0,22.08607509388763,"[22.969406, 22.55269, 22.249061, 22.069105, 21.891074, 21.773941, 21.659398, 21.523925]",21.523925148925155,1704.6147762237758,11760,1,"{""eim_acc"": 50687194, ""rep_n_add"": 9, ""rep_n_drop"": 0, ""rep_n_fill"": 20, ""start_n_add"": 429, ""start_n_drop"": 0, ""start_n_fill"": 13679}",ok,sols/heldout_full_Region7_s0.3_F1_eim_fea13985a5_b10.0_s2.npz,,,,,
2026-09-28T21:38:17,heldout,full_Region7_s0.3,F1,"{""k"": 4, ""name"": ""F1"", ""tau"": 0.0}",cpsat,classical,cd6c30cd5f,"{""cp_model_presolve"": false, ""linearization_level"": 1, ""repair_hint"": false, ""start"": ""lp""}",10.0,2,9.88,0,22.176225394975646,"[22.865449, 22.56305, 22.364753, 22.205177, 22.085697, 21.935849, 21.784301, 21.605526]",21.6055264180265,1730.0572237762235,12824,1,"{""cp_improved"": 8, ""cp_time"": 9.605738162994385, ""rep_n_add"": 0, ""rep_n_drop"": 0, ""rep_n_fill"": 409}",ok,sols/heldout_full_Region7_s0.3_F1_cpsat_cd6c30cd5f_b10.0_s2.npz,,,,,
2026-09-28T21:38:27,heldout,full_Region7_s0.3,F1,"{""k"": 4, ""name"": ""F1"", ""tau"": 0.0}",ls,classical,cf76477493,"{""g_scale"": 138.69861245357328, ""ls_T0"": 0.0025766385746135885, ""ls_T1"": 3.895706556508577e-06, ""ls_chains"": 16, ""ls_moves"": 23860, ""ls_restart_every"": 0, ""p_add"": 0.32294705653332806, ""p_swap"": 0.38687290659310525, ""start"": ""pgreedy"", ""topw"": 43}",10.0,0,10.005,0,22.199909754597325,"[23.179099, 22.782391, 22.497588, 22.228341, 22.008547, 21.800521, 21.608683, 21.494108]",21.494107744107826,1528.89672027972,7433,1,"{""ls_acc"": 40220618, ""rep_n_add"": 1, ""rep_n_drop"": 0, ""rep_n_fill"": 21, ""start_n_add"": 726, ""start_n_drop"": 0, ""start_n_fill"": 34146}",ok,sols/heldout_full_Region7_s0.3_F1_ls_cf76477493_b10.0_s0.npz,,,,,
2026-09-28T21:38:38,heldout,full_Region7_s0.3,F1,"{""k"": 4, ""name"": ""F1"", ""tau"": 0.0}",eim,ising,fea13985a5,"{""eim_R"": 16, ""eim_Tmax"": 0.0007255047403074508, ""eim_Tmin"": 0.00013246974647468452, ""eim_anneal"": 0.7664913525398744, ""eim_eta"": 0.23358825194833557, ""eim_hscale"": 0.6218230782016851, ""eim_moves"": 52984, ""eim_rho"": 4.5566719139214715, ""g_scale"": 1370.4648392849028, ""p_add"": 0.0716766437045232, ""p_swap"": 0.8407909904010871, ""start"": ""lp"", ""topw"": 11}",10.0,1,10.033,0,22.0925683113186,"[23.002299, 22.426865, 22.239964, 22.068587, 21.944428, 21.803305, 21.685428, 21.569671]",21.569671069671116,1661.4803356643351,10926,1,"{""eim_acc"": 53024863, ""rep_n_add"": 5, ""rep_n_drop"": 0, ""rep_n_fill"": 24, ""start_n_add"": 497, ""start_n_drop"": 0, ""start_n_fill"": 12915}",ok,sols/heldout_full_Region7_s0.3_F1_eim_fea13985a5_b10.0_s1.npz,,,,,
2026-09-28T21:38:49,heldout,full_Region7_s0.3,F1,"{""k"": 4, ""name"": ""F1"", ""tau"": 0.0}",cpsat,classical,cd6c30cd5f,"{""cp_model_presolve"": false, ""linearization_level"": 1, ""repair_hint"": false, ""start"": ""lp""}",10.0,1,9.881,0,22.209533232970813,"[23.051233, 22.566239, 22.385425, 22.24516, 22.06216, 21.943392, 21.817049, 21.605607]",21.60560735560741,1802.0337447552445,13792,1,"{""cp_improved"": 8, ""cp_time"": 9.627371549606323, ""rep_n_add"": 0, ""rep_n_drop"": 0, ""rep_n_fill"": 1914}",ok,sols/heldout_full_Region7_s0.3_F1_cpsat_cd6c30cd5f_b10.0_s1.npz,,,,,
2026-09-28T21:39:00,heldout,full_Region7_s0.3,F1,"{""k"": 4, ""name"": ""F1"", ""tau"": 0.0}",cpsat,classical,cd6c30cd5f,"{""cp_model_presolve"": false, ""linearization_level"": 1, ""repair_hint"": false, ""start"": ""lp""}",10.0,0,9.887,0,22.302050958301233,"[23.051233, 22.70495, 22.477321, 22.292201, 22.195675, 22.075159, 21.913575, 21.706294]",21.706293706293668,1812.9751048951043,14311,1,"{""cp_improved"": 8, ""cp_time"": 9.580646276473999, ""rep_n_add"": 0, ""rep_n_drop"": 0, ""rep_n_fill"": 1602}",ok,sols/heldout_full_Region7_s0.3_F1_cpsat_cd6c30cd5f_b10.0_s0.npz,,,,,
2026-09-28T21:39:11,heldout,full_Region7_s0.3,F1,"{""k"": 4, ""name"": ""F1"", ""tau"": 0.0}",ls,classical,cf76477493,"{""g_scale"": 138.69861245357328, ""ls_T0"": 0.0025766385746135885, ""ls_T1"": 3.895706556508577e-06, ""ls_chains"": 16, ""ls_moves"": 23860, ""ls_restart_every"": 0, ""p_add"": 0.32294705653332806, ""p_swap"": 0.38687290659310525, ""start"": ""pgreedy"", ""topw"": 43}",10.0,2,10.011,0,22.211852094664657,"[23.197666, 22.824981, 22.521238, 22.237697, 21.988944, 21.784075, 21.646109, 21.494108]",21.494107744107826,1527.7451993006987,7376,1,"{""ls_acc"": 40370361, ""rep_n_add"": 3, ""rep_n_drop"": 0, ""rep_n_fill"": 30, ""start_n_add"": 660, ""start_n_drop"": 0, ""start_n_fill"": 33606}",ok,sols/heldout_full_Region7_s0.3_F1_ls_cf76477493_b10.0_s2.npz,,,,,
2026-09-28T21:39:11,heldout,full_Region7_s0.3,F1,"{""k"": 4, ""name"": ""F1"", ""tau"": 0.0}",greedy,classical,bf21a9e8fb,{},10.0,0,0.052,0,30.526142838642876,"[31.469017, 31.455501, 31.069153, 31.024119, 31.024119, 30.227775, 29.137788, 28.801671]",28.801670551670572,2043.182601398601,15061,1,"{""rep_n_add"": 15, ""rep_n_drop"": 0, ""rep_n_fill"": 16}",ok,sols/heldout_full_Region7_s0.3_F1_greedy_bf21a9e8fb_b10.0_s0.npz,,,,,
2026-09-28T21:39:12,heldout,full_Region7_s0.3,F1,"{""k"": 4, ""name"": ""F1"", ""tau"": 0.0}",pgreedy,classical,bf21a9e8fb,{},10.0,0,0.088,0,26.940852839290407,"[32.687241, 27.09515, 27.089096, 25.87377, 25.87377, 25.87377, 25.87377, 25.160256]",25.160256410256434,2017.35722027972,15357,1,"{""rep_n_add"": 948, ""rep_n_drop"": 0, ""rep_n_fill"": 14409}",ok,sols/heldout_full_Region7_s0.3_F1_pgreedy_bf21a9e8fb_b10.0_s0.npz,,,,,
2026-09-28T21:39:23,heldout,full_Region7_s0.3,F1,"{""k"": 4, ""name"": ""F1"", ""tau"": 0.0}",pt,ising,eb1d04fc51,"{""eim_R"": 16, ""eim_Tmax"": 7.3329031629428645e-06, ""eim_Tmin"": 1.1006348269620852e-06, ""eim_anneal"": 0.9462286962175356, ""eim_hscale"": 1.8587633596816164, ""eim_moves"": 18358, ""eim_rho"": 3.506794739778118, ""g_scale"": 774.8399988560119, ""p_add"": 0.22230587257383633, ""p_swap"": 0.46272105013386755, ""start"": ""lp"", ""topw"": 20}",10.0,2,10.01,0,22.01647484459987,"[22.572439, 22.375405, 22.225298, 22.068069, 21.934554, 21.781549, 21.641171, 21.533314]",21.533313908313993,1566.1109580419577,10775,1,"{""eim_acc"": 504481, ""rep_n_add"": 1, ""rep_n_drop"": 0, ""rep_n_fill"": 12, ""start_n_add"": 462, ""start_n_drop"": 0, ""start_n_fill"": 16767}",ok,sols/heldout_full_Region7_s0.3_F1_pt_eb1d04fc51_b10.0_s2.npz,,,,,
2026-09-28T21:42:05,heldout,full_Region6_s0.1,F1,"{""k"": 4, ""name"": ""F1"", ""tau"": 0.0}",cpsat,classical,cd6c30cd5f,"{""cp_model_presolve"": false, ""linearization_level"": 1, ""repair_hint"": false, ""start"": ""lp""}",300.0,2,161.584,0,20.403485981611045,"[21.015945, 20.745775, 20.519182, 20.322407, 20.156145, 20.156145, 20.156145, 20.156145]",20.15614478114481,2838.981646853149,7584,1,"{""cp_improved"": 5, ""cp_time"": 161.36917185783386, ""rep_n_add"": 0, ""rep_n_drop"": 0, ""rep_n_fill"": 11}",ok,sols/heldout_full_Region6_s0.1_F1_cpsat_cd6c30cd5f_b300.0_s2.npz,,,,,
2026-09-28T21:45:14,heldout,full_Region6_s0.1,F1,"{""k"": 4, ""name"": ""F1"", ""tau"": 0.0}",cpsat,classical,cd6c30cd5f,"{""cp_model_presolve"": false, ""linearization_level"": 1, ""repair_hint"": false, ""start"": ""lp""}",300.0,0,188.459,0,20.353221720409238,"[21.020251, 20.735561, 20.500437, 20.28796, 20.114753, 20.055604, 20.055604, 20.055604]",20.055604118104146,2800.8281748251766,7565,1,"{""cp_improved"": 6, ""cp_time"": 188.2657392024994, ""rep_n_add"": 0, ""rep_n_drop"": 0, ""rep_n_fill"": 198}",ok,sols/heldout_full_Region6_s0.1_F1_cpsat_cd6c30cd5f_b300.0_s0.npz,,,,,
2026-09-28T21:50:15,heldout,full_Region6_s0.1,F1,"{""k"": 4, ""name"": ""F1"", ""tau"": 0.0}",ls,classical,c23556e44b,"{""g_scale"": 2155.4275565447515, ""ls_T0"": 0.0006677306766018312, ""ls_T1"": 1.2541143128078558e-06, ""ls_chains"": 8, ""ls_moves"": 5358, ""ls_restart_every"": 0, ""p_add"": 0.30881774853793853, ""p_swap"": 0.47004576906097556, ""start"": ""pgreedy"", ""topw"": 15}",300.0,1,300.007,0,20.535389957264954,"[21.314637, 20.980526, 20.738005, 20.504662, 20.276855, 20.156145, 20.156145, 20.156145]",20.15614478114481,2826.468069930072,6915,1,"{""ls_acc"": 809421927, ""rep_n_add"": 0, ""rep_n_drop"": 0, ""rep_n_fill"": 7, ""start_n_add"": 944, ""start_n_drop"": 0, ""start_n_fill"": 13921}",ok,sols/heldout_full_Region6_s0.1_F1_ls_c23556e44b_b300.0_s1.npz,,,,,
2026-09-28T21:52:55,heldout,full_Region6_s0.1,F1,"{""k"": 4, ""name"": ""F1"", ""tau"": 0.0}",milp,classical,7609bc1c44,"{""eps_tie"": 0.0, ""mip_heuristic_effort"": 0.8077206102454388, ""presolve"": ""off"", ""start"": ""pgreedy""}",300.0,0,158.833,0,20.439944314944345,"[21.174404, 20.828526, 20.548514, 20.343531, 20.156145, 20.156145, 20.156145, 20.156145]",20.15614478114481,2863.944751748253,7679,1,"{""milp_improved"": 5, ""rep_n_add"": 0, ""rep_n_drop"": 0, ""rep_n_fill"": 22, ""start_n_add"": 1011, ""start_n_drop"": 0, ""start_n_fill"": 12084}",ok,sols/heldout_full_Region6_s0.1_F1_milp_7609bc1c44_b300.0_s0.npz,,,,,
2026-09-28T21:55:34,heldout,full_Region6_s0.1,F1,"{""k"": 4, ""name"": ""F1"", ""tau"": 0.0}",cpsat,classical,cd6c30cd5f,"{""cp_model_presolve"": false, ""linearization_level"": 1, ""repair_hint"": false, ""start"": ""lp""}",300.0,1,158.608,0,20.39735900673402,"[21.023893, 20.737859, 20.504662, 20.287879, 20.156145, 20.156145, 20.156145, 20.156145]",20.15614478114481,2825.0453041958053,7530,1,"{""cp_improved"": 5, ""cp_time"": 158.3842694759369, ""rep_n_add"": 0, ""rep_n_drop"": 0, ""rep_n_fill"": 5}",ok,sols/heldout_full_Region6_s0.1_F1_cpsat_cd6c30cd5f_b300.0_s1.npz,,,,,
2026-09-28T22:00:35,heldout,full_Region6_s0.1,F1,"{""k"": 4, ""name"": ""F1"", ""tau"": 0.0}",eim,ising,fea13985a5,"{""eim_R"": 16, ""eim_Tmax"": 0.0007255047403074508, ""eim_Tmin"": 0.00013246974647468452, ""eim_anneal"": 0.7664913525398744, ""eim_eta"": 0.23358825194833557, ""eim_hscale"": 0.6218230782016851, ""eim_moves"": 52984, ""eim_rho"": 4.5566719139214715, ""g_scale"": 1370.4648392849028, ""p_add"": 0.0716766437045232, ""p_swap"": 0.8407909904010871, ""start"": ""lp"", ""topw"": 11}",300.0,0,300.031,0,20.555071953509383,"[21.323653, 21.031614, 20.725945, 20.526531, 20.364397, 20.156145, 20.156145, 20.156145]",20.15614478114481,2800.2658636363653,7059,1,"{""eim_acc"": 1663481211, ""rep_n_add"": 1, ""rep_n_drop"": 0, ""rep_n_fill"": 31, ""start_n_add"": 588, ""start_n_drop"": 0, ""start_n_fill"": 5096}",ok,sols/heldout_full_Region6_s0.1_F1_eim_fea13985a5_b300.0_s0.npz,,,,,
2026-09-28T22:05:36,heldout,full_Region6_s0.1,F1,"{""k"": 4, ""name"": ""F1"", ""tau"": 0.0}",pt,ising,eb1d04fc51,"{""eim_R"": 16, ""eim_Tmax"": 7.3329031629428645e-06, ""eim_Tmin"": 1.1006348269620852e-06, ""eim_anneal"": 0.9462286962175356, ""eim_hscale"": 1.8587633596816164, ""eim_moves"": 18358, ""eim_rho"": 3.506794739778118, ""g_scale"": 774.8399988560119, ""p_add"": 0.22230587257383633, ""p_swap"": 0.46272105013386755, ""start"": ""lp"", ""topw"": 20}",300.0,2,300.013,0,20.61071856384356,"[21.314151, 21.045649, 20.834062, 20.631232, 20.44731, 20.279931, 20.177269, 20.156145]",20.15614478114481,2758.4107867132884,7658,1,"{""eim_acc"": 3261217, ""rep_n_add"": 1, ""rep_n_drop"": 0, ""rep_n_fill"": 6, ""start_n_add"": 428, ""start_n_drop"": 0, ""start_n_fill"": 7218}",ok,sols/heldout_full_Region6_s0.1_F1_pt_eb1d04fc51_b300.0_s2.npz,,,,,
2026-09-28T22:10:36,heldout,full_Region6_s0.1,F1,"{""k"": 4, ""name"": ""F1"", ""tau"": 0.0}",eim,ising,fea13985a5,"{""eim_R"": 16, ""eim_Tmax"": 0.0007255047403074508, ""eim_Tmin"": 0.00013246974647468452, ""eim_anneal"": 0.7664913525398744, ""eim_eta"": 0.23358825194833557, ""eim_hscale"": 0.6218230782016851, ""eim_moves"": 52984, ""eim_rho"": 4.5566719139214715, ""g_scale"": 1370.4648392849028, ""p_add"": 0.0716766437045232, ""p_swap"": 0.8407909904010871, ""start"": ""lp"", ""topw"": 11}",300.0,2,300.051,0,20.541057611370114,"[21.306802, 20.996973, 20.790695, 20.579141, 20.359978, 20.183664, 20.055604, 20.055604]",20.055604118104146,2760.738409090911,7208,1,"{""eim_acc"": 1711773432, ""rep_n_add"": 12, ""rep_n_drop"": 0, ""rep_n_fill"": 27, ""start_n_add"": 490, ""start_n_drop"": 0, ""start_n_fill"": 6102}",ok,sols/heldout_full_Region6_s0.1_F1_eim_fea13985a5_b300.0_s2.npz,,,,,
2026-09-28T22:15:37,heldout,full_Region6_s0.1,F1,"{""k"": 4, ""name"": ""F1"", ""tau"": 0.0}",ls,classical,c23556e44b,"{""g_scale"": 2155.4275565447515, ""ls_T0"": 0.0006677306766018312, ""ls_T1"": 1.2541143128078558e-06, ""ls_chains"": 8, ""ls_moves"": 5358, ""ls_restart_every"": 0, ""p_add"": 0.30881774853793853, ""p_swap"": 0.47004576906097556, ""start"": ""pgreedy"", ""topw"": 15}",300.0,2,300.007,0,20.523995969308487,"[21.329562, 20.967156, 20.694606, 20.465537, 20.266673, 20.156145, 20.156145, 20.156145]",20.15614478114481,2828.503877622379,6904,1,"{""ls_acc"": 865650305, ""rep_n_add"": 0, ""rep_n_drop"": 0, ""rep_n_fill"": 3, ""start_n_add"": 971, ""start_n_drop"": 0, ""start_n_fill"": 14031}",ok,sols/heldout_full_Region6_s0.1_F1_ls_c23556e44b_b300.0_s2.npz,,,,,
2026-09-28T22:15:44,heldout,full_Region6_s0.1,F1,"{""k"": 4, ""name"": ""F1"", ""tau"": 0.0}",lp,classical,e62ade0088,"{""lexi"": true}",300.0,0,5.985,0,21.234540922040864,"[22.15676, 21.507592, 21.417929, 21.417929, 21.29199, 20.870888, 20.764779, 20.448459]",20.448458948459013,2891.72517832168,7857,1,"{""rep_n_add"": 0, ""rep_n_drop"": 0, ""rep_n_fill"": 0, ""start_n_add"": 711, ""start_n_drop"": 0, ""start_n_fill"": 2971}",ok,sols/heldout_full_Region6_s0.1_F1_lp_e62ade0088_b300.0_s0.npz,,,,,
2026-09-28T22:20:44,heldout,full_Region6_s0.1,F1,"{""k"": 4, ""name"": ""F1"", ""tau"": 0.0}",pt,ising,eb1d04fc51,"{""eim_R"": 16, ""eim_Tmax"": 7.3329031629428645e-06, ""eim_Tmin"": 1.1006348269620852e-06, ""eim_anneal"": 0.9462286962175356, ""eim_hscale"": 1.8587633596816164, ""eim_moves"": 18358, ""eim_rho"": 3.506794739778118, ""g_scale"": 774.8399988560119, ""p_add"": 0.22230587257383633, ""p_swap"": 0.46272105013386755, ""start"": ""lp"", ""topw"": 20}",300.0,1,300.007,0,20.649139633514608,"[21.326081, 21.040631, 20.845344, 20.759243, 20.539821, 20.348582, 20.177269, 20.156145]",20.15614478114481,2761.8874300699313,7666,1,"{""eim_acc"": 3403832, ""rep_n_add"": 1, ""rep_n_drop"": 0, ""rep_n_fill"": 9, ""start_n_add"": 440, ""start_n_drop"": 0, ""start_n_fill"": 8560}",ok,sols/heldout_full_Region6_s0.1_F1_pt_eb1d04fc51_b300.0_s1.npz,,,,,
2026-09-28T22:25:45,heldout,full_Region6_s0.1,F1,"{""k"": 4, ""name"": ""F1"", ""tau"": 0.0}",eim,ising,fea13985a5,"{""eim_R"": 16, ""eim_Tmax"": 0.0007255047403074508, ""eim_Tmin"": 0.00013246974647468452, ""eim_anneal"": 0.7664913525398744, ""eim_eta"": 0.23358825194833557, ""eim_hscale"": 0.6218230782016851, ""eim_moves"": 52984, ""eim_rho"": 4.5566719139214715, ""g_scale"": 1370.4648392849028, ""p_add"": 0.0716766437045232, ""p_swap"": 0.8407909904010871, ""start"": ""lp"", ""topw"": 11}",300.0,1,300.056,0,20.529376295001306,"[21.320238, 20.990142, 20.775916, 20.54042, 20.332362, 20.164724, 20.055604, 20.055604]",20.055604118104146,2776.104933566435,7124,1,"{""eim_acc"": 1765991687, ""rep_n_add"": 2, ""rep_n_drop"": 0, ""rep_n_fill"": 37, ""start_n_add"": 522, ""start_n_drop"": 0, ""start_n_fill"": 5202}",ok,sols/heldout_full_Region6_s0.1_F1_eim_fea13985a5_b300.0_s1.npz,,,,,
2026-09-28T22:30:46,heldout,full_Region6_s0.1,F1,"{""k"": 4, ""name"": ""F1"", ""tau"": 0.0}",pt,ising,eb1d04fc51,"{""eim_R"": 16, ""eim_Tmax"": 7.3329031629428645e-06, ""eim_Tmin"": 1.1006348269620852e-06, ""eim_anneal"": 0.9462286962175356, ""eim_hscale"": 1.8587633596816164, ""eim_moves"": 18358, ""eim_rho"": 3.506794739778118, ""g_scale"": 774.8399988560119, ""p_add"": 0.22230587257383633, ""p_swap"": 0.46272105013386755, ""start"": ""lp"", ""topw"": 20}",300.0,0,300.019,0,20.616669499481993,"[21.328072, 21.040485, 20.836393, 20.645785, 20.461409, 20.287798, 20.177269, 20.156145]",20.15614478114481,2716.709926573428,6578,1,"{""eim_acc"": 7057880, ""rep_n_add"": 1, ""rep_n_drop"": 0, ""rep_n_fill"": 8, ""start_n_add"": 381, ""start_n_drop"": 0, ""start_n_fill"": 7192}",ok,sols/heldout_full_Region6_s0.1_F1_pt_eb1d04fc51_b300.0_s0.npz,,,,,
2026-09-28T22:30:47,heldout,full_Region6_s0.1,F1,"{""k"": 4, ""name"": ""F1"", ""tau"": 0.0}",pgreedy,classical,bf21a9e8fb,{},300.0,0,0.07,0,25.585496390183955,"[31.961279, 25.472902, 24.826033, 24.826033, 24.826033, 24.826033, 24.826033, 23.119626]",23.119625744625875,2960.6842797202817,7986,1,"{""rep_n_add"": 1423, ""rep_n_drop"": 0, ""rep_n_fill"": 6563}",ok,sols/heldout_full_Region6_s0.1_F1_pgreedy_bf21a9e8fb_b300.0_s0.npz,,,,,
2026-09-28T22:30:47,heldout,full_Region6_s0.1,F1,"{""k"": 4, ""name"": ""F1"", ""tau"": 0.0}",greedy,classical,bf21a9e8fb,{},300.0,0,0.071,0,31.00620588901841,"[32.282877, 32.282877, 31.153425, 31.153425, 31.014569, 31.014569, 29.962008, 29.185897]",29.185897435897456,3012.601814685316,7897,1,"{""rep_n_add"": 7, ""rep_n_drop"": 0, ""rep_n_fill"": 13}",ok,sols/heldout_full_Region6_s0.1_F1_greedy_bf21a9e8fb_b300.0_s0.npz,,,,,
2026-09-28T22:35:48,heldout,full_Region6_s0.1,F1,"{""k"": 4, ""name"": ""F1"", ""tau"": 0.0}",ls,classical,c23556e44b,"{""g_scale"": 2155.4275565447515, ""ls_T0"": 0.0006677306766018312, ""ls_T1"": 1.2541143128078558e-06, ""ls_chains"": 8, ""ls_moves"": 5358, ""ls_restart_every"": 0, ""p_add"": 0.30881774853793853, ""p_swap"": 0.47004576906097556, ""start"": ""pgreedy"", ""topw"": 15}",300.0,0,300.004,0,20.54249425343159,"[21.32893, 21.016689, 20.747847, 20.51138, 20.266673, 20.156145, 20.156145, 20.156145]",20.15614478114481,2825.4701048951065,6891,1,"{""ls_acc"": 829135756, ""rep_n_add"": 0, ""rep_n_drop"": 0, ""rep_n_fill"": 7, ""start_n_add"": 941, ""start_n_drop"": 0, ""start_n_fill"": 13950}",ok,sols/heldout_full_Region6_s0.1_F1_ls_c23556e44b_b300.0_s0.npz,,,,,
2026-09-28T22:36:49,heldout,full_Region6_s0.1,F1,"{""k"": 4, ""name"": ""F1"", ""tau"": 0.0}",pt,ising,eb1d04fc51,"{""eim_R"": 16, ""eim_Tmax"": 7.3329031629428645e-06, ""eim_Tmin"": 1.1006348269620852e-06, ""eim_anneal"": 0.9462286962175356, ""eim_hscale"": 1.8587633596816164, ""eim_moves"": 18358, ""eim_rho"": 3.506794739778118, ""g_scale"": 774.8399988560119, ""p_add"": 0.22230587257383633, ""p_swap"": 0.46272105013386755, ""start"": ""lp"", ""topw"": 20}",60.0,2,60.003,0,20.626529720279713,"[21.306883, 21.06666, 20.849132, 20.65158, 20.495047, 20.309521, 20.177269, 20.156145]",20.15614478114481,2743.9583251748268,7682,1,"{""eim_acc"": 900967, ""rep_n_add"": 0, ""rep_n_drop"": 0, ""rep_n_fill"": 5, ""start_n_add"": 482, ""start_n_drop"": 0, ""start_n_fill"": 8093}",ok,sols/heldout_full_Region6_s0.1_F1_pt_eb1d04fc51_b60.0_s2.npz,,,,,
2026-09-28T22:37:49,heldout,full_Region6_s0.1,F1,"{""k"": 4, ""name"": ""F1"", ""tau"": 0.0}",pt,ising,eb1d04fc51,"{""eim_R"": 16, ""eim_Tmax"": 7.3329031629428645e-06, ""eim_Tmin"": 1.1006348269620852e-06, ""eim_anneal"": 0.9462286962175356, ""eim_hscale"": 1.8587633596816164, ""eim_moves"": 18358, ""eim_rho"": 3.506794739778118, ""g_scale"": 774.8399988560119, ""p_add"": 0.22230587257383633, ""p_swap"": 0.46272105013386755, ""start"": ""lp"", ""topw"": 20}",60.0,1,60.014,0,20.65609621859622,"[21.308955, 21.067146, 20.876943, 20.759243, 20.536891, 20.366178, 20.177269, 20.156145]",20.15614478114481,2751.353891608393,7652,1,"{""eim_acc"": 801233, ""rep_n_add"": 0, ""rep_n_drop"": 0, ""rep_n_fill"": 6, ""start_n_add"": 405, ""start_n_drop"": 0, ""start_n_fill"": 8898}",ok,sols/heldout_full_Region6_s0.1_F1_pt_eb1d04fc51_b60.0_s1.npz,,,,,
2026-09-28T22:38:31,heldout,full_Region6_s0.1,F1,"{""k"": 4, ""name"": ""F1"", ""tau"": 0.0}",cpsat,classical,cd6c30cd5f,"{""cp_model_presolve"": false, ""linearization_level"": 1, ""repair_hint"": false, ""start"": ""lp""}",60.0,0,40.673,0,20.415571985884508,"[21.1903, 20.830679, 20.586684, 20.384632, 20.165469, 20.055604, 20.055604, 20.055604]",20.055604118104146,2812.3482132867152,7471,1,"{""cp_improved"": 6, ""cp_time"": 40.451817989349365, ""rep_n_add"": 0, ""rep_n_drop"": 0, ""rep_n_fill"": 45}",ok,sols/heldout_full_Region6_s0.1_F1_cpsat_cd6c30cd5f_b60.0_s0.npz,,,,,
2026-09-28T22:39:32,heldout,full_Region6_s0.1,F1,"{""k"": 4, ""name"": ""F1"", ""tau"": 0.0}",eim,ising,fea13985a5,"{""eim_R"": 16, ""eim_Tmax"": 0.0007255047403074508, ""eim_Tmin"": 0.00013246974647468452, ""eim_anneal"": 0.7664913525398744, ""eim_eta"": 0.23358825194833557, ""eim_hscale"": 0.6218230782016851, ""eim_moves"": 52984, ""eim_rho"": 4.5566719139214715, ""g_scale"": 1370.4648392849028, ""p_add"": 0.0716766437045232, ""p_swap"": 0.8407909904010871, ""start"": ""lp"", ""topw"": 11}",60.0,1,60.057,0,20.59042346542351,"[21.345085, 21.056009, 20.821808, 20.575984, 20.3964, 20.215812, 20.156145, 20.156145]",20.15614478114481,2792.756244755246,7229,1,"{""eim_acc"": 344798361, ""rep_n_add"": 4, ""rep_n_drop"": 0, ""rep_n_fill"": 24, ""start_n_add"": 539, ""start_n_drop"": 0, ""start_n_fill"": 6225}",ok,sols/heldout_full_Region6_s0.1_F1_eim_fea13985a5_b60.0_s1.npz,,,,,
2026-09-28T22:40:32,heldout,full_Region6_s0.1,F1,"{""k"": 4, ""name"": ""F1"", ""tau"": 0.0}",pt,ising,eb1d04fc51,"{""eim_R"": 16, ""eim_Tmax"": 7.3329031629428645e-06, ""eim_Tmin"": 1.1006348269620852e-06, ""eim_anneal"": 0.9462286962175356, ""eim_hscale"": 1.8587633596816164, ""eim_moves"": 18358, ""eim_rho"": 3.506794739778118, ""g_scale"": 774.8399988560119, ""p_add"": 0.22230587257383633, ""p_swap"": 0.46272105013386755, ""start"": ""lp"", ""topw"": 20}",60.0,0,60.012,0,20.660946403133927,"[21.309959, 21.071824, 20.862422, 20.759243, 20.53749, 20.359978, 20.23051, 20.156145]",20.15614478114481,2626.5456643356656,6593,1,"{""eim_acc"": 780412, ""rep_n_add"": 0, ""rep_n_drop"": 0, ""rep_n_fill"": 12, ""start_n_add"": 450, ""start_n_drop"": 0, ""start_n_fill"": 8640}",ok,sols/heldout_full_Region6_s0.1_F1_pt_eb1d04fc51_b60.0_s0.npz,,,,,
2026-09-28T22:41:12,heldout,full_Region6_s0.1,F1,"{""k"": 4, ""name"": ""F1"", ""tau"": 0.0}",cpsat,classical,cd6c30cd5f,"{""cp_model_presolve"": false, ""linearization_level"": 1, ""repair_hint"": false, ""start"": ""lp""}",60.0,2,39.087,0,20.49383660321159,"[21.212947, 20.918642, 20.67701, 20.439507, 20.234152, 20.156145, 20.156145, 20.156145]",20.15614478114481,2798.879716783219,7408,1,"{""cp_improved"": 6, ""cp_time"": 38.8447642326355, ""rep_n_add"": 0, ""rep_n_drop"": 0, ""rep_n_fill"": 24}",ok,sols/heldout_full_Region6_s0.1_F1_cpsat_cd6c30cd5f_b60.0_s2.npz,,,,,
2026-09-28T22:41:19,heldout,full_Region6_s0.1,F1,"{""k"": 4, ""name"": ""F1"", ""tau"": 0.0}",lp,classical,e62ade0088,"{""lexi"": true}",60.0,0,5.7,0,21.234540922040864,"[22.15676, 21.507592, 21.417929, 21.417929, 21.29199, 20.870888, 20.764779, 20.448459]",20.448458948459013,2891.72517832168,7857,1,"{""rep_n_add"": 0, ""rep_n_drop"": 0, ""rep_n_fill"": 0, ""start_n_add"": 711, ""start_n_drop"": 0, ""start_n_fill"": 2971}",ok,sols/heldout_full_Region6_s0.1_F1_lp_e62ade0088_b60.0_s0.npz,,,,,
2026-09-28T22:42:01,heldout,full_Region6_s0.1,F1,"{""k"": 4, ""name"": ""F1"", ""tau"": 0.0}",cpsat,classical,cd6c30cd5f,"{""cp_model_presolve"": false, ""linearization_level"": 1, ""repair_hint"": false, ""start"": ""lp""}",60.0,1,41.153,0,20.553026256151284,"[21.292881, 21.019587, 20.779558, 20.539676, 20.324074, 20.156145, 20.156145, 20.156145]",20.15614478114481,2804.862248251749,7493,1,"{""cp_improved"": 6, ""cp_time"": 40.902910470962524, ""rep_n_add"": 0, ""rep_n_drop"": 0, ""rep_n_fill"": 28}",ok,sols/heldout_full_Region6_s0.1_F1_cpsat_cd6c30cd5f_b60.0_s1.npz,,,,,
2026-09-28T22:43:00,heldout,full_Region6_s0.1,F1,"{""k"": 4, ""name"": ""F1"", ""tau"": 0.0}",milp,classical,7609bc1c44,"{""eps_tie"": 0.0, ""mip_heuristic_effort"": 0.8077206102454388, ""presolve"": ""off"", ""start"": ""pgreedy""}",60.0,0,58.583,0,23.578068343693253,"[31.961279, 24.256459, 23.003189, 22.739883, 22.077975, 21.961765, 21.668124, 20.955873]",20.95587283087279,2926.6695139860158,7874,1,"{""milp_improved"": 6, ""rep_n_add"": 0, ""rep_n_drop"": 0, ""rep_n_fill"": 16, ""start_n_add"": 1430, ""start_n_drop"": 0, ""start_n_fill"": 6861}",ok,sols/heldout_full_Region6_s0.1_F1_milp_7609bc1c44_b60.0_s0.npz,,,,,
2026-09-28T22:43:01,heldout,full_Region6_s0.1,F1,"{""k"": 4, ""name"": ""F1"", ""tau"": 0.0}",pgreedy,classical,bf21a9e8fb,{},60.0,0,0.123,0,25.585496390183955,"[31.961279, 25.472902, 24.826033, 24.826033, 24.826033, 24.826033, 24.826033, 23.119626]",23.119625744625875,2960.6842797202817,7986,1,"{""rep_n_add"": 1423, ""rep_n_drop"": 0, ""rep_n_fill"": 6563}",ok,sols/heldout_full_Region6_s0.1_F1_pgreedy_bf21a9e8fb_b60.0_s0.npz,,,,,
2026-09-28T22:44:02,heldout,full_Region6_s0.1,F1,"{""k"": 4, ""name"": ""F1"", ""tau"": 0.0}",ls,classical,c23556e44b,"{""g_scale"": 2155.4275565447515, ""ls_T0"": 0.0006677306766018312, ""ls_T1"": 1.2541143128078558e-06, ""ls_chains"": 8, ""ls_moves"": 5358, ""ls_restart_every"": 0, ""p_add"": 0.30881774853793853, ""p_swap"": 0.47004576906097556, ""start"": ""pgreedy"", ""topw"": 15}",60.0,0,60.009,0,20.56572738603988,"[21.38039, 21.043755, 20.760991, 20.531841, 20.340407, 20.156145, 20.156145, 20.156145]",20.15614478114481,2823.6003321678336,6933,1,"{""ls_acc"": 174662732, ""rep_n_add"": 0, ""rep_n_drop"": 0, ""rep_n_fill"": 7, ""start_n_add"": 928, ""start_n_drop"": 0, ""start_n_fill"": 13760}",ok,sols/heldout_full_Region6_s0.1_F1_ls_c23556e44b_b60.0_s0.npz,,,,,
2026-09-28T22:45:02,heldout,full_Region6_s0.1,F1,"{""k"": 4, ""name"": ""F1"", ""tau"": 0.0}",eim,ising,fea13985a5,"{""eim_R"": 16, ""eim_Tmax"": 0.0007255047403074508, ""eim_Tmin"": 0.00013246974647468452, ""eim_anneal"": 0.7664913525398744, ""eim_eta"": 0.23358825194833557, ""eim_hscale"": 0.6218230782016851, ""eim_moves"": 52984, ""eim_rho"": 4.5566719139214715, ""g_scale"": 1370.4648392849028, ""p_add"": 0.0716766437045232, ""p_swap"": 0.8407909904010871, ""start"": ""lp"", ""topw"": 11}",60.0,2,60.049,0,20.56714986402489,"[21.366016, 21.034285, 20.805135, 20.592884, 20.400673, 20.221089, 20.061513, 20.055604]",20.055604118104146,2668.9174615384636,5683,1,"{""eim_acc"": 325635577, ""rep_n_add"": 4, ""rep_n_drop"": 0, ""rep_n_fill"": 26, ""start_n_add"": 527, ""start_n_drop"": 0, ""start_n_fill"": 4265}",ok,sols/heldout_full_Region6_s0.1_F1_eim_fea13985a5_b60.0_s2.npz,,,,,
2026-09-28T22:46:03,heldout,full_Region6_s0.1,F1,"{""k"": 4, ""name"": ""F1"", ""tau"": 0.0}",eim,ising,fea13985a5,"{""eim_R"": 16, ""eim_Tmax"": 0.0007255047403074508, ""eim_Tmin"": 0.00013246974647468452, ""eim_anneal"": 0.7664913525398744, ""eim_eta"": 0.23358825194833557, ""eim_hscale"": 0.6218230782016851, ""eim_moves"": 52984, ""eim_rho"": 4.5566719139214715, ""g_scale"": 1370.4648392849028, ""p_add"": 0.0716766437045232, ""p_swap"": 0.8407909904010871, ""start"": ""lp"", ""topw"": 11}",60.0,0,60.03,0,20.615358310670793,"[21.356708, 21.053629, 20.8322, 20.616939, 20.459661, 20.29144, 20.156145, 20.156145]",20.15614478114481,2713.267660839162,7166,1,"{""eim_acc"": 346670825, ""rep_n_add"": 10, ""rep_n_drop"": 0, ""rep_n_fill"": 31, ""start_n_add"": 562, ""start_n_drop"": 0, ""start_n_fill"": 5664}",ok,sols/heldout_full_Region6_s0.1_F1_eim_fea13985a5_b60.0_s0.npz,,,,,
2026-09-28T22:46:04,heldout,full_Region6_s0.1,F1,"{""k"": 4, ""name"": ""F1"", ""tau"": 0.0}",greedy,classical,bf21a9e8fb,{},60.0,0,0.055,0,31.00620588901841,"[32.282877, 32.282877, 31.153425, 31.153425, 31.014569, 31.014569, 29.962008, 29.185897]",29.185897435897456,3012.601814685316,7897,1,"{""rep_n_add"": 7, ""rep_n_drop"": 0, ""rep_n_fill"": 13}",ok,sols/heldout_full_Region6_s0.1_F1_greedy_bf21a9e8fb_b60.0_s0.npz,,,,,
2026-09-28T22:47:04,heldout,full_Region6_s0.1,F1,"{""k"": 4, ""name"": ""F1"", ""tau"": 0.0}",ls,classical,c23556e44b,"{""g_scale"": 2155.4275565447515, ""ls_T0"": 0.0006677306766018312, ""ls_T1"": 1.2541143128078558e-06, ""ls_chains"": 8, ""ls_moves"": 5358, ""ls_restart_every"": 0, ""p_add"": 0.30881774853793853, ""p_swap"": 0.47004576906097556, ""start"": ""pgreedy"", ""topw"": 15}",60.0,2,60.007,0,20.568594599844616,"[21.35666, 21.040631, 20.798708, 20.547656, 20.336668, 20.156145, 20.156145, 20.156145]",20.15614478114481,2824.6053741258756,6888,1,"{""ls_acc"": 161926152, ""rep_n_add"": 0, ""rep_n_drop"": 0, ""rep_n_fill"": 3, ""start_n_add"": 980, ""start_n_drop"": 0, ""start_n_fill"": 14388}",ok,sols/heldout_full_Region6_s0.1_F1_ls_c23556e44b_b60.0_s2.npz,,,,,
2026-09-28T22:48:05,heldout,full_Region6_s0.1,F1,"{""k"": 4, ""name"": ""F1"", ""tau"": 0.0}",ls,classical,c23556e44b,"{""g_scale"": 2155.4275565447515, ""ls_T0"": 0.0006677306766018312, ""ls_T1"": 1.2541143128078558e-06, ""ls_chains"": 8, ""ls_moves"": 5358, ""ls_restart_every"": 0, ""p_add"": 0.30881774853793853, ""p_swap"": 0.47004576906097556, ""start"": ""pgreedy"", ""topw"": 15}",60.0,1,60.006,0,20.53985366485366,"[21.380941, 21.061318, 20.798708, 20.55371, 20.300052, 20.112892, 20.055604, 20.055604]",20.055604118104146,2790.72260839161,6936,1,"{""ls_acc"": 148813013, ""rep_n_add"": 0, ""rep_n_drop"": 0, ""rep_n_fill"": 17, ""start_n_add"": 957, ""start_n_drop"": 0, ""start_n_fill"": 14194}",ok,sols/heldout_full_Region6_s0.1_F1_ls_c23556e44b_b60.0_s1.npz,,,,,
2026-09-28T22:48:16,heldout,full_Region6_s0.1,F1,"{""k"": 4, ""name"": ""F1"", ""tau"": 0.0}",cpsat,classical,cd6c30cd5f,"{""cp_model_presolve"": false, ""linearization_level"": 1, ""repair_hint"": false, ""start"": ""lp""}",10.0,2,9.875,0,20.885685784123297,"[21.507592, 21.22219, 21.095474, 20.921086, 20.758061, 20.680912, 20.509081, 20.39109]",20.391090391090334,2794.392776223778,7594,1,"{""cp_improved"": 8, ""cp_time"": 9.634998798370361, ""rep_n_add"": 0, ""rep_n_drop"": 0, ""rep_n_fill"": 619}",ok,sols/heldout_full_Region6_s0.1_F1_cpsat_cd6c30cd5f_b10.0_s2.npz,,,,,
2026-09-28T22:48:16,heldout,full_Region6_s0.1,F1,"{""k"": 4, ""name"": ""F1"", ""tau"": 0.0}",greedy,classical,bf21a9e8fb,{},10.0,0,0.076,0,31.00620588901841,"[32.282877, 32.282877, 31.153425, 31.153425, 31.014569, 31.014569, 29.962008, 29.185897]",29.185897435897456,3012.601814685316,7897,1,"{""rep_n_add"": 7, ""rep_n_drop"": 0, ""rep_n_fill"": 13}",ok,sols/heldout_full_Region6_s0.1_F1_greedy_bf21a9e8fb_b10.0_s0.npz,,,,,
2026-09-28T22:48:27,heldout,full_Region6_s0.1,F1,"{""k"": 4, ""name"": ""F1"", ""tau"": 0.0}",ls,classical,cf76477493,"{""g_scale"": 138.69861245357328, ""ls_T0"": 0.0025766385746135885, ""ls_T1"": 3.895706556508577e-06, ""ls_chains"": 16, ""ls_moves"": 23860, ""ls_restart_every"": 0, ""p_add"": 0.32294705653332806, ""p_swap"": 0.38687290659310525, ""start"": ""pgreedy"", ""topw"": 43}",10.0,0,10.003,0,20.66529679810929,"[21.62398, 21.279397, 20.967156, 20.662231, 20.454983, 20.22342, 20.055604, 20.055604]",20.055604118104146,2769.167933566435,6658,1,"{""ls_acc"": 36377565, ""rep_n_add"": 1, ""rep_n_drop"": 0, ""rep_n_fill"": 22, ""start_n_add"": 1132, ""start_n_drop"": 0, ""start_n_fill"": 14237}",ok,sols/heldout_full_Region6_s0.1_F1_ls_cf76477493_b10.0_s0.npz,,,,,
2026-09-28T22:48:38,heldout,full_Region6_s0.1,F1,"{""k"": 4, ""name"": ""F1"", ""tau"": 0.0}",eim,ising,fea13985a5,"{""eim_R"": 16, ""eim_Tmax"": 0.0007255047403074508, ""eim_Tmin"": 0.00013246974647468452, ""eim_anneal"": 0.7664913525398744, ""eim_eta"": 0.23358825194833557, ""eim_hscale"": 0.6218230782016851, ""eim_moves"": 52984, ""eim_rho"": 4.5566719139214715, ""g_scale"": 1370.4648392849028, ""p_add"": 0.0716766437045232, ""p_swap"": 0.8407909904010871, ""start"": ""lp"", ""topw"": 11}",10.0,0,10.009,0,20.680780157342674,"[21.622831, 21.176298, 20.926055, 20.685622, 20.456472, 20.266673, 20.156145, 20.156145]",20.15614478114481,2685.4978671328686,5702,1,"{""eim_acc"": 46312181, ""rep_n_add"": 15, ""rep_n_drop"": 0, ""rep_n_fill"": 24, ""start_n_add"": 464, ""start_n_drop"": 0, ""start_n_fill"": 4897}",ok,sols/heldout_full_Region6_s0.1_F1_eim_fea13985a5_b10.0_s0.npz,,,,,
2026-09-28T22:48:49,heldout,full_Region6_s0.1,F1,"{""k"": 4, ""name"": ""F1"", ""tau"": 0.0}",eim,ising,fea13985a5,"{""eim_R"": 16, ""eim_Tmax"": 0.0007255047403074508, ""eim_Tmin"": 0.00013246974647468452, ""eim_anneal"": 0.7664913525398744, ""eim_eta"": 0.23358825194833557, ""eim_hscale"": 0.6218230782016851, ""eim_moves"": 52984, ""eim_rho"": 4.5566719139214715, ""g_scale"": 1370.4648392849028, ""p_add"": 0.0716766437045232, ""p_swap"": 0.8407909904010871, ""start"": ""lp"", ""topw"": 11}",10.0,1,10.052,0,20.664523844211352,"[21.53346, 21.175926, 20.88366, 20.676897, 20.467204, 20.266754, 20.156145, 20.156145]",20.15614478114481,2782.864006993009,7145,1,"{""eim_acc"": 43687755, ""rep_n_add"": 0, ""rep_n_drop"": 0, ""rep_n_fill"": 16, ""start_n_add"": 576, ""start_n_drop"": 0, ""start_n_fill"": 5700}",ok,sols/heldout_full_Region6_s0.1_F1_eim_fea13985a5_b10.0_s1.npz,,,,,
2026-09-28T22:48:59,heldout,full_Region6_s0.1,F1,"{""k"": 4, ""name"": ""F1"", ""tau"": 0.0}",pt,ising,eb1d04fc51,"{""eim_R"": 16, ""eim_Tmax"": 7.3329031629428645e-06, ""eim_Tmin"": 1.1006348269620852e-06, ""eim_anneal"": 0.9462286962175356, ""eim_hscale"": 1.8587633596816164, ""eim_moves"": 18358, ""eim_rho"": 3.506794739778118, ""g_scale"": 774.8399988560119, ""p_add"": 0.22230587257383633, ""p_swap"": 0.46272105013386755, ""start"": ""lp"", ""topw"": 20}",10.0,2,10.013,0,20.671931656306654,"[21.310962, 21.075126, 20.862422, 20.759243, 20.575806, 20.384114, 20.23051, 20.177269]",20.177269489769426,2682.623643356645,7529,1,"{""eim_acc"": 281249, ""rep_n_add"": 0, ""rep_n_drop"": 0, ""rep_n_fill"": 30, ""start_n_add"": 423, ""start_n_drop"": 0, ""start_n_fill"": 8773}",ok,sols/heldout_full_Region6_s0.1_F1_pt_eb1d04fc51_b10.0_s2.npz,,,,,
2026-09-28T22:49:10,heldout,full_Region6_s0.1,F1,"{""k"": 4, ""name"": ""F1"", ""tau"": 0.0}",pt,ising,eb1d04fc51,"{""eim_R"": 16, ""eim_Tmax"": 7.3329031629428645e-06, ""eim_Tmin"": 1.1006348269620852e-06, ""eim_anneal"": 0.9462286962175356, ""eim_hscale"": 1.8587633596816164, ""eim_moves"": 18358, ""eim_rho"": 3.506794739778118, ""g_scale"": 774.8399988560119, ""p_add"": 0.22230587257383633, ""p_swap"": 0.46272105013386755, ""start"": ""lp"", ""topw"": 20}",10.0,1,10.02,0,20.660100605413117,"[21.303904, 21.08322, 20.875194, 20.759243, 20.567631, 20.383887, 20.23051, 20.077214]",20.077214452214513,2601.8560594405612,6496,1,"{""eim_acc"": 273003, ""rep_n_add"": 0, ""rep_n_drop"": 0, ""rep_n_fill"": 12, ""start_n_add"": 514, ""start_n_drop"": 0, ""start_n_fill"": 8622}",ok,sols/heldout_full_Region6_s0.1_F1_pt_eb1d04fc51_b10.0_s1.npz,,,,,
2026-09-28T22:49:12,heldout,full_Region6_s0.1,F1,"{""k"": 4, ""name"": ""F1"", ""tau"": 0.0}",lp,classical,2f39b383fb,"{""lexi"": false}",10.0,0,1.43,0,21.244105720668152,"[21.977775, 21.507592, 21.507592, 21.417929, 21.29199, 20.948297, 20.764779, 20.536891]",20.53689134939139,2894.7089195804215,7828,1,"{""rep_n_add"": 0, ""rep_n_drop"": 0, ""rep_n_fill"": 0, ""start_n_add"": 657, ""start_n_drop"": 0, ""start_n_fill"": 2983}",ok,sols/heldout_full_Region6_s0.1_F1_lp_2f39b383fb_b10.0_s0.npz,,,,,
2026-09-28T22:49:23,heldout,full_Region6_s0.1,F1,"{""k"": 4, ""name"": ""F1"", ""tau"": 0.0}",ls,classical,cf76477493,"{""g_scale"": 138.69861245357328, ""ls_T0"": 0.0025766385746135885, ""ls_T1"": 3.895706556508577e-06, ""ls_chains"": 16, ""ls_moves"": 23860, ""ls_restart_every"": 0, ""p_add"": 0.32294705653332806, ""p_swap"": 0.38687290659310525, ""start"": ""pgreedy"", ""topw"": 43}",10.0,2,10.026,0,20.675488862988864,"[21.613135, 21.235998, 20.91971, 20.688779, 20.420568, 20.213432, 20.156145, 20.156145]",20.15614478114481,2827.6006993007004,6925,1,"{""ls_acc"": 33360713, ""rep_n_add"": 1, ""rep_n_drop"": 0, ""rep_n_fill"": 8, ""start_n_add"": 1172, ""start_n_drop"": 0, ""start_n_fill"": 13436}",ok,sols/heldout_full_Region6_s0.1_F1_ls_cf76477493_b10.0_s2.npz,,,,,
2026-09-28T22:49:23,heldout,full_Region6_s0.1,F1,"{""k"": 4, ""name"": ""F1"", ""tau"": 0.0}",pgreedy,classical,bf21a9e8fb,{},10.0,0,0.083,0,25.585496390183955,"[31.961279, 25.472902, 24.826033, 24.826033, 24.826033, 24.826033, 24.826033, 23.119626]",23.119625744625875,2960.6842797202817,7986,1,"{""rep_n_add"": 1423, ""rep_n_drop"": 0, ""rep_n_fill"": 6563}",ok,sols/heldout_full_Region6_s0.1_F1_pgreedy_bf21a9e8fb_b10.0_s0.npz,,,,,
2026-09-28T22:49:34,heldout,full_Region6_s0.1,F1,"{""k"": 4, ""name"": ""F1"", ""tau"": 0.0}",pt,ising,eb1d04fc51,"{""eim_R"": 16, ""eim_Tmax"": 7.3329031629428645e-06, ""eim_Tmin"": 1.1006348269620852e-06, ""eim_anneal"": 0.9462286962175356, ""eim_hscale"": 1.8587633596816164, ""eim_moves"": 18358, ""eim_rho"": 3.506794739778118, ""g_scale"": 774.8399988560119, ""p_add"": 0.22230587257383633, ""p_swap"": 0.46272105013386755, ""start"": ""lp"", ""topw"": 20}",10.0,0,10.027,0,20.649714290339347,"[21.274686, 21.045535, 20.869771, 20.759243, 20.543981, 20.362762, 20.18559, 20.156145]",20.15614478114481,2692.050611888113,7534,1,"{""eim_acc"": 270484, ""rep_n_add"": 0, ""rep_n_drop"": 0, ""rep_n_fill"": 21, ""start_n_add"": 473, ""start_n_drop"": 0, ""start_n_fill"": 8695}",ok,sols/heldout_full_Region6_s0.1_F1_pt_eb1d04fc51_b10.0_s0.npz,,,,,
2026-09-28T22:49:45,heldout,full_Region6_s0.1,F1,"{""k"": 4, ""name"": ""F1"", ""tau"": 0.0}",ls,classical,cf76477493,"{""g_scale"": 138.69861245357328, ""ls_T0"": 0.0025766385746135885, ""ls_T1"": 3.895706556508577e-06, ""ls_chains"": 16, ""ls_moves"": 23860, ""ls_restart_every"": 0, ""p_add"": 0.32294705653332806, ""p_swap"": 0.38687290659310525, ""start"": ""pgreedy"", ""topw"": 43}",10.0,1,10.013,0,20.678924663299647,"[21.613733, 21.256378, 20.944444, 20.660483, 20.40676, 20.237309, 20.156145, 20.156145]",20.15614478114481,2768.7860769230783,6796,1,"{""ls_acc"": 35937259, ""rep_n_add"": 1, ""rep_n_drop"": 0, ""rep_n_fill"": 20, ""start_n_add"": 1089, ""start_n_drop"": 0, ""start_n_fill"": 14469}",ok,sols/heldout_full_Region6_s0.1_F1_ls_cf76477493_b10.0_s1.npz,,,,,
2026-09-28T22:49:56,heldout,full_Region6_s0.1,F1,"{""k"": 4, ""name"": ""F1"", ""tau"": 0.0}",eim,ising,fea13985a5,"{""eim_R"": 16, ""eim_Tmax"": 0.0007255047403074508, ""eim_Tmin"": 0.00013246974647468452, ""eim_anneal"": 0.7664913525398744, ""eim_eta"": 0.23358825194833557, ""eim_hscale"": 0.6218230782016851, ""eim_moves"": 52984, ""eim_rho"": 4.5566719139214715, ""g_scale"": 1370.4648392849028, ""p_add"": 0.0716766437045232, ""p_swap"": 0.8407909904010871, ""start"": ""lp"", ""topw"": 11}",10.0,2,10.032,0,20.660189636752136,"[21.552804, 21.172251, 20.926055, 20.667735, 20.427739, 20.222643, 20.156145, 20.156145]",20.15614478114481,2746.0753741258754,6918,1,"{""eim_acc"": 45612228, ""rep_n_add"": 3, ""rep_n_drop"": 0, ""rep_n_fill"": 90, ""start_n_add"": 532, ""start_n_drop"": 0, ""start_n_fill"": 5200}",ok,sols/heldout_full_Region6_s0.1_F1_eim_fea13985a5_b10.0_s2.npz,,,,,
2026-09-28T22:50:06,heldout,full_Region6_s0.1,F1,"{""k"": 4, ""name"": ""F1"", ""tau"": 0.0}",milp,classical,7609bc1c44,"{""eps_tie"": 0.0, ""mip_heuristic_effort"": 0.8077206102454388, ""presolve"": ""off"", ""start"": ""pgreedy""}",10.0,0,9.826,0,21.360989704739808,"[25.572374, 21.148601, 21.148601, 21.04123, 20.715472, 20.620354, 20.478487, 20.162798]",20.16279785029785,2876.4530034965055,7713,1,"{""milp_improved"": 6, ""rep_n_add"": 0, ""rep_n_drop"": 0, ""rep_n_fill"": 449, ""start_n_add"": 1011, ""start_n_drop"": 0, ""start_n_fill"": 8963}",ok,sols/heldout_full_Region6_s0.1_F1_milp_7609bc1c44_b10.0_s0.npz,,,,,
2026-09-28T22:50:17,heldout,full_Region6_s0.1,F1,"{""k"": 4, ""name"": ""F1"", ""tau"": 0.0}",cpsat,classical,cd6c30cd5f,"{""cp_model_presolve"": false, ""linearization_level"": 1, ""repair_hint"": false, ""start"": ""lp""}",10.0,0,9.874,0,20.807374627687125,"[21.507592, 21.257349, 21.06993, 20.980008, 20.671992, 20.485658, 20.333026, 20.153441]",20.153441465941462,2692.65746853147,7265,1,"{""cp_improved"": 8, ""cp_time"": 9.630256175994873, ""rep_n_add"": 0, ""rep_n_drop"": 0, ""rep_n_fill"": 162}",ok,sols/heldout_full_Region6_s0.1_F1_cpsat_cd6c30cd5f_b10.0_s0.npz,,,,,
2026-09-28T22:50:27,heldout,full_Region6_s0.1,F1,"{""k"": 4, ""name"": ""F1"", ""tau"": 0.0}",cpsat,classical,cd6c30cd5f,"{""cp_model_presolve"": false, ""linearization_level"": 1, ""repair_hint"": false, ""start"": ""lp""}",10.0,1,9.88,0,20.821194719632256,"[21.507592, 21.230543, 21.036924, 20.901483, 20.719001, 20.585567, 20.367699, 20.220749]",20.220749158249188,2717.9405000000015,7109,1,"{""cp_improved"": 8, ""cp_time"": 9.635132312774658, ""rep_n_add"": 0, ""rep_n_drop"": 0, ""rep_n_fill"": 253}",ok,sols/heldout_full_Region6_s0.1_F1_cpsat_cd6c30cd5f_b10.0_s1.npz,,,,,
2026-09-28T22:55:28,heldout,full_Region6_s0.2,F1,"{""k"": 4, ""name"": ""F1"", ""tau"": 0.0}",eim,ising,fea13985a5,"{""eim_R"": 16, ""eim_Tmax"": 0.0007255047403074508, ""eim_Tmin"": 0.00013246974647468452, ""eim_anneal"": 0.7664913525398744, ""eim_eta"": 0.23358825194833557, ""eim_hscale"": 0.6218230782016851, ""eim_moves"": 52984, ""eim_rho"": 4.5566719139214715, ""g_scale"": 1370.4648392849028, ""p_add"": 0.0716766437045232, ""p_swap"": 0.8407909904010871, ""start"": ""lp"", ""topw"": 11}",300.0,1,300.041,0,22.234656258093786,"[23.091103, 22.766835, 22.490757, 22.265653, 22.083576, 21.89776, 21.732356, 21.54921]",21.549210049210068,2209.314094405594,6215,1,"{""eim_acc"": 1748257608, ""rep_n_add"": 1, ""rep_n_drop"": 0, ""rep_n_fill"": 20, ""start_n_add"": 395, ""start_n_drop"": 0, ""start_n_fill"": 3641}",ok,sols/heldout_full_Region6_s0.2_F1_eim_fea13985a5_b300.0_s1.npz,,,,,
2026-09-28T23:00:22,heldout,full_Region6_s0.2,F1,"{""k"": 4, ""name"": ""F1"", ""tau"": 0.0}",milp,classical,7609bc1c44,"{""eps_tie"": 0.0, ""mip_heuristic_effort"": 0.8077206102454388, ""presolve"": ""off"", ""start"": ""pgreedy""}",300.0,0,292.514,0,22.0685075919451,"[23.01711, 22.627461, 22.396934, 22.10033, 21.869577, 21.726382, 21.495743, 21.314523]",21.314523439523285,2276.0855349650346,6769,1,"{""milp_improved"": 8, ""rep_n_add"": 0, ""rep_n_drop"": 0, ""rep_n_fill"": 263, ""start_n_add"": 226, ""start_n_drop"": 0, ""start_n_fill"": 15011}",ok,sols/heldout_full_Region6_s0.2_F1_milp_7609bc1c44_b300.0_s0.npz,,,,,
2026-09-28T23:05:22,heldout,full_Region6_s0.2,F1,"{""k"": 4, ""name"": ""F1"", ""tau"": 0.0}",pt,ising,eb1d04fc51,"{""eim_R"": 16, ""eim_Tmax"": 7.3329031629428645e-06, ""eim_Tmin"": 1.1006348269620852e-06, ""eim_anneal"": 0.9462286962175356, ""eim_hscale"": 1.8587633596816164, ""eim_moves"": 18358, ""eim_rho"": 3.506794739778118, ""g_scale"": 774.8399988560119, ""p_add"": 0.22230587257383633, ""p_swap"": 0.46272105013386755, ""start"": ""lp"", ""topw"": 20}",300.0,2,300.022,0,22.313100961538467,"[23.069833, 22.782019, 22.566903, 22.365789, 22.172721, 22.012222, 21.846704, 21.688617]",21.68861693861695,2128.2259615384614,6610,1,"{""eim_acc"": 2994070, ""rep_n_add"": 1, ""rep_n_drop"": 0, ""rep_n_fill"": 3, ""start_n_add"": 424, ""start_n_drop"": 0, ""start_n_fill"": 6201}",ok,sols/heldout_full_Region6_s0.2_F1_pt_eb1d04fc51_b300.0_s2.npz,,,,,
2026-09-28T23:10:19,heldout,full_Region6_s0.2,F1,"{""k"": 4, ""name"": ""F1"", ""tau"": 0.0}",cpsat,classical,cd6c30cd5f,"{""cp_model_presolve"": false, ""linearization_level"": 1, ""repair_hint"": false, ""start"": ""lp""}",300.0,1,295.726,0,21.98504071160326,"[22.766657, 22.476609, 22.242262, 22.027519, 21.843256, 21.675926, 21.503836, 21.34426]",21.34425990675992,2150.8691118881115,6690,1,"{""cp_improved"": 8, ""cp_time"": 295.45050525665283, ""rep_n_add"": 0, ""rep_n_drop"": 0, ""rep_n_fill"": 4}",ok,sols/heldout_full_Region6_s0.2_F1_cpsat_cd6c30cd5f_b300.0_s1.npz,,,,,
2026-09-28T23:15:16,heldout,full_Region6_s0.2,F1,"{""k"": 4, ""name"": ""F1"", ""tau"": 0.0}",cpsat,classical,cd6c30cd5f,"{""cp_model_presolve"": false, ""linearization_level"": 1, ""repair_hint"": false, ""start"": ""lp""}",300.0,0,295.719,0,21.983820577570626,"[22.769101, 22.474424, 22.233392, 22.026774, 21.841621, 21.668868, 21.508741, 21.347643]",21.347643097643175,2158.6004965034963,6754,1,"{""cp_improved"": 8, ""cp_time"": 295.4521963596344, ""rep_n_add"": 0, ""rep_n_drop"": 0, ""rep_n_fill"": 19}",ok,sols/heldout_full_Region6_s0.2_F1_cpsat_cd6c30cd5f_b300.0_s0.npz,,,,,
2026-09-28T23:20:17,heldout,full_Region6_s0.2,F1,"{""k"": 4, ""name"": ""F1"", ""tau"": 0.0}",eim,ising,fea13985a5,"{""eim_R"": 16, ""eim_Tmax"": 0.0007255047403074508, ""eim_Tmin"": 0.00013246974647468452, ""eim_anneal"": 0.7664913525398744, ""eim_eta"": 0.23358825194833557, ""eim_hscale"": 0.6218230782016851, ""eim_moves"": 52984, ""eim_rho"": 4.5566719139214715, ""g_scale"": 1370.4648392849028, ""p_add"": 0.0716766437045232, ""p_swap"": 0.8407909904010871, ""start"": ""lp"", ""topw"": 11}",300.0,2,300.014,0,22.273214921652468,"[23.084094, 22.776823, 22.532229, 22.339387, 22.133142, 21.929989, 21.776871, 21.613183]",21.613183113183222,2207.185975524475,6215,1,"{""eim_acc"": 1864863640, ""rep_n_add"": 8, ""rep_n_drop"": 0, ""rep_n_fill"": 19, ""start_n_add"": 591, ""start_n_drop"": 0, ""start_n_fill"": 3301}",ok,sols/heldout_full_Region6_s0.2_F1_eim_fea13985a5_b300.0_s2.npz,,,,,
2026-09-28T23:20:17,heldout,full_Region6_s0.2,F1,"{""k"": 4, ""name"": ""F1"", ""tau"": 0.0}",pgreedy,classical,bf21a9e8fb,{},300.0,0,0.063,0,26.521547607485125,"[30.629419, 26.868703, 26.237762, 26.237762, 26.237762, 25.421523, 25.421523, 25.117926]",25.117926055426054,2593.469342657342,8592,1,"{""rep_n_add"": 755, ""rep_n_drop"": 0, ""rep_n_fill"": 7837}",ok,sols/heldout_full_Region6_s0.2_F1_pgreedy_bf21a9e8fb_b300.0_s0.npz,,,,,
2026-09-28T23:20:24,heldout,full_Region6_s0.2,F1,"{""k"": 4, ""name"": ""F1"", ""tau"": 0.0}",lp,classical,e62ade0088,"{""lexi"": true}",300.0,0,5.869,0,22.961309812872344,"[24.103131, 23.441256, 23.016592, 23.000291, 22.737503, 22.611273, 22.390216, 22.390216]",22.390216265216296,2515.4461643356644,8571,1,"{""rep_n_add"": 0, ""rep_n_drop"": 0, ""rep_n_fill"": 0, ""start_n_add"": 630, ""start_n_drop"": 0, ""start_n_fill"": 3363}",ok,sols/heldout_full_Region6_s0.2_F1_lp_e62ade0088_b300.0_s0.npz,,,,,
2026-09-28T23:25:20,heldout,full_Region6_s0.2,F1,"{""k"": 4, ""name"": ""F1"", ""tau"": 0.0}",cpsat,classical,cd6c30cd5f,"{""cp_model_presolve"": false, ""linearization_level"": 1, ""repair_hint"": false, ""start"": ""lp""}",300.0,2,295.717,0,21.97145736208241,"[22.766722, 22.478584, 22.228454, 22.013857, 21.814151, 21.645591, 21.485755, 21.338546]",21.338545713545752,2154.160748251748,6735,1,"{""cp_improved"": 8, ""cp_time"": 295.46700978279114, ""rep_n_add"": 0, ""rep_n_drop"": 0, ""rep_n_fill"": 7}",ok,sols/heldout_full_Region6_s0.2_F1_cpsat_cd6c30cd5f_b300.0_s2.npz,,,,,
2026-09-28T23:25:21,heldout,full_Region6_s0.2,F1,"{""k"": 4, ""name"": ""F1"", ""tau"": 0.0}",greedy,classical,bf21a9e8fb,{},300.0,0,0.096,0,29.896430247992733,"[30.54785, 30.538073, 30.305507, 30.305507, 29.462494, 29.368784, 29.368784, 29.274443]",29.27444314944314,2639.735576923077,8547,1,"{""rep_n_add"": 9, ""rep_n_drop"": 0, ""rep_n_fill"": 10}",ok,sols/heldout_full_Region6_s0.2_F1_greedy_bf21a9e8fb_b300.0_s0.npz,,,,,
2026-09-28T23:30:22,heldout,full_Region6_s0.2,F1,"{""k"": 4, ""name"": ""F1"", ""tau"": 0.0}",ls,classical,c23556e44b,"{""g_scale"": 2155.4275565447515, ""ls_T0"": 0.0006677306766018312, ""ls_T1"": 1.2541143128078558e-06, ""ls_chains"": 8, ""ls_moves"": 5358, ""ls_restart_every"": 0, ""p_add"": 0.30881774853793853, ""p_swap"": 0.47004576906097556, ""start"": ""pgreedy"", ""topw"": 15}",300.0,1,300.01,0,22.16481926638179,"[23.07184, 22.746746, 22.445383, 22.18457, 22.007025, 21.814556, 21.606789, 21.441644]",21.441644004144,2139.806608391608,5226,1,"{""ls_acc"": 549712391, ""rep_n_add"": 0, ""rep_n_drop"": 0, ""rep_n_fill"": 0, ""start_n_add"": 203, ""start_n_drop"": 0, ""start_n_fill"": 14498}",ok,sols/heldout_full_Region6_s0.2_F1_ls_c23556e44b_b300.0_s1.npz,,,,,
2026-09-28T23:35:22,heldout,full_Region6_s0.2,F1,"{""k"": 4, ""name"": ""F1"", ""tau"": 0.0}",pt,ising,eb1d04fc51,"{""eim_R"": 16, ""eim_Tmax"": 7.3329031629428645e-06, ""eim_Tmin"": 1.1006348269620852e-06, ""eim_anneal"": 0.9462286962175356, ""eim_hscale"": 1.8587633596816164, ""eim_moves"": 18358, ""eim_rho"": 3.506794739778118, ""g_scale"": 774.8399988560119, ""p_add"": 0.22230587257383633, ""p_swap"": 0.46272105013386755, ""start"": ""lp"", ""topw"": 20}",300.0,1,300.004,0,22.32679155335408,"[23.110334, 22.799987, 22.584984, 22.392742, 22.193554, 22.007802, 21.846704, 21.678225]",21.678224553224613,2124.0379195804194,6574,1,"{""eim_acc"": 3235965, ""rep_n_add"": 0, ""rep_n_drop"": 0, ""rep_n_fill"": 7, ""start_n_add"": 323, ""start_n_drop"": 0, ""start_n_fill"": 6296}",ok,sols/heldout_full_Region6_s0.2_F1_pt_eb1d04fc51_b300.0_s1.npz,,,,,
2026-09-28T23:40:23,heldout,full_Region6_s0.2,F1,"{""k"": 4, ""name"": ""F1"", ""tau"": 0.0}",pt,ising,eb1d04fc51,"{""eim_R"": 16, ""eim_Tmax"": 7.3329031629428645e-06, ""eim_Tmin"": 1.1006348269620852e-06, ""eim_anneal"": 0.9462286962175356, ""eim_hscale"": 1.8587633596816164, ""eim_moves"": 18358, ""eim_rho"": 3.506794739778118, ""g_scale"": 774.8399988560119, ""p_add"": 0.22230587257383633, ""p_swap"": 0.46272105013386755, ""start"": ""lp"", ""topw"": 20}",300.0,0,300.014,0,22.320816336441368,"[23.059586, 22.777972, 22.581051, 22.403765, 22.193036, 22.024362, 21.859071, 21.667686]",21.66768648018643,2131.047164335664,6501,1,"{""eim_acc"": 3392804, ""rep_n_add"": 0, ""rep_n_drop"": 0, ""rep_n_fill"": 1, ""start_n_add"": 335, ""start_n_drop"": 0, ""start_n_fill"": 6349}",ok,sols/heldout_full_Region6_s0.2_F1_pt_eb1d04fc51_b300.0_s0.npz,,,,,
2026-09-28T23:45:24,heldout,full_Region6_s0.2,F1,"{""k"": 4, ""name"": ""F1"", ""tau"": 0.0}",ls,classical,c23556e44b,"{""g_scale"": 2155.4275565447515, ""ls_T0"": 0.0006677306766018312, ""ls_T1"": 1.2541143128078558e-06, ""ls_chains"": 8, ""ls_moves"": 5358, ""ls_restart_every"": 0, ""p_add"": 0.30881774853793853, ""p_swap"": 0.47004576906097556, ""start"": ""pgreedy"", ""topw"": 15}",300.0,0,300.008,0,22.16327740546496,"[23.070723, 22.742295, 22.471413, 22.18954, 21.987827, 21.795098, 21.616777, 21.432547]",21.432546620046704,2149.949171328671,5205,1,"{""ls_acc"": 546200889, ""rep_n_add"": 0, ""rep_n_drop"": 0, ""rep_n_fill"": 9, ""start_n_add"": 218, ""start_n_drop"": 0, ""start_n_fill"": 14634}",ok,sols/heldout_full_Region6_s0.2_F1_ls_c23556e44b_b300.0_s0.npz,,,,,
2026-09-28T23:50:25,heldout,full_Region6_s0.2,F1,"{""k"": 4, ""name"": ""F1"", ""tau"": 0.0}",ls,classical,c23556e44b,"{""g_scale"": 2155.4275565447515, ""ls_T0"": 0.0006677306766018312, ""ls_T1"": 1.2541143128078558e-06, ""ls_chains"": 8, ""ls_moves"": 5358, ""ls_restart_every"": 0, ""p_add"": 0.30881774853793853, ""p_swap"": 0.47004576906097556, ""start"": ""pgreedy"", ""topw"": 15}",300.0,2,300.008,0,22.148251343563864,"[23.102062, 22.746083, 22.429422, 22.188536, 21.992505, 21.770963, 21.570335, 21.386105]",21.38610463610466,2150.2480489510485,5277,1,"{""ls_acc"": 548207866, ""rep_n_add"": 0, ""rep_n_drop"": 0, ""rep_n_fill"": 11, ""start_n_add"": 188, ""start_n_drop"": 0, ""start_n_fill"": 14616}",ok,sols/heldout_full_Region6_s0.2_F1_ls_c23556e44b_b300.0_s2.npz,,,,,
2026-09-28T23:55:25,heldout,full_Region6_s0.2,F1,"{""k"": 4, ""name"": ""F1"", ""tau"": 0.0}",eim,ising,fea13985a5,"{""eim_R"": 16, ""eim_Tmax"": 0.0007255047403074508, ""eim_Tmin"": 0.00013246974647468452, ""eim_anneal"": 0.7664913525398744, ""eim_eta"": 0.23358825194833557, ""eim_hscale"": 0.6218230782016851, ""eim_moves"": 52984, ""eim_rho"": 4.5566719139214715, ""g_scale"": 1370.4648392849028, ""p_add"": 0.0716766437045232, ""p_swap"": 0.8407909904010871, ""start"": ""lp"", ""topw"": 11}",300.0,0,300.039,0,22.226200304325324,"[23.06263, 22.736726, 22.470927, 22.273229, 22.074042, 21.891074, 21.721996, 21.578979]",21.57897889147887,2270.477804195804,6118,1,"{""eim_acc"": 1734374698, ""rep_n_add"": 11, ""rep_n_drop"": 0, ""rep_n_fill"": 9, ""start_n_add"": 511, ""start_n_drop"": 0, ""start_n_fill"": 3914}",ok,sols/heldout_full_Region6_s0.2_F1_eim_fea13985a5_b300.0_s0.npz,,,,,
2026-09-28T23:56:26,heldout,full_Region6_s0.2,F1,"{""k"": 4, ""name"": ""F1"", ""tau"": 0.0}",pt,ising,eb1d04fc51,"{""eim_R"": 16, ""eim_Tmax"": 7.3329031629428645e-06, ""eim_Tmin"": 1.1006348269620852e-06, ""eim_anneal"": 0.9462286962175356, ""eim_hscale"": 1.8587633596816164, ""eim_moves"": 18358, ""eim_rho"": 3.506794739778118, ""g_scale"": 774.8399988560119, ""p_add"": 0.22230587257383633, ""p_swap"": 0.46272105013386755, ""start"": ""lp"", ""topw"": 20}",60.0,1,60.017,0,22.325864818052334,"[23.118541, 22.784884, 22.567275, 22.375178, 22.200272, 22.014747, 21.855284, 21.690738]",21.690737503237585,2137.7098916083914,6669,1,"{""eim_acc"": 823291, ""rep_n_add"": 1, ""rep_n_drop"": 0, ""rep_n_fill"": 1, ""start_n_add"": 423, ""start_n_drop"": 0, ""start_n_fill"": 6239}",ok,sols/heldout_full_Region6_s0.2_F1_pt_eb1d04fc51_b60.0_s1.npz,,,,,
2026-09-28T23:56:27,heldout,full_Region6_s0.2,F1,"{""k"": 4, ""name"": ""F1"", ""tau"": 0.0}",greedy,classical,bf21a9e8fb,{},60.0,0,0.077,0,29.896430247992733,"[30.54785, 30.538073, 30.305507, 30.305507, 29.462494, 29.368784, 29.368784, 29.274443]",29.27444314944314,2639.735576923077,8547,1,"{""rep_n_add"": 9, ""rep_n_drop"": 0, ""rep_n_fill"": 10}",ok,sols/heldout_full_Region6_s0.2_F1_greedy_bf21a9e8fb_b60.0_s0.npz,,,,,
2026-09-28T23:57:28,heldout,full_Region6_s0.2,F1,"{""k"": 4, ""name"": ""F1"", ""tau"": 0.0}",eim,ising,fea13985a5,"{""eim_R"": 16, ""eim_Tmax"": 0.0007255047403074508, ""eim_Tmin"": 0.00013246974647468452, ""eim_anneal"": 0.7664913525398744, ""eim_eta"": 0.23358825194833557, ""eim_hscale"": 0.6218230782016851, ""eim_moves"": 52984, ""eim_rho"": 4.5566719139214715, ""g_scale"": 1370.4648392849028, ""p_add"": 0.0716766437045232, ""p_swap"": 0.8407909904010871, ""start"": ""lp"", ""topw"": 11}",60.0,0,60.016,0,22.33738223581974,"[23.12589, 22.835373, 22.5884, 22.383013, 22.219244, 22.028037, 21.847562, 21.671539]",21.671539109039127,2160.553601398601,6292,1,"{""eim_acc"": 351022618, ""rep_n_add"": 6, ""rep_n_drop"": 0, ""rep_n_fill"": 11, ""start_n_add"": 382, ""start_n_drop"": 0, ""start_n_fill"": 3934}",ok,sols/heldout_full_Region6_s0.2_F1_eim_fea13985a5_b60.0_s0.npz,,,,,
2026-09-28T23:58:28,heldout,full_Region6_s0.2,F1,"{""k"": 4, ""name"": ""F1"", ""tau"": 0.0}",ls,classical,c23556e44b,"{""g_scale"": 2155.4275565447515, ""ls_T0"": 0.0006677306766018312, ""ls_T1"": 1.2541143128078558e-06, ""ls_chains"": 8, ""ls_moves"": 5358, ""ls_restart_every"": 0, ""p_add"": 0.30881774853793853, ""p_swap"": 0.47004576906097556, ""start"": ""pgreedy"", ""topw"": 15}",60.0,0,60.006,0,22.22652607808859,"[23.152923, 22.797284, 22.500486, 22.306899, 22.056737, 21.871843, 21.6633, 21.462736]",21.4627363377364,2134.225863636363,5262,1,"{""ls_acc"": 107601407, ""rep_n_add"": 0, ""rep_n_drop"": 0, ""rep_n_fill"": 1, ""start_n_add"": 227, ""start_n_drop"": 0, ""start_n_fill"": 14202}",ok,sols/heldout_full_Region6_s0.2_F1_ls_c23556e44b_b60.0_s0.npz,,,,,
2026-09-28T23:58:35,heldout,full_Region6_s0.2,F1,"{""k"": 4, ""name"": ""F1"", ""tau"": 0.0}",lp,classical,e62ade0088,"{""lexi"": true}",60.0,0,6.096,0,22.961309812872344,"[24.103131, 23.441256, 23.016592, 23.000291, 22.737503, 22.611273, 22.390216, 22.390216]",22.390216265216296,2515.4461643356644,8571,1,"{""rep_n_add"": 0, ""rep_n_drop"": 0, ""rep_n_fill"": 0, ""start_n_add"": 630, ""start_n_drop"": 0, ""start_n_fill"": 3363}",ok,sols/heldout_full_Region6_s0.2_F1_lp_e62ade0088_b60.0_s0.npz,,,,,
2026-09-28T23:59:36,heldout,full_Region6_s0.2,F1,"{""k"": 4, ""name"": ""F1"", ""tau"": 0.0}",eim,ising,fea13985a5,"{""eim_R"": 16, ""eim_Tmax"": 0.0007255047403074508, ""eim_Tmin"": 0.00013246974647468452, ""eim_anneal"": 0.7664913525398744, ""eim_eta"": 0.23358825194833557, ""eim_hscale"": 0.6218230782016851, ""eim_moves"": 52984, ""eim_rho"": 4.5566719139214715, ""g_scale"": 1370.4648392849028, ""p_add"": 0.0716766437045232, ""p_swap"": 0.8407909904010871, ""start"": ""lp"", ""topw"": 11}",60.0,1,60.023,0,22.314930150867653,"[23.135765, 22.824349, 22.568166, 22.36226, 22.179811, 21.992327, 21.833528, 21.623236]",21.623235560735573,2201.6243426573424,6338,1,"{""eim_acc"": 333897466, ""rep_n_add"": 9, ""rep_n_drop"": 0, ""rep_n_fill"": 18, ""start_n_add"": 425, ""start_n_drop"": 0, ""start_n_fill"": 4163}",ok,sols/heldout_full_Region6_s0.2_F1_eim_fea13985a5_b60.0_s1.npz,,,,,
2026-09-29T00:00:36,heldout,full_Region6_s0.2,F1,"{""k"": 4, ""name"": ""F1"", ""tau"": 0.0}",ls,classical,c23556e44b,"{""g_scale"": 2155.4275565447515, ""ls_T0"": 0.0006677306766018312, ""ls_T1"": 1.2541143128078558e-06, ""ls_chains"": 8, ""ls_moves"": 5358, ""ls_restart_every"": 0, ""p_add"": 0.30881774853793853, ""p_swap"": 0.47004576906097556, ""start"": ""pgreedy"", ""topw"": 15}",60.0,2,60.003,0,22.229282002719515,"[23.149913, 22.793383, 22.505196, 22.260975, 22.070594, 21.879678, 21.684683, 21.489834]",21.489834239834323,2143.4766398601396,5209,1,"{""ls_acc"": 103629126, ""rep_n_add"": 0, ""rep_n_drop"": 0, ""rep_n_fill"": 15, ""start_n_add"": 189, ""start_n_drop"": 0, ""start_n_fill"": 14196}",ok,sols/heldout_full_Region6_s0.2_F1_ls_c23556e44b_b60.0_s2.npz,,,,,
2026-09-29T00:00:37,heldout,full_Region6_s0.2,F1,"{""k"": 4, ""name"": ""F1"", ""tau"": 0.0}",pgreedy,classical,bf21a9e8fb,{},60.0,0,0.096,0,26.521547607485125,"[30.629419, 26.868703, 26.237762, 26.237762, 26.237762, 25.421523, 25.421523, 25.117926]",25.117926055426054,2593.469342657342,8592,1,"{""rep_n_add"": 755, ""rep_n_drop"": 0, ""rep_n_fill"": 7837}",ok,sols/heldout_full_Region6_s0.2_F1_pgreedy_bf21a9e8fb_b60.0_s0.npz,,,,,
2026-09-29T00:01:38,heldout,full_Region6_s0.2,F1,"{""k"": 4, ""name"": ""F1"", ""tau"": 0.0}",pt,ising,eb1d04fc51,"{""eim_R"": 16, ""eim_Tmax"": 7.3329031629428645e-06, ""eim_Tmin"": 1.1006348269620852e-06, ""eim_anneal"": 0.9462286962175356, ""eim_hscale"": 1.8587633596816164, ""eim_moves"": 18358, ""eim_rho"": 3.506794739778118, ""g_scale"": 774.8399988560119, ""p_add"": 0.22230587257383633, ""p_swap"": 0.46272105013386755, ""start"": ""lp"", ""topw"": 20}",60.0,0,60.015,0,22.31659139471642,"[23.085422, 22.800732, 22.582799, 22.37997, 22.172947, 21.998187, 21.833932, 21.678743]",21.678742553742556,2134.245867132867,6655,1,"{""eim_acc"": 833800, ""rep_n_add"": 2, ""rep_n_drop"": 0, ""rep_n_fill"": 26, ""start_n_add"": 461, ""start_n_drop"": 0, ""start_n_fill"": 6083}",ok,sols/heldout_full_Region6_s0.2_F1_pt_eb1d04fc51_b60.0_s0.npz,,,,,
2026-09-29T00:02:39,heldout,full_Region6_s0.2,F1,"{""k"": 4, ""name"": ""F1"", ""tau"": 0.0}",ls,classical,c23556e44b,"{""g_scale"": 2155.4275565447515, ""ls_T0"": 0.0006677306766018312, ""ls_T1"": 1.2541143128078558e-06, ""ls_chains"": 8, ""ls_moves"": 5358, ""ls_restart_every"": 0, ""p_add"": 0.30881774853793853, ""p_swap"": 0.47004576906097556, ""start"": ""pgreedy"", ""topw"": 15}",60.0,1,60.003,0,22.206388807951296,"[23.118541, 22.79717, 22.506054, 22.260603, 22.030789, 21.827668, 21.657019, 21.453267]",21.453266640766703,2144.6795839160836,5255,1,"{""ls_acc"": 105115607, ""rep_n_add"": 0, ""rep_n_drop"": 0, ""rep_n_fill"": 14, ""start_n_add"": 187, ""start_n_drop"": 0, ""start_n_fill"": 14234}",ok,sols/heldout_full_Region6_s0.2_F1_ls_c23556e44b_b60.0_s1.npz,,,,,
2026-09-29T00:03:39,heldout,full_Region6_s0.2,F1,"{""k"": 4, ""name"": ""F1"", ""tau"": 0.0}",pt,ising,eb1d04fc51,"{""eim_R"": 16, ""eim_Tmax"": 7.3329031629428645e-06, ""eim_Tmin"": 1.1006348269620852e-06, ""eim_anneal"": 0.9462286962175356, ""eim_hscale"": 1.8587633596816164, ""eim_moves"": 18358, ""eim_rho"": 3.506794739778118, ""g_scale"": 774.8399988560119, ""p_add"": 0.22230587257383633, ""p_swap"": 0.46272105013386755, ""start"": ""lp"", ""topw"": 20}",60.0,2,60.015,0,22.293064863377374,"[23.013954, 22.757446, 22.557547, 22.351722, 22.173838, 21.993622, 21.818425, 21.677966]",21.677965552965606,2134.163744755245,6613,1,"{""eim_acc"": 792934, ""rep_n_add"": 0, ""rep_n_drop"": 0, ""rep_n_fill"": 10, ""start_n_add"": 357, ""start_n_drop"": 0, ""start_n_fill"": 6278}",ok,sols/heldout_full_Region6_s0.2_F1_pt_eb1d04fc51_b60.0_s2.npz,,,,,
2026-09-29T00:04:40,heldout,full_Region6_s0.2,F1,"{""k"": 4, ""name"": ""F1"", ""tau"": 0.0}",milp,classical,7609bc1c44,"{""eps_tie"": 0.0, ""mip_heuristic_effort"": 0.8077206102454388, ""presolve"": ""off"", ""start"": ""pgreedy""}",60.0,0,59.627,0,24.936737163299668,"[30.629419, 26.150333, 24.879047, 24.039044, 23.745921, 23.701518, 23.238054, 23.110561]",23.11056073556074,2585.2694335664332,8609,1,"{""milp_improved"": 6, ""rep_n_add"": 0, ""rep_n_drop"": 0, ""rep_n_fill"": 26, ""start_n_add"": 723, ""start_n_drop"": 0, ""start_n_fill"": 8299}",ok,sols/heldout_full_Region6_s0.2_F1_milp_7609bc1c44_b60.0_s0.npz,,,,,
2026-09-29T00:05:40,heldout,full_Region6_s0.2,F1,"{""k"": 4, ""name"": ""F1"", ""tau"": 0.0}",eim,ising,fea13985a5,"{""eim_R"": 16, ""eim_Tmax"": 0.0007255047403074508, ""eim_Tmin"": 0.00013246974647468452, ""eim_anneal"": 0.7664913525398744, ""eim_eta"": 0.23358825194833557, ""eim_hscale"": 0.6218230782016851, ""eim_moves"": 52984, ""eim_rho"": 4.5566719139214715, ""g_scale"": 1370.4648392849028, ""p_add"": 0.0716766437045232, ""p_swap"": 0.8407909904010871, ""start"": ""lp"", ""topw"": 11}",60.0,2,60.024,0,22.290899783087283,"[23.105656, 22.816288, 22.511509, 22.335422, 22.15294, 21.949106, 21.815074, 21.641204]",21.641203703703695,2238.1708006993003,6427,1,"{""eim_acc"": 354940313, ""rep_n_add"": 21, ""rep_n_drop"": 0, ""rep_n_fill"": 34, ""start_n_add"": 417, ""start_n_drop"": 0, ""start_n_fill"": 3859}",ok,sols/heldout_full_Region6_s0.2_F1_eim_fea13985a5_b60.0_s2.npz,,,,,
2026-09-29T00:06:40,heldout,full_Region6_s0.2,F1,"{""k"": 4, ""name"": ""F1"", ""tau"": 0.0}",cpsat,classical,cd6c30cd5f,"{""cp_model_presolve"": false, ""linearization_level"": 1, ""repair_hint"": false, ""start"": ""lp""}",60.0,2,59.202,0,22.192026434214014,"[23.107404, 22.717787, 22.464436, 22.235172, 22.032051, 21.834386, 21.664935, 21.480041]",21.480040792540784,2215.649506993007,6641,1,"{""cp_improved"": 8, ""cp_time"": 58.92978572845459, ""rep_n_add"": 0, ""rep_n_drop"": 0, ""rep_n_fill"": 92}",ok,sols/heldout_full_Region6_s0.2_F1_cpsat_cd6c30cd5f_b60.0_s2.npz,,,,,
2026-09-29T00:07:40,heldout,full_Region6_s0.2,F1,"{""k"": 4, ""name"": ""F1"", ""tau"": 0.0}",cpsat,classical,cd6c30cd5f,"{""cp_model_presolve"": false, ""linearization_level"": 1, ""repair_hint"": false, ""start"": ""lp""}",60.0,1,59.189,0,22.12678265022015,"[23.100832, 22.633434, 22.396157, 22.171426, 21.962396, 21.769296, 21.573637, 21.407084]",21.407083657083685,2169.578534965035,6601,1,"{""cp_improved"": 8, ""cp_time"": 58.94895005226135, ""rep_n_add"": 0, ""rep_n_drop"": 0, ""rep_n_fill"": 24}",ok,sols/heldout_full_Region6_s0.2_F1_cpsat_cd6c30cd5f_b60.0_s1.npz,,,,,
2026-09-29T00:08:41,heldout,full_Region6_s0.2,F1,"{""k"": 4, ""name"": ""F1"", ""tau"": 0.0}",cpsat,classical,cd6c30cd5f,"{""cp_model_presolve"": false, ""linearization_level"": 1, ""repair_hint"": false, ""start"": ""lp""}",60.0,0,59.193,0,22.1609261687387,"[23.144198, 22.697552, 22.425894, 22.192923, 21.980478, 21.79607, 21.613992, 21.436302]",21.436302123802186,2156.026706293706,6685,1,"{""cp_improved"": 8, ""cp_time"": 58.93502235412598, ""rep_n_add"": 0, ""rep_n_drop"": 0, ""rep_n_fill"": 16}",ok,sols/heldout_full_Region6_s0.2_F1_cpsat_cd6c30cd5f_b60.0_s0.npz,,,,,
2026-09-29T00:08:51,heldout,full_Region6_s0.2,F1,"{""k"": 4, ""name"": ""F1"", ""tau"": 0.0}",pt,ising,eb1d04fc51,"{""eim_R"": 16, ""eim_Tmax"": 7.3329031629428645e-06, ""eim_Tmin"": 1.1006348269620852e-06, ""eim_anneal"": 0.9462286962175356, ""eim_hscale"": 1.8587633596816164, ""eim_moves"": 18358, ""eim_rho"": 3.506794739778118, ""g_scale"": 774.8399988560119, ""p_add"": 0.22230587257383633, ""p_swap"": 0.46272105013386755, ""start"": ""lp"", ""topw"": 20}",10.0,1,10.009,0,22.34933671652423,"[23.068198, 22.822488, 22.603325, 22.40362, 22.225444, 22.050311, 21.88706, 21.73425]",21.734249546749563,2158.814367132867,6732,1,"{""eim_acc"": 274915, ""rep_n_add"": 0, ""rep_n_drop"": 0, ""rep_n_fill"": 17, ""start_n_add"": 333, ""start_n_drop"": 0, ""start_n_fill"": 6451}",ok,sols/heldout_full_Region6_s0.2_F1_pt_eb1d04fc51_b10.0_s1.npz,,,,,
2026-09-29T00:08:52,heldout,full_Region6_s0.2,F1,"{""k"": 4, ""name"": ""F1"", ""tau"": 0.0}",greedy,classical,bf21a9e8fb,{},10.0,0,0.084,0,29.896430247992733,"[30.54785, 30.538073, 30.305507, 30.305507, 29.462494, 29.368784, 29.368784, 29.274443]",29.27444314944314,2639.735576923077,8547,1,"{""rep_n_add"": 9, ""rep_n_drop"": 0, ""rep_n_fill"": 10}",ok,sols/heldout_full_Region6_s0.2_F1_greedy_bf21a9e8fb_b10.0_s0.npz,,,,,
2026-09-29T00:09:03,heldout,full_Region6_s0.2,F1,"{""k"": 4, ""name"": ""F1"", ""tau"": 0.0}",ls,classical,cf76477493,"{""g_scale"": 138.69861245357328, ""ls_T0"": 0.0025766385746135885, ""ls_T1"": 3.895706556508577e-06, ""ls_chains"": 16, ""ls_moves"": 23860, ""ls_restart_every"": 0, ""p_add"": 0.32294705653332806, ""p_swap"": 0.38687290659310525, ""start"": ""pgreedy"", ""topw"": 43}",10.0,1,10.004,0,22.36572860010364,"[23.419791, 23.011768, 22.724699, 22.41071, 22.172607, 21.943457, 21.718321, 21.524476]",21.524475524475513,2151.4664720279716,5097,1,"{""ls_acc"": 37457781, ""rep_n_add"": 1, ""rep_n_drop"": 0, ""rep_n_fill"": 10, ""start_n_add"": 375, ""start_n_drop"": 0, ""start_n_fill"": 14606}",ok,sols/heldout_full_Region6_s0.2_F1_ls_cf76477493_b10.0_s1.npz,,,,,
2026-09-29T00:09:13,heldout,full_Region6_s0.2,F1,"{""k"": 4, ""name"": ""F1"", ""tau"": 0.0}",milp,classical,7609bc1c44,"{""eps_tie"": 0.0, ""mip_heuristic_effort"": 0.8077206102454388, ""presolve"": ""off"", ""start"": ""pgreedy""}",10.0,0,9.642,0,22.77796191077443,"[25.399395, 22.956261, 22.662701, 22.549307, 22.500745, 22.171571, 22.088853, 21.894862]",21.894862082362128,2485.9270034965034,8369,1,"{""milp_improved"": 7, ""rep_n_add"": 0, ""rep_n_drop"": 0, ""rep_n_fill"": 651, ""start_n_add"": 233, ""start_n_drop"": 0, ""start_n_fill"": 12048}",ok,sols/heldout_full_Region6_s0.2_F1_milp_7609bc1c44_b10.0_s0.npz,,,,,
2026-09-29T00:09:14,heldout,full_Region6_s0.2,F1,"{""k"": 4, ""name"": ""F1"", ""tau"": 0.0}",pgreedy,classical,bf21a9e8fb,{},10.0,0,0.058,0,26.521547607485125,"[30.629419, 26.868703, 26.237762, 26.237762, 26.237762, 25.421523, 25.421523, 25.117926]",25.117926055426054,2593.469342657342,8592,1,"{""rep_n_add"": 755, ""rep_n_drop"": 0, ""rep_n_fill"": 7837}",ok,sols/heldout_full_Region6_s0.2_F1_pgreedy_bf21a9e8fb_b10.0_s0.npz,,,,,
2026-09-29T00:09:24,heldout,full_Region6_s0.2,F1,"{""k"": 4, ""name"": ""F1"", ""tau"": 0.0}",eim,ising,fea13985a5,"{""eim_R"": 16, ""eim_Tmax"": 0.0007255047403074508, ""eim_Tmin"": 0.00013246974647468452, ""eim_anneal"": 0.7664913525398744, ""eim_eta"": 0.23358825194833557, ""eim_hscale"": 0.6218230782016851, ""eim_moves"": 52984, ""eim_rho"": 4.5566719139214715, ""g_scale"": 1370.4648392849028, ""p_add"": 0.0716766437045232, ""p_swap"": 0.8407909904010871, ""start"": ""lp"", ""topw"": 11}",10.0,0,10.011,0,22.347922332297387,"[23.283573, 22.898974, 22.595085, 22.349229, 22.152972, 21.981999, 21.831779, 21.689766]",21.68976625226625,2274.006958041958,6553,1,"{""eim_acc"": 48608606, ""rep_n_add"": 6, ""rep_n_drop"": 0, ""rep_n_fill"": 14, ""start_n_add"": 680, ""start_n_drop"": 0, ""start_n_fill"": 4757}",ok,sols/heldout_full_Region6_s0.2_F1_eim_fea13985a5_b10.0_s0.npz,,,,,
2026-09-29T00:09:26,heldout,full_Region6_s0.2,F1,"{""k"": 4, ""name"": ""F1"", ""tau"": 0.0}",lp,classical,2f39b383fb,"{""lexi"": false}",10.0,0,1.436,0,22.961309812872344,"[24.103131, 23.441256, 23.016592, 23.000291, 22.737503, 22.611273, 22.390216, 22.390216]",22.390216265216296,2515.22072027972,8576,1,"{""rep_n_add"": 0, ""rep_n_drop"": 0, ""rep_n_fill"": 0, ""start_n_add"": 634, ""start_n_drop"": 0, ""start_n_fill"": 3362}",ok,sols/heldout_full_Region6_s0.2_F1_lp_2f39b383fb_b10.0_s0.npz,,,,,
2026-09-29T00:09:37,heldout,full_Region6_s0.2,F1,"{""k"": 4, ""name"": ""F1"", ""tau"": 0.0}",pt,ising,eb1d04fc51,"{""eim_R"": 16, ""eim_Tmax"": 7.3329031629428645e-06, ""eim_Tmin"": 1.1006348269620852e-06, ""eim_anneal"": 0.9462286962175356, ""eim_hscale"": 1.8587633596816164, ""eim_moves"": 18358, ""eim_rho"": 3.506794739778118, ""g_scale"": 774.8399988560119, ""p_add"": 0.22230587257383633, ""p_swap"": 0.46272105013386755, ""start"": ""lp"", ""topw"": 20}",10.0,0,10.013,0,22.34516640766644,"[23.067081, 22.825499, 22.63188, 22.413008, 22.208851, 22.036503, 21.866793, 21.711717]",21.711716524216556,2134.7671363636364,6683,1,"{""eim_acc"": 268944, ""rep_n_add"": 2, ""rep_n_drop"": 0, ""rep_n_fill"": 4, ""start_n_add"": 323, ""start_n_drop"": 0, ""start_n_fill"": 6278}",ok,sols/heldout_full_Region6_s0.2_F1_pt_eb1d04fc51_b10.0_s0.npz,,,,,
2026-09-29T00:09:48,heldout,full_Region6_s0.2,F1,"{""k"": 4, ""name"": ""F1"", ""tau"": 0.0}",eim,ising,fea13985a5,"{""eim_R"": 16, ""eim_Tmax"": 0.0007255047403074508, ""eim_Tmin"": 0.00013246974647468452, ""eim_anneal"": 0.7664913525398744, ""eim_eta"": 0.23358825194833557, ""eim_hscale"": 0.6218230782016851, ""eim_moves"": 52984, ""eim_rho"": 4.5566719139214715, ""g_scale"": 1370.4648392849028, ""p_add"": 0.0716766437045232, ""p_swap"": 0.8407909904010871, ""start"": ""lp"", ""topw"": 11}",10.0,2,10.062,0,22.425268308080845,"[23.222352, 22.865967, 22.654931, 22.470409, 22.284706, 22.142612, 21.977839, 21.78333]",21.783330095830163,2178.6327657342654,6644,1,"{""eim_acc"": 50825542, ""rep_n_add"": 16, ""rep_n_drop"": 0, ""rep_n_fill"": 14, ""start_n_add"": 432, ""start_n_drop"": 0, ""start_n_fill"": 3879}",ok,sols/heldout_full_Region6_s0.2_F1_eim_fea13985a5_b10.0_s2.npz,,,,,
2026-09-29T00:09:59,heldout,full_Region6_s0.2,F1,"{""k"": 4, ""name"": ""F1"", ""tau"": 0.0}",cpsat,classical,cd6c30cd5f,"{""cp_model_presolve"": false, ""linearization_level"": 1, ""repair_hint"": false, ""start"": ""lp""}",10.0,0,9.899,0,22.630008012820582,"[23.434683, 23.013808, 22.741291, 22.63188, 22.538801, 22.383644, 22.219616, 22.07634]",22.076340326340556,2350.0663286713284,7894,1,"{""cp_improved"": 8, ""cp_time"": 9.641361474990845, ""rep_n_add"": 0, ""rep_n_drop"": 0, ""rep_n_fill"": 721}",ok,sols/heldout_full_Region6_s0.2_F1_cpsat_cd6c30cd5f_b10.0_s0.npz,,,,,
2026-09-29T00:10:10,heldout,full_Region6_s0.2,F1,"{""k"": 4, ""name"": ""F1"", ""tau"": 0.0}",ls,classical,cf76477493,"{""g_scale"": 138.69861245357328, ""ls_T0"": 0.0025766385746135885, ""ls_T1"": 3.895706556508577e-06, ""ls_chains"": 16, ""ls_moves"": 23860, ""ls_restart_every"": 0, ""p_add"": 0.32294705653332806, ""p_swap"": 0.38687290659310525, ""start"": ""pgreedy"", ""topw"": 43}",10.0,2,10.028,0,22.342260748510782,"[23.409884, 23.016592, 22.695027, 22.400091, 22.144619, 21.916472, 21.665566, 21.489834]",21.489834239834323,2158.0766853146847,5170,1,"{""ls_acc"": 36656433, ""rep_n_add"": 0, ""rep_n_drop"": 0, ""rep_n_fill"": 15, ""start_n_add"": 349, ""start_n_drop"": 0, ""start_n_fill"": 14396}",ok,sols/heldout_full_Region6_s0.2_F1_ls_cf76477493_b10.0_s2.npz,,,,,
2026-09-29T00:10:20,heldout,full_Region6_s0.2,F1,"{""k"": 4, ""name"": ""F1"", ""tau"": 0.0}",cpsat,classical,cd6c30cd5f,"{""cp_model_presolve"": false, ""linearization_level"": 1, ""repair_hint"": false, ""start"": ""lp""}",10.0,1,9.893,0,22.546142514892537,"[23.356158, 22.891398, 22.777195, 22.561075, 22.368719, 22.295616, 22.129694, 21.989284]",21.989283864283806,2382.163559440559,8087,1,"{""cp_improved"": 8, ""cp_time"": 9.653681755065918, ""rep_n_add"": 0, ""rep_n_drop"": 0, ""rep_n_fill"": 651}",ok,sols/heldout_full_Region6_s0.2_F1_cpsat_cd6c30cd5f_b10.0_s1.npz,,,,,
2026-09-29T00:10:31,heldout,full_Region6_s0.2,F1,"{""k"": 4, ""name"": ""F1"", ""tau"": 0.0}",ls,classical,cf76477493,"{""g_scale"": 138.69861245357328, ""ls_T0"": 0.0025766385746135885, ""ls_T1"": 3.895706556508577e-06, ""ls_chains"": 16, ""ls_moves"": 23860, ""ls_restart_every"": 0, ""p_add"": 0.32294705653332806, ""p_swap"": 0.38687290659310525, ""start"": ""pgreedy"", ""topw"": 43}",10.0,0,10.022,0,22.352691579254095,"[23.420794, 23.026094, 22.705646, 22.415873, 22.147064, 21.921296, 21.69493, 21.489834]",21.489834239834323,2158.8741923076923,5097,1,"{""ls_acc"": 36228465, ""rep_n_add"": 0, ""rep_n_drop"": 0, ""rep_n_fill"": 13, ""start_n_add"": 392, ""start_n_drop"": 0, ""start_n_fill"": 15018}",ok,sols/heldout_full_Region6_s0.2_F1_ls_cf76477493_b10.0_s0.npz,,,,,
2026-09-29T00:10:42,heldout,full_Region6_s0.2,F1,"{""k"": 4, ""name"": ""F1"", ""tau"": 0.0}",eim,ising,fea13985a5,"{""eim_R"": 16, ""eim_Tmax"": 0.0007255047403074508, ""eim_Tmin"": 0.00013246974647468452, ""eim_anneal"": 0.7664913525398744, ""eim_eta"": 0.23358825194833557, ""eim_hscale"": 0.6218230782016851, ""eim_moves"": 52984, ""eim_rho"": 4.5566719139214715, ""g_scale"": 1370.4648392849028, ""p_add"": 0.0716766437045232, ""p_swap"": 0.8407909904010871, ""start"": ""lp"", ""topw"": 11}",10.0,1,10.077,0,22.443535920098437,"[23.27344, 22.928564, 22.66882, 22.497556, 22.292719, 22.144506, 21.961279, 21.781404]",21.781403781403878,2155.4402307692308,6349,1,"{""eim_acc"": 51525365, ""rep_n_add"": 12, ""rep_n_drop"": 0, ""rep_n_fill"": 18, ""start_n_add"": 390, ""start_n_drop"": 0, ""start_n_fill"": 4516}",ok,sols/heldout_full_Region6_s0.2_F1_eim_fea13985a5_b10.0_s1.npz,,,,,
2026-09-29T00:10:53,heldout,full_Region6_s0.2,F1,"{""k"": 4, ""name"": ""F1"", ""tau"": 0.0}",pt,ising,eb1d04fc51,"{""eim_R"": 16, ""eim_Tmax"": 7.3329031629428645e-06, ""eim_Tmin"": 1.1006348269620852e-06, ""eim_anneal"": 0.9462286962175356, ""eim_hscale"": 1.8587633596816164, ""eim_moves"": 18358, ""eim_rho"": 3.506794739778118, ""g_scale"": 774.8399988560119, ""p_add"": 0.22230587257383633, ""p_swap"": 0.46272105013386755, ""start"": ""lp"", ""topw"": 20}",10.0,2,10.01,0,22.34228098290599,"[23.097934, 22.803888, 22.585324, 22.40956, 22.219357, 22.046232, 21.869949, 21.706002]",21.70600233100222,2145.224447552447,6703,1,"{""eim_acc"": 278163, ""rep_n_add"": 0, ""rep_n_drop"": 0, ""rep_n_fill"": 22, ""start_n_add"": 366, ""start_n_drop"": 0, ""start_n_fill"": 6206}",ok,sols/heldout_full_Region6_s0.2_F1_pt_eb1d04fc51_b10.0_s2.npz,,,,,
2026-09-29T00:11:03,heldout,full_Region6_s0.2,F1,"{""k"": 4, ""name"": ""F1"", ""tau"": 0.0}",cpsat,classical,cd6c30cd5f,"{""cp_model_presolve"": false, ""linearization_level"": 1, ""repair_hint"": false, ""start"": ""lp""}",10.0,2,9.895,0,22.594243719243746,"[23.363361, 23.083236, 22.891657, 22.660872, 22.443457, 22.265281, 22.080015, 21.966071]",21.96607096607099,2361.357164335664,7785,1,"{""cp_improved"": 8, ""cp_time"": 9.63293194770813, ""rep_n_add"": 0, ""rep_n_drop"": 0, ""rep_n_fill"": 235}",ok,sols/heldout_full_Region6_s0.2_F1_cpsat_cd6c30cd5f_b10.0_s2.npz,,,,,
2026-09-29T00:16:04,heldout,full_Region6_s0.3,F1,"{""k"": 4, ""name"": ""F1"", ""tau"": 0.0}",pt,ising,eb1d04fc51,"{""eim_R"": 16, ""eim_Tmax"": 7.3329031629428645e-06, ""eim_Tmin"": 1.1006348269620852e-06, ""eim_anneal"": 0.9462286962175356, ""eim_hscale"": 1.8587633596816164, ""eim_moves"": 18358, ""eim_rho"": 3.506794739778118, ""g_scale"": 774.8399988560119, ""p_add"": 0.22230587257383633, ""p_swap"": 0.46272105013386755, ""start"": ""lp"", ""topw"": 20}",300.0,2,300.017,0,21.512648520461006,"[22.228487, 21.998187, 21.782812, 21.572261, 21.383693, 21.209564, 21.044791, 20.881394]",20.881394068894135,2362.108405594404,6074,1,"{""eim_acc"": 2966773, ""rep_n_add"": 1, ""rep_n_drop"": 0, ""rep_n_fill"": 9, ""start_n_add"": 393, ""start_n_drop"": 0, ""start_n_fill"": 6199}",ok,sols/heldout_full_Region6_s0.3_F1_pt_eb1d04fc51_b300.0_s2.npz,,,,,
2026-09-29T00:21:05,heldout,full_Region6_s0.3,F1,"{""k"": 4, ""name"": ""F1"", ""tau"": 0.0}",pt,ising,eb1d04fc51,"{""eim_R"": 16, ""eim_Tmax"": 7.3329031629428645e-06, ""eim_Tmin"": 1.1006348269620852e-06, ""eim_anneal"": 0.9462286962175356, ""eim_hscale"": 1.8587633596816164, ""eim_moves"": 18358, ""eim_rho"": 3.506794739778118, ""g_scale"": 774.8399988560119, ""p_add"": 0.22230587257383633, ""p_swap"": 0.46272105013386755, ""start"": ""lp"", ""topw"": 20}",300.0,0,300.018,0,21.521229927479922,"[22.25429, 22.000194, 21.782812, 21.590229, 21.409496, 21.203137, 21.04628, 20.883401]",20.88340132090144,2363.3672412587393,6117,1,"{""eim_acc"": 2972371, ""rep_n_add"": 1, ""rep_n_drop"": 0, ""rep_n_fill"": 10, ""start_n_add"": 431, ""start_n_drop"": 0, ""start_n_fill"": 6050}",ok,sols/heldout_full_Region6_s0.3_F1_pt_eb1d04fc51_b300.0_s0.npz,,,,,
2026-09-29T00:26:05,heldout,full_Region6_s0.3,F1,"{""k"": 4, ""name"": ""F1"", ""tau"": 0.0}",eim,ising,fea13985a5,"{""eim_R"": 16, ""eim_Tmax"": 0.0007255047403074508, ""eim_Tmin"": 0.00013246974647468452, ""eim_anneal"": 0.7664913525398744, ""eim_eta"": 0.23358825194833557, ""eim_hscale"": 0.6218230782016851, ""eim_moves"": 52984, ""eim_rho"": 4.5566719139214715, ""g_scale"": 1370.4648392849028, ""p_add"": 0.0716766437045232, ""p_swap"": 0.8407909904010871, ""start"": ""lp"", ""topw"": 11}",300.0,2,300.057,0,21.416678807303853,"[22.279947, 21.933583, 21.684311, 21.453979, 21.261137, 21.078429, 20.908978, 20.733068]",20.73306785806783,2396.523153846152,5456,1,"{""eim_acc"": 1733302923, ""rep_n_add"": 6, ""rep_n_drop"": 0, ""rep_n_fill"": 46, ""start_n_add"": 685, ""start_n_drop"": 0, ""start_n_fill"": 3434}",ok,sols/heldout_full_Region6_s0.3_F1_eim_fea13985a5_b300.0_s2.npz,,,,,
2026-09-29T00:26:06,heldout,full_Region6_s0.3,F1,"{""k"": 4, ""name"": ""F1"", ""tau"": 0.0}",greedy,classical,bf21a9e8fb,{},300.0,0,0.058,0,31.910011574074097,"[34.027308, 33.535742, 31.848339, 31.848339, 31.443587, 31.276402, 31.019555, 30.280821]",30.280821030821027,2875.770024475522,7972,1,"{""rep_n_add"": 15, ""rep_n_drop"": 0, ""rep_n_fill"": 7}",ok,sols/heldout_full_Region6_s0.3_F1_greedy_bf21a9e8fb_b300.0_s0.npz,,,,,
2026-09-29T00:30:59,heldout,full_Region6_s0.3,F1,"{""k"": 4, ""name"": ""F1"", ""tau"": 0.0}",milp,classical,7609bc1c44,"{""eps_tie"": 0.0, ""mip_heuristic_effort"": 0.8077206102454388, ""presolve"": ""off"", ""start"": ""pgreedy""}",300.0,0,292.591,0,21.290810751748293,"[22.26172, 21.764358, 21.516722, 21.41262, 21.131896, 20.946484, 20.72669, 20.565997]",20.565996503496567,2450.651307692306,6294,1,"{""milp_improved"": 8, ""rep_n_add"": 0, ""rep_n_drop"": 0, ""rep_n_fill"": 162, ""start_n_add"": 758, ""start_n_drop"": 0, ""start_n_fill"": 13073}",ok,sols/heldout_full_Region6_s0.3_F1_milp_7609bc1c44_b300.0_s0.npz,,,,,
2026-09-29T00:36:00,heldout,full_Region6_s0.3,F1,"{""k"": 4, ""name"": ""F1"", ""tau"": 0.0}",eim,ising,fea13985a5,"{""eim_R"": 16, ""eim_Tmax"": 0.0007255047403074508, ""eim_Tmin"": 0.00013246974647468452, ""eim_anneal"": 0.7664913525398744, ""eim_eta"": 0.23358825194833557, ""eim_hscale"": 0.6218230782016851, ""eim_moves"": 52984, ""eim_rho"": 4.5566719139214715, ""g_scale"": 1370.4648392849028, ""p_add"": 0.0716766437045232, ""p_swap"": 0.8407909904010871, ""start"": ""lp"", ""topw"": 11}",300.0,1,300.04,0,21.42654307498057,"[22.272306, 21.931624, 21.68457, 21.471979, 21.244464, 21.110771, 20.926541, 20.770089]",20.77008870758875,2422.795202797201,5666,1,"{""eim_acc"": 1789869760, ""rep_n_add"": 8, ""rep_n_drop"": 0, ""rep_n_fill"": 14, ""start_n_add"": 569, ""start_n_drop"": 0, ""start_n_fill"": 3637}",ok,sols/heldout_full_Region6_s0.3_F1_eim_fea13985a5_b300.0_s1.npz,,,,,
2026-09-29T00:41:01,heldout,full_Region6_s0.3,F1,"{""k"": 4, ""name"": ""F1"", ""tau"": 0.0}",ls,classical,c23556e44b,"{""g_scale"": 2155.4275565447515, ""ls_T0"": 0.0006677306766018312, ""ls_T1"": 1.2541143128078558e-06, ""ls_chains"": 8, ""ls_moves"": 5358, ""ls_restart_every"": 0, ""p_add"": 0.30881774853793853, ""p_swap"": 0.47004576906097556, ""start"": ""pgreedy"", ""topw"": 15}",300.0,2,300.003,0,21.37200530950488,"[22.287668, 21.944056, 21.639164, 21.401402, 21.204772, 21.009, 20.834871, 20.655109]",20.655108780108726,2351.835069930068,4821,1,"{""ls_acc"": 505224690, ""rep_n_add"": 1, ""rep_n_drop"": 0, ""rep_n_fill"": 13, ""start_n_add"": 724, ""start_n_drop"": 0, ""start_n_fill"": 13144}",ok,sols/heldout_full_Region6_s0.3_F1_ls_c23556e44b_b300.0_s2.npz,,,,,
2026-09-29T00:41:02,heldout,full_Region6_s0.3,F1,"{""k"": 4, ""name"": ""F1"", ""tau"": 0.0}",pgreedy,classical,bf21a9e8fb,{},300.0,0,0.079,0,26.14508466070967,"[32.524281, 27.305475, 26.465278, 25.893745, 25.110609, 24.246811, 24.036891, 23.577587]",23.577586765086803,2780.8162482517464,8000,1,"{""rep_n_add"": 1638, ""rep_n_drop"": 0, ""rep_n_fill"": 6362}",ok,sols/heldout_full_Region6_s0.3_F1_pgreedy_bf21a9e8fb_b300.0_s0.npz,,,,,
2026-09-29T00:46:02,heldout,full_Region6_s0.3,F1,"{""k"": 4, ""name"": ""F1"", ""tau"": 0.0}",pt,ising,eb1d04fc51,"{""eim_R"": 16, ""eim_Tmax"": 7.3329031629428645e-06, ""eim_Tmin"": 1.1006348269620852e-06, ""eim_anneal"": 0.9462286962175356, ""eim_hscale"": 1.8587633596816164, ""eim_moves"": 18358, ""eim_rho"": 3.506794739778118, ""g_scale"": 774.8399988560119, ""p_add"": 0.22230587257383633, ""p_swap"": 0.46272105013386755, ""start"": ""lp"", ""topw"": 20}",300.0,1,300.018,0,21.539380180005196,"[22.259599, 22.002752, 21.815592, 21.598922, 21.42884, 21.247766, 21.063099, 20.898472]",20.898471898471858,2364.4438741258723,6106,1,"{""eim_acc"": 2720021, ""rep_n_add"": 0, ""rep_n_drop"": 0, ""rep_n_fill"": 3, ""start_n_add"": 415, ""start_n_drop"": 0, ""start_n_fill"": 6049}",ok,sols/heldout_full_Region6_s0.3_F1_pt_eb1d04fc51_b300.0_s1.npz,,,,,
2026-09-29T00:50:56,heldout,full_Region6_s0.3,F1,"{""k"": 4, ""name"": ""F1"", ""tau"": 0.0}",cpsat,classical,cd6c30cd5f,"{""cp_model_presolve"": false, ""linearization_level"": 1, ""repair_hint"": false, ""start"": ""lp""}",300.0,0,293.388,0,21.212270946645972,"[21.977435, 21.696047, 21.450596, 21.240563, 21.061092, 20.907424, 20.748446, 20.616566]",20.61656630406636,2340.0276013985995,6270,1,"{""cp_improved"": 8, ""cp_time"": 293.1442756652832, ""rep_n_add"": 0, ""rep_n_drop"": 0, ""rep_n_fill"": 17}",ok,sols/heldout_full_Region6_s0.3_F1_cpsat_cd6c30cd5f_b300.0_s0.npz,,,,,
2026-09-29T00:55:53,heldout,full_Region6_s0.3,F1,"{""k"": 4, ""name"": ""F1"", ""tau"": 0.0}",cpsat,classical,cd6c30cd5f,"{""cp_model_presolve"": false, ""linearization_level"": 1, ""repair_hint"": false, ""start"": ""lp""}",300.0,1,295.692,0,21.19608747733725,"[21.968855, 21.681527, 21.440462, 21.227758, 21.048579, 20.882916, 20.72758, 20.591022]",20.591022403522437,2341.4754020979003,6224,1,"{""cp_improved"": 8, ""cp_time"": 295.47200059890747, ""rep_n_add"": 0, ""rep_n_drop"": 0, ""rep_n_fill"": 12}",ok,sols/heldout_full_Region6_s0.3_F1_cpsat_cd6c30cd5f_b300.0_s1.npz,,,,,
2026-09-29T01:00:45,heldout,full_Region6_s0.3,F1,"{""k"": 4, ""name"": ""F1"", ""tau"": 0.0}",cpsat,classical,cd6c30cd5f,"{""cp_model_presolve"": false, ""linearization_level"": 1, ""repair_hint"": false, ""start"": ""lp""}",300.0,2,290.559,0,21.208721833721874,"[21.97376, 21.690252, 21.448702, 21.252412, 21.072714, 20.901078, 20.738458, 20.592398]",20.59239834239835,2341.575482517481,6252,1,"{""cp_improved"": 8, ""cp_time"": 290.33624386787415, ""rep_n_add"": 0, ""rep_n_drop"": 0, ""rep_n_fill"": 15}",ok,sols/heldout_full_Region6_s0.3_F1_cpsat_cd6c30cd5f_b300.0_s2.npz,,,,,
2026-09-29T01:05:45,heldout,full_Region6_s0.3,F1,"{""k"": 4, ""name"": ""F1"", ""tau"": 0.0}",ls,classical,c23556e44b,"{""g_scale"": 2155.4275565447515, ""ls_T0"": 0.0006677306766018312, ""ls_T1"": 1.2541143128078558e-06, ""ls_chains"": 8, ""ls_moves"": 5358, ""ls_restart_every"": 0, ""p_add"": 0.30881774853793853, ""p_swap"": 0.47004576906097556, ""start"": ""pgreedy"", ""topw"": 15}",300.0,1,300.003,0,21.378190964128457,"[22.25518, 21.941045, 21.675813, 21.438196, 21.210195, 21.003318, 20.83335, 20.668431]",20.668431105931084,2333.54167132867,4846,1,"{""ls_acc"": 502835401, ""rep_n_add"": 3, ""rep_n_drop"": 0, ""rep_n_fill"": 6, ""start_n_add"": 747, ""start_n_drop"": 0, ""start_n_fill"": 13080}",ok,sols/heldout_full_Region6_s0.3_F1_ls_c23556e44b_b300.0_s1.npz,,,,,
2026-09-29T01:05:51,heldout,full_Region6_s0.3,F1,"{""k"": 4, ""name"": ""F1"", ""tau"": 0.0}",lp,classical,e62ade0088,"{""lexi"": true}",300.0,0,5.492,0,22.10587647306401,"[22.735318, 22.724213, 22.538057, 22.004241, 21.95835, 21.86409, 21.523326, 21.499417]",21.499417249417316,2742.90547202797,7973,1,"{""rep_n_add"": 0, ""rep_n_drop"": 0, ""rep_n_fill"": 0, ""start_n_add"": 668, ""start_n_drop"": 0, ""start_n_fill"": 3071}",ok,sols/heldout_full_Region6_s0.3_F1_lp_e62ade0088_b300.0_s0.npz,,,,,
2026-09-29T01:10:52,heldout,full_Region6_s0.3,F1,"{""k"": 4, ""name"": ""F1"", ""tau"": 0.0}",eim,ising,fea13985a5,"{""eim_R"": 16, ""eim_Tmax"": 0.0007255047403074508, ""eim_Tmin"": 0.00013246974647468452, ""eim_anneal"": 0.7664913525398744, ""eim_eta"": 0.23358825194833557, ""eim_hscale"": 0.6218230782016851, ""eim_moves"": 52984, ""eim_rho"": 4.5566719139214715, ""g_scale"": 1370.4648392849028, ""p_add"": 0.0716766437045232, ""p_swap"": 0.8407909904010871, ""start"": ""lp"", ""topw"": 11}",300.0,0,300.009,0,21.453286875161854,"[22.262011, 21.946209, 21.731983, 21.518389, 21.324624, 21.124433, 20.937014, 20.78163]",20.781630406630377,2389.463115384614,5867,1,"{""eim_acc"": 1838338468, ""rep_n_add"": 6, ""rep_n_drop"": 0, ""rep_n_fill"": 23, ""start_n_add"": 582, ""start_n_drop"": 0, ""start_n_fill"": 3577}",ok,sols/heldout_full_Region6_s0.3_F1_eim_fea13985a5_b300.0_s0.npz,,,,,
2026-09-29T01:15:53,heldout,full_Region6_s0.3,F1,"{""k"": 4, ""name"": ""F1"", ""tau"": 0.0}",ls,classical,c23556e44b,"{""g_scale"": 2155.4275565447515, ""ls_T0"": 0.0006677306766018312, ""ls_T1"": 1.2541143128078558e-06, ""ls_chains"": 8, ""ls_moves"": 5358, ""ls_restart_every"": 0, ""p_add"": 0.30881774853793853, ""p_swap"": 0.47004576906097556, ""start"": ""pgreedy"", ""topw"": 15}",300.0,0,300.003,0,21.38150535806788,"[22.256151, 21.936998, 21.663445, 21.431397, 21.216508, 21.018211, 20.828671, 20.70066]",20.700660450660475,2343.9191993006975,4808,1,"{""ls_acc"": 513412493, ""rep_n_add"": 0, ""rep_n_drop"": 0, ""rep_n_fill"": 8, ""start_n_add"": 757, ""start_n_drop"": 0, ""start_n_fill"": 13027}",ok,sols/heldout_full_Region6_s0.3_F1_ls_c23556e44b_b300.0_s0.npz,,,,,
2026-09-29T01:16:53,heldout,full_Region6_s0.3,F1,"{""k"": 4, ""name"": ""F1"", ""tau"": 0.0}",pt,ising,eb1d04fc51,"{""eim_R"": 16, ""eim_Tmax"": 7.3329031629428645e-06, ""eim_Tmin"": 1.1006348269620852e-06, ""eim_anneal"": 0.9462286962175356, ""eim_hscale"": 1.8587633596816164, ""eim_moves"": 18358, ""eim_rho"": 3.506794739778118, ""g_scale"": 774.8399988560119, ""p_add"": 0.22230587257383633, ""p_swap"": 0.46272105013386755, ""start"": ""lp"", ""topw"": 20}",60.0,2,60.024,0,21.53326736920488,"[22.255552, 21.993395, 21.805976, 21.584661, 21.410904, 21.243088, 21.072083, 20.900479]",20.900479150479097,2366.114632867131,6194,1,"{""eim_acc"": 738361, ""rep_n_add"": 0, ""rep_n_drop"": 0, ""rep_n_fill"": 12, ""start_n_add"": 466, ""start_n_drop"": 0, ""start_n_fill"": 6009}",ok,sols/heldout_full_Region6_s0.3_F1_pt_eb1d04fc51_b60.0_s2.npz,,,,,
2026-09-29T01:17:54,heldout,full_Region6_s0.3,F1,"{""k"": 4, ""name"": ""F1"", ""tau"": 0.0}",ls,classical,c23556e44b,"{""g_scale"": 2155.4275565447515, ""ls_T0"": 0.0006677306766018312, ""ls_T1"": 1.2541143128078558e-06, ""ls_chains"": 8, ""ls_moves"": 5358, ""ls_restart_every"": 0, ""p_add"": 0.30881774853793853, ""p_swap"": 0.47004576906097556, ""start"": ""pgreedy"", ""topw"": 15}",60.0,0,60.005,0,21.414705953768454,"[22.329918, 21.999968, 21.70767, 21.457832, 21.253707, 21.048579, 20.844195, 20.67578]",20.67578023828021,2338.41504195804,4981,1,"{""ls_acc"": 101717734, ""rep_n_add"": 0, ""rep_n_drop"": 0, ""rep_n_fill"": 4, ""start_n_add"": 747, ""start_n_drop"": 0, ""start_n_fill"": 13049}",ok,sols/heldout_full_Region6_s0.3_F1_ls_c23556e44b_b60.0_s0.npz,,,,,
2026-09-29T01:18:54,heldout,full_Region6_s0.3,F1,"{""k"": 4, ""name"": ""F1"", ""tau"": 0.0}",cpsat,classical,cd6c30cd5f,"{""cp_model_presolve"": false, ""linearization_level"": 1, ""repair_hint"": false, ""start"": ""lp""}",60.0,1,59.161,0,21.34131175537429,"[22.180895, 21.85339, 21.613102, 21.401774, 21.191482, 21.001538, 20.822439, 20.665873]",20.66587347837342,2337.474363636362,6074,1,"{""cp_improved"": 8, ""cp_time"": 58.9247727394104, ""rep_n_add"": 0, ""rep_n_drop"": 0, ""rep_n_fill"": 12}",ok,sols/heldout_full_Region6_s0.3_F1_cpsat_cd6c30cd5f_b60.0_s1.npz,,,,,
2026-09-29T01:19:55,heldout,full_Region6_s0.3,F1,"{""k"": 4, ""name"": ""F1"", ""tau"": 0.0}",eim,ising,fea13985a5,"{""eim_R"": 16, ""eim_Tmax"": 0.0007255047403074508, ""eim_Tmin"": 0.00013246974647468452, ""eim_anneal"": 0.7664913525398744, ""eim_eta"": 0.23358825194833557, ""eim_hscale"": 0.6218230782016851, ""eim_moves"": 52984, ""eim_rho"": 4.5566719139214715, ""g_scale"": 1370.4648392849028, ""p_add"": 0.0716766437045232, ""p_swap"": 0.8407909904010871, ""start"": ""lp"", ""topw"": 11}",60.0,1,60.06,0,21.49221582815333,"[22.319525, 22.0045, 21.748284, 21.544419, 21.332233, 21.155692, 20.998608, 20.834466]",20.834466459466455,2397.5733006992987,5675,1,"{""eim_acc"": 326049113, ""rep_n_add"": 6, ""rep_n_drop"": 0, ""rep_n_fill"": 15, ""start_n_add"": 594, ""start_n_drop"": 0, ""start_n_fill"": 3855}",ok,sols/heldout_full_Region6_s0.3_F1_eim_fea13985a5_b60.0_s1.npz,,,,,
2026-09-29T01:20:56,heldout,full_Region6_s0.3,F1,"{""k"": 4, ""name"": ""F1"", ""tau"": 0.0}",eim,ising,fea13985a5,"{""eim_R"": 16, ""eim_Tmax"": 0.0007255047403074508, ""eim_Tmin"": 0.00013246974647468452, ""eim_anneal"": 0.7664913525398744, ""eim_eta"": 0.23358825194833557, ""eim_hscale"": 0.6218230782016851, ""eim_moves"": 52984, ""eim_rho"": 4.5566719139214715, ""g_scale"": 1370.4648392849028, ""p_add"": 0.0716766437045232, ""p_swap"": 0.8407909904010871, ""start"": ""lp"", ""topw"": 11}",60.0,2,60.011,0,21.502531322843417,"[22.305005, 22.019684, 21.750065, 21.538882, 21.357517, 21.1678, 21.006475, 20.874822]",20.87482193732187,2445.2989475524455,5979,1,"{""eim_acc"": 327683562, ""rep_n_add"": 10, ""rep_n_drop"": 0, ""rep_n_fill"": 16, ""start_n_add"": 508, ""start_n_drop"": 0, ""start_n_fill"": 3702}",ok,sols/heldout_full_Region6_s0.3_F1_eim_fea13985a5_b60.0_s2.npz,,,,,
2026-09-29T01:21:55,heldout,full_Region6_s0.3,F1,"{""k"": 4, ""name"": ""F1"", ""tau"": 0.0}",milp,classical,7609bc1c44,"{""eps_tie"": 0.0, ""mip_heuristic_effort"": 0.8077206102454388, ""presolve"": ""off"", ""start"": ""pgreedy""}",60.0,0,58.567,0,21.921126327376353,"[23.245338, 22.180928, 22.011072, 22.004241, 21.58704, 21.582508, 21.505067, 21.252817]",21.25281662781665,2740.3176293706274,7842,1,"{""milp_improved"": 7, ""rep_n_add"": 0, ""rep_n_drop"": 0, ""rep_n_fill"": 494, ""start_n_add"": 903, ""start_n_drop"": 0, ""start_n_fill"": 9305}",ok,sols/heldout_full_Region6_s0.3_F1_milp_7609bc1c44_b60.0_s0.npz,,,,,
2026-09-29T01:22:56,heldout,full_Region6_s0.3,F1,"{""k"": 4, ""name"": ""F1"", ""tau"": 0.0}",eim,ising,fea13985a5,"{""eim_R"": 16, ""eim_Tmax"": 0.0007255047403074508, ""eim_Tmin"": 0.00013246974647468452, ""eim_anneal"": 0.7664913525398744, ""eim_eta"": 0.23358825194833557, ""eim_hscale"": 0.6218230782016851, ""eim_moves"": 52984, ""eim_rho"": 4.5566719139214715, ""g_scale"": 1370.4648392849028, ""p_add"": 0.0716766437045232, ""p_swap"": 0.8407909904010871, ""start"": ""lp"", ""topw"": 11}",60.0,0,60.023,0,21.486967026029554,"[22.324689, 22.031679, 21.732841, 21.54267, 21.33131, 21.155578, 20.984088, 20.792881]",20.792880730380794,2422.4709265734245,5803,1,"{""eim_acc"": 327752394, ""rep_n_add"": 8, ""rep_n_drop"": 0, ""rep_n_fill"": 25, ""start_n_add"": 513, ""start_n_drop"": 0, ""start_n_fill"": 3434}",ok,sols/heldout_full_Region6_s0.3_F1_eim_fea13985a5_b60.0_s0.npz,,,,,
2026-09-29T01:23:56,heldout,full_Region6_s0.3,F1,"{""k"": 4, ""name"": ""F1"", ""tau"": 0.0}",cpsat,classical,cd6c30cd5f,"{""cp_model_presolve"": false, ""linearization_level"": 1, ""repair_hint"": false, ""start"": ""lp""}",60.0,2,59.176,0,21.370823620823657,"[22.170276, 21.866421, 21.643179, 21.426201, 21.224828, 21.047947, 20.865207, 20.72253]",20.722529785029778,2338.4737972027956,6108,1,"{""cp_improved"": 8, ""cp_time"": 58.92375826835632, ""rep_n_add"": 0, ""rep_n_drop"": 0, ""rep_n_fill"": 30}",ok,sols/heldout_full_Region6_s0.3_F1_cpsat_cd6c30cd5f_b60.0_s2.npz,,,,,
2026-09-29T01:24:57,heldout,full_Region6_s0.3,F1,"{""k"": 4, ""name"": ""F1"", ""tau"": 0.0}",pt,ising,eb1d04fc51,"{""eim_R"": 16, ""eim_Tmax"": 7.3329031629428645e-06, ""eim_Tmin"": 1.1006348269620852e-06, ""eim_anneal"": 0.9462286962175356, ""eim_hscale"": 1.8587633596816164, ""eim_moves"": 18358, ""eim_rho"": 3.506794739778118, ""g_scale"": 774.8399988560119, ""p_add"": 0.22230587257383633, ""p_swap"": 0.46272105013386755, ""start"": ""lp"", ""topw"": 20}",60.0,1,60.014,0,21.544958802771326,"[22.226965, 22.021869, 21.806171, 21.604636, 21.42884, 21.263063, 21.085114, 20.923012]",20.923012173012353,2367.1807972027955,6143,1,"{""eim_acc"": 710470, ""rep_n_add"": 1, ""rep_n_drop"": 0, ""rep_n_fill"": 13, ""start_n_add"": 470, ""start_n_drop"": 0, ""start_n_fill"": 6105}",ok,sols/heldout_full_Region6_s0.3_F1_pt_eb1d04fc51_b60.0_s1.npz,,,,,
2026-09-29T01:24:57,heldout,full_Region6_s0.3,F1,"{""k"": 4, ""name"": ""F1"", ""tau"": 0.0}",pgreedy,classical,bf21a9e8fb,{},60.0,0,0.104,0,26.14508466070967,"[32.524281, 27.305475, 26.465278, 25.893745, 25.110609, 24.246811, 24.036891, 23.577587]",23.577586765086803,2780.8162482517464,8000,1,"{""rep_n_add"": 1638, ""rep_n_drop"": 0, ""rep_n_fill"": 6362}",ok,sols/heldout_full_Region6_s0.3_F1_pgreedy_bf21a9e8fb_b60.0_s0.npz,,,,,
2026-09-29T01:25:52,heldout,full_Region6_s0.3,F1,"{""k"": 4, ""name"": ""F1"", ""tau"": 0.0}",cpsat,classical,cd6c30cd5f,"{""cp_model_presolve"": false, ""linearization_level"": 1, ""repair_hint"": false, ""start"": ""lp""}",60.0,0,53.805,0,21.411525106837594,"[22.217495, 21.90812, 21.668318, 21.478778, 21.269117, 21.080177, 20.892612, 20.777584]",20.777583527583495,2338.414625874124,6033,1,"{""cp_improved"": 8, ""cp_time"": 53.55356502532959, ""rep_n_add"": 0, ""rep_n_drop"": 0, ""rep_n_fill"": 28}",ok,sols/heldout_full_Region6_s0.3_F1_cpsat_cd6c30cd5f_b60.0_s0.npz,,,,,
2026-09-29T01:26:53,heldout,full_Region6_s0.3,F1,"{""k"": 4, ""name"": ""F1"", ""tau"": 0.0}",pt,ising,eb1d04fc51,"{""eim_R"": 16, ""eim_Tmax"": 7.3329031629428645e-06, ""eim_Tmin"": 1.1006348269620852e-06, ""eim_anneal"": 0.9462286962175356, ""eim_hscale"": 1.8587633596816164, ""eim_moves"": 18358, ""eim_rho"": 3.506794739778118, ""g_scale"": 774.8399988560119, ""p_add"": 0.22230587257383633, ""p_swap"": 0.46272105013386755, ""start"": ""lp"", ""topw"": 20}",60.0,0,60.005,0,21.52469405594408,"[22.248203, 21.99359, 21.799858, 21.586927, 21.400512, 21.216767, 21.048805, 20.902891]",20.902891090391115,2366.1841293706275,6157,1,"{""eim_acc"": 737248, ""rep_n_add"": 2, ""rep_n_drop"": 0, ""rep_n_fill"": 7, ""start_n_add"": 399, ""start_n_drop"": 0, ""start_n_fill"": 6132}",ok,sols/heldout_full_Region6_s0.3_F1_pt_eb1d04fc51_b60.0_s0.npz,,,,,
2026-09-29T01:26:54,heldout,full_Region6_s0.3,F1,"{""k"": 4, ""name"": ""F1"", ""tau"": 0.0}",greedy,classical,bf21a9e8fb,{},60.0,0,0.075,0,31.910011574074097,"[34.027308, 33.535742, 31.848339, 31.848339, 31.443587, 31.276402, 31.019555, 30.280821]",30.280821030821027,2875.770024475522,7972,1,"{""rep_n_add"": 15, ""rep_n_drop"": 0, ""rep_n_fill"": 7}",ok,sols/heldout_full_Region6_s0.3_F1_greedy_bf21a9e8fb_b60.0_s0.npz,,,,,
2026-09-29T01:27:54,heldout,full_Region6_s0.3,F1,"{""k"": 4, ""name"": ""F1"", ""tau"": 0.0}",ls,classical,c23556e44b,"{""g_scale"": 2155.4275565447515, ""ls_T0"": 0.0006677306766018312, ""ls_T1"": 1.2541143128078558e-06, ""ls_chains"": 8, ""ls_moves"": 5358, ""ls_restart_every"": 0, ""p_add"": 0.30881774853793853, ""p_swap"": 0.47004576906097556, ""start"": ""pgreedy"", ""topw"": 15}",60.0,2,60.007,0,21.404588756151234,"[22.299145, 21.960875, 21.690883, 21.454643, 21.239931, 21.036325, 20.86914, 20.685768]",20.685767935767906,2339.786255244753,4993,1,"{""ls_acc"": 99438745, ""rep_n_add"": 0, ""rep_n_drop"": 0, ""rep_n_fill"": 4, ""start_n_add"": 719, ""start_n_drop"": 0, ""start_n_fill"": 12972}",ok,sols/heldout_full_Region6_s0.3_F1_ls_c23556e44b_b60.0_s2.npz,,,,,
2026-09-29T01:28:55,heldout,full_Region6_s0.3,F1,"{""k"": 4, ""name"": ""F1"", ""tau"": 0.0}",ls,classical,c23556e44b,"{""g_scale"": 2155.4275565447515, ""ls_T0"": 0.0006677306766018312, ""ls_T1"": 1.2541143128078558e-06, ""ls_chains"": 8, ""ls_moves"": 5358, ""ls_restart_every"": 0, ""p_add"": 0.30881774853793853, ""p_swap"": 0.47004576906097556, ""start"": ""pgreedy"", ""topw"": 15}",60.0,1,60.007,0,21.401816644003937,"[22.326616, 21.989349, 21.695076, 21.445691, 21.223857, 21.01609, 20.846121, 20.671733]",20.671733359233333,2333.6215944055925,4963,1,"{""ls_acc"": 98056208, ""rep_n_add"": 0, ""rep_n_drop"": 0, ""rep_n_fill"": 2, ""start_n_add"": 758, ""start_n_drop"": 0, ""start_n_fill"": 13012}",ok,sols/heldout_full_Region6_s0.3_F1_ls_c23556e44b_b60.0_s1.npz,,,,,
2026-09-29T01:29:01,heldout,full_Region6_s0.3,F1,"{""k"": 4, ""name"": ""F1"", ""tau"": 0.0}",lp,classical,e62ade0088,"{""lexi"": true}",60.0,0,5.568,0,22.10587647306401,"[22.735318, 22.724213, 22.538057, 22.004241, 21.95835, 21.86409, 21.523326, 21.499417]",21.499417249417316,2742.90547202797,7973,1,"{""rep_n_add"": 0, ""rep_n_drop"": 0, ""rep_n_fill"": 0, ""start_n_add"": 668, ""start_n_drop"": 0, ""start_n_fill"": 3071}",ok,sols/heldout_full_Region6_s0.3_F1_lp_e62ade0088_b60.0_s0.npz,,,,,
2026-09-29T01:29:12,heldout,full_Region6_s0.3,F1,"{""k"": 4, ""name"": ""F1"", ""tau"": 0.0}",cpsat,classical,cd6c30cd5f,"{""cp_model_presolve"": false, ""linearization_level"": 1, ""repair_hint"": false, ""start"": ""lp""}",10.0,1,9.894,0,21.776755940818514,"[22.540841, 22.18219, 22.000453, 21.807984, 21.666197, 21.509777, 21.316304, 21.1903]",21.190300440300526,2621.441863636362,7389,1,"{""cp_improved"": 8, ""cp_time"": 9.665157556533813, ""rep_n_add"": 0, ""rep_n_drop"": 0, ""rep_n_fill"": 368}",ok,sols/heldout_full_Region6_s0.3_F1_cpsat_cd6c30cd5f_b10.0_s1.npz,,,,,
2026-09-29T01:29:23,heldout,full_Region6_s0.3,F1,"{""k"": 4, ""name"": ""F1"", ""tau"": 0.0}",pt,ising,eb1d04fc51,"{""eim_R"": 16, ""eim_Tmax"": 7.3329031629428645e-06, ""eim_Tmin"": 1.1006348269620852e-06, ""eim_anneal"": 0.9462286962175356, ""eim_hscale"": 1.8587633596816164, ""eim_moves"": 18358, ""eim_rho"": 3.506794739778118, ""g_scale"": 774.8399988560119, ""p_add"": 0.22230587257383633, ""p_swap"": 0.46272105013386755, ""start"": ""lp"", ""topw"": 20}",10.0,2,10.018,0,21.550124643874685,"[22.241777, 22.007916, 21.803192, 21.613701, 21.438714, 21.265848, 21.098145, 20.931705]",20.931704869204907,2377.900244755243,6155,1,"{""eim_acc"": 234326, ""rep_n_add"": 2, ""rep_n_drop"": 0, ""rep_n_fill"": 14, ""start_n_add"": 473, ""start_n_drop"": 0, ""start_n_fill"": 5927}",ok,sols/heldout_full_Region6_s0.3_F1_pt_eb1d04fc51_b10.0_s2.npz,,,,,
2026-09-29T01:29:25,heldout,full_Region6_s0.3,F1,"{""k"": 4, ""name"": ""F1"", ""tau"": 0.0}",lp,classical,2f39b383fb,"{""lexi"": false}",10.0,0,1.634,0,22.130161794224293,"[22.735318, 22.724213, 22.535014, 22.044224, 22.044224, 21.724634, 21.7044, 21.529267]",21.529267029267018,2748.7883426573408,7950,1,"{""rep_n_add"": 0, ""rep_n_drop"": 0, ""rep_n_fill"": 0, ""start_n_add"": 576, ""start_n_drop"": 0, ""start_n_fill"": 3141}",ok,sols/heldout_full_Region6_s0.3_F1_lp_2f39b383fb_b10.0_s0.npz,,,,,
2026-09-29T01:29:36,heldout,full_Region6_s0.3,F1,"{""k"": 4, ""name"": ""F1"", ""tau"": 0.0}",eim,ising,fea13985a5,"{""eim_R"": 16, ""eim_Tmax"": 0.0007255047403074508, ""eim_Tmin"": 0.00013246974647468452, ""eim_anneal"": 0.7664913525398744, ""eim_eta"": 0.23358825194833557, ""eim_hscale"": 0.6218230782016851, ""eim_moves"": 52984, ""eim_rho"": 4.5566719139214715, ""g_scale"": 1370.4648392849028, ""p_add"": 0.0716766437045232, ""p_swap"": 0.8407909904010871, ""start"": ""lp"", ""topw"": 11}",10.0,0,10.043,0,21.593410062159883,"[22.561966, 22.171053, 21.881232, 21.61307, 21.404931, 21.193376, 21.01609, 20.905562]",20.905562030560315,2378.02433216783,5843,1,"{""eim_acc"": 47421570, ""rep_n_add"": 9, ""rep_n_drop"": 0, ""rep_n_fill"": 23, ""start_n_add"": 668, ""start_n_drop"": 0, ""start_n_fill"": 3819}",ok,sols/heldout_full_Region6_s0.3_F1_eim_fea13985a5_b10.0_s0.npz,,,,,
2026-09-29T01:29:46,heldout,full_Region6_s0.3,F1,"{""k"": 4, ""name"": ""F1"", ""tau"": 0.0}",ls,classical,cf76477493,"{""g_scale"": 138.69861245357328, ""ls_T0"": 0.0025766385746135885, ""ls_T1"": 3.895706556508577e-06, ""ls_chains"": 16, ""ls_moves"": 23860, ""ls_restart_every"": 0, ""p_add"": 0.32294705653332806, ""p_swap"": 0.38687290659310525, ""start"": ""pgreedy"", ""topw"": 43}",10.0,1,10.029,0,21.54062864219114,"[22.569801, 22.153862, 21.847303, 21.583285, 21.323508, 21.133159, 20.927804, 20.786309]",20.78630859880857,2344.2667517482496,4807,1,"{""ls_acc"": 36381334, ""rep_n_add"": 5, ""rep_n_drop"": 0, ""rep_n_fill"": 17, ""start_n_add"": 868, ""start_n_drop"": 0, ""start_n_fill"": 13156}",ok,sols/heldout_full_Region6_s0.3_F1_ls_cf76477493_b10.0_s1.npz,,,,,
2026-09-29T01:29:57,heldout,full_Region6_s0.3,F1,"{""k"": 4, ""name"": ""F1"", ""tau"": 0.0}",pt,ising,eb1d04fc51,"{""eim_R"": 16, ""eim_Tmax"": 7.3329031629428645e-06, ""eim_Tmin"": 1.1006348269620852e-06, ""eim_anneal"": 0.9462286962175356, ""eim_hscale"": 1.8587633596816164, ""eim_moves"": 18358, ""eim_rho"": 3.506794739778118, ""g_scale"": 774.8399988560119, ""p_add"": 0.22230587257383633, ""p_swap"": 0.46272105013386755, ""start"": ""lp"", ""topw"": 20}",10.0,0,10.023,0,21.55199025511527,"[22.242408, 22.031566, 21.800926, 21.622086, 21.452975, 21.259389, 21.090278, 20.916294]",20.91629435379433,2369.4169545454524,6205,1,"{""eim_acc"": 235570, ""rep_n_add"": 0, ""rep_n_drop"": 0, ""rep_n_fill"": 11, ""start_n_add"": 472, ""start_n_drop"": 0, ""start_n_fill"": 6085}",ok,sols/heldout_full_Region6_s0.3_F1_pt_eb1d04fc51_b10.0_s0.npz,,,,,
2026-09-29T01:29:58,heldout,full_Region6_s0.3,F1,"{""k"": 4, ""name"": ""F1"", ""tau"": 0.0}",pgreedy,classical,bf21a9e8fb,{},10.0,0,0.072,0,26.14508466070967,"[32.524281, 27.305475, 26.465278, 25.893745, 25.110609, 24.246811, 24.036891, 23.577587]",23.577586765086803,2780.8162482517464,8000,1,"{""rep_n_add"": 1638, ""rep_n_drop"": 0, ""rep_n_fill"": 6362}",ok,sols/heldout_full_Region6_s0.3_F1_pgreedy_bf21a9e8fb_b10.0_s0.npz,,,,,
2026-09-29T01:30:09,heldout,full_Region6_s0.3,F1,"{""k"": 4, ""name"": ""F1"", ""tau"": 0.0}",ls,classical,cf76477493,"{""g_scale"": 138.69861245357328, ""ls_T0"": 0.0025766385746135885, ""ls_T1"": 3.895706556508577e-06, ""ls_chains"": 16, ""ls_moves"": 23860, ""ls_restart_every"": 0, ""p_add"": 0.32294705653332806, ""p_swap"": 0.38687290659310525, ""start"": ""pgreedy"", ""topw"": 43}",10.0,0,10.031,0,21.56092374061103,"[22.60496, 22.188763, 21.860334, 21.615514, 21.381022, 21.125356, 20.929584, 20.781857]",20.78185703185705,2360.6198251748233,4843,1,"{""ls_acc"": 37049843, ""rep_n_add"": 3, ""rep_n_drop"": 0, ""rep_n_fill"": 16, ""start_n_add"": 967, ""start_n_drop"": 0, ""start_n_fill"": 13065}",ok,sols/heldout_full_Region6_s0.3_F1_ls_cf76477493_b10.0_s0.npz,,,,,
2026-09-29T01:30:09,heldout,full_Region6_s0.3,F1,"{""k"": 4, ""name"": ""F1"", ""tau"": 0.0}",greedy,classical,bf21a9e8fb,{},10.0,0,0.044,0,31.910011574074097,"[34.027308, 33.535742, 31.848339, 31.848339, 31.443587, 31.276402, 31.019555, 30.280821]",30.280821030821027,2875.770024475522,7972,1,"{""rep_n_add"": 15, ""rep_n_drop"": 0, ""rep_n_fill"": 7}",ok,sols/heldout_full_Region6_s0.3_F1_greedy_bf21a9e8fb_b10.0_s0.npz,,,,,
2026-09-29T01:30:20,heldout,full_Region6_s0.3,F1,"{""k"": 4, ""name"": ""F1"", ""tau"": 0.0}",eim,ising,fea13985a5,"{""eim_R"": 16, ""eim_Tmax"": 0.0007255047403074508, ""eim_Tmin"": 0.00013246974647468452, ""eim_anneal"": 0.7664913525398744, ""eim_eta"": 0.23358825194833557, ""eim_hscale"": 0.6218230782016851, ""eim_moves"": 52984, ""eim_rho"": 4.5566719139214715, ""g_scale"": 1370.4648392849028, ""p_add"": 0.0716766437045232, ""p_swap"": 0.8407909904010871, ""start"": ""lp"", ""topw"": 11}",10.0,1,10.061,0,21.565002994690545,"[22.497475, 22.10708, 21.82974, 21.581213, 21.378529, 21.174777, 21.034916, 20.916294]",20.916294353794424,2356.6966853146832,6008,1,"{""eim_acc"": 48537148, ""rep_n_add"": 19, ""rep_n_drop"": 0, ""rep_n_fill"": 33, ""start_n_add"": 490, ""start_n_drop"": 0, ""start_n_fill"": 4137}",ok,sols/heldout_full_Region6_s0.3_F1_eim_fea13985a5_b10.0_s1.npz,,,,,
2026-09-29T01:30:31,heldout,full_Region6_s0.3,F1,"{""k"": 4, ""name"": ""F1"", ""tau"": 0.0}",ls,classical,cf76477493,"{""g_scale"": 138.69861245357328, ""ls_T0"": 0.0025766385746135885, ""ls_T1"": 3.895706556508577e-06, ""ls_chains"": 16, ""ls_moves"": 23860, ""ls_restart_every"": 0, ""p_add"": 0.32294705653332806, ""p_swap"": 0.38687290659310525, ""start"": ""pgreedy"", ""topw"": 43}",10.0,2,10.012,0,21.549444768194732,"[22.606627, 22.184975, 21.850605, 21.572261, 21.330857, 21.143438, 20.925165, 20.78163]",20.781630406630377,2348.329258741257,4854,1,"{""ls_acc"": 37299741, ""rep_n_add"": 1, ""rep_n_drop"": 0, ""rep_n_fill"": 21, ""start_n_add"": 910, ""start_n_drop"": 0, ""start_n_fill"": 13230}",ok,sols/heldout_full_Region6_s0.3_F1_ls_cf76477493_b10.0_s2.npz,,,,,
2026-09-29T01:30:41,heldout,full_Region6_s0.3,F1,"{""k"": 4, ""name"": ""F1"", ""tau"": 0.0}",milp,classical,7609bc1c44,"{""eps_tie"": 0.0, ""mip_heuristic_effort"": 0.8077206102454388, ""presolve"": ""off"", ""start"": ""pgreedy""}",10.0,0,9.646,0,21.921126327376353,"[23.245338, 22.180928, 22.011072, 22.004241, 21.58704, 21.582508, 21.505067, 21.252817]",21.25281662781665,2740.3176293706274,7842,1,"{""milp_improved"": 7, ""rep_n_add"": 0, ""rep_n_drop"": 0, ""rep_n_fill"": 494, ""start_n_add"": 903, ""start_n_drop"": 0, ""start_n_fill"": 9305}",ok,sols/heldout_full_Region6_s0.3_F1_milp_7609bc1c44_b10.0_s0.npz,,,,,
2026-09-29T01:30:52,heldout,full_Region6_s0.3,F1,"{""k"": 4, ""name"": ""F1"", ""tau"": 0.0}",cpsat,classical,cd6c30cd5f,"{""cp_model_presolve"": false, ""linearization_level"": 1, ""repair_hint"": false, ""start"": ""lp""}",10.0,2,9.899,0,21.847590488215502,"[22.540841, 22.228082, 22.085324, 21.91317, 21.732874, 21.582362, 21.451745, 21.246325]",21.24632543382546,2611.9012342657325,7343,1,"{""cp_improved"": 8, ""cp_time"": 9.670812129974365, ""rep_n_add"": 0, ""rep_n_drop"": 0, ""rep_n_fill"": 329}",ok,sols/heldout_full_Region6_s0.3_F1_cpsat_cd6c30cd5f_b10.0_s2.npz,,,,,
2026-09-29T01:31:03,heldout,full_Region6_s0.3,F1,"{""k"": 4, ""name"": ""F1"", ""tau"": 0.0}",pt,ising,eb1d04fc51,"{""eim_R"": 16, ""eim_Tmax"": 7.3329031629428645e-06, ""eim_Tmin"": 1.1006348269620852e-06, ""eim_anneal"": 0.9462286962175356, ""eim_hscale"": 1.8587633596816164, ""eim_moves"": 18358, ""eim_rho"": 3.506794739778118, ""g_scale"": 774.8399988560119, ""p_add"": 0.22230587257383633, ""p_swap"": 0.46272105013386755, ""start"": ""lp"", ""topw"": 20}",10.0,1,10.002,0,21.56562419062421,"[22.247977, 22.013484, 21.816191, 21.633741, 21.458058, 21.284415, 21.107275, 20.963853]",20.96385327635335,2375.030444055942,6278,1,"{""eim_acc"": 243603, ""rep_n_add"": 0, ""rep_n_drop"": 0, ""rep_n_fill"": 20, ""start_n_add"": 440, ""start_n_drop"": 0, ""start_n_fill"": 6395}",ok,sols/heldout_full_Region6_s0.3_F1_pt_eb1d04fc51_b10.0_s1.npz,,,,,
2026-09-29T01:31:13,heldout,full_Region6_s0.3,F1,"{""k"": 4, ""name"": ""F1"", ""tau"": 0.0}",cpsat,classical,cd6c30cd5f,"{""cp_model_presolve"": false, ""linearization_level"": 1, ""repair_hint"": false, ""start"": ""lp""}",10.0,0,9.895,0,21.750070820383357,"[22.540841, 22.19281, 21.996924, 21.823394, 21.666197, 21.435897, 21.280886, 21.063617]",21.063616938616953,2593.891416083914,7359,1,"{""cp_improved"": 8, ""cp_time"": 9.660367012023926, ""rep_n_add"": 0, ""rep_n_drop"": 0, ""rep_n_fill"": 273}",ok,sols/heldout_full_Region6_s0.3_F1_cpsat_cd6c30cd5f_b10.0_s0.npz,,,,,
2026-09-29T01:31:24,heldout,full_Region6_s0.3,F1,"{""k"": 4, ""name"": ""F1"", ""tau"": 0.0}",eim,ising,fea13985a5,"{""eim_R"": 16, ""eim_Tmax"": 0.0007255047403074508, ""eim_Tmin"": 0.00013246974647468452, ""eim_anneal"": 0.7664913525398744, ""eim_eta"": 0.23358825194833557, ""eim_hscale"": 0.6218230782016851, ""eim_moves"": 52984, ""eim_rho"": 4.5566719139214715, ""g_scale"": 1370.4648392849028, ""p_add"": 0.0716766437045232, ""p_swap"": 0.8407909904010871, ""start"": ""lp"", ""topw"": 11}",10.0,2,10.007,0,21.559861434861443,"[22.516074, 22.067243, 21.778247, 21.576308, 21.392531, 21.209677, 21.041489, 20.897323]",20.897322584822593,2385.707475524474,6020,1,"{""eim_acc"": 48512329, ""rep_n_add"": 6, ""rep_n_drop"": 0, ""rep_n_fill"": 39, ""start_n_add"": 557, ""start_n_drop"": 0, ""start_n_fill"": 3466}",ok,sols/heldout_full_Region6_s0.3_F1_eim_fea13985a5_b10.0_s2.npz,,,,,
2026-09-29T01:31:36,sens_default,dev_Region7,F1,"{""k"": 4, ""name"": ""F1"", ""tau"": 0.0}",pt,ising,eb1d04fc51,"{""eim_R"": 16, ""eim_Tmax"": 7.3329031629428645e-06, ""eim_Tmin"": 1.1006348269620852e-06, ""eim_anneal"": 0.9462286962175356, ""eim_hscale"": 1.8587633596816164, ""eim_moves"": 18358, ""eim_rho"": 3.506794739778118, ""g_scale"": 774.8399988560119, ""p_add"": 0.22230587257383633, ""p_swap"": 0.46272105013386755, ""start"": ""lp"", ""topw"": 20}",10.0,0,10.015,0,24.094180992618526,"[24.140767, 24.087526, 24.087526, 24.087526, 24.087526, 24.087526, 24.087526, 24.087526]",24.087525900025934,1852.9329650349646,14713,1,"{""eim_acc"": 3197494, ""rep_n_add"": 0, ""rep_n_drop"": 0, ""rep_n_fill"": 12, ""start_n_add"": 194, ""start_n_drop"": 0, ""start_n_fill"": 10266}",ok,sols/sens_default_dev_Region7_F1_pt_eb1d04fc51_b10.0_s0.npz,,,,,
2026-09-29T01:31:47,sens_default,dev_Region6,F1,"{""k"": 4, ""name"": ""F1"", ""tau"": 0.0}",pt,ising,eb1d04fc51,"{""eim_R"": 16, ""eim_Tmax"": 7.3329031629428645e-06, ""eim_Tmin"": 1.1006348269620852e-06, ""eim_anneal"": 0.9462286962175356, ""eim_hscale"": 1.8587633596816164, ""eim_moves"": 18358, ""eim_rho"": 3.506794739778118, ""g_scale"": 774.8399988560119, ""p_add"": 0.22230587257383633, ""p_swap"": 0.46272105013386755, ""start"": ""lp"", ""topw"": 20}",10.0,0,10.023,0,22.26030133061384,"[23.054163, 22.760894, 22.517822, 22.31904, 22.121746, 21.943166, 21.771934, 21.593645]",21.593644781144768,2254.5810559440556,6514,1,"{""eim_acc"": 288712, ""rep_n_add"": 0, ""rep_n_drop"": 0, ""rep_n_fill"": 9, ""start_n_add"": 244, ""start_n_drop"": 0, ""start_n_fill"": 6996}",ok,sols/sens_default_dev_Region6_F1_pt_eb1d04fc51_b10.0_s0.npz,,,,,
2026-09-29T01:31:54,sens_default,dev_Region7,F1,"{""k"": 4, ""name"": ""F1"", ""tau"": 0.0}",cpsat,classical,cd6c30cd5f,"{""cp_model_presolve"": false, ""linearization_level"": 1, ""repair_hint"": false, ""start"": ""lp""}",10.0,0,5.688,0,24.186801913364455,"[24.710163, 24.259097, 24.087526, 24.087526, 24.087526, 24.087526, 24.087526, 24.087526]",24.087525900025934,1874.5603391608388,14993,1,"{""cp_improved"": 3, ""cp_time"": 5.4365715980529785, ""rep_n_add"": 0, ""rep_n_drop"": 0, ""rep_n_fill"": 382}",ok,sols/sens_default_dev_Region7_F1_cpsat_cd6c30cd5f_b10.0_s0.npz,,,,,
2026-09-29T01:32:04,sens_default,dev_Region6,F1,"{""k"": 4, ""name"": ""F1"", ""tau"": 0.0}",cpsat,classical,cd6c30cd5f,"{""cp_model_presolve"": false, ""linearization_level"": 1, ""repair_hint"": false, ""start"": ""lp""}",10.0,0,9.9,0,22.445225492100516,"[23.288478, 22.873948, 22.642499, 22.535758, 22.319639, 22.130099, 21.962655, 21.808728]",21.808728308728355,2503.0188566433567,7868,1,"{""cp_improved"": 8, ""cp_time"": 9.641988754272461, ""rep_n_add"": 0, ""rep_n_drop"": 0, ""rep_n_fill"": 353}",ok,sols/sens_default_dev_Region6_F1_cpsat_cd6c30cd5f_b10.0_s0.npz,,,,,
2026-09-29T01:32:15,sens_default,dev_Region7,F1,"{""k"": 4, ""name"": ""F1"", ""tau"": 0.0}",pt,ising,eb1d04fc51,"{""eim_R"": 16, ""eim_Tmax"": 7.3329031629428645e-06, ""eim_Tmin"": 1.1006348269620852e-06, ""eim_anneal"": 0.9462286962175356, ""eim_hscale"": 1.8587633596816164, ""eim_moves"": 18358, ""eim_rho"": 3.506794739778118, ""g_scale"": 774.8399988560119, ""p_add"": 0.22230587257383633, ""p_swap"": 0.46272105013386755, ""start"": ""lp"", ""topw"": 20}",10.0,1,10.008,0,24.094686852499386,"[24.144814, 24.087526, 24.087526, 24.087526, 24.087526, 24.087526, 24.087526, 24.087526]",24.087525900025934,1885.8210489510486,14983,1,"{""eim_acc"": 2771114, ""rep_n_add"": 0, ""rep_n_drop"": 0, ""rep_n_fill"": 7, ""start_n_add"": 480, ""start_n_drop"": 0, ""start_n_fill"": 9722}",ok,sols/sens_default_dev_Region7_F1_pt_eb1d04fc51_b10.0_s1.npz,,,,,
2026-09-29T01:32:26,sens_default,dev_Region6,F1,"{""k"": 4, ""name"": ""F1"", ""tau"": 0.0}",pt,ising,eb1d04fc51,"{""eim_R"": 16, ""eim_Tmax"": 7.3329031629428645e-06, ""eim_Tmin"": 1.1006348269620852e-06, ""eim_anneal"": 0.9462286962175356, ""eim_hscale"": 1.8587633596816164, ""eim_moves"": 18358, ""eim_rho"": 3.506794739778118, ""g_scale"": 774.8399988560119, ""p_add"": 0.22230587257383633, ""p_swap"": 0.46272105013386755, ""start"": ""lp"", ""topw"": 20}",10.0,1,10.017,0,22.28683873996375,"[23.071387, 22.775787, 22.542735, 22.357582, 22.155271, 21.97376, 21.790906, 21.627282]",21.6272824397825,2257.6661258741256,6597,1,"{""eim_acc"": 291196, ""rep_n_add"": 0, ""rep_n_drop"": 0, ""rep_n_fill"": 11, ""start_n_add"": 267, ""start_n_drop"": 0, ""start_n_fill"": 7396}",ok,sols/sens_default_dev_Region6_F1_pt_eb1d04fc51_b10.0_s1.npz,,,,,
2026-09-29T01:32:33,sens_default,dev_Region7,F1,"{""k"": 4, ""name"": ""F1"", ""tau"": 0.0}",cpsat,classical,cd6c30cd5f,"{""cp_model_presolve"": false, ""linearization_level"": 1, ""repair_hint"": false, ""start"": ""lp""}",10.0,1,5.722,0,24.18767603923854,"[24.71306, 24.263193, 24.087526, 24.087526, 24.087526, 24.087526, 24.087526, 24.087526]",24.087525900025934,1871.441188811189,14934,1,"{""cp_improved"": 3, ""cp_time"": 5.457733631134033, ""rep_n_add"": 0, ""rep_n_drop"": 0, ""rep_n_fill"": 384}",ok,sols/sens_default_dev_Region7_F1_cpsat_cd6c30cd5f_b10.0_s1.npz,,,,,
2026-09-29T01:32:43,sens_default,dev_Region6,F1,"{""k"": 4, ""name"": ""F1"", ""tau"": 0.0}",cpsat,classical,cd6c30cd5f,"{""cp_model_presolve"": false, ""linearization_level"": 1, ""repair_hint"": false, ""start"": ""lp""}",10.0,1,9.899,0,22.45316142191143,"[23.288478, 22.886088, 22.607825, 22.472044, 22.365045, 22.169532, 21.984411, 21.851868]",21.85186803936807,2498.0533881118877,8138,1,"{""cp_improved"": 8, ""cp_time"": 9.645451307296753, ""rep_n_add"": 0, ""rep_n_drop"": 0, ""rep_n_fill"": 673}",ok,sols/sens_default_dev_Region6_F1_cpsat_cd6c30cd5f_b10.0_s1.npz,,,,,
2026-09-29T01:32:54,sens_default,dev_Region7,F1,"{""k"": 4, ""name"": ""F1"", ""tau"": 0.0}",pt,ising,eb1d04fc51,"{""eim_R"": 16, ""eim_Tmax"": 7.3329031629428645e-06, ""eim_Tmin"": 1.1006348269620852e-06, ""eim_anneal"": 0.9462286962175356, ""eim_hscale"": 1.8587633596816164, ""eim_moves"": 18358, ""eim_rho"": 3.506794739778118, ""g_scale"": 774.8399988560119, ""p_add"": 0.22230587257383633, ""p_swap"": 0.46272105013386755, ""start"": ""lp"", ""topw"": 20}",10.0,2,10.006,0,24.094686852499386,"[24.144814, 24.087526, 24.087526, 24.087526, 24.087526, 24.087526, 24.087526, 24.087526]",24.087525900025934,1858.1887867132864,14652,1,"{""eim_acc"": 3523929, ""rep_n_add"": 0, ""rep_n_drop"": 0, ""rep_n_fill"": 25, ""start_n_add"": 324, ""start_n_drop"": 0, ""start_n_fill"": 9777}",ok,sols/sens_default_dev_Region7_F1_pt_eb1d04fc51_b10.0_s2.npz,,,,,
2026-09-29T01:33:05,sens_default,dev_Region6,F1,"{""k"": 4, ""name"": ""F1"", ""tau"": 0.0}",pt,ising,eb1d04fc51,"{""eim_R"": 16, ""eim_Tmax"": 7.3329031629428645e-06, ""eim_Tmin"": 1.1006348269620852e-06, ""eim_anneal"": 0.9462286962175356, ""eim_hscale"": 1.8587633596816164, ""eim_moves"": 18358, ""eim_rho"": 3.506794739778118, ""g_scale"": 774.8399988560119, ""p_add"": 0.22230587257383633, ""p_swap"": 0.46272105013386755, ""start"": ""lp"", ""topw"": 20}",10.0,2,10.01,0,22.26702319671073,"[23.025091, 22.767434, 22.550197, 22.344778, 22.132252, 21.94595, 21.767143, 21.603341]",21.60334110334101,2263.9517202797206,6613,1,"{""eim_acc"": 275713, ""rep_n_add"": 0, ""rep_n_drop"": 0, ""rep_n_fill"": 14, ""start_n_add"": 273, ""start_n_drop"": 0, ""start_n_fill"": 6827}",ok,sols/sens_default_dev_Region6_F1_pt_eb1d04fc51_b10.0_s2.npz,,,,,
2026-09-29T01:33:11,sens_default,dev_Region7,F1,"{""k"": 4, ""name"": ""F1"", ""tau"": 0.0}",cpsat,classical,cd6c30cd5f,"{""cp_model_presolve"": false, ""linearization_level"": 1, ""repair_hint"": false, ""start"": ""lp""}",10.0,2,5.705,0,24.18112211862217,"[24.710163, 24.213659, 24.087526, 24.087526, 24.087526, 24.087526, 24.087526, 24.087526]",24.087525900025934,1865.5790209790207,14864,1,"{""cp_improved"": 3, ""cp_time"": 5.44731593132019, ""rep_n_add"": 0, ""rep_n_drop"": 0, ""rep_n_fill"": 665}",ok,sols/sens_default_dev_Region7_F1_cpsat_cd6c30cd5f_b10.0_s2.npz,,,,,
2026-09-29T01:33:22,sens_default,dev_Region6,F1,"{""k"": 4, ""name"": ""F1"", ""tau"": 0.0}",cpsat,classical,cd6c30cd5f,"{""cp_model_presolve"": false, ""linearization_level"": 1, ""repair_hint"": false, ""start"": ""lp""}",10.0,2,9.886,0,22.468964484589492,"[23.288478, 22.854086, 22.69425, 22.484929, 22.358214, 22.205209, 22.031938, 21.834612]",21.83461214711205,2466.561367132867,7692,1,"{""cp_improved"": 8, ""cp_time"": 9.663341283798218, ""rep_n_add"": 0, ""rep_n_drop"": 0, ""rep_n_fill"": 365}",ok,sols/sens_default_dev_Region6_F1_cpsat_cd6c30cd5f_b10.0_s2.npz,,,,,
2026-09-29T01:34:23,sens_default,dev_Region7,F1,"{""k"": 4, ""name"": ""F1"", ""tau"": 0.0}",pt,ising,eb1d04fc51,"{""eim_R"": 16, ""eim_Tmax"": 7.3329031629428645e-06, ""eim_Tmin"": 1.1006348269620852e-06, ""eim_anneal"": 0.9462286962175356, ""eim_hscale"": 1.8587633596816164, ""eim_moves"": 18358, ""eim_rho"": 3.506794739778118, ""g_scale"": 774.8399988560119, ""p_add"": 0.22230587257383633, ""p_swap"": 0.46272105013386755, ""start"": ""lp"", ""topw"": 20}",60.0,0,60.015,0,24.087525900025934,"[24.087526, 24.087526, 24.087526, 24.087526, 24.087526, 24.087526, 24.087526, 24.087526]",24.087525900025934,1888.4254790209789,14964,1,"{""eim_acc"": 31467172, ""rep_n_add"": 0, ""rep_n_drop"": 0, ""rep_n_fill"": 18, ""start_n_add"": 194, ""start_n_drop"": 0, ""start_n_fill"": 10929}",ok,sols/sens_default_dev_Region7_F1_pt_eb1d04fc51_b60.0_s0.npz,,,,,
2026-09-29T01:35:24,sens_default,dev_Region6,F1,"{""k"": 4, ""name"": ""F1"", ""tau"": 0.0}",pt,ising,eb1d04fc51,"{""eim_R"": 16, ""eim_Tmax"": 7.3329031629428645e-06, ""eim_Tmin"": 1.1006348269620852e-06, ""eim_anneal"": 0.9462286962175356, ""eim_hscale"": 1.8587633596816164, ""eim_moves"": 18358, ""eim_rho"": 3.506794739778118, ""g_scale"": 774.8399988560119, ""p_add"": 0.22230587257383633, ""p_swap"": 0.46272105013386755, ""start"": ""lp"", ""topw"": 20}",60.0,0,60.018,0,22.19897290209794,"[22.930717, 22.706391, 22.482145, 22.27263, 22.07545, 21.900172, 21.701324, 21.522954]",21.52295389795387,2250.784818181818,6456,1,"{""eim_acc"": 797222, ""rep_n_add"": 0, ""rep_n_drop"": 0, ""rep_n_fill"": 6, ""start_n_add"": 331, ""start_n_drop"": 0, ""start_n_fill"": 6998}",ok,sols/sens_default_dev_Region6_F1_pt_eb1d04fc51_b60.0_s0.npz,,,,,
2026-09-29T01:35:40,sens_default,dev_Region7,F1,"{""k"": 4, ""name"": ""F1"", ""tau"": 0.0}",cpsat,classical,cd6c30cd5f,"{""cp_model_presolve"": false, ""linearization_level"": 1, ""repair_hint"": false, ""start"": ""lp""}",60.0,0,15.196,0,24.11290387852891,"[24.29055, 24.087526, 24.087526, 24.087526, 24.087526, 24.087526, 24.087526, 24.087526]",24.087525900025934,1887.5367447552446,14856,1,"{""cp_improved"": 2, ""cp_time"": 14.939117431640625, ""rep_n_add"": 0, ""rep_n_drop"": 0, ""rep_n_fill"": 457}",ok,sols/sens_default_dev_Region7_F1_cpsat_cd6c30cd5f_b60.0_s0.npz,,,,,
2026-09-29T01:36:40,sens_default,dev_Region6,F1,"{""k"": 4, ""name"": ""F1"", ""tau"": 0.0}",cpsat,classical,cd6c30cd5f,"{""cp_model_presolve"": false, ""linearization_level"": 1, ""repair_hint"": false, ""start"": ""lp""}",60.0,0,59.182,0,22.017583689458714,"[22.930458, 22.567761, 22.315479, 22.075822, 21.858294, 21.646853, 21.462105, 21.283897]",21.283896658896705,2310.6461783216782,6453,1,"{""cp_improved"": 8, ""cp_time"": 58.93206000328064, ""rep_n_add"": 0, ""rep_n_drop"": 0, ""rep_n_fill"": 67}",ok,sols/sens_default_dev_Region6_F1_cpsat_cd6c30cd5f_b60.0_s0.npz,,,,,
2026-09-29T01:37:41,sens_default,dev_Region7,F1,"{""k"": 4, ""name"": ""F1"", ""tau"": 0.0}",pt,ising,eb1d04fc51,"{""eim_R"": 16, ""eim_Tmax"": 7.3329031629428645e-06, ""eim_Tmin"": 1.1006348269620852e-06, ""eim_anneal"": 0.9462286962175356, ""eim_hscale"": 1.8587633596816164, ""eim_moves"": 18358, ""eim_rho"": 3.506794739778118, ""g_scale"": 774.8399988560119, ""p_add"": 0.22230587257383633, ""p_swap"": 0.46272105013386755, ""start"": ""lp"", ""topw"": 20}",60.0,1,60.009,0,24.094180992618526,"[24.140767, 24.087526, 24.087526, 24.087526, 24.087526, 24.087526, 24.087526, 24.087526]",24.087525900025934,1888.6952587412582,15043,1,"{""eim_acc"": 27714306, ""rep_n_add"": 0, ""rep_n_drop"": 0, ""rep_n_fill"": 9, ""start_n_add"": 490, ""start_n_drop"": 0, ""start_n_fill"": 9989}",ok,sols/sens_default_dev_Region7_F1_pt_eb1d04fc51_b60.0_s1.npz,,,,,
2026-09-29T01:38:41,sens_default,dev_Region6,F1,"{""k"": 4, ""name"": ""F1"", ""tau"": 0.0}",pt,ising,eb1d04fc51,"{""eim_R"": 16, ""eim_Tmax"": 7.3329031629428645e-06, ""eim_Tmin"": 1.1006348269620852e-06, ""eim_anneal"": 0.9462286962175356, ""eim_hscale"": 1.8587633596816164, ""eim_moves"": 18358, ""eim_rho"": 3.506794739778118, ""g_scale"": 774.8399988560119, ""p_add"": 0.22230587257383633, ""p_swap"": 0.46272105013386755, ""start"": ""lp"", ""topw"": 20}",60.0,1,60.006,0,22.266094437969425,"[23.067162, 22.773553, 22.53108, 22.311545, 22.123899, 21.956941, 21.76172, 21.602855]",21.602855477855506,2238.281083916084,6489,1,"{""eim_acc"": 900323, ""rep_n_add"": 0, ""rep_n_drop"": 0, ""rep_n_fill"": 8, ""start_n_add"": 368, ""start_n_drop"": 0, ""start_n_fill"": 6724}",ok,sols/sens_default_dev_Region6_F1_pt_eb1d04fc51_b60.0_s1.npz,,,,,
2026-09-29T01:38:57,sens_default,dev_Region7,F1,"{""k"": 4, ""name"": ""F1"", ""tau"": 0.0}",cpsat,classical,cd6c30cd5f,"{""cp_model_presolve"": false, ""linearization_level"": 1, ""repair_hint"": false, ""start"": ""lp""}",60.0,1,15.029,0,24.091137739575267,"[24.116421, 24.087526, 24.087526, 24.087526, 24.087526, 24.087526, 24.087526, 24.087526]",24.087525900025934,1896.4470034965032,14849,1,"{""cp_improved"": 2, ""cp_time"": 14.784253358840942, ""rep_n_add"": 0, ""rep_n_drop"": 0, ""rep_n_fill"": 655}",ok,sols/sens_default_dev_Region7_F1_cpsat_cd6c30cd5f_b60.0_s1.npz,,,,,
2026-09-29T01:39:57,sens_default,dev_Region6,F1,"{""k"": 4, ""name"": ""F1"", ""tau"": 0.0}",cpsat,classical,cd6c30cd5f,"{""cp_model_presolve"": false, ""linearization_level"": 1, ""repair_hint"": false, ""start"": ""lp""}",60.0,1,59.205,0,22.114358731546243,"[23.050602, 22.673125, 22.412231, 22.168043, 21.944024, 21.74223, 21.546199, 21.378416]",21.378415565915553,2285.7992167832167,6399,1,"{""cp_improved"": 8, ""cp_time"": 58.95962643623352, ""rep_n_add"": 0, ""rep_n_drop"": 0, ""rep_n_fill"": 11}",ok,sols/sens_default_dev_Region6_F1_cpsat_cd6c30cd5f_b60.0_s1.npz,,,,,
2026-09-29T01:40:58,sens_default,dev_Region7,F1,"{""k"": 4, ""name"": ""F1"", ""tau"": 0.0}",pt,ising,eb1d04fc51,"{""eim_R"": 16, ""eim_Tmax"": 7.3329031629428645e-06, ""eim_Tmin"": 1.1006348269620852e-06, ""eim_anneal"": 0.9462286962175356, ""eim_hscale"": 1.8587633596816164, ""eim_moves"": 18358, ""eim_rho"": 3.506794739778118, ""g_scale"": 774.8399988560119, ""p_add"": 0.22230587257383633, ""p_swap"": 0.46272105013386755, ""start"": ""lp"", ""topw"": 20}",60.0,2,60.014,0,24.087525900025934,"[24.087526, 24.087526, 24.087526, 24.087526, 24.087526, 24.087526, 24.087526, 24.087526]",24.087525900025934,1883.2661573426572,14932,1,"{""eim_acc"": 27070515, ""rep_n_add"": 0, ""rep_n_drop"": 0, ""rep_n_fill"": 27, ""start_n_add"": 314, ""start_n_drop"": 0, ""start_n_fill"": 10012}",ok,sols/sens_default_dev_Region7_F1_pt_eb1d04fc51_b60.0_s2.npz,,,,,
2026-09-29T01:41:59,sens_default,dev_Region6,F1,"{""k"": 4, ""name"": ""F1"", ""tau"": 0.0}",pt,ising,eb1d04fc51,"{""eim_R"": 16, ""eim_Tmax"": 7.3329031629428645e-06, ""eim_Tmin"": 1.1006348269620852e-06, ""eim_anneal"": 0.9462286962175356, ""eim_hscale"": 1.8587633596816164, ""eim_moves"": 18358, ""eim_rho"": 3.506794739778118, ""g_scale"": 774.8399988560119, ""p_add"": 0.22230587257383633, ""p_swap"": 0.46272105013386755, ""start"": ""lp"", ""topw"": 20}",60.0,2,60.015,0,22.223183355995864,"[23.004338, 22.713967, 22.515038, 22.274864, 22.075223, 21.909415, 21.731724, 21.560897]",21.560897435897438,2252.8889475524475,6503,1,"{""eim_acc"": 869305, ""rep_n_add"": 0, ""rep_n_drop"": 0, ""rep_n_fill"": 7, ""start_n_add"": 185, ""start_n_drop"": 0, ""start_n_fill"": 6954}",ok,sols/sens_default_dev_Region6_F1_pt_eb1d04fc51_b60.0_s2.npz,,,,,
2026-09-29T01:42:15,sens_default,dev_Region7,F1,"{""k"": 4, ""name"": ""F1"", ""tau"": 0.0}",cpsat,classical,cd6c30cd5f,"{""cp_model_presolve"": false, ""linearization_level"": 1, ""repair_hint"": false, ""start"": ""lp""}",60.0,2,15.325,0,24.108053693991238,"[24.251748, 24.087526, 24.087526, 24.087526, 24.087526, 24.087526, 24.087526, 24.087526]",24.087525900025934,1886.7221818181818,14874,1,"{""cp_improved"": 2, ""cp_time"": 15.06688642501831, ""rep_n_add"": 0, ""rep_n_drop"": 0, ""rep_n_fill"": 710}",ok,sols/sens_default_dev_Region7_F1_cpsat_cd6c30cd5f_b60.0_s2.npz,,,,,
2026-09-29T01:43:15,sens_default,dev_Region6,F1,"{""k"": 4, ""name"": ""F1"", ""tau"": 0.0}",cpsat,classical,cd6c30cd5f,"{""cp_model_presolve"": false, ""linearization_level"": 1, ""repair_hint"": false, ""start"": ""lp""}",60.0,2,59.191,0,22.03445715164463,"[22.944639, 22.592819, 22.324689, 22.091006, 21.868509, 21.663704, 21.487795, 21.302496]",21.302496114996117,2252.3282867132866,6356,1,"{""cp_improved"": 8, ""cp_time"": 58.93789339065552, ""rep_n_add"": 0, ""rep_n_drop"": 0, ""rep_n_fill"": 14}",ok,sols/sens_default_dev_Region6_F1_cpsat_cd6c30cd5f_b60.0_s2.npz,,,,,
2026-09-29T01:43:26,sens_w6,dev_Region7,F1,"{""k"": 4, ""name"": ""F1"", ""tau"": 0.0}",pt,ising,846bd909b1,"{""eim_R"": 16, ""eim_Tmax"": 7.3329031629428645e-06, ""eim_Tmin"": 1.1006348269620852e-06, ""eim_anneal"": 0.9462286962175356, ""eim_hscale"": 1.8587633596816164, ""eim_moves"": 18358, ""eim_rho"": 3.506794739778118, ""g_scale"": 774.8399988560119, ""level_weights"": [6, 1, 1, 1, 1, 1, 1, 1], ""p_add"": 0.22230587257383633, ""p_swap"": 0.46272105013386755, ""start"": ""lp"", ""topw"": 20}",10.0,0,10.007,0,24.087525900025934,"[24.087526, 24.087526, 24.087526, 24.087526, 24.087526, 24.087526, 24.087526, 24.087526]",24.087525900025934,1860.8102517482512,14717,1,"{""eim_acc"": 2203106, ""rep_n_add"": 0, ""rep_n_drop"": 0, ""rep_n_fill"": 7, ""start_n_add"": 194, ""start_n_drop"": 0, ""start_n_fill"": 10312}",ok,sols/sens_w6_dev_Region7_F1_pt_846bd909b1_b10.0_s0.npz,,,,,
2026-09-29T01:43:37,sens_w6,dev_Region6,F1,"{""k"": 4, ""name"": ""F1"", ""tau"": 0.0}",pt,ising,846bd909b1,"{""eim_R"": 16, ""eim_Tmax"": 7.3329031629428645e-06, ""eim_Tmin"": 1.1006348269620852e-06, ""eim_anneal"": 0.9462286962175356, ""eim_hscale"": 1.8587633596816164, ""eim_moves"": 18358, ""eim_rho"": 3.506794739778118, ""g_scale"": 774.8399988560119, ""level_weights"": [6, 1, 1, 1, 1, 1, 1, 1], ""p_add"": 0.22230587257383633, ""p_swap"": 0.46272105013386755, ""start"": ""lp"", ""topw"": 20}",10.0,0,10.018,0,22.233871163558682,"[22.972595, 22.691838, 22.508984, 22.301703, 22.11744, 21.938374, 21.757268, 21.582767]",21.582766770266744,2302.6864825174825,6613,1,"{""eim_acc"": 355534, ""rep_n_add"": 1, ""rep_n_drop"": 0, ""rep_n_fill"": 8, ""start_n_add"": 194, ""start_n_drop"": 0, ""start_n_fill"": 8709}",ok,sols/sens_w6_dev_Region6_F1_pt_846bd909b1_b10.0_s0.npz,,,,,
2026-09-29T01:43:45,sens_w6,dev_Region7,F1,"{""k"": 4, ""name"": ""F1"", ""tau"": 0.0}",cpsat,classical,e94206962c,"{""cp_model_presolve"": false, ""level_weights"": [6, 1, 1, 1, 1, 1, 1, 1], ""linearization_level"": 1, ""repair_hint"": false, ""start"": ""lp""}",10.0,0,7.531,0,24.154983326858364,"[24.627185, 24.087526, 24.087526, 24.087526, 24.087526, 24.087526, 24.087526, 24.087526]",24.087525900025934,1877.9953636363634,14869,1,"{""cp_improved"": 2, ""cp_time"": 7.248542785644531, ""rep_n_add"": 0, ""rep_n_drop"": 0, ""rep_n_fill"": 303}",ok,sols/sens_w6_dev_Region7_F1_cpsat_e94206962c_b10.0_s0.npz,,,,,
2026-09-29T01:43:56,sens_w6,dev_Region6,F1,"{""k"": 4, ""name"": ""F1"", ""tau"": 0.0}",cpsat,classical,e94206962c,"{""cp_model_presolve"": false, ""level_weights"": [6, 1, 1, 1, 1, 1, 1, 1], ""linearization_level"": 1, ""repair_hint"": false, ""start"": ""lp""}",10.0,0,9.923,0,22.531314750064787,"[23.660904, 22.928564, 22.712817, 22.537312, 22.383272, 22.207475, 22.020429, 21.799744]",21.799744237244308,2525.1911573426573,8190,1,"{""cp_improved"": 8, ""cp_time"": 9.690258264541626, ""rep_n_add"": 0, ""rep_n_drop"": 0, ""rep_n_fill"": 669}",ok,sols/sens_w6_dev_Region6_F1_cpsat_e94206962c_b10.0_s0.npz,,,,,
2026-09-29T01:44:07,sens_w6,dev_Region7,F1,"{""k"": 4, ""name"": ""F1"", ""tau"": 0.0}",pt,ising,846bd909b1,"{""eim_R"": 16, ""eim_Tmax"": 7.3329031629428645e-06, ""eim_Tmin"": 1.1006348269620852e-06, ""eim_anneal"": 0.9462286962175356, ""eim_hscale"": 1.8587633596816164, ""eim_moves"": 18358, ""eim_rho"": 3.506794739778118, ""g_scale"": 774.8399988560119, ""level_weights"": [6, 1, 1, 1, 1, 1, 1, 1], ""p_add"": 0.22230587257383633, ""p_swap"": 0.46272105013386755, ""start"": ""lp"", ""topw"": 20}",10.0,1,10.017,0,24.087525900025934,"[24.087526, 24.087526, 24.087526, 24.087526, 24.087526, 24.087526, 24.087526, 24.087526]",24.087525900025934,1865.4795174825174,14747,1,"{""eim_acc"": 2120161, ""rep_n_add"": 0, ""rep_n_drop"": 0, ""rep_n_fill"": 8, ""start_n_add"": 476, ""start_n_drop"": 0, ""start_n_fill"": 9363}",ok,sols/sens_w6_dev_Region7_F1_pt_846bd909b1_b10.0_s1.npz,,,,,
2026-09-29T01:44:18,sens_w6,dev_Region6,F1,"{""k"": 4, ""name"": ""F1"", ""tau"": 0.0}",pt,ising,846bd909b1,"{""eim_R"": 16, ""eim_Tmax"": 7.3329031629428645e-06, ""eim_Tmin"": 1.1006348269620852e-06, ""eim_anneal"": 0.9462286962175356, ""eim_hscale"": 1.8587633596816164, ""eim_moves"": 18358, ""eim_rho"": 3.506794739778118, ""g_scale"": 774.8399988560119, ""level_weights"": [6, 1, 1, 1, 1, 1, 1, 1], ""p_add"": 0.22230587257383633, ""p_swap"": 0.46272105013386755, ""start"": ""lp"", ""topw"": 20}",10.0,1,10.016,0,22.280819007381517,"[23.064782, 22.768243, 22.534382, 22.353908, 22.162069, 21.969891, 21.79042, 21.602855]",21.602855477855506,2273.461223776224,6563,1,"{""eim_acc"": 342680, ""rep_n_add"": 0, ""rep_n_drop"": 0, ""rep_n_fill"": 21, ""start_n_add"": 229, ""start_n_drop"": 0, ""start_n_fill"": 7671}",ok,sols/sens_w6_dev_Region6_F1_pt_846bd909b1_b10.0_s1.npz,,,,,
2026-09-29T01:44:26,sens_w6,dev_Region7,F1,"{""k"": 4, ""name"": ""F1"", ""tau"": 0.0}",cpsat,classical,e94206962c,"{""cp_model_presolve"": false, ""level_weights"": [6, 1, 1, 1, 1, 1, 1, 1], ""linearization_level"": 1, ""repair_hint"": false, ""start"": ""lp""}",10.0,1,7.566,0,24.199559699559714,"[24.739009, 24.332314, 24.087526, 24.087526, 24.087526, 24.087526, 24.087526, 24.087526]",24.087525900025934,1856.2909440559438,14736,1,"{""cp_improved"": 3, ""cp_time"": 7.320151090621948, ""rep_n_add"": 0, ""rep_n_drop"": 0, ""rep_n_fill"": 24}",ok,sols/sens_w6_dev_Region7_F1_cpsat_e94206962c_b10.0_s1.npz,,,,,
2026-09-29T01:44:37,sens_w6,dev_Region6,F1,"{""k"": 4, ""name"": ""F1"", ""tau"": 0.0}",cpsat,classical,e94206962c,"{""cp_model_presolve"": false, ""level_weights"": [6, 1, 1, 1, 1, 1, 1, 1], ""linearization_level"": 1, ""repair_hint"": false, ""start"": ""lp""}",10.0,1,9.944,0,22.544297138047167,"[23.214371, 23.099796, 22.798174, 22.631993, 22.46544, 22.225929, 22.023958, 21.894716]",21.89471639471647,2555.168185314685,8123,1,"{""cp_improved"": 8, ""cp_time"": 9.708492279052734, ""rep_n_add"": 0, ""rep_n_drop"": 0, ""rep_n_fill"": 730}",ok,sols/sens_w6_dev_Region6_F1_cpsat_e94206962c_b10.0_s1.npz,,,,,
2026-09-29T01:44:48,sens_w6,dev_Region7,F1,"{""k"": 4, ""name"": ""F1"", ""tau"": 0.0}",pt,ising,846bd909b1,"{""eim_R"": 16, ""eim_Tmax"": 7.3329031629428645e-06, ""eim_Tmin"": 1.1006348269620852e-06, ""eim_anneal"": 0.9462286962175356, ""eim_hscale"": 1.8587633596816164, ""eim_moves"": 18358, ""eim_rho"": 3.506794739778118, ""g_scale"": 774.8399988560119, ""level_weights"": [6, 1, 1, 1, 1, 1, 1, 1], ""p_add"": 0.22230587257383633, ""p_swap"": 0.46272105013386755, ""start"": ""lp"", ""topw"": 20}",10.0,2,10.011,0,24.087665517353052,"[24.088643, 24.087526, 24.087526, 24.087526, 24.087526, 24.087526, 24.087526, 24.087526]",24.087525900025934,1884.8621503496502,14994,1,"{""eim_acc"": 2162105, ""rep_n_add"": 0, ""rep_n_drop"": 0, ""rep_n_fill"": 19, ""start_n_add"": 316, ""start_n_drop"": 0, ""start_n_fill"": 9997}",ok,sols/sens_w6_dev_Region7_F1_pt_846bd909b1_b10.0_s2.npz,,,,,
2026-09-29T01:44:59,sens_w6,dev_Region6,F1,"{""k"": 4, ""name"": ""F1"", ""tau"": 0.0}",pt,ising,846bd909b1,"{""eim_R"": 16, ""eim_Tmax"": 7.3329031629428645e-06, ""eim_Tmin"": 1.1006348269620852e-06, ""eim_anneal"": 0.9462286962175356, ""eim_hscale"": 1.8587633596816164, ""eim_moves"": 18358, ""eim_rho"": 3.506794739778118, ""g_scale"": 774.8399988560119, ""level_weights"": [6, 1, 1, 1, 1, 1, 1, 1], ""p_add"": 0.22230587257383633, ""p_swap"": 0.46272105013386755, ""start"": ""lp"", ""topw"": 20}",10.0,2,10.02,0,22.265374093499094,"[23.04785, 22.740255, 22.534415, 22.348372, 22.138565, 21.959984, 21.759016, 21.594535]",21.5945350945351,2267.3584055944057,6577,1,"{""eim_acc"": 338988, ""rep_n_add"": 0, ""rep_n_drop"": 0, ""rep_n_fill"": 15, ""start_n_add"": 227, ""start_n_drop"": 0, ""start_n_fill"": 7099}",ok,sols/sens_w6_dev_Region6_F1_pt_846bd909b1_b10.0_s2.npz,,,,,
2026-09-29T01:45:07,sens_w6,dev_Region7,F1,"{""k"": 4, ""name"": ""F1"", ""tau"": 0.0}",cpsat,classical,e94206962c,"{""cp_model_presolve"": false, ""level_weights"": [6, 1, 1, 1, 1, 1, 1, 1], ""linearization_level"": 1, ""repair_hint"": false, ""start"": ""lp""}",10.0,2,7.627,0,24.194199608262153,"[24.740903, 24.287539, 24.087526, 24.087526, 24.087526, 24.087526, 24.087526, 24.087526]",24.087525900025934,1871.6198986013983,14988,1,"{""cp_improved"": 3, ""cp_time"": 7.363516569137573, ""rep_n_add"": 0, ""rep_n_drop"": 0, ""rep_n_fill"": 380}",ok,sols/sens_w6_dev_Region7_F1_cpsat_e94206962c_b10.0_s2.npz,,,,,
2026-09-29T01:45:18,sens_w6,dev_Region6,F1,"{""k"": 4, ""name"": ""F1"", ""tau"": 0.0}",cpsat,classical,e94206962c,"{""cp_model_presolve"": false, ""level_weights"": [6, 1, 1, 1, 1, 1, 1, 1], ""linearization_level"": 1, ""repair_hint"": false, ""start"": ""lp""}",10.0,2,9.938,0,22.503047299922315,"[23.288478, 22.983068, 22.751538, 22.562338, 22.394231, 22.135117, 22.049161, 21.860447]",21.860447422947455,2532.657031468532,8198,1,"{""cp_improved"": 8, ""cp_time"": 9.707923650741577, ""rep_n_add"": 0, ""rep_n_drop"": 0, ""rep_n_fill"": 702}",ok,sols/sens_w6_dev_Region6_F1_cpsat_e94206962c_b10.0_s2.npz,,,,,
2026-09-29T01:46:19,sens_w6,dev_Region7,F1,"{""k"": 4, ""name"": ""F1"", ""tau"": 0.0}",pt,ising,846bd909b1,"{""eim_R"": 16, ""eim_Tmax"": 7.3329031629428645e-06, ""eim_Tmin"": 1.1006348269620852e-06, ""eim_anneal"": 0.9462286962175356, ""eim_hscale"": 1.8587633596816164, ""eim_moves"": 18358, ""eim_rho"": 3.506794739778118, ""g_scale"": 774.8399988560119, ""level_weights"": [6, 1, 1, 1, 1, 1, 1, 1], ""p_add"": 0.22230587257383633, ""p_swap"": 0.46272105013386755, ""start"": ""lp"", ""topw"": 20}",60.0,0,60.01,0,24.087525900025934,"[24.087526, 24.087526, 24.087526, 24.087526, 24.087526, 24.087526, 24.087526, 24.087526]",24.087525900025934,1905.4294720279718,15025,1,"{""eim_acc"": 32351524, ""rep_n_add"": 0, ""rep_n_drop"": 0, ""rep_n_fill"": 10, ""start_n_add"": 194, ""start_n_drop"": 0, ""start_n_fill"": 10655}",ok,sols/sens_w6_dev_Region7_F1_pt_846bd909b1_b60.0_s0.npz,,,,,
2026-09-29T01:47:20,sens_w6,dev_Region6,F1,"{""k"": 4, ""name"": ""F1"", ""tau"": 0.0}",pt,ising,846bd909b1,"{""eim_R"": 16, ""eim_Tmax"": 7.3329031629428645e-06, ""eim_Tmin"": 1.1006348269620852e-06, ""eim_anneal"": 0.9462286962175356, ""eim_hscale"": 1.8587633596816164, ""eim_moves"": 18358, ""eim_rho"": 3.506794739778118, ""g_scale"": 774.8399988560119, ""level_weights"": [6, 1, 1, 1, 1, 1, 1, 1], ""p_add"": 0.22230587257383633, ""p_swap"": 0.46272105013386755, ""start"": ""lp"", ""topw"": 20}",60.0,0,60.009,0,22.257173093110616,"[23.075806, 22.730931, 22.523019, 22.311545, 22.130698, 21.932579, 21.774492, 21.578315]",21.57831520331526,2246.9840384615386,6447,1,"{""eim_acc"": 1066327, ""rep_n_add"": 0, ""rep_n_drop"": 0, ""rep_n_fill"": 8, ""start_n_add"": 263, ""start_n_drop"": 0, ""start_n_fill"": 7209}",ok,sols/sens_w6_dev_Region6_F1_pt_846bd909b1_b60.0_s0.npz,,,,,
2026-09-29T01:47:39,sens_w6,dev_Region7,F1,"{""k"": 4, ""name"": ""F1"", ""tau"": 0.0}",cpsat,classical,e94206962c,"{""cp_model_presolve"": false, ""level_weights"": [6, 1, 1, 1, 1, 1, 1, 1], ""linearization_level"": 1, ""repair_hint"": false, ""start"": ""lp""}",60.0,0,18.491,0,24.087525900025934,"[24.087526, 24.087526, 24.087526, 24.087526, 24.087526, 24.087526, 24.087526, 24.087526]",24.087525900025934,1904.9116398601398,14847,1,"{""cp_improved"": 1, ""cp_time"": 18.242472410202026, ""rep_n_add"": 0, ""rep_n_drop"": 0, ""rep_n_fill"": 153}",ok,sols/sens_w6_dev_Region7_F1_cpsat_e94206962c_b60.0_s0.npz,,,,,
2026-09-29T01:48:39,sens_w6,dev_Region6,F1,"{""k"": 4, ""name"": ""F1"", ""tau"": 0.0}",cpsat,classical,e94206962c,"{""cp_model_presolve"": false, ""level_weights"": [6, 1, 1, 1, 1, 1, 1, 1], ""linearization_level"": 1, ""repair_hint"": false, ""start"": ""lp""}",60.0,0,59.43,0,21.99505066692568,"[22.728487, 22.506944, 22.277535, 22.070254, 21.878076, 21.684797, 21.503173, 21.31114]",21.311140248640232,2248.69022027972,6369,1,"{""cp_improved"": 8, ""cp_time"": 59.16382098197937, ""rep_n_add"": 0, ""rep_n_drop"": 0, ""rep_n_fill"": 13}",ok,sols/sens_w6_dev_Region6_F1_cpsat_e94206962c_b60.0_s0.npz,,,,,
2026-09-29T01:49:40,sens_w6,dev_Region7,F1,"{""k"": 4, ""name"": ""F1"", ""tau"": 0.0}",pt,ising,846bd909b1,"{""eim_R"": 16, ""eim_Tmax"": 7.3329031629428645e-06, ""eim_Tmin"": 1.1006348269620852e-06, ""eim_anneal"": 0.9462286962175356, ""eim_hscale"": 1.8587633596816164, ""eim_moves"": 18358, ""eim_rho"": 3.506794739778118, ""g_scale"": 774.8399988560119, ""level_weights"": [6, 1, 1, 1, 1, 1, 1, 1], ""p_add"": 0.22230587257383633, ""p_swap"": 0.46272105013386755, ""start"": ""lp"", ""topw"": 20}",60.0,1,60.005,0,24.087525900025934,"[24.087526, 24.087526, 24.087526, 24.087526, 24.087526, 24.087526, 24.087526, 24.087526]",24.087525900025934,1909.6411538461534,15035,1,"{""eim_acc"": 24464378, ""rep_n_add"": 0, ""rep_n_drop"": 0, ""rep_n_fill"": 14, ""start_n_add"": 476, ""start_n_drop"": 0, ""start_n_fill"": 9914}",ok,sols/sens_w6_dev_Region7_F1_pt_846bd909b1_b60.0_s1.npz,,,,,
2026-09-29T01:50:41,sens_w6,dev_Region6,F1,"{""k"": 4, ""name"": ""F1"", ""tau"": 0.0}",pt,ising,846bd909b1,"{""eim_R"": 16, ""eim_Tmax"": 7.3329031629428645e-06, ""eim_Tmin"": 1.1006348269620852e-06, ""eim_anneal"": 0.9462286962175356, ""eim_hscale"": 1.8587633596816164, ""eim_moves"": 18358, ""eim_rho"": 3.506794739778118, ""g_scale"": 774.8399988560119, ""level_weights"": [6, 1, 1, 1, 1, 1, 1, 1], ""p_add"": 0.22230587257383633, ""p_swap"": 0.46272105013386755, ""start"": ""lp"", ""topw"": 20}",60.0,1,60.014,0,22.233608116420633,"[22.971219, 22.730931, 22.511477, 22.3108, 22.118671, 21.924161, 21.735917, 21.565689]",21.565688940688926,2289.910388111888,6580,1,"{""eim_acc"": 1033319, ""rep_n_add"": 0, ""rep_n_drop"": 0, ""rep_n_fill"": 4, ""start_n_add"": 206, ""start_n_drop"": 0, ""start_n_fill"": 7019}",ok,sols/sens_w6_dev_Region6_F1_pt_846bd909b1_b60.0_s1.npz,,,,,
2026-09-29T01:50:58,sens_w6,dev_Region7,F1,"{""k"": 4, ""name"": ""F1"", ""tau"": 0.0}",cpsat,classical,e94206962c,"{""cp_model_presolve"": false, ""level_weights"": [6, 1, 1, 1, 1, 1, 1, 1], ""linearization_level"": 1, ""repair_hint"": false, ""start"": ""lp""}",60.0,1,15.971,0,24.087525900025934,"[24.087526, 24.087526, 24.087526, 24.087526, 24.087526, 24.087526, 24.087526, 24.087526]",24.087525900025934,1904.812447552447,14820,1,"{""cp_improved"": 1, ""cp_time"": 15.717243432998657, ""rep_n_add"": 0, ""rep_n_drop"": 0, ""rep_n_fill"": 639}",ok,sols/sens_w6_dev_Region7_F1_cpsat_e94206962c_b60.0_s1.npz,,,,,
2026-09-29T01:51:58,sens_w6,dev_Region6,F1,"{""k"": 4, ""name"": ""F1"", ""tau"": 0.0}",cpsat,classical,e94206962c,"{""cp_model_presolve"": false, ""level_weights"": [6, 1, 1, 1, 1, 1, 1, 1], ""linearization_level"": 1, ""repair_hint"": false, ""start"": ""lp""}",60.0,1,59.423,0,22.07789230445482,"[22.929827, 22.635668, 22.378448, 22.155238, 21.913462, 21.730203, 21.524038, 21.356255]",21.35625485625483,2286.2331678321675,6307,1,"{""cp_improved"": 8, ""cp_time"": 59.167076587677, ""rep_n_add"": 0, ""rep_n_drop"": 0, ""rep_n_fill"": 20}",ok,sols/sens_w6_dev_Region6_F1_cpsat_e94206962c_b60.0_s1.npz,,,,,
2026-09-29T01:52:59,sens_w6,dev_Region7,F1,"{""k"": 4, ""name"": ""F1"", ""tau"": 0.0}",pt,ising,846bd909b1,"{""eim_R"": 16, ""eim_Tmax"": 7.3329031629428645e-06, ""eim_Tmin"": 1.1006348269620852e-06, ""eim_anneal"": 0.9462286962175356, ""eim_hscale"": 1.8587633596816164, ""eim_moves"": 18358, ""eim_rho"": 3.506794739778118, ""g_scale"": 774.8399988560119, ""level_weights"": [6, 1, 1, 1, 1, 1, 1, 1], ""p_add"": 0.22230587257383633, ""p_swap"": 0.46272105013386755, ""start"": ""lp"", ""topw"": 20}",60.0,2,60.019,0,24.094180992618526,"[24.140767, 24.087526, 24.087526, 24.087526, 24.087526, 24.087526, 24.087526, 24.087526]",24.087525900025934,1906.0747342657342,15068,1,"{""eim_acc"": 21370416, ""rep_n_add"": 0, ""rep_n_drop"": 0, ""rep_n_fill"": 15, ""start_n_add"": 323, ""start_n_drop"": 0, ""start_n_fill"": 10627}",ok,sols/sens_w6_dev_Region7_F1_pt_846bd909b1_b60.0_s2.npz,,,,,
2026-09-29T01:54:00,sens_w6,dev_Region6,F1,"{""k"": 4, ""name"": ""F1"", ""tau"": 0.0}",pt,ising,846bd909b1,"{""eim_R"": 16, ""eim_Tmax"": 7.3329031629428645e-06, ""eim_Tmin"": 1.1006348269620852e-06, ""eim_anneal"": 0.9462286962175356, ""eim_hscale"": 1.8587633596816164, ""eim_moves"": 18358, ""eim_rho"": 3.506794739778118, ""g_scale"": 774.8399988560119, ""level_weights"": [6, 1, 1, 1, 1, 1, 1, 1], ""p_add"": 0.22230587257383633, ""p_swap"": 0.46272105013386755, ""start"": ""lp"", ""topw"": 20}",60.0,2,60.009,0,22.218082264957275,"[22.99762, 22.718904, 22.472449, 22.286665, 22.072811, 21.904736, 21.734913, 21.556559]",21.556559181559116,2243.986374125874,6458,1,"{""eim_acc"": 1104735, ""rep_n_add"": 0, ""rep_n_drop"": 0, ""rep_n_fill"": 12, ""start_n_add"": 195, ""start_n_drop"": 0, ""start_n_fill"": 6854}",ok,sols/sens_w6_dev_Region6_F1_pt_846bd909b1_b60.0_s2.npz,,,,,
2026-09-29T01:54:14,sens_w6,dev_Region7,F1,"{""k"": 4, ""name"": ""F1"", ""tau"": 0.0}",cpsat,classical,e94206962c,"{""cp_model_presolve"": false, ""level_weights"": [6, 1, 1, 1, 1, 1, 1, 1], ""linearization_level"": 1, ""repair_hint"": false, ""start"": ""lp""}",60.0,2,14.168,0,24.087525900025934,"[24.087526, 24.087526, 24.087526, 24.087526, 24.087526, 24.087526, 24.087526, 24.087526]",24.087525900025934,1905.7297132867131,14864,1,"{""cp_improved"": 1, ""cp_time"": 13.941859722137451, ""rep_n_add"": 0, ""rep_n_drop"": 0, ""rep_n_fill"": 1018}",ok,sols/sens_w6_dev_Region7_F1_cpsat_e94206962c_b60.0_s2.npz,,,,,
2026-09-29T01:55:15,sens_w6,dev_Region6,F1,"{""k"": 4, ""name"": ""F1"", ""tau"": 0.0}",cpsat,classical,e94206962c,"{""cp_model_presolve"": false, ""level_weights"": [6, 1, 1, 1, 1, 1, 1, 1], ""linearization_level"": 1, ""repair_hint"": false, ""start"": ""lp""}",60.0,2,59.392,0,21.953418398730882,"[22.716864, 22.474084, 22.250842, 22.030708, 21.81564, 21.627655, 21.442097, 21.269457]",21.26945739445737,2281.3172867132866,6362,1,"{""cp_improved"": 8, ""cp_time"": 59.21882462501526, ""rep_n_add"": 0, ""rep_n_drop"": 0, ""rep_n_fill"": 11}",ok,sols/sens_w6_dev_Region6_F1_cpsat_e94206962c_b60.0_s2.npz,,,,,
