key,phase,instance,solver,family,budget,seed,wall,direct_load,sibling_load
3af245fd220e8d21,tune,full_Region7_s0,pt,ising,1.0,0,1.001,0.08997002562561951,11.216263194660565
dc02476bec546398,tune,full_Region7_s0.1,pt,ising,1.0,0,1.025,0.08926829826541065,11.128781183754528
cdea45087f37d2a4,tune,full_Region7_s0.2,pt,ising,1.0,0,0.985,0.09045684640177615,11.276953518088092
bba59c80d43eed70,tune,full_Region7_s0.3,pt,ising,1.0,0,0.991,0.029727544120534518,10.164156941665048
5a819357e8a82dee,tune,full_Region6_s0,pt,ising,1.0,0,1.037,0.0,9.485824128815846
ff63f609a69b94b3,tune,full_Region6_s0.1,pt,ising,1.0,0,1.008,0.0,9.574602520655072
6d3d927a15f437b9,tune,full_Region6_s0.2,pt,ising,1.0,0,1.017,0.0,9.546509089137016
d692ab48e84238f5,tune,full_Region6_s0.3,pt,ising,1.0,0,1.0,0.0,9.6
f0372fd72a8bc355,tune,full_Region7_s0,pt,ising,1.0,1,1.301,0.0,8.85964700756029
59d68619a4804f21,tune,full_Region7_s0.1,pt,ising,1.0,1,1.196,0.0,9.075585815021427
24d58b93b10c9aa1,tune,full_Region7_s0.2,pt,ising,1.0,1,1.268,0.0,8.92365873800091
e8a48f4c92e194c2,tune,full_Region7_s0.3,pt,ising,1.0,1,1.205,0.0,9.66402446382768
ffe9eb452b0b80b9,tune,full_Region6_s0,pt,ising,1.0,1,1.388,0.0,9.290374696082958
a7da24f98a6f115e,tune,full_Region6_s0.1,pt,ising,1.0,1,1.477,0.0,9.142119151640356
e703b8cce00ef683,tune,full_Region6_s0.2,pt,ising,1.0,1,1.395,0.0,9.278028580450243
98761f3da4742a43,tune,full_Region6_s0.3,pt,ising,1.0,1,1.351,0.0,9.357757573653643
163f27c30b692e03,tune,full_Region7_s0,pt,ising,1.0,2,1.028,0.0,10.151985208811926
0d208441a5a68f5f,tune,full_Region7_s0.1,pt,ising,1.0,2,1.033,0.0,9.12912870076596
c96bc8bb373879f3,tune,full_Region7_s0.2,pt,ising,1.0,2,1.015,0.0,8.642217347187364
9740e58557f45856,tune,full_Region7_s0.3,pt,ising,1.0,2,1.032,0.0,8.595232921977374
cebdbcba04f69d8d,tune,full_Region6_s0,pt,ising,1.0,2,1.026,0.0,8.611637556064895
a1392ffb5944e655,tune,full_Region6_s0.1,pt,ising,1.0,2,1.02,0.0,8.628235185847563
a8bb7e075ed1bd5b,tune,full_Region6_s0.2,pt,ising,1.0,2,1.022,0.0,8.622681439039523
45f1113bc50659f4,tune,full_Region6_s0.3,pt,ising,1.0,2,1.033,0.0,8.592516898185679
1f8a2bfeb6a60137,tune,full_Region7_s0,pt,ising,1.0,3,1.003,0.0,8.676341098184482
4ff859ccfaeae2d7,tune,full_Region7_s0.1,pt,ising,1.0,3,1.014,0.0,8.645029237284463
0aeef2b14c2298ae,tune,full_Region7_s0.2,pt,ising,1.0,3,1.007,0.0,8.178281850350768
bb034a2ef2fca714,tune,full_Region7_s0.3,pt,ising,1.0,3,1.004,0.0,7.939441959221524
fa0c8aa1786de576,tune,full_Region6_s0,pt,ising,1.0,3,1.014,0.0,7.913411909776796
21cb965da0d4b776,tune,full_Region6_s0.1,pt,ising,1.0,3,1.013,0.0,7.9159921625406575
a727ede45856a0b5,tune,full_Region6_s0.2,pt,ising,1.0,3,1.008,0.0,7.928967712417481
313f0b72fcf38710,tune,full_Region6_s0.3,pt,ising,1.0,3,1.012,0.0,7.918577514618283
373590837de7a066,tune,full_Region7_s0,pt,ising,1.0,4,1.006,0.0,7.934195052084344
2260edd162ee6b7c,tune,full_Region7_s0.1,pt,ising,1.0,4,1.004,0.0,7.939441959221524
c37846ab46a1f9ef,tune,full_Region7_s0.2,pt,ising,1.0,4,1.006,0.0,7.7652089685853385
020cafce79321f57,tune,full_Region7_s0.3,pt,ising,1.0,4,1.006,0.0,7.679702003243902
95cc5426442eeb61,tune,full_Region6_s0,pt,ising,1.0,4,1.009,0.0,7.672121231808772
dd011b175a40c325,tune,full_Region6_s0.1,pt,ising,1.0,4,1.008,0.0,7.674642332962581
c3847fb8e5bd4cc9,tune,full_Region6_s0.2,pt,ising,1.0,4,1.004,0.0,7.684780613359703
58e5db99282573db,tune,full_Region6_s0.3,pt,ising,1.0,4,1.01,0.0,7.669603911956939
05db7c36ccbb735e,tune,full_Region7_s0,pt,ising,1.0,5,1.015,0.0,7.657094126264451
406f9aa7bec403be,tune,full_Region7_s0.1,pt,ising,1.0,5,1.006,0.0,7.679702003243902
917930bb5b9aec17,tune,full_Region7_s0.2,pt,ising,1.0,5,1.011,0.0,7.667091571966337
2328d717c6c902b2,tune,full_Region7_s0.3,pt,ising,1.0,5,1.017,0.0,8.517413760591282
0ad25b5d5055b1bf,tune,full_Region6_s0,pt,ising,1.0,5,1.019,0.0,8.958969893001598
f12480cffb940333,tune,full_Region6_s0.1,pt,ising,1.0,5,1.014,0.0,8.973510486369538
73fe3f2620a65e82,tune,full_Region6_s0.2,pt,ising,1.0,5,1.004,0.0,9.00302758017384
62513e59b6dfb207,tune,full_Region6_s0.3,pt,ising,1.0,5,1.013,0.0,8.976436395635726
0285aec413fdbca3,tune,full_Region7_s0,pt,ising,1.0,6,1.021,0.0,8.953192409175385
766bfe40ebd91b87,tune,full_Region7_s0.1,pt,ising,1.0,6,1.015,0.0,8.970591754161665
cf43b867e8bb4b68,tune,full_Region7_s0.2,pt,ising,1.0,6,1.031,0.0,8.92464538550169
496ae647a5e68d27,tune,full_Region7_s0.3,pt,ising,1.0,6,1.029,0.0,9.19270190831176
2c6cba565e05873c,tune,full_Region6_s0,pt,ising,1.0,6,1.023,0.0,9.349403726273852
57d884a77d0ec4ce,tune,full_Region6_s0.1,pt,ising,1.0,6,1.008,0.0,9.395078723392789
7509f5738d04be82,tune,full_Region6_s0.2,pt,ising,1.0,6,1.006,0.0,9.40127262775277
04ab01bbd25d388f,tune,full_Region6_s0.3,pt,ising,1.0,6,1.003,0.0,9.410608306839128
832bb0a306197cd6,tune,full_Region7_s0,pt,ising,1.0,7,1.036,0.0,9.310888111821473
21f1868416061be8,tune,full_Region7_s0.1,pt,ising,1.0,7,1.008,0.0,9.395078723392789
0c45f6230305f01b,tune,full_Region7_s0.2,pt,ising,1.0,7,1.018,0.0,9.36447867710136
dd381f9f80a7c21a,tune,full_Region7_s0.3,pt,ising,1.0,7,1.009,0.0,9.391992463110933
04f8f9ed57b9cbbc,tune,full_Region6_s0,pt,ising,1.0,7,1.014,0.07889546351084814,7.009782659466685
98914e9754c008c6,tune,full_Region6_s0.1,pt,ising,1.0,7,1.026,0.11898635656048216,5.770838293183385
feb703528baf5873,tune,full_Region6_s0.2,pt,ising,1.0,7,1.01,0.11960395964065401,5.80079204257172
bddc7214734ebf6a,tune,full_Region6_s0.3,pt,ising,1.0,7,1.031,0.11879727634611234,5.761667902786448
ce52fc8fa40e6250,tune,full_Region7_s0,pt,ising,1.0,8,1.028,0.11891051489091568,5.76715997220941
ed37c0b51d616e13,tune,full_Region7_s0.1,pt,ising,1.0,8,1.11,0.1160360284753748,5.627747381055677
703da46e0ced9f99,tune,full_Region7_s0.2,pt,ising,1.0,8,1.003,0.1198803605966768,5.814197488938824
be37fdcb5e2dc939,tune,full_Region7_s0.3,pt,ising,1.0,8,0.989,0.12044490046640981,5.8415776726208755
5413e260d749ab40,tune,full_Region6_s0,pt,ising,1.0,8,1.002,0.04007984778124416,8.430898565494134
6166002a639fcf36,tune,full_Region6_s0.1,pt,ising,1.0,8,1.038,0.0,9.631021863463296
f9318309a942b633,tune,full_Region6_s0.2,pt,ising,1.0,8,1.012,0.0,9.711462989626195
4ef0567935e40796,tune,full_Region6_s0.3,pt,ising,1.0,8,1.008,0.0,9.724205685040307
212826f319ed7fea,tune,full_Region7_s0,pt,ising,1.0,9,1.112,0.0,9.422661803609177
53c97f9ff3ebe6bc,tune,full_Region7_s0.1,pt,ising,1.0,9,1.069,0.0,9.540224543679418
a6f1639ad04b295c,tune,full_Region7_s0.2,pt,ising,1.0,9,1.068,0.0,9.543071636992895
58d9169c711373c0,tune,full_Region7_s0.3,pt,ising,1.0,9,1.014,0.0,9.705127813877203
929c709773b370ef,tune,full_Region6_s0,pt,ising,1.0,9,1.134,0.0,8.731040925155453
5afa60ff33b0318d,tune,full_Region6_s0.1,pt,ising,1.0,9,1.123,0.0,8.353463454853713
6ac75e27ef2bc463,tune,full_Region6_s0.2,pt,ising,1.0,9,1.076,0.0,8.465873472752623
4f1e5db1342934a4,tune,full_Region6_s0.3,pt,ising,1.0,9,1.034,0.0,8.574970538657684
b8fd9a7b485f0588,tune,full_Region7_s0,pt,ising,1.0,10,0.987,0.0,8.708064775940374
1720bdb6853a8d41,tune,full_Region7_s0.1,pt,ising,1.0,10,1.048,0.0,8.537634124282665
373e36138093319d,tune,full_Region7_s0.2,pt,ising,1.0,10,1.055,0.0,8.519336858631878
f4235ab7a46c9094,tune,full_Region7_s0.3,pt,ising,1.0,10,1.005,0.0,8.655622548724883
94747b54e31446ea,tune,full_Region6_s0,pt,ising,1.0,10,1.057,0.0,9.214247443705318
e76ffdb525ae62f4,tune,full_Region6_s0.1,pt,ising,1.0,10,1.07,0.0,9.566728565180412
40e46b43b7bc3698,tune,full_Region6_s0.2,pt,ising,1.0,10,1.064,0.0,9.583909108226461
0d2076b65f555074,tune,full_Region6_s0.3,pt,ising,1.0,10,1.029,0.0,9.688124670579205
bfeb921c367d0c1e,tune,full_Region7_s0,pt,ising,1.0,11,1.044,0.0,9.64260480413035
d2c37fcb41df2c53,tune,full_Region7_s0.1,pt,ising,1.0,11,1.061,0.0,9.592573712391186
b51dc146d40916d7,tune,full_Region7_s0.2,pt,ising,1.0,11,0.989,0.0,9.8162593880124
7e729e077636397e,tune,full_Region7_s0.3,pt,ising,1.0,11,1.087,0.0,9.519079396125914
facdce4853a6db92,tune,full_Region6_s0,pt,ising,1.0,11,1.007,0.0,3.282661172815682
9184dd38d2514564,tune,full_Region6_s0.1,pt,ising,1.0,11,1.007,0.0,6.5739821251241315
64bac0464977e5e2,tune,full_Region6_s0.2,pt,ising,1.0,11,1.007,0.0,9.906990861940054
efd167e2d2e62830,tune,full_Region6_s0.3,pt,ising,1.0,11,0.989,0.0,9.966815513595412
25a6868d7c7f9f81,tune,full_Region7_s0,lp,classical,1.0,0,0.463,0.0,13.769028923166493
87e96375ba770f7f,tune,full_Region7_s0.1,lp,classical,1.0,0,0.539,0.0,12.761002276956702
ab660f062a8ff115,tune,full_Region7_s0.2,lp,classical,1.0,0,0.295,0.0,17.840340695138707
0d485ef3d52f1bc5,tune,full_Region7_s0.3,lp,classical,1.0,0,0.448,0.0,14.008392180715289
f84b8e99046f2c27,tune,full_Region6_s0,lp,classical,1.0,0,0.673,0.0,11.538277331291301
4991cc9df6a6183f,tune,full_Region6_s0.1,lp,classical,1.0,0,0.661,0.0,11.627564430236816
1191c5d55b7d37ba,tune,full_Region6_s0.2,lp,classical,1.0,0,0.6,0.0,12.136665614446004
95d0961ed9fb3d2b,tune,full_Region6_s0.3,lp,classical,1.0,0,0.59,0.0,12.230168528476005
472c2c4916b171ea,tune,full_Region7_s0,lp,classical,1.0,1,0.503,0.0,13.20051717473783
fca30f3adccd07df,tune,full_Region7_s0.1,lp,classical,1.0,1,0.512,0.0,13.084844835102556
5f1f6ae871b0cfa1,tune,full_Region7_s0.2,lp,classical,1.0,1,0.309,0.0,17.331974436935873
6686bee0cf310a85,tune,full_Region7_s0.3,lp,classical,1.0,1,0.547,0.10968921389396707,6.089834635174906
efc6ba78845e8fcd,tune,full_Region6_s0,lp,classical,1.0,1,0.651,0.09216589861751151,6.174531722764633
47a93c32b711f353,tune,full_Region6_s0.1,lp,classical,1.0,1,0.529,0.11671078002295106,5.874442594488537
b19dd6c2d7255ef7,tune,full_Region6_s0.2,lp,classical,1.0,1,0.631,0.10754358560649792,5.413027142193729
ba41bfd9fcc7e23d,tune,full_Region6_s0.3,lp,classical,1.0,1,0.557,0.1138599556695195,5.73095110203248
012bc473aa9c9a27,tune,full_Region7_s0,lp,classical,1.0,2,6.612,0.06453720497782131,3.2483726505503383
149a11309defa3b3,tune,full_Region7_s0.1,lp,classical,1.0,2,5.908,0.004143534113445553,5.753581580392557
e929a291ae71d929,tune,full_Region7_s0.2,lp,classical,1.0,2,10.933,0.03201317113326626,5.997821318855728
06e1f731f161ee30,tune,full_Region7_s0.3,lp,classical,1.0,2,1.025,0.07439024855450888,8.792927379142949
6ac09801e9aacec3,tune,full_Region6_s0,lp,classical,1.0,2,1.137,0.07198769058589885,8.508945027253244
678f0c374c9af9d6,tune,full_Region6_s0.1,lp,classical,1.0,2,1.094,0.15511883460189566,8.867038937329811
1d5a0b2ee48d84ab,tune,full_Region6_s0.2,lp,classical,1.0,2,1.165,0.20008583232568566,8.846652157828531
f4bd6fa0a5b2e49a,tune,full_Region6_s0.3,lp,classical,1.0,2,1.075,0.20511628527973974,9.06907004201135
1e7a9ae4c71f6556,tune,full_Region7_s0,lp,classical,1.0,3,0.595,0.2576470655553481,11.391680969911462
88c96b56552c4e35,tune,full_Region7_s0.1,lp,classical,1.0,3,0.544,0.26867644751773156,11.879337215248274
004ff2995d199441,tune,full_Region7_s0.2,lp,classical,1.0,3,0.405,0.31283949628288354,13.83197487136464
8f8acbb61153edf8,tune,full_Region7_s0.3,lp,classical,1.0,3,0.585,0.2596581287873097,11.480598694238909
6d01be006f1f6502,tune,full_Region6_s0,lp,classical,1.0,3,0.631,0.2509350330818285,11.094913248403701
66215d9cb8d374c3,tune,full_Region6_s0.1,lp,classical,1.0,3,0.654,0.2470336485346523,10.922416317353555
b1871bf1dbdce1e6,tune,full_Region6_s0.2,lp,classical,1.0,3,0.747,0.23370816206517148,10.333239451310083
cdaddfc1a8265d35,tune,full_Region6_s0.3,lp,classical,1.0,3,0.676,0.24355032034879603,10.768403449707483
9b9118eb05c2e2af,tune,full_Region7_s0,lp,classical,1.0,4,2.61,0.19747125874077223,5.605708563464812
4aabb45391c0fd51,tune,full_Region7_s0.1,lp,classical,1.0,4,5.717,0.19574252254211844,4.2193388192412185
90bc08d190a0e09a,tune,full_Region7_s0.2,lp,classical,1.0,4,10.144,0.046916404733146407,3.8661987585976294
8b424d39cf71b61a,tune,full_Region7_s0.3,lp,classical,1.0,4,0.999,0.0,5.431812074449327
46441cc2f15d73d9,tune,full_Region6_s0,lp,classical,1.0,4,1.118,0.0,5.238962531729546
f35cd4852c4d2fc7,tune,full_Region6_s0.1,lp,classical,1.0,4,1.064,0.0,5.330525945900078
e9e1315fabbc921c,tune,full_Region6_s0.2,lp,classical,1.0,4,1.053,0.0,5.353646631594057
aff45c943f4a4539,tune,full_Region6_s0.3,lp,classical,1.0,4,1.024,0.0,5.40246068732813
807937ed62ea2b0b,tune,full_Region7_s0,lp,classical,1.0,5,0.529,0.0,7.061002191388539
92e4249f495b9966,tune,full_Region7_s0.1,lp,classical,1.0,5,0.415,0.0,8.003493642232502
581d01384af9e178,tune,full_Region7_s0.2,lp,classical,1.0,5,0.297,0.0,9.741110271877712
a5ce20c4718a0f2f,tune,full_Region7_s0.3,lp,classical,1.0,5,0.589,0.0,6.711493975440189
431906736aa54ded,tune,full_Region6_s0,lp,classical,1.0,5,0.498,0.0,7.274577632007828
076473d964e3272c,tune,full_Region6_s0.1,lp,classical,1.0,5,0.491,0.0,7.326537212869057
7687ec254d0b93bc,tune,full_Region6_s0.2,lp,classical,1.0,5,0.519,0.0,7.127110200121223
3e90b3d41b2e3ea0,tune,full_Region6_s0.3,lp,classical,1.0,5,0.652,0.0,6.413742055190852
0a47fef0262c7a8c,tune,full_Region7_s0,lp,classical,1.0,6,0.512,0.0,7.1749224700033665
b2365a551af63b6b,tune,full_Region7_s0.1,lp,classical,1.0,6,0.533,0.0,7.035253231342021
64651b51e8d35c8a,tune,full_Region7_s0.2,lp,classical,1.0,6,0.359,0.0,8.685709978544613
22540c31d505d0e1,tune,full_Region7_s0.3,lp,classical,1.0,6,0.56,0.10714285714285712,11.585356771945955
399b9d8bad15ddc3,tune,full_Region6_s0,lp,classical,1.0,6,0.602,0.09966777408637874,11.0303322144125
846fc47c2ee30bc2,tune,full_Region6_s0.1,lp,classical,1.0,6,0.59,0.11084744889857405,11.58355840990099
fc5f6e583147a26f,tune,full_Region6_s0.2,lp,classical,1.0,6,0.642,0.10672896821922231,11.15317717890873
b5e584b7df92b355,tune,full_Region6_s0.3,lp,classical,1.0,6,0.627,0.10784689889570172,11.27000093460083
7dece45e351be67d,tune,full_Region7_s0,lp,classical,1.0,7,1.02,0.08941176358391256,9.343529294518863
de2d5ab4d1bfce2a,tune,full_Region7_s0.1,lp,classical,1.0,7,7.233,0.06414765690629881,6.5955910757832985
f3e9f9730efa4cbf,tune,full_Region7_s0.2,lp,classical,1.0,7,13.269,0.06602909060248291,6.131714546237537
1b8b1a462c2011e7,tune,full_Region7_s0.3,lp,classical,1.0,7,1.028,0.1040467005295512,8.858833359373218
cf09295c52ecdbf9,tune,full_Region6_s0,lp,classical,1.0,7,1.053,0.10323836479657962,8.790009345537351
328e4f8881752b60,tune,full_Region6_s0.1,lp,classical,1.0,7,1.087,0.10219870517313095,8.701489754740864
1ecb651b3a73f776,tune,full_Region6_s0.2,lp,classical,1.0,7,1.062,0.10295668788773417,8.76602656872708
7fe4f23cc00623ff,tune,full_Region6_s0.3,lp,classical,1.0,7,1.071,0.03732026792040058,8.452997750817449
ce8cc97e6b5fbfd6,tune,full_Region7_s0,lp,classical,1.0,8,0.575,0.0,10.563043946805207
449e8889d701e330,tune,full_Region7_s0.1,lp,classical,1.0,8,0.503,0.0,11.266302422548147
0695bbfc422ee4b2,tune,full_Region7_s0.2,lp,classical,1.0,8,0.351,0.0,13.698434184419463
9c1bdd1cc904e2cf,tune,full_Region7_s0.3,lp,classical,1.0,8,0.558,0.0,10.712724902723853
d85a08521d5644f7,tune,full_Region6_s0,lp,classical,1.0,8,0.601,0.0,10.350499831499555
9c1bb779e4fea6a0,tune,full_Region6_s0.1,lp,classical,1.0,8,0.564,0.0,10.658864159110593
e9b27eeef09d1d7d,tune,full_Region6_s0.2,lp,classical,1.0,8,0.579,0.0,10.529101862602696
fcb979891c3c98e3,tune,full_Region6_s0.3,lp,classical,1.0,8,0.615,0.0,10.243496022573332
0559758ca20b7b5a,tune,full_Region7_s0,lp,classical,1.0,9,0.511,0.0,11.178374827024754
5d29d688c0845bd0,tune,full_Region7_s0.1,lp,classical,1.0,9,0.519,0.0,11.093160504320911
013b90cbd57800a2,tune,full_Region7_s0.2,lp,classical,1.0,9,0.376,0.0,13.163296783224066
fd06dfb5686d434c,tune,full_Region7_s0.3,lp,classical,1.0,9,0.573,0.0,10.580191520704231
a3f773ed16d6449d,tune,full_Region6_s0,lp,classical,1.0,9,0.57,0.0,10.606139689161067
350fc72f13a19c1f,tune,full_Region6_s0.1,lp,classical,1.0,9,0.606,0.0,10.311715673692156
7be9892b138a6958,tune,full_Region6_s0.2,lp,classical,1.0,9,0.618,0.0,11.434789923016695
5fcf6d9f979de1ad,tune,full_Region6_s0.3,lp,classical,1.0,9,0.58,0.0,11.813792360240017
26f8689544bfb73c,tune,full_Region7_s0,lp,classical,1.0,10,7.236,0.0,6.842233332037729
fcaec700dbdb5b7b,tune,full_Region7_s0.1,lp,classical,1.0,10,7.494,0.0,5.4819321766006555
950a68233f289823,tune,full_Region7_s0.2,lp,classical,1.0,10,13.391,0.0,5.660470477247975
f45755e7b35f4052,tune,full_Region7_s0.3,lp,classical,1.0,10,1.053,0.0,7.5825734559627
b39b7d41a4ac7e46,tune,full_Region6_s0,lp,classical,1.0,10,1.066,0.0,7.139549649007772
4bba6fdcd6388086,tune,full_Region6_s0.1,lp,classical,1.0,10,1.078,0.0,7.114174706595283
587e7c1c9cfd01f2,tune,full_Region6_s0.2,lp,classical,1.0,10,1.043,0.0,7.189817753185591
834ce23b8ac3abfe,tune,full_Region6_s0.3,lp,classical,1.0,10,1.082,0.0,7.10584111222498
7b2ae2e7b17b7d6f,tune,full_Region7_s0,lp,classical,1.0,11,0.506,0.0,9.662371944533037
7155843dd4df73e8,tune,full_Region7_s0.1,lp,classical,1.0,11,0.423,0.0,10.604681968688965
45220859fbfaeed6,tune,full_Region7_s0.2,lp,classical,1.0,11,0.335,0.0,12.113731896699367
881c4e8db8795e91,tune,full_Region7_s0.3,lp,classical,1.0,11,0.56,0.0,9.199285217693873
15bcfe7e453cdf56,tune,full_Region6_s0,lp,classical,1.0,11,0.642,0.0,8.645046425757007
b3f0eaa99874569c,tune,full_Region6_s0.1,lp,classical,1.0,11,0.579,0.0,9.056891159690107
f8a79ac3889657f2,tune,full_Region6_s0.2,lp,classical,1.0,11,0.609,0.0,8.850147524490733
260220730ada5426,tune,full_Region6_s0.3,lp,classical,1.0,11,0.646,0.07739938080495357,6.3151076703617814
56e019136cca45ab,tune,full_Region7_s0,eim,ising,1.0,0,0.991,0.07522704021480803,5.0703025104780615
248134f931a12337,tune,full_Region7_s0.1,eim,ising,1.0,0,1.068,0.0734082433614838,4.947715602564007
34fa49665144a1d5,tune,full_Region7_s0.2,eim,ising,1.0,0,1.008,0.07480158219261775,5.041626639782436
da76b55d8f97166c,tune,full_Region7_s0.3,eim,ising,1.0,0,1.075,0.07325581617133563,4.93744200994802
2a5eeb7d698cc70c,tune,full_Region6_s0,eim,ising,1.0,0,1.072,0.07332089676785825,4.941828442153646
3fa6d2347d81b536,tune,full_Region6_s0.1,eim,ising,1.0,0,1.064,0.0734962354925342,4.9536462721968055
9de696f77a4ab4cf,tune,full_Region6_s0.2,eim,ising,1.0,0,1.02,0.0745098029865938,5.021960721296422
7488fa7128709602,tune,full_Region6_s0.3,eim,ising,1.0,0,0.991,0.07522704021480803,5.0703025104780615
8ec86e0d0e5a255b,tune,full_Region7_s0,eim,ising,1.0,1,1.67,0.0,7.562515235946564
4caf112c7fcb5915,tune,full_Region7_s0.1,eim,ising,1.0,1,1.861,0.0,7.383675634188396
f960e8c6cd328b6c,tune,full_Region7_s0.2,eim,ising,1.0,1,1.73,0.0,7.5020809890217866
3ef2b215bdec3b82,tune,full_Region7_s0.3,eim,ising,1.0,1,1.876,0.0,7.371172483033463
f91b4ad280b91e8e,tune,full_Region6_s0,eim,ising,1.0,1,1.311,0.0,8.039680116509409
6187ecb4b06648b9,tune,full_Region6_s0.1,eim,ising,1.0,1,1.185,0.0590717299578059,8.056286638799095
c3b160aad945e916,tune,full_Region6_s0.2,eim,ising,1.0,1,1.272,0.09751572736404225,7.745534916343929
a9df5f599e6e8d6d,tune,full_Region6_s0.3,eim,ising,1.0,1,1.277,0.09740798475225176,7.736977074607426
599c1ada7e91fb89,tune,full_Region7_s0,eim,ising,1.0,2,1.079,0.10243744182851823,8.136459665236593
fb7ce46080830415,tune,full_Region7_s0.1,eim,ising,1.0,2,0.997,0.10510531447476584,8.348364978281403
cb23a42acc8ce7c4,tune,full_Region7_s0.2,eim,ising,1.0,2,1.042,0.10358925515539127,8.227946552342507
bc1ba8615ff94ed4,tune,full_Region7_s0.3,eim,ising,1.0,2,1.064,0.10289472968954787,8.172781386769802
1e89b51109ac9f2f,tune,full_Region6_s0,eim,ising,1.0,2,1.061,0.037012259764675814,8.151895008932073
b477c54b653e3861,tune,full_Region6_s0.1,eim,ising,1.0,2,1.003,0.0,8.286729926245282
d5e674b31b8f4be2,tune,full_Region6_s0.2,eim,ising,1.0,2,1.031,0.0,8.211861727425015
73fb0ea4d2e1313e,tune,full_Region6_s0.3,eim,ising,1.0,2,1.05,0.0,8.163333082199095
821cf2023bfbeb35,tune,full_Region7_s0,eim,ising,1.0,3,1.107,0.0,8.027742206242673
9eca8561497fa380,tune,full_Region7_s0.1,eim,ising,1.0,3,1.055,0.0,8.15085343049036
17ef2afc808db990,tune,full_Region7_s0.2,eim,ising,1.0,3,1.07,0.0,8.114111804516513
9ce93b2c8bb3baf9,tune,full_Region7_s0.3,eim,ising,1.0,3,1.016,0.0,8.251456869399455
60e340a56afa17e1,tune,full_Region6_s0,eim,ising,1.0,3,1.151,0.0,7.932259015266424
ba56ebe070ca270a,tune,full_Region6_s0.1,eim,ising,1.0,3,1.063,0.0,6.704872845481951
63d92ef22f069c7f,tune,full_Region6_s0.2,eim,ising,1.0,3,1.065,0.0,6.700845315422811
d0d999963b5ada7d,tune,full_Region6_s0.3,eim,ising,1.0,3,1.085,0.0,6.6613826488020225
1b36ca236dd1bf4f,tune,full_Region7_s0,eim,ising,1.0,4,1.031,0.0,6.771444751728402
c5622d5a2aa463ac,tune,full_Region7_s0.1,eim,ising,1.0,4,1.047,0.0,6.737650130744651
8f1e34681cb53ffe,tune,full_Region7_s0.2,eim,ising,1.0,4,1.036,0.0,6.760772259539158
6f940f4568faba2a,tune,full_Region7_s0.3,eim,ising,1.0,4,1.05,0.0,6.731428364345005
be7ac8dfac7d5e5a,tune,full_Region6_s0,eim,ising,1.0,4,0.987,0.0,6.870030342264378
129e7a8a54887fe7,tune,full_Region6_s0.1,eim,ising,1.0,4,1.066,0.0,6.811407064183792
744c5584f15e5ca1,tune,full_Region6_s0.2,eim,ising,1.0,4,0.995,0.0,7.031758255694979
6bb9ad8a2af30341,tune,full_Region6_s0.3,eim,ising,1.0,4,1.012,0.0,6.992253352530861
e1fb37ddafd471e2,tune,full_Region7_s0,eim,ising,1.0,5,1.001,0.0,7.017661998798322
3d25c8f3aba69538,tune,full_Region7_s0.1,eim,ising,1.0,5,1.065,0.0,6.8771833500392
fa31080c3c5b7521,tune,full_Region7_s0.2,eim,ising,1.0,5,1.025,0.0,6.962927264702031
6301c8c96c0f26bd,tune,full_Region7_s0.3,eim,ising,1.0,5,1.095,0.0,6.816986423649201
1e5039f2993ba7cd,tune,full_Region6_s0,eim,ising,1.0,5,1.02,0.0,6.97411755954518
b498c5e6427e74c3,tune,full_Region6_s0.1,eim,ising,1.0,5,1.014,0.0,6.977830093052732
bec80c83aa45d3ef,tune,full_Region6_s0.2,eim,ising,1.0,5,1.06,0.0,6.872829936585337
57361bfe50dbee39,tune,full_Region6_s0.3,eim,ising,1.0,5,0.989,0.0,7.030971064726673
cb720a5ff9b36064,tune,full_Region7_s0,eim,ising,1.0,6,1.027,0.0,6.943612237984158
9c2a603d0d338511,tune,full_Region7_s0.1,eim,ising,1.0,6,1.051,0.0,6.891694150574429
70019e7211c4b918,tune,full_Region7_s0.2,eim,ising,1.0,6,1.225,0.0,6.576122085415586
d998e80fc9f075ec,tune,full_Region7_s0.3,eim,ising,1.0,6,1.175,0.0,6.657233853035785
e4f36180ef00e56c,tune,full_Region6_s0,eim,ising,1.0,6,1.019,0.0,6.96146246261522
018fec195c3e4bb8,tune,full_Region6_s0.1,eim,ising,1.0,6,1.02,0.0,5.802352853849823
17997b23ce84a576,tune,full_Region6_s0.2,eim,ising,1.0,6,1.022,0.0,5.197436653237986
90dc2afeb5403f4a,tune,full_Region6_s0.3,eim,ising,1.0,6,1.223,0.0,4.916819438326096
7abee912bd9497fc,tune,full_Region7_s0,eim,ising,1.0,7,0.998,0.0,5.2384966671586275
033028b383b44bf0,tune,full_Region7_s0.1,eim,ising,1.0,7,1.186,0.0,4.961332529029396
d251d48eb57f23e0,tune,full_Region7_s0.2,eim,ising,1.0,7,1.173,0.0,4.977638823093763
9a6617647af0821d,tune,full_Region7_s0.3,eim,ising,1.0,7,1.178,0.0,4.971324199326779
f829b5a54da0a78d,tune,full_Region6_s0,eim,ising,1.0,7,1.059,0.0,6.261482580975613
7fe82a9e644bdb7d,tune,full_Region6_s0.1,eim,ising,1.0,7,1.182,0.0,6.659695121842594
42415ac0a59826c4,tune,full_Region6_s0.2,eim,ising,1.0,7,0.987,0.0,7.05082061442923
6714c2ec026d2990,tune,full_Region6_s0.3,eim,ising,1.0,7,1.188,0.0,6.649696826934815
a784fc50ca48d5fa,tune,full_Region7_s0,eim,ising,1.0,8,1.016,0.0,6.983149755658127
45ecbd63c5d14a16,tune,full_Region7_s0.1,eim,ising,1.0,8,1.001,0.0,7.017661998798322
2cb28c232fb650f6,tune,full_Region7_s0.2,eim,ising,1.0,8,1.056,0.0,6.895909065550024
10f28fb9e0bc2899,tune,full_Region7_s0.3,eim,ising,1.0,8,1.101,0.0,6.805340899433687
1939e10a001b3308,tune,full_Region6_s0,eim,ising,1.0,8,1.088,0.0,6.803162019042407
10f2a1107c0d3ab6,tune,full_Region6_s0.1,eim,ising,1.0,8,0.982,0.0,7.017617640815782
b01f71f7245276be,tune,full_Region6_s0.2,eim,ising,1.0,8,0.997,0.0,6.981995890109446
4f48788e89dd410c,tune,full_Region6_s0.3,eim,ising,1.0,8,1.063,0.0,6.837205862169095
1fa7a27005b4926c,tune,full_Region7_s0,eim,ising,1.0,9,1.117,0.0,6.731468647211496
9c760462ae1a1bfa,tune,full_Region7_s0.1,eim,ising,1.0,9,1.186,0.0,6.610371421199624
5cbf1bc4442a3724,tune,full_Region7_s0.2,eim,ising,1.0,9,1.162,0.0,6.650860348584936
6fd826dbd96ef420,tune,full_Region7_s0.3,eim,ising,1.0,9,1.046,0.0,6.872753363038568
4149630d58e3c29a,tune,full_Region6_s0,eim,ising,1.0,9,1.251,0.0,5.717146013566346
a86094dfe6c5a4af,tune,full_Region6_s0.1,eim,ising,1.0,9,1.581,0.0,4.8174954636952005
4a44e689e00d0bb4,tune,full_Region6_s0.2,eim,ising,1.0,9,1.082,0.0,5.3513124425398
60121d2145ef2d7e,tune,full_Region6_s0.3,eim,ising,1.0,9,1.32,0.0,5.046363451264122
08d75e6e5348b2a5,tune,full_Region7_s0,eim,ising,1.0,10,1.066,0.0,5.376697883820667
8c5ed0e5bc309e30,tune,full_Region7_s0.1,eim,ising,1.0,10,1.006,0.0,5.479085639741263
9e10191f94695381,tune,full_Region7_s0.2,eim,ising,1.0,10,1.038,0.0,5.423006156965487
d58aea0ef0ce97a9,tune,full_Region7_s0.3,eim,ising,1.0,10,1.023,0.0,5.4488563118092825
93d71cfa64b45036,tune,full_Region6_s0,eim,ising,1.0,10,1.049,0.0,5.183022008610408
e28f2aa09f606853,tune,full_Region6_s0.1,eim,ising,1.0,10,1.03,0.0,5.213883397648634
57ac011978ace94a,tune,full_Region6_s0.2,eim,ising,1.0,10,1.045,0.0,5.189426093580621
ba30df21961f83e4,tune,full_Region6_s0.3,eim,ising,1.0,10,1.039,0.0,5.199124273827032
b9fc39149d475acf,tune,full_Region7_s0,eim,ising,1.0,11,2.236,0.0,4.294883816741232
d3add23592cd67e5,tune,full_Region7_s0.1,eim,ising,1.0,11,2.093,0.0,4.3485092080157735
8fa207f0c0296e9e,tune,full_Region7_s0.2,eim,ising,1.0,11,1.684,0.0,5.929833761020397
1415a36f48f3568f,tune,full_Region7_s0.3,eim,ising,1.0,11,2.136,0.0,5.763164614693502
108e7d7f55a0f84d,tune,full_Region6_s0,eim,ising,1.0,11,2.777,0.0,5.510835350525649
d8218fd07912e85c,tune,full_Region6_s0.1,eim,ising,1.0,11,3.949,0.0,5.230901354202653
1ab9e5dfcc716638,tune,full_Region6_s0.2,eim,ising,1.0,11,3.879,0.0,5.136491303346795
b84809f8b57242b8,tune,full_Region6_s0.3,eim,ising,1.0,11,3.849,0.0,5.141062586609188
54754022b78206a5,tune,full_Region7_s0,milp,classical,1.0,0,0.845,0.0,5.976035657013663
5a7d47e5c7e4d5ab,tune,full_Region7_s0.1,milp,classical,1.0,0,0.855,0.0,5.515087796930681
4cce1b76365ed635,tune,full_Region7_s0.2,milp,classical,1.0,0,0.471,0.0,7.174267191795788
e8654561ac295a53,tune,full_Region7_s0.3,milp,classical,1.0,0,0.848,0.0,5.53188699596333
90f62350515b67f4,tune,full_Region6_s0,milp,classical,1.0,0,1.2,0.0,4.930000138282775
59a6403380622868,tune,full_Region6_s0.1,milp,classical,1.0,0,0.851,0.0,5.524653637591316
367aaa5b52183d21,tune,full_Region6_s0.2,milp,classical,1.0,0,0.85,0.0,5.527058433083926
206f0b1e043c747b,tune,full_Region6_s0.3,milp,classical,1.0,0,0.859,0.0,5.505611044425209
e0c34cb8a9435a8b,tune,full_Region7_s0,milp,classical,1.0,1,0.877,0.0,5.464036858883795
5c27db4a8a9438c1,tune,full_Region7_s0.1,milp,classical,1.0,1,2.131,0.0,4.310596032860916
c4f1f8f811133c0e,tune,full_Region7_s0.2,milp,classical,1.0,1,2.897,0.0,4.115799192646516
af377a55793b4f93,tune,full_Region7_s0.3,milp,classical,1.0,1,5.735,0.0,3.8160156289078193
a4b837d88cd8f2e9,tune,full_Region6_s0,milp,classical,1.0,1,20.219,0.0,3.522611917247345
64a67cb3dc2fcaf1,tune,full_Region6_s0.1,milp,classical,1.0,1,17.299,0.0,1.6568287249017752
57303e62ca16efff,tune,full_Region6_s0.2,milp,classical,1.0,1,19.678,0.0,2.349003961578425
c8102b0b18eb8489,tune,full_Region6_s0.3,milp,classical,1.0,1,16.644,0.0,1.8603316604790283
cbf695d346ff5809,tune,full_Region7_s0,milp,classical,1.0,2,0.855,0.0,3.7401170117116114
44758b972d3191b1,tune,full_Region7_s0.1,milp,classical,1.0,2,0.862,0.0,3.728909481429168
e914e92fe9f717cf,tune,full_Region7_s0.2,milp,classical,1.0,2,0.632,0.0,4.2270884936368915
d4f3deba672d550d,tune,full_Region7_s0.3,milp,classical,1.0,2,0.848,0.0,3.7515095719751317
516fa206178f7647,tune,full_Region6_s0,milp,classical,1.0,2,0.853,0.0,3.7433526664098853
2c3b863c6b7a0631,tune,full_Region6_s0.1,milp,classical,1.0,2,0.847,0.0,3.7531519780615
1b737f6caa578fd3,tune,full_Region6_s0.2,milp,classical,1.0,2,0.86,0.0,3.7320927353792412
8795032e2e73d836,tune,full_Region6_s0.3,milp,classical,1.0,2,0.846,0.0,3.7429786010273243
dbccb3d4e57e32ac,tune,full_Region7_s0,milp,classical,1.0,3,0.849,0.0,3.733981090945546
70b3924c83fdccba,tune,full_Region7_s0.1,milp,classical,1.0,3,0.853,0.0,3.7274910025691654
44f73ba5182ba948,tune,full_Region7_s0.2,milp,classical,1.0,3,0.691,0.0,4.0504341015077365
dd110fa4010f2103,tune,full_Region7_s0.3,milp,classical,1.0,3,0.851,0.0,3.7307287495228714
d55236cf6ee7d7a9,tune,full_Region6_s0,milp,classical,1.0,3,0.85,0.0,3.732352677513571
2ac5b631e2ed56fa,tune,full_Region6_s0.1,milp,classical,1.0,3,0.879,0.0,3.6867461649359834
8bc161f4c5986382,tune,full_Region6_s0.2,milp,classical,1.0,3,0.85,0.0,3.732352677513571
e5161ea564e313c6,tune,full_Region6_s0.3,milp,classical,1.0,3,0.846,0.0,3.7388887670305038
e37a82e5ea6e53da,tune,full_Region7_s0,milp,classical,1.0,4,0.846,0.0,3.7388887670305038
8f130bbde83e6bc0,tune,full_Region7_s0.1,milp,classical,1.0,4,0.884,0.0,3.6565612532973826
6e07e7c81dd917d6,tune,full_Region7_s0.2,milp,classical,1.0,4,0.432,0.0,5.026758837479131
be4e5ae2374b4174,tune,full_Region7_s0.3,milp,classical,1.0,4,0.854,0.0,3.6941688680537137
a2e10a9dfd5530b9,tune,full_Region6_s0,milp,classical,1.0,4,0.856,0.0,3.690981163042728
2863becd588329f9,tune,full_Region6_s0.1,milp,classical,1.0,4,0.852,0.0,3.6973708868026733
56ec8aeeca299034,tune,full_Region6_s0.2,milp,classical,1.0,4,0.854,0.0,3.6941688680537137
6c739ae3f071df06,tune,full_Region6_s0.3,milp,classical,1.0,4,0.851,0.0,3.6989778665482085
ef94d76ae751bd52,tune,full_Region7_s0,milp,classical,1.0,5,0.872,0.0,3.6660091182507504
090287bc418b86c3,tune,full_Region7_s0.1,milp,classical,1.0,5,0.844,0.0,3.710332032628534
eebf8661a6775456,tune,full_Region7_s0.2,milp,classical,1.0,5,0.431,0.0,5.033016210365739
b97b1140949ac4b8,tune,full_Region7_s0.3,milp,classical,1.0,5,0.851,0.0,3.6989778665482085
ad27eeaca22cceff,tune,full_Region6_s0,milp,classical,1.0,5,0.852,0.0,3.6973708868026733
d25b7689cc6ada03,tune,full_Region6_s0.1,milp,classical,1.0,5,0.851,0.0,3.734230510496505
a4cd568a78124852,tune,full_Region6_s0.2,milp,classical,1.0,5,1.087,0.0,3.4455563458369864
76d7d9bc958db3e0,tune,full_Region6_s0.3,milp,classical,1.0,5,0.843,0.0,3.7597625705271005
1e4f95e511c04bc0,tune,full_Region7_s0,milp,classical,1.0,6,0.431,0.0,5.09781899419019
ef0cdc2da0482c0c,tune,full_Region7_s0.1,milp,classical,1.0,6,0.88,0.0,3.700909397818825
ee024f75de9b6817,tune,full_Region7_s0.2,milp,classical,1.0,6,0.35,0.0,5.7314279283796035
857c92c223da0e8d,tune,full_Region7_s0.3,milp,classical,1.0,6,0.862,0.0,3.728909481429168
d126298c0acd2ebb,tune,full_Region6_s0,milp,classical,1.0,6,0.869,0.0,3.7178825097473633
507702dd979177b9,tune,full_Region6_s0.1,milp,classical,1.0,6,0.862,0.0,3.728909481429168
53a7fb95d4711f01,tune,full_Region6_s0.2,milp,classical,1.0,6,0.868,0.0,3.719447087582355
7a083105464ba435,tune,full_Region6_s0.3,milp,classical,1.0,6,0.867,0.0,3.721015274593437
f275fe61ce8f6b97,tune,full_Region7_s0,milp,classical,1.0,7,0.482,0.0,4.787759884759104
e35f91df51daea9f,tune,full_Region7_s0.1,milp,classical,1.0,7,0.872,0.0,3.6974770076777954
8145e26a10fca1be,tune,full_Region7_s0.2,milp,classical,1.0,7,0.318,0.0,6.044969131361763
a6cd14f56ec902a8,tune,full_Region7_s0.3,milp,classical,1.0,7,0.866,0.0,3.7068127622229943
eb60df8d9ab5b31a,tune,full_Region6_s0,milp,classical,1.0,7,0.868,0.0,3.7036867185671754
65fa6e7a1b21b84a,tune,full_Region6_s0.1,milp,classical,1.0,7,0.856,0.0,3.722663404785584
3058730e29fac32a,tune,full_Region6_s0.2,milp,classical,1.0,7,0.874,0.0,3.694393787558619
4f3daf13e15d1808,tune,full_Region6_s0.3,milp,classical,1.0,7,0.862,0.0,3.7131090175248076
31d4e981e294dfd6,tune,full_Region7_s0,milp,classical,1.0,8,0.911,0.0,3.6397914724213885
217ac1baf2fab024,tune,full_Region7_s0.1,milp,classical,1.0,8,0.934,0.0,3.6080300169787516
7038932cc430f56b,tune,full_Region7_s0.2,milp,classical,1.0,8,0.945,0.0,3.59338607737627
63782c32f2fba708,tune,full_Region7_s0.3,milp,classical,1.0,8,0.856,0.0,3.7226634047855844
fc3770ed23630321,tune,full_Region6_s0,milp,classical,1.0,8,0.961,0.0,3.572684619478828
92e356696b829238,tune,full_Region6_s0.1,milp,classical,1.0,8,0.861,0.0,3.714692384939161
da682ece2567ab2e,tune,full_Region6_s0.2,milp,classical,1.0,8,0.931,0.0,3.6120837664373706
d27ce1c91282adb3,tune,full_Region6_s0.3,milp,classical,1.0,8,0.884,0.0,3.6791856876865228
5b2e9a9639fd03bd,tune,full_Region7_s0,milp,classical,1.0,9,0.926,0.0,3.6188987882296937
7f192b240fa4913a,tune,full_Region7_s0.1,milp,classical,1.0,9,0.908,0.0,3.6440528436904436
bc099c4279f6043f,tune,full_Region7_s0.2,milp,classical,1.0,9,0.978,0.0,3.551431314101736
711f9f08d9feea87,tune,full_Region7_s0.3,milp,classical,1.0,9,0.928,0.0,3.616163725483007
b127771aa3e8338e,tune,full_Region6_s0,milp,classical,1.0,9,0.929,0.0,3.593272084953711
0ade15bfa9cc84de,tune,full_Region6_s0.1,milp,classical,1.0,9,0.914,0.0,3.613676237068761
49d552d91f512bb8,tune,full_Region6_s0.2,milp,classical,1.0,9,0.847,0.0,3.705442419018346
575c26228fbd638d,tune,full_Region6_s0.3,milp,classical,1.0,9,0.973,0.0,3.5273279707576366
2fad8b0679ac700f,tune,full_Region7_s0,milp,classical,1.0,10,0.488,0.0,4.717294681267661
ef8c554dfa3603bd,tune,full_Region7_s0.1,milp,classical,1.0,10,0.86,0.0,3.6846508785735734
08371e0fe4a1b0f7,tune,full_Region7_s0.2,milp,classical,1.0,10,0.404,0.0,5.213663619343597
a3f99a24096ff56b,tune,full_Region7_s0.3,milp,classical,1.0,10,0.873,0.0,3.6644785592646123
1aa87501c6d68020,tune,full_Region6_s0,milp,classical,1.0,10,0.868,0.0,3.6721659805368176
022abf368ff4bc1c,tune,full_Region6_s0.1,milp,classical,1.0,10,0.884,0.0,3.6478734690679144
900c1018ab25f0ec,tune,full_Region6_s0.2,milp,classical,1.0,10,0.881,0.0,3.652361064438923
d50e7bc1edc8e6f5,tune,full_Region6_s0.3,milp,classical,1.0,10,0.862,0.0,3.6815080897160857
56f8bec334d19ba4,tune,full_Region7_s0,milp,classical,1.0,11,0.536,0.0,6.938880686439685
f6e8c576a2f5a42b,tune,full_Region7_s0.1,milp,classical,1.0,11,0.864,0.0,5.667546637080334
6dca0fc264c1c287,tune,full_Region7_s0.2,milp,classical,1.0,11,0.395,0.0,8.134303624116923
d5bc2a0c9c4d6aef,tune,full_Region7_s0.3,milp,classical,1.0,11,0.867,0.0,5.660357981267135
6db8ff6d53cf0979,tune,full_Region6_s0,milp,classical,1.0,11,0.879,0.0,5.632093077497948
d34ecfca1e988b79,tune,full_Region6_s0.1,milp,classical,1.0,11,0.875,0.0,5.6414285714285715
886bc93d68f86558,tune,full_Region6_s0.2,milp,classical,1.0,11,0.871,0.0,5.650849810423999
be6091bb7a96f077,tune,full_Region6_s0.3,milp,classical,1.0,11,0.868,0.0,5.65797247644943
b25d55f4dbabcac6,tune,full_Region7_s0,sb,ising,1.0,0,0.906,0.0,5.5712358025262425
0a819cd5d2a7a043,tune,full_Region7_s0.1,sb,ising,1.0,0,1.106,0.0,3.223815378185637
f0be062c6b503ff0,tune,full_Region7_s0.2,sb,ising,1.0,0,1.133,0.0,2.0034155841433465
5ac8969784d2c9ed,tune,full_Region7_s0.3,sb,ising,1.0,0,0.973,0.0,2.104285785130092
b58221447fe80861,tune,full_Region6_s0,sb,ising,1.0,0,1.008,0.0,2.0794839849547735
89ea866b61966c0e,tune,full_Region6_s0.1,sb,ising,1.0,0,1.019,0.0,2.0720412897291554
760d424c81fca7ee,tune,full_Region6_s0.2,sb,ising,1.0,0,0.915,0.0,2.149562783580009
b1b2f1937415a5ee,tune,full_Region6_s0.3,sb,ising,1.0,0,1.247,0.0,1.947337586877818
1f0b10ee5ab7a8e1,tune,full_Region7_s0,sb,ising,1.0,1,0.987,0.0,2.0941539859095366
7fc20d045eba896b,tune,full_Region7_s0.1,sb,ising,1.0,1,0.991,0.0,4.7956507694348325
e1102d217125cdd6,tune,full_Region7_s0.2,sb,ising,1.0,1,0.987,0.0,6.1318033975912325
c5ef78670971ec20,tune,full_Region7_s0.3,sb,ising,1.0,1,1.0,0.0,6.1049999999999995
34342af3908dbf9f,tune,full_Region6_s0,sb,ising,1.0,1,1.018,0.0,6.069017231815691
6f104e595bfd0ab6,tune,full_Region6_s0.1,sb,ising,1.0,1,0.987,0.0,6.1318033975912325
0b0818e1038ee253,tune,full_Region6_s0.2,sb,ising,1.0,1,0.992,0.0,6.121411712900285
fbaec545740d800c,tune,full_Region6_s0.3,sb,ising,1.0,1,0.993,0.0,6.119345543007596
a2e0bb27de73a7d7,tune,full_Region7_s0,sb,ising,1.0,2,1.032,0.0,6.041899480560953
e2edaef1f1774e5b,tune,full_Region7_s0.1,sb,ising,1.0,2,0.988,0.0,5.2693923668340155
4e222c87cc5dc169,tune,full_Region7_s0.2,sb,ising,1.0,2,0.911,0.0,4.987288740934838
767b53075c832a3d,tune,full_Region7_s0.3,sb,ising,1.0,2,0.997,0.0,4.834844465839229
aa74200edc5f0f15,tune,full_Region6_s0,sb,ising,1.0,2,0.987,0.0,4.851205636423531
f2b92c21ddb5ebce,tune,full_Region6_s0.1,sb,ising,1.0,2,1.009,0.0,4.815639447646052
61eb26515d7284dd,tune,full_Region6_s0.2,sb,ising,1.0,2,0.981,0.0,4.861182291573341
18a5aec41a429512,tune,full_Region6_s0.3,sb,ising,1.0,2,1.019,0.0,4.799980541674733
d86a561e293d0c7f,tune,full_Region7_s0,sb,ising,1.0,3,1.677,0.0,3.6374121332140144
aecb5d6e65bce7d9,tune,full_Region7_s0.1,sb,ising,1.0,3,1.022,0.0,3.440137154435458
ebca9656344e4753,tune,full_Region7_s0.2,sb,ising,1.0,3,1.078,0.0,3.381428718566894
49a07ec66c5752f0,tune,full_Region7_s0.3,sb,ising,1.0,3,1.449,0.0,3.1071012607519175
53fa2f4846d74fe3,tune,full_Region6_s0,sb,ising,1.0,3,0.941,0.0,3.5374176033498372
52682bdd939687f1,tune,full_Region6_s0.1,sb,ising,1.0,3,1.06,0.0,3.3996225168120184
7bd2dd459dc908e9,tune,full_Region6_s0.2,sb,ising,1.0,3,1.33,0.0,3.178420920121041
294a23342cf44fde,tune,full_Region6_s0.3,sb,ising,1.0,3,1.072,0.0,3.3874254306750506
73cc85b3f284a26f,tune,full_Region7_s0,sb,ising,1.0,4,1.0,0.0,5.205
4632368cbbd01bdb,tune,full_Region7_s0.1,sb,ising,1.0,4,0.907,0.0,5.382899917341777
e630d841bf687576,tune,full_Region7_s0.2,sb,ising,1.0,4,1.02,0.0,5.170980327269611
9280bb15e6763992,tune,full_Region7_s0.3,sb,ising,1.0,4,1.005,0.0,5.196368554338295
cdb4624d28e2c0b1,tune,full_Region6_s0,sb,ising,1.0,4,1.157,0.0,4.969568042375966
a28e9309293ba591,tune,full_Region6_s0.1,sb,ising,1.0,4,0.931,0.0,5.333587518952203
e48300ab951da99e,tune,full_Region6_s0.2,sb,ising,1.0,4,1.167,0.0,4.9567182450184175
9b5180b28f44fcf9,tune,full_Region6_s0.3,sb,ising,1.0,4,1.085,0.0,5.0690784630138195
26687b8690667852,tune,full_Region7_s0,sb,ising,1.0,5,1.502,0.0,4.7051000864940695
d737e2420cd8710b,tune,full_Region7_s0.1,sb,ising,1.0,5,1.538,0.0,4.6775945234360705
64c494a0d2606e15,tune,full_Region7_s0.2,sb,ising,1.0,5,1.546,0.0,4.671655894867969
90625b4d2ef5e76c,tune,full_Region7_s0.3,sb,ising,1.0,5,1.571,0.0,4.653488446921015
2ec72fb69bfc03b8,tune,full_Region6_s0,sb,ising,1.0,5,1.385,0.0,4.804368206740286
11c9daf47fadff00,tune,full_Region6_s0.1,sb,ising,1.0,5,1.196,0.0,5.0057528010977554
1ddf14196e33c6f4,tune,full_Region6_s0.2,sb,ising,1.0,5,1.445,0.0,4.751453124115623
5448c9990f6346dc,tune,full_Region6_s0.3,sb,ising,1.0,5,1.408,0.0,4.783551117235964
390978793f16615d,tune,full_Region7_s0,sb,ising,1.0,6,1.153,0.0,5.060789601656011
38940a0206be1c31,tune,full_Region7_s0.1,sb,ising,1.0,6,1.072,0.0,5.176455311810792
b998372821459c9a,tune,full_Region7_s0.2,sb,ising,1.0,6,0.949,0.0,5.389852036414835
9804eb5b376b5ab3,tune,full_Region7_s0.3,sb,ising,1.0,6,1.099,0.0,5.136005385991548
ace71cb9b7d2830e,tune,full_Region6_s0,sb,ising,1.0,6,1.092,0.0,5.146300390963152
e6090029af931528,tune,full_Region6_s0.1,sb,ising,1.0,6,1.043,0.0,5.203058427040781
bebdc6530912a82d,tune,full_Region6_s0.2,sb,ising,1.0,6,1.238,0.0,4.927608808908786
d68a0f16ca736e11,tune,full_Region6_s0.3,sb,ising,1.0,6,1.212,0.0,4.958019492649796
b2f57bb78e28aecd,tune,full_Region7_s0,sb,ising,1.0,7,0.988,0.0,5.286315491324977
069c82c32c9c112f,tune,full_Region7_s0.1,sb,ising,1.0,7,0.988,0.0,5.286315491324977
12dba1c0160097ba,tune,full_Region7_s0.2,sb,ising,1.0,7,0.988,0.0,5.286315491324977
356e45f5985a1d27,tune,full_Region7_s0.3,sb,ising,1.0,7,0.981,0.0,5.298990634603238
7d5f297b073ca12a,tune,full_Region6_s0,sb,ising,1.0,7,1.009,0.0,5.249346105974423
7d1d2b6eeb6b4739,tune,full_Region6_s0.1,sb,ising,1.0,7,1.015,0.0,4.086355042575029
9831ac478fe9b4f1,tune,full_Region6_s0.2,sb,ising,1.0,7,1.05,0.0,3.4542856080191475
214d06634a08fab8,tune,full_Region6_s0.3,sb,ising,1.0,7,0.998,0.0,3.5123444702438933
2255cec9e7d05c4c,tune,full_Region7_s0,sb,ising,1.0,8,1.014,0.0,3.4938460129957933
0da4822c60e048b1,tune,full_Region7_s0.1,sb,ising,1.0,8,1.026,0.0,3.4803509293941035
fa51947eeaaef82e,tune,full_Region7_s0.2,sb,ising,1.0,8,1.029,0.0,3.4770263388275064
fc01ec677bdc87eb,tune,full_Region7_s0.3,sb,ising,1.0,8,1.017,0.0,3.4904423857157214
b26a7079d4f3a31a,tune,full_Region6_s0,sb,ising,1.0,8,0.921,0.2931596091205212,4.381259510234952
232694f8725f9085,tune,full_Region6_s0.1,sb,ising,1.0,8,1.133,0.3891526674235278,4.39598383571022
96411178602160d1,tune,full_Region6_s0.2,sb,ising,1.0,8,1.013,0.4032675252615052,4.555429452028114
5932e852b4c54a2d,tune,full_Region6_s0.3,sb,ising,1.0,8,1.147,0.38769836101515354,4.379555559615623
4409d176a4779cc8,tune,full_Region7_s0,sb,ising,1.0,9,0.987,0.40677811237091716,4.59508608418999
b6015b3801e277cd,tune,full_Region7_s0.1,sb,ising,1.0,9,0.993,0.4059516699292509,4.585750345497092
dcf0d7c6c6552079,tune,full_Region7_s0.2,sb,ising,1.0,9,0.989,0.4065015390741331,4.591961830281874
4eaad484b32f5c50,tune,full_Region7_s0.3,sb,ising,1.0,9,1.063,0.3969990500614313,4.484618898842094
92dc20a2ab71b291,tune,full_Region6_s0,sb,ising,1.0,9,1.084,0.569815525709483,3.8756460677213775
8c60e19a7b1c1d99,tune,full_Region6_s0.1,sb,ising,1.0,9,1.064,0.6761653665313146,3.557217797838655
e56f1f0b3cab267f,tune,full_Region6_s0.2,sb,ising,1.0,9,0.996,0.6909237185635241,3.6348595628776703
7791fa5e5359f9da,tune,full_Region6_s0.3,sb,ising,1.0,9,1.07,0.6749532423286794,3.550840970511748
2b540be7213597d5,tune,full_Region7_s0,sb,ising,1.0,10,1.365,0.628498171712016,3.3064469033545185
096fc68be623171f,tune,full_Region7_s0.1,sb,ising,1.0,10,1.438,0.6199443555839868,3.261446392420104
be951070c9c15473,tune,full_Region7_s0.2,sb,ising,1.0,10,1.606,0.5969862860730695,3.098704776312613
f75ee16bc6717968,tune,full_Region7_s0.3,sb,ising,1.0,10,1.496,0.6004010850095494,3.0687166567154747
c4eeede0431791fd,tune,full_Region6_s0,sb,ising,1.0,10,1.41,0.6095744954778793,3.1156029768869384
c5780271cf6f5db0,tune,full_Region6_s0.1,sb,ising,1.0,10,1.517,0.5983190388764372,3.0580750875906793
13ced7bc27941e33,tune,full_Region6_s0.2,sb,ising,1.0,10,1.902,0.5682965182355526,2.904626648759491
d828339c06cfc9e6,tune,full_Region6_s0.3,sb,ising,1.0,10,1.721,0.580737931585672,2.968216094771213
1c78919f491a89da,tune,full_Region7_s0,sb,ising,1.0,11,1.584,0.25252525252525254,5.845959595959597
7adedc46eb6129d7,tune,full_Region7_s0.1,sb,ising,1.0,11,1.367,0.2731529046081677,6.323489741679082
5dce8921151b23d2,tune,full_Region7_s0.2,sb,ising,1.0,11,1.69,0.25917160440478804,5.999822641970843
51c51e124b38e476,tune,full_Region7_s0.3,sb,ising,1.0,11,1.474,0.26784260205044996,6.200556237467917
0942f035b5798a49,tune,full_Region6_s0,sb,ising,1.0,11,1.485,0.26734005321155896,6.18892223184759
b9f89cba79e6cefb,tune,full_Region6_s0.1,sb,ising,1.0,11,1.345,0.27434944663349137,6.3511896895653255
7e83f76f53e68e96,tune,full_Region6_s0.2,sb,ising,1.0,11,1.55,0.1354838648150044,4.665483728531868
d617eb76454306ea,tune,full_Region6_s0.3,sb,ising,1.0,11,1.348,0.0,3.2490802058834
547ce628a94b52a4,tune,full_Region7_s0,cpsat,classical,1.0,0,0.828,0.0,3.801159616829693
a44543cbdc58b0b1,tune,full_Region7_s0.1,cpsat,classical,1.0,0,0.772,0.0,3.904974321627247
c35e8eea27003173,tune,full_Region7_s0.2,cpsat,classical,1.0,0,0.63,0.0,4.250952811468216
1e31a21281e1f869,tune,full_Region7_s0.3,cpsat,classical,1.0,0,0.953,0.0,3.6134419336148853
34cac55b4adf21e8,tune,full_Region6_s0,cpsat,classical,1.0,0,0.713,0.0,4.0319917813925725
69fc8a0a831d732d,tune,full_Region6_s0.1,cpsat,classical,1.0,0,0.908,0.0,3.6750660593814266
4680186f0f2715a2,tune,full_Region6_s0.2,cpsat,classical,1.0,0,0.825,0.0,3.806363773345948
0b928ab925754746,tune,full_Region6_s0.3,cpsat,classical,1.0,0,0.812,0.0,3.8293597116846163
624189622fdb1cd5,tune,full_Region7_s0,cpsat,classical,1.0,1,0.926,0.0,5.733931188192018
cb0444ea71bf481b,tune,full_Region7_s0.1,cpsat,classical,1.0,1,0.932,0.0,6.606866591989738
1fabafd001b62dd1,tune,full_Region7_s0.2,cpsat,classical,1.0,1,0.491,0.0,8.678818186043236
95beb39af3108f4e,tune,full_Region7_s0.3,cpsat,classical,1.0,1,0.923,0.0,6.629361233241121
3f50267bb998af43,tune,full_Region6_s0,cpsat,classical,1.0,1,0.935,0.0,6.599464977488797
3f27c82391592d0d,tune,full_Region6_s0.1,cpsat,classical,1.0,1,0.933,0.0,6.604394830947009
5b499f13faeba33c,tune,full_Region6_s0.2,cpsat,classical,1.0,1,0.931,0.0,6.609344764119444
6a5c0e7546cade58,tune,full_Region6_s0.3,cpsat,classical,1.0,1,0.926,0.0,6.6218148039947575
7039ec2be06e4f0f,tune,full_Region7_s0,cpsat,classical,1.0,2,0.947,0.0,6.5703274707733765
8f22300644f54325,tune,full_Region7_s0.1,cpsat,classical,1.0,2,0.947,0.0,6.5703274707733765
4a4091bd8e68ba50,tune,full_Region7_s0.2,cpsat,classical,1.0,2,0.736,0.14945652173913046,4.5038047044173535
95442ed8a13750bc,tune,full_Region7_s0.3,cpsat,classical,1.0,2,0.954,0.16765199117440602,3.5054507245557613
d65b35a6334a844b,tune,full_Region6_s0,cpsat,classical,1.0,2,0.95,0.16789474236337762,3.5105264312342594
168ba1d8a7c66aa0,tune,full_Region6_s0.1,cpsat,classical,1.0,2,0.945,0.1682010504303786,3.5169310544533703
1454a5eb5e9eebec,tune,full_Region6_s0.2,cpsat,classical,1.0,2,0.955,0.16759161424886493,3.504188297930812
4d2f8c74e9635ea0,tune,full_Region6_s0.3,cpsat,classical,1.0,2,0.952,0.16777309800396448,3.5079829582647113
7ff10effdf09b367,tune,full_Region7_s0,cpsat,classical,1.0,3,0.957,0.16747126634093537,3.501671932583194
e620fcc20335b6bb,tune,full_Region7_s0.1,cpsat,classical,1.0,3,0.951,0.16783385622764616,3.5092533574871463
0fdd2641a1ea9fe4,tune,full_Region7_s0.2,cpsat,classical,1.0,3,0.717,0.1867085088413297,3.903905184864166
1b3682b08498c2a9,tune,full_Region7_s0.3,cpsat,classical,1.0,3,0.957,0.052528737605303195,3.8569488395842395
5820261fa7f45525,tune,full_Region6_s0,cpsat,classical,1.0,3,0.958,0.0,4.017870411245709
3c4036c94323135a,tune,full_Region6_s0.1,cpsat,classical,1.0,3,0.957,0.0,4.019310392182449
df8b06b934b9b761,tune,full_Region6_s0.2,cpsat,classical,1.0,3,0.975,0.0,3.9938458956204936
91da8411ae107721,tune,full_Region6_s0.3,cpsat,classical,1.0,3,0.965,0.0,4.007875412856977
2cc353b68765b70b,tune,full_Region7_s0,cpsat,classical,1.0,4,0.828,0.0,4.234203117481177
01edc61cfb311260,tune,full_Region7_s0.1,cpsat,classical,1.0,4,0.897,0.0,4.111572125284967
78362f0c9e9c2ab5,tune,full_Region7_s0.2,cpsat,classical,1.0,4,0.733,0.0,4.440818698149262
b3dc5b1f20740faf,tune,full_Region7_s0.3,cpsat,classical,1.0,4,0.953,0.0,4.025099875419113
cc67f702c05bf1d3,tune,full_Region6_s0,cpsat,classical,1.0,4,0.731,0.0,4.445745361161134
18357f03b680341d,tune,full_Region6_s0.1,cpsat,classical,1.0,4,0.799,0.0,5.043003836621032
1bd3345d1ca3a069,tune,full_Region6_s0.2,cpsat,classical,1.0,4,0.769,0.0,5.13674920805099
5606591b17cd479d,tune,full_Region6_s0.3,cpsat,classical,1.0,4,0.734,0.0,5.447084325535745
93c148c568697b1a,tune,full_Region7_s0,cpsat,classical,1.0,5,0.688,0.0,5.5946509921273515
b56fff8a50711369,tune,full_Region7_s0.1,cpsat,classical,1.0,5,0.722,0.0,5.483766790902515
ec5cb7d0d3a1eb3f,tune,full_Region7_s0.2,cpsat,classical,1.0,5,0.628,0.0,5.819617942639977
e4bec82334fcd8f5,tune,full_Region7_s0,cpsat,classical,1.0,6,0.656,0.0,5.7095116958385566
61a5801e9fd6a23f,tune,full_Region7_s0.1,cpsat,classical,1.0,6,0.702,0.0,5.547691858731784
d52ea1ca649ef3da,tune,full_Region7_s0.2,cpsat,classical,1.0,6,0.732,0.0,5.453115252197765
e55fbfc03c4cd0a1,tune,full_Region7_s0.3,cpsat,classical,1.0,6,0.942,0.0,4.959744921155797
e4388caac669d8a1,tune,full_Region6_s0,cpsat,classical,1.0,6,0.733,0.0,6.527858294373808
45e615c5a57851df,tune,full_Region6_s0.1,cpsat,classical,1.0,6,0.94,0.0,6.173617266594097
ba4bb20b44d6ec00,tune,full_Region6_s0.2,cpsat,classical,1.0,6,0.768,0.0,6.6536973261584835
7cd827c523229c75,tune,full_Region6_s0.3,cpsat,classical,1.0,6,0.756,0.0,6.695344139028478
07ac1e43c5fc14a2,tune,full_Region7_s0,cpsat,classical,1.0,7,0.938,0.0,6.178187477563236
37b2fec065ad1520,tune,full_Region7_s0.1,cpsat,classical,1.0,7,0.798,0.0,6.555063147891434
a40af1453788712e,tune,full_Region7_s0.2,cpsat,classical,1.0,7,0.619,0.0,7.285250130685736
f9abbb209cbe39ad,tune,full_Region7_s0.3,cpsat,classical,1.0,7,0.94,0.0,6.173617266594097
6327db2062eecfc1,tune,full_Region6_s0,cpsat,classical,1.0,7,0.803,0.0,6.539339841080188
e217e880a50f3adc,tune,full_Region6_s0.1,cpsat,classical,1.0,7,0.94,0.0,6.173617266594097
2e12c398b5eaa2ac,tune,full_Region6_s0.2,cpsat,classical,1.0,7,0.775,0.0,6.630000495910646
992d547472af074f,tune,full_Region6_s0.3,cpsat,classical,1.0,7,0.742,0.0,4.468005950238827
7840a1052a246c8e,tune,full_Region7_s0,cpsat,classical,1.0,9,0.683,0.0,4.053031047301621
435d37d5a76b0d1f,tune,full_Region7_s0.1,cpsat,classical,1.0,9,0.789,0.0,3.8228898356622616
ce8600d59f859a95,tune,full_Region7_s0.2,cpsat,classical,1.0,9,0.589,0.0,4.326417604002767
bdfb527c6e57bc45,tune,full_Region7_s0.3,cpsat,classical,1.0,9,0.948,0.0,3.5741771021975746
1154646ddcb8bdae,tune,full_Region6_s0,cpsat,classical,1.0,9,0.957,0.0,3.562570574888989
4dc3e421eea81779,tune,full_Region6_s0.1,cpsat,classical,1.0,9,0.964,0.0,3.5536929136489928
ac11d8764568589a,tune,full_Region6_s0.2,cpsat,classical,1.0,9,0.955,0.0,3.5651307031122177
344ac73bb1b368b2,tune,full_Region6_s0.3,cpsat,classical,1.0,9,0.951,0.0,3.570283850660836
fadb6569b96ab3e6,tune,full_Region7_s0,cpsat,classical,1.0,10,0.712,0.0,3.9662356055184698
c85aa4835fcfbe40,tune,full_Region7_s0.1,cpsat,classical,1.0,10,0.657,0.0,4.103211797717137
b1fd8257a102fb92,tune,full_Region7_s0.2,cpsat,classical,1.0,10,0.651,0.0,4.119554613409321
66cd6d91ee0b8308,tune,full_Region7_s0.3,cpsat,classical,1.0,10,0.923,0.0,3.5921887612678636
8bf28e16a393d639,tune,full_Region6_s0,cpsat,classical,1.0,10,0.938,0.0,3.5720041743727893
fa205c89593a1be9,tune,full_Region6_s0.1,cpsat,classical,1.0,10,0.929,0.0,3.584036349736964
b222ea74a05aabce,tune,full_Region6_s0.2,cpsat,classical,1.0,10,0.937,0.0,3.5733298659960764
2e93f45f2ee4e887,tune,full_Region6_s0.3,cpsat,classical,1.0,10,0.934,0.0,3.5773233785363794
b863c22673431865,tune,full_Region7_s0,cpsat,classical,1.0,11,0.714,0.0,3.9616526174945994
d76f546e7b8aae0a,tune,full_Region7_s0.1,cpsat,classical,1.0,11,0.711,0.0,3.968537158939239
4835d60a4ae068e2,tune,full_Region7_s0.2,cpsat,classical,1.0,11,0.752,0.0,3.905798161917545
7eeb66dcf5a1e652,tune,full_Region7_s0.3,cpsat,classical,1.0,11,0.944,0.0,3.5947034040750085
40422d69bde70c80,tune,full_Region6_s0,cpsat,classical,1.0,11,0.954,0.0,3.5816561750895826
e3ffa1b1b7518d83,tune,full_Region6_s0.1,cpsat,classical,1.0,11,0.944,0.0,3.5947034040750085
7d21456f3ff4a473,tune,full_Region6_s0.2,cpsat,classical,1.0,11,0.962,0.0,3.5714134604916006
c95791e935bae684,tune,full_Region6_s0.3,cpsat,classical,1.0,11,0.958,0.0,3.5765134342528087
2f0267419b5739eb,tune,full_Region7_s0,mq,ising,1.0,0,1.463,0.0,3.1531443191731703
1ce69714a77ac62b,tune,full_Region7_s0.1,mq,ising,1.0,0,0.935,0.0,3.606684348162483
14954d7646dedf4b,tune,full_Region7_s0.2,mq,ising,1.0,0,0.928,0.0,3.616163725483007
f3227b01316cb915,tune,full_Region7_s0.3,mq,ising,1.0,0,1.001,0.0,3.5238260036700972
df92c272cb7db3e6,tune,full_Region6_s0,mq,ising,1.0,0,0.994,0.0,3.5320924561268368
4557fe4ab491e7af,tune,full_Region6_s0.1,mq,ising,1.0,0,0.986,0.0,3.5416837154489014
d8a437b7e0f6f603,tune,full_Region6_s0.2,mq,ising,1.0,0,0.933,0.0,3.6093785704012724
3ad0601c3ccbe23e,tune,full_Region6_s0.3,mq,ising,1.0,0,0.93,0.0,3.6134410289026073
b5bd63541541fe55,tune,full_Region7_s0,mq,ising,1.0,1,1.245,0.0,3.2937748843886285
7118397fb6b9e1b8,tune,full_Region7_s0.1,mq,ising,1.0,1,0.902,0.0,3.6526606246795996
e7db634c986e28f4,tune,full_Region7_s0.2,mq,ising,1.0,1,1.011,0.0,3.512215437450466
fb7ffec628db1b94,tune,full_Region7_s0.3,mq,ising,1.0,1,0.904,0.0,3.649778875101984
d6050265827c5438,tune,full_Region6_s0,mq,ising,1.0,1,0.956,0.0,3.5686194672245364
408fa7828889b90a,tune,full_Region6_s0.1,mq,ising,1.0,1,1.013,0.0,3.4949852189330453
a9e2d4456a946b8a,tune,full_Region6_s0.2,mq,ising,1.0,1,0.944,0.0,3.579406793844902
36a7ae8fd2da9421,tune,full_Region6_s0.3,mq,ising,1.0,1,0.944,0.0,3.579406793844902
cf953b813fe9790a,tune,full_Region7_s0,mq,ising,1.0,2,1.125,0.0,3.3800000000000003
b8b6f9922469c8d6,tune,full_Region7_s0.1,mq,ising,1.0,2,0.966,0.0,3.551180318275594
29f418f6b585527b,tune,full_Region7_s0.2,mq,ising,1.0,2,0.921,0.0,3.6103583158809895
2e9ecccdeda2a6e9,tune,full_Region7_s0.3,mq,ising,1.0,2,0.91,0.0,3.6257145064217706
7abe10f1fef05829,tune,full_Region6_s0,mq,ising,1.0,2,0.922,0.0,3.6089803029554783
039a013ea6d5e759,tune,full_Region6_s0.1,mq,ising,1.0,2,0.901,0.0,3.6496559972900666
fe2ec00ac4b7fcf1,tune,full_Region6_s0.2,mq,ising,1.0,2,0.913,0.0,3.6369663209277983
eb7b4f4bf11a9f43,tune,full_Region6_s0.3,mq,ising,1.0,2,0.907,0.0,3.645479771110425
21385ab32ee697ff,tune,full_Region7_s0,mq,ising,1.0,3,1.127,0.0,3.3925911443045216
0707e72a6f882272,tune,full_Region7_s0.1,mq,ising,1.0,3,0.908,0.0,3.6440528436904436
5d2373a7db831474,tune,full_Region7_s0.2,mq,ising,1.0,3,0.91,0.0,3.6412090128594707
ed581f162d634931,tune,full_Region7_s0.3,mq,ising,1.0,3,0.936,0.0,3.605342153300587
b6d100e617c9bc81,tune,full_Region6_s0,mq,ising,1.0,3,0.941,0.0,3.598671587823428
f146cdba8621d714,tune,full_Region6_s0.1,mq,ising,1.0,3,0.969,0.0,3.562590544437846
bcf145c49ad6ec6e,tune,full_Region6_s0.2,mq,ising,1.0,3,0.953,0.0,3.57245557330713
e6858cd04dd0f21a,tune,full_Region6_s0.3,mq,ising,1.0,3,0.962,0.0,3.5562159564044022
fa0d6f1dfa66a6c1,tune,full_Region7_s0,mq,ising,1.0,4,1.368,0.0,3.1952632100958573
a3e8d1e250daf277,tune,full_Region7_s0.1,mq,ising,1.0,4,1.106,0.0,3.3978660714561637
eb235f9c79cf0504,tune,full_Region7_s0.2,mq,ising,1.0,4,1.263,0.0,3.266365816927297
414700e4f913f9de,tune,full_Region7_s0.3,mq,ising,1.0,4,0.962,0.0,3.5562159564044022
bc9ab632eb08f288,tune,full_Region6_s0,mq,ising,1.0,4,1.049,0.0,3.455348005740272
69fee36baca1e1a8,tune,full_Region6_s0.1,mq,ising,1.0,4,1.117,0.0,3.387448738596753
0cfcb53ff0a3e136,tune,full_Region6_s0.2,mq,ising,1.0,4,1.071,0.0,3.3950889188479754
7e9df965e7c549ca,tune,full_Region6_s0.3,mq,ising,1.0,4,1.0,0.0,3.4499999999999997
b9aa196b19d10055,tune,full_Region7_s0,mq,ising,1.0,5,1.229,0.0,3.235720268975825
eeec99df83fcb80c,tune,full_Region7_s0.1,mq,ising,1.0,5,0.928,0.0,3.5392240717493255
46a0a644192aa848,tune,full_Region7_s0.2,mq,ising,1.0,5,0.937,0.0,3.527321326948917
a296dc5a4ceae507,tune,full_Region7_s0.3,mq,ising,1.0,5,0.917,0.0,3.554089560763526
308bc55335f1683e,tune,full_Region6_s0,mq,ising,1.0,5,0.931,0.0,3.535230920342958
9468da8be3fa797c,tune,full_Region6_s0.1,mq,ising,1.0,5,0.972,0.0,3.4831272967067766
8ebcd2f4ec247f39,tune,full_Region6_s0.2,mq,ising,1.0,5,0.912,0.0,3.5609647631645194
27ff373107bae42e,tune,full_Region6_s0.3,mq,ising,1.0,5,0.952,0.0,4.138235059105048
86c682137575f8cd,tune,full_Region7_s0,mq,ising,1.0,6,1.517,0.0,3.8558338060925963
0868fd8645686400,tune,full_Region7_s0.1,mq,ising,1.0,6,1.029,0.0,4.309135206239216
9bb9eb16f17e113e,tune,full_Region7_s0.2,mq,ising,1.0,6,0.915,0.0,4.484699332648939
90ee016db46287ff,tune,full_Region7_s0.3,mq,ising,1.0,6,1.059,0.0,4.269216283522652
cc3ab6787d4f2333,tune,full_Region6_s0,mq,ising,1.0,6,0.992,0.0,4.36169384948669
32111b927f6fa087,tune,full_Region6_s0.1,mq,ising,1.0,6,0.986,0.0,4.3705884148092835
fed0334b1eb16cd4,tune,full_Region6_s0.2,mq,ising,1.0,6,0.983,0.0,4.375076415216208
ae14498f46539d05,tune,full_Region6_s0.3,mq,ising,1.0,6,0.978,0.0,3.032924114804571
28dd5e1fb05d6deb,tune,full_Region7_s0,mq,ising,1.0,7,1.117,0.0,2.287251712385842
2083ce357d1bb830,tune,full_Region7_s0.1,mq,ising,1.0,7,0.931,0.0,2.4285499365834236
165cd821ec1a0aeb,tune,full_Region7_s0.2,mq,ising,1.0,7,0.916,0.0,2.442445224029008
8cbfbcde12d88740,tune,full_Region7_s0.3,mq,ising,1.0,7,0.965,0.0,2.3986527092098573
77dd95b13cfcd057,tune,full_Region6_s0,mq,ising,1.0,7,0.928,0.0,2.4312930579843193
20c502ccdd9c4708,tune,full_Region6_s0.1,mq,ising,1.0,7,0.93,0.0,2.4294624790068595
df7a09d474febf68,tune,full_Region6_s0.2,mq,ising,1.0,7,0.915,0.0,2.443387912270801
0c8e23e35ad213d6,tune,full_Region6_s0.3,mq,ising,1.0,7,0.905,0.0,2.452928126846229
2036602704b1d3d8,tune,full_Region7_s0,mq,ising,1.0,8,1.594,0.0,1.5238645654101592
8bba4da0d2cbca8c,tune,full_Region7_s0.1,mq,ising,1.0,8,1.074,0.0,1.7000371162229853
a77676133c692b89,tune,full_Region7_s0.2,mq,ising,1.0,8,0.978,0.0,1.753046946535325
c83c8b0eebbc127a,tune,full_Region7_s0.3,mq,ising,1.0,8,1.045,0.0,1.715024008134906
c191788bbaa6fb27,tune,full_Region6_s0,mq,ising,1.0,8,0.906,0.0,1.8001764710112649
656ded2d1e7f9125,tune,full_Region6_s0.1,mq,ising,1.0,8,0.903,0.0,1.8023035824628895
2ddc51232fbed09e,tune,full_Region6_s0.2,mq,ising,1.0,8,1.018,0.0,1.7297444690187227
3c2bcaeb53a4b6de,tune,full_Region6_s0.3,mq,ising,1.0,8,1.206,0.0,1.6409287761099896
cec0f5dffe76a982,tune,full_Region7_s0,mq,ising,1.0,9,1.395,0.0,3.1787096454251196
942f8c1ced6ff528,tune,full_Region7_s0.1,mq,ising,1.0,9,0.909,0.0,3.627128506651019
b78ae2e67e322937,tune,full_Region7_s0.2,mq,ising,1.0,9,0.985,0.0,3.5278170096692705
9dfcac520b702ab7,tune,full_Region7_s0.3,mq,ising,1.0,9,0.955,0.0,3.5651307031122177
70ff2789b519f6cd,tune,full_Region6_s0,mq,ising,1.0,9,0.952,0.0,3.5689913575388807
7bfa18ee578681f2,tune,full_Region6_s0.1,mq,ising,1.0,9,0.918,0.0,3.6145097601647476
aff155e980a1cc9c,tune,full_Region6_s0.2,mq,ising,1.0,9,0.938,0.0,3.5873346643915567
eab825e642e46ef0,tune,full_Region6_s0.3,mq,ising,1.0,9,0.928,0.0,3.6007757947362706
ef6aea8f0277a03b,tune,full_Region7_s0,mq,ising,1.0,10,1.241,0.0,3.254729938737622
a97ca2cd82d583a3,tune,full_Region7_s0.1,mq,ising,1.0,10,0.924,0.0,3.575411317668436
fc4004fe970e0049,tune,full_Region7_s0.2,mq,ising,1.0,10,0.908,0.0,3.5975330201539704
68d6ff6df890d087,tune,full_Region7_s0.3,mq,ising,1.0,10,0.908,0.0,3.5975330201539704
beec4a8bf30e975b,tune,full_Region6_s0,mq,ising,1.0,10,0.912,0.0,3.5919296741485596
7ab836bd4e038b7c,tune,full_Region6_s0.1,mq,ising,1.0,10,0.927,0.0,3.5713485503788256
32999666ad08d7b6,tune,full_Region6_s0.2,mq,ising,1.0,10,0.908,0.0,3.5975330201539704
496e1494f5d117fa,tune,full_Region6_s0.3,mq,ising,1.0,10,0.906,0.0,3.60035294202253
8e863b3e2e00b256,tune,full_Region7_s0,mq,ising,1.0,11,1.386,0.0,3.171370714085787
e31091a39b735811,tune,full_Region7_s0.1,mq,ising,1.0,11,0.908,0.0,3.628546235844952
b1a623bd812fd8c7,tune,full_Region7_s0.2,mq,ising,1.0,11,0.907,0.0,3.6299670912333597
e32ba9d6330ac18c,tune,full_Region7_s0.3,mq,ising,1.0,11,0.919,0.0,3.613122731479649
54153027f5979d7c,tune,full_Region6_s0,mq,ising,1.0,11,0.98,0.0,3.5338775965632228
0307a3bb33640f1f,tune,full_Region6_s0.1,mq,ising,1.0,11,0.913,0.0,3.6214898684983186
767291ba3dbd6209,tune,full_Region6_s0.2,mq,ising,1.0,11,0.956,0.0,3.563849591809835
605e1262b2cc4389,tune,full_Region6_s0.3,mq,ising,1.0,11,0.941,0.0,3.5833580917050307
410bd002c3abe3b0,tune,full_Region7_s0,ls,classical,1.0,0,1.003,0.0,3.5065005474527964
6a4be9ffe65a201c,tune,full_Region7_s0.1,ls,classical,1.0,0,1.029,0.0,3.4478718198770686
f2d43872fad6244d,tune,full_Region7_s0.2,ls,classical,1.0,0,1.021,0.0,3.4412436714135004
000f3e464b7a72da,tune,full_Region7_s0.3,ls,classical,1.0,0,1.029,0.0,3.432449078073307
59db4a3f30df7154,tune,full_Region6_s0,ls,classical,1.0,0,1.044,0.0,3.4163216407271637
afa162c49e6fb8e6,tune,full_Region6_s0.1,ls,classical,1.0,0,1.009,0.0,3.454697864615646
fe1910516438fb47,tune,full_Region6_s0.2,ls,classical,1.0,0,1.045,0.0,3.415263326544511
170e55c25f5cb474,tune,full_Region6_s0.3,ls,classical,1.0,0,1.048,0.0,3.4120994510541434
d668eb06a43e5d83,tune,full_Region7_s0,ls,classical,1.0,1,1.041,0.0,3.419509840973516
e8d5462acd1c7290,tune,full_Region7_s0.1,ls,classical,1.0,1,1.044,0.0,3.4354787288497697
18da1b55ad075d98,tune,full_Region7_s0.2,ls,classical,1.0,1,1.035,0.0,3.4556040579570086
817e52f55ac3fcd8,tune,full_Region7_s0.3,ls,classical,1.0,1,1.053,0.0,3.4363627139432937
b5004fe3cd16edf1,tune,full_Region6_s0,ls,classical,1.0,1,1.04,0.0,3.4501922222284174
f0e0808177233437,tune,full_Region6_s0.1,ls,classical,1.0,1,1.027,0.0,3.4643718446473417
8a165221b5803eab,tune,full_Region6_s0.2,ls,classical,1.0,1,1.061,0.0,3.4280209739066656
bc053be477bb05b3,tune,full_Region6_s0.3,ls,classical,1.0,1,1.035,0.0,3.4556040579570086
c1b1dc1a52e4deb8,tune,full_Region7_s0,ls,classical,1.0,2,1.05,0.0,3.439523703711373
430bc163c7e3cbff,tune,full_Region7_s0.1,ls,classical,1.0,2,1.001,0.0,3.4838459851382146
c6f5dec4e385b390,tune,full_Region7_s0.2,ls,classical,1.0,2,1.003,0.0,3.476530457303627
1f51dcb14ad50a6c,tune,full_Region7_s0.3,ls,classical,1.0,2,1.072,0.0,3.402089610028623
ca379f2704eb40ca,tune,full_Region6_s0,ls,classical,1.0,2,1.024,0.0,3.452812340110541
2f386bc9cacea1b4,tune,full_Region6_s0.1,ls,classical,1.0,2,1.057,0.0,3.417445429113527
643bf41e1ceca051,tune,full_Region6_s0.2,ls,classical,1.0,2,1.035,0.0,3.4407731392533307
1fe2b9e4a52574be,tune,full_Region6_s0.3,ls,classical,1.0,2,1.041,0.0,3.434312913878163
969331f96cad5480,tune,full_Region7_s0,ls,classical,1.0,3,1.008,0.0,3.470793413737464
edd60c4d47562649,tune,full_Region7_s0.1,ls,classical,1.0,3,1.01,0.0,3.4685148295789663
b66111e9f634af67,tune,full_Region7_s0.2,ls,classical,1.0,3,1.007,0.0,3.471936374577179
c72bac30c24e3dfa,tune,full_Region7_s0.3,ls,classical,1.0,3,1.002,0.0,3.4776848471331263
0b994fe77ceef121,tune,full_Region6_s0,ls,classical,1.0,3,1.01,0.0,3.468514829578967
e2b34820300e49a5,tune,full_Region6_s0.1,ls,classical,1.0,3,1.002,0.0,3.4776848471331263
009a0dc9391d9977,tune,full_Region6_s0.2,ls,classical,1.0,3,1.003,0.0,3.476530457303627
5a673f5d07d29048,tune,full_Region6_s0.3,ls,classical,1.0,3,1.006,0.0,3.4730816077048448
d5a5d75b365f947f,tune,full_Region7_s0,ls,classical,1.0,4,1.014,0.0,3.4639840812607865
ac01a2c2e8c7571e,tune,full_Region7_s0.1,ls,classical,1.0,4,1.029,0.0,3.4473081649913735
114a2ad01d5ae1df,tune,full_Region7_s0.2,ls,classical,1.0,4,1.012,0.0,3.446482405832163
361f1e0ea1ef8268,tune,full_Region7_s0.3,ls,classical,1.0,4,1.012,0.0,3.4363638270985
55c5cbc8465ac7c3,tune,full_Region6_s0,ls,classical,1.0,4,1.017,0.0,3.430776703908615
6ec412be152e5bdf,tune,full_Region6_s0.1,ls,classical,1.0,4,1.029,0.0,3.417589991155241
4d8cbcfa97cf691f,tune,full_Region6_s0.2,ls,classical,1.0,4,1.011,0.0,3.4374874494196055
e361ce5b7b9cb793,tune,full_Region6_s0.3,ls,classical,1.0,4,1.025,0.0,3.421951433507408
728dadf9a1384e30,tune,full_Region7_s0,ls,classical,1.0,5,1.013,0.0,3.435241881857267
450c18b8b334bab7,tune,full_Region7_s0.1,ls,classical,1.0,5,1.035,0.0,3.411111301845975
70aaf7050777e074,tune,full_Region7_s0.2,ls,classical,1.0,5,1.04,0.0,3.405769146405734
140df0e3aa3ad3ef,tune,full_Region7_s0.3,ls,classical,1.0,5,1.016,0.0,3.9338583411194215
483feec6d406a855,tune,full_Region6_s0,ls,classical,1.0,5,1.053,0.0,4.144282929691268
ce845e0f9f4fef1c,tune,full_Region6_s0.1,ls,classical,1.0,5,0.989,0.0,4.230627128882644
58fb8dbe3be0ba12,tune,full_Region6_s0.2,ls,classical,1.0,5,1.041,0.0,4.159663486205878
6ec58f3cb3e9edf9,tune,full_Region6_s0.3,ls,classical,1.0,5,1.049,0.0,4.1493708957821225
6a450e8a25acc489,tune,full_Region7_s0,ls,classical,1.0,6,1.122,0.0,4.0622281114472845
a9dcf562d27dc282,tune,full_Region7_s0.1,ls,classical,1.0,6,1.076,0.0,4.115762017030256
65dceb3e8a1ab6c7,tune,full_Region7_s0.2,ls,classical,1.0,6,1.091,0.0,4.097809555550216
04673683c5edac2c,tune,full_Region7_s0.3,ls,classical,1.0,6,1.067,0.0,3.6581722150479066
0e78cc93de290af5,tune,full_Region6_s0,ls,classical,1.0,6,1.003,0.0,3.461545412229042
1ec2f3b00c93ac16,tune,full_Region6_s0.1,ls,classical,1.0,6,1.071,0.0,3.388431586471259
233335079fab2710,tune,full_Region6_s0.2,ls,classical,1.0,6,0.991,0.0,3.475489257924131
5304dda60688abfe,tune,full_Region6_s0.3,ls,classical,1.0,6,1.041,0.0,3.419509840973516
7467b4d8fc1454e9,tune,full_Region7_s0,ls,classical,1.0,7,1.012,0.0,3.4513045393902324
26e189d438163b4a,tune,full_Region7_s0.1,ls,classical,1.0,7,1.012,0.0,3.4513045393902324
f21259ad44ef08d8,tune,full_Region7_s0.2,ls,classical,1.0,7,1.014,0.0,3.449053115393283
47b4fbf849463389,tune,full_Region7_s0.3,ls,classical,1.0,7,1.019,0.0,3.3453288747471146
ecfaa0d93cc565b8,tune,full_Region6_s0,ls,classical,1.0,7,1.012,0.0,3.3018974164729062
b6783b82105f4a41,tune,full_Region6_s0.1,ls,classical,1.0,7,1.008,0.0,3.3062299329137046
ac9ab61c4ab8b7ff,tune,full_Region6_s0.2,ls,classical,1.0,7,1.016,0.0,3.297598495727449
a4ce00820f6aa9c0,tune,full_Region6_s0.3,ls,classical,1.0,7,1.005,0.0,3.309502739218337
eca031de0a90846b,tune,full_Region7_s0,ls,classical,1.0,8,1.017,0.0,3.296528919842626
71edff980b36b251,tune,full_Region7_s0.1,ls,classical,1.0,8,1.011,0.0,3.3029770709640554
44d12fd0e44bcd1e,tune,full_Region7_s0.2,ls,classical,1.0,8,1.016,0.0,3.297598495727449
a945e8172cf58bbb,tune,full_Region7_s0.3,ls,classical,1.0,8,1.011,0.0,3.3029770709640554
051fd6f01e1918bd,tune,full_Region6_s0,ls,classical,1.0,8,1.013,0.0,2.2346791957467356
1652315829313391,tune,full_Region6_s0.1,ls,classical,1.0,8,1.013,0.0,1.6877492723907441
279932752d104da2,tune,full_Region6_s0.2,ls,classical,1.0,8,1.005,0.0,1.6921891834012315
ec8cd13006c9473e,tune,full_Region6_s0.3,ls,classical,1.0,8,1.013,0.0,1.6877492723907441
4d4123b17fcbdfea,tune,full_Region7_s0,ls,classical,1.0,9,1.024,0.0,1.6817577346228065
a2db6ef69affe82f,tune,full_Region7_s0.1,ls,classical,1.0,9,1.028,0.0,1.6796110228341838
8b262dc8ee1bbd8d,tune,full_Region7_s0.2,ls,classical,1.0,9,1.023,0.0,1.6822971673072376
66d778368f0a282d,tune,full_Region7_s0.3,ls,classical,1.0,9,1.005,0.0,1.6921891834012315
8132f19c52cfbf95,tune,full_Region6_s0,ls,classical,1.0,9,1.033,0.0,2.8095740478013402
8e9e6170b6e23003,tune,full_Region6_s0.1,ls,classical,1.0,9,0.989,0.0,3.4627908884092826
beea6d1dfc47cae0,tune,full_Region6_s0.2,ls,classical,1.0,9,1.016,0.0,3.4318898371824127
bc7a4b435bc79c21,tune,full_Region6_s0.3,ls,classical,1.0,9,0.996,0.0,3.4546185928176207
72525e2992ce9f55,tune,full_Region7_s0,ls,classical,1.0,10,0.997,0.0,3.4534603327423072
53b9afe8168c6973,tune,full_Region7_s0.1,ls,classical,1.0,10,1.036,0.0,3.410038639679839
88b9f30ba38eaf23,tune,full_Region7_s0.2,ls,classical,1.0,10,1.055,0.0,3.390047538901958
0efe8d6a2437ab88,tune,full_Region7_s0.3,ls,classical,1.0,10,1.078,0.0,3.3667904990059987
e70e94c889aee894,tune,full_Region6_s0,ls,classical,1.0,10,0.991,0.0,3.4604438498811696
a8b18996b127e647,tune,full_Region6_s0.1,ls,classical,1.0,10,0.999,0.0,3.441141308010281
24b2bd22b49f090f,tune,full_Region6_s0.2,ls,classical,1.0,10,1.069,0.0,3.3610944930809037
b883cc2c7be631e1,tune,full_Region6_s0.3,ls,classical,1.0,10,1.064,0.0,3.3661275855580666
5da9a94d26eeb508,tune,full_Region7_s0,ls,classical,1.0,11,1.0,0.0,3.4349999999999996
9897714804d31e43,tune,full_Region7_s0.1,ls,classical,1.0,11,1.026,0.0,3.405984456543802
d46b9c8fc3bd77f5,tune,full_Region7_s0.2,ls,classical,1.0,11,1.034,0.0,3.397349919295172
81dbfa5339b0515b,tune,full_Region7_s0.3,ls,classical,1.0,11,1.095,0.0,3.335662160289887
2d3296d0ea5f347f,tune,full_Region6_s0,ls,classical,1.0,11,1.03,0.0,3.401650421827742
446d9de73be1c90c,tune,full_Region6_s0.1,ls,classical,1.0,11,1.051,0.0,3.3794388875407795
4b2734b80c78aa3b,tune,full_Region6_s0.2,ls,classical,1.0,11,1.025,0.0,3.4070733837965057
7b4644168fb5d079,tune,full_Region6_s0.3,ls,classical,1.0,11,1.072,0.0,3.3580970719679075
74f458641f9e8cc0,tune,full_Region7_s0,pt,ising,3.0,0,3.02,0.0,2.6691390583846744
5a137763bf3212aa,tune,full_Region7_s0.1,pt,ising,3.0,0,3.024,0.0,2.665330634388343
6e79a708c33b39aa,tune,full_Region7_s0.2,pt,ising,3.0,0,3.006,0.0,2.6592415487932826
090981031d05781f,tune,full_Region7_s0.3,pt,ising,3.0,0,3.025,0.0,2.656859576012477
fa38ce849914bf30,tune,full_Region6_s0,pt,ising,3.0,0,3.026,0.0,2.656734980893939
ababdf069663b999,tune,full_Region6_s0.1,pt,ising,3.0,0,3.008,0.0,1.7115158793774057
c4205b90df346b99,tune,full_Region6_s0.2,pt,ising,3.0,0,3.028,0.0,1.54961695995482
a604725f350b0d37,tune,full_Region6_s0.3,pt,ising,3.0,0,3.01,0.0,1.5509302283442297
739a2146b5155000,tune,full_Region7_s0,pt,ising,3.0,1,3.324,0.0,2.611455996257447
2f8eb347ec223dfd,tune,full_Region7_s0.1,pt,ising,3.0,1,3.267,0.0,2.617413501400885
43b99311c9e180a6,tune,full_Region7_s0.2,pt,ising,3.0,1,3.279,0.0,2.6161421468687625
f3e0a2c38db19eef,tune,full_Region7_s0.3,pt,ising,3.0,1,3.472,0.0,1.3156105605413289
55f1c1274bbfccad,tune,full_Region6_s0,pt,ising,3.0,1,3.543,0.0,1.3122918374989956
23d43b76125190d7,tune,full_Region6_s0.1,pt,ising,3.0,1,3.407,0.0,1.7971969693505523
d2a3049e97719632,tune,full_Region6_s0.2,pt,ising,3.0,1,3.369,0.0,3.192585302269682
0c9a46b96da3d112,tune,full_Region6_s0.3,pt,ising,3.0,1,3.243,0.0,3.2086155056549086
143a5ce5a4da2d57,tune,full_Region7_s0,pt,ising,3.0,2,3.005,0.0,3.482163167436191
2429291c726c05ed,tune,full_Region7_s0.1,pt,ising,3.0,2,3.009,0.0,3.66176809492837
5d1eb27bfeee4649,tune,full_Region7_s0.2,pt,ising,3.0,2,3.022,0.0,3.659523571665756
18560ce42745b801,tune,full_Region7_s0.3,pt,ising,3.0,2,3.012,0.0,3.79737060541809
66ee68a06fcb59de,tune,full_Region6_s0,pt,ising,3.0,2,3.018,0.0,4.138137707258394
daf8b4bf476adebb,tune,full_Region6_s0.1,pt,ising,3.0,2,3.009,0.0,4.139897049998636
f4bb16b792f232f0,tune,full_Region6_s0.2,pt,ising,3.0,2,3.015,0.0,4.1387231749286295
31ad2cf2f64c193e,tune,full_Region6_s0.3,pt,ising,3.0,2,3.02,0.0,2.8463575934732197
b066b74eeaa6bef5,tune,full_Region7_s0,pt,ising,3.0,3,3.006,0.0,2.6709048889195692
a829cb6b656eadff,tune,full_Region7_s0.1,pt,ising,3.0,3,3.013,0.0,2.670019922405235
977446e080264c4c,tune,full_Region7_s0.2,pt,ising,3.0,3,3.008,0.0,2.6706515173328684
2a2653ccba56bc6a,tune,full_Region7_s0.3,pt,ising,3.0,3,3.011,0.0,2.6702722723956764
240f610ec4c6d405,tune,full_Region6_s0,pt,ising,3.0,3,3.005,0.0,2.674359488209552
541fb6c75ba4808d,tune,full_Region6_s0.1,pt,ising,3.0,3,3.005,0.0,2.6826955950795717
97686358fc0f14f2,tune,full_Region6_s0.2,pt,ising,3.0,3,3.018,0.0,2.681046965266001
a118f1de3387c709,tune,full_Region6_s0.3,pt,ising,3.0,3,3.006,0.0,2.6825682290458555
189fbe64eb2579cb,tune,full_Region7_s0,pt,ising,3.0,4,3.004,0.0,2.682822863366728
1abf2eca8819e10c,tune,full_Region7_s0.1,pt,ising,3.0,4,3.008,0.0,2.682313751033012
fe86c635a8785919,tune,full_Region7_s0.2,pt,ising,3.0,4,3.008,0.0,2.6789892829479056
9b8e4c87cb5df191,tune,full_Region7_s0.3,pt,ising,3.0,4,3.01,0.0,2.670398663840817
be671cf45db666bf,tune,full_Region6_s0,pt,ising,3.0,4,3.008,0.0,2.6706515173328684
82de6c73f3168a8f,tune,full_Region6_s0.1,pt,ising,3.0,4,3.005,0.0,2.6710317011879208
d7fb73e6b5b08652,tune,full_Region6_s0.2,pt,ising,3.0,4,3.005,0.0,2.681015062252813
541d1f39de59528b,tune,full_Region6_s0.3,pt,ising,3.0,4,3.002,0.0,2.683078019639638
645ad0a9f720f7e0,tune,full_Region7_s0,pt,ising,3.0,5,3.004,0.0,2.682822863366728
a304582363a733cc,tune,full_Region7_s0.1,pt,ising,3.0,5,3.014,0.0,3.2124087125478242
15acd5dfa01c497d,tune,full_Region7_s0.2,pt,ising,3.0,5,3.018,0.0,3.6135850401411327
d889335cf0e4becf,tune,full_Region7_s0.3,pt,ising,3.0,5,3.008,0.0,3.6152924470444945
cd9451934a6e3389,tune,full_Region6_s0,pt,ising,3.0,5,3.014,0.0,3.6076309922996073
ec9294319561323a,tune,full_Region6_s0.1,pt,ising,3.0,5,3.02,0.0,3.5899337553820074
cbd96f3595e502a8,tune,full_Region6_s0.2,pt,ising,3.0,5,3.008,0.0,3.5919679796442074
3bae16a13da61133,tune,full_Region6_s0.3,pt,ising,3.0,5,3.014,0.0,3.590948842737797
1bb5b69e152c2956,tune,full_Region7_s0,pt,ising,3.0,6,3.141,0.0,2.6545336116692404
29b403fcfeebf445,tune,full_Region7_s0.1,pt,ising,3.0,6,2.988,0.0,2.673199400206008
509aff2304b879b3,tune,full_Region7_s0.2,pt,ising,3.0,6,3.067,0.0,2.66332892046948
cd4e2973c0088d87,tune,full_Region7_s0.3,pt,ising,3.0,6,3.097,0.0,2.6597125390902385
24d50b359596bef7,tune,full_Region6_s0,pt,ising,3.0,6,3.001,0.0,2.671539431530331
75d1b4e650297a13,tune,full_Region6_s0.1,pt,ising,3.0,6,3.104,0.0,2.6588789335231193
94b73bf9ee679e51,tune,full_Region6_s0.2,pt,ising,3.0,6,3.09,0.0,1.9226860205332441
8299b08a79c44a02,tune,full_Region6_s0.3,pt,ising,3.0,6,3.077,0.0,2.6737405837725077
6e4c6972da563915,tune,full_Region7_s0,pt,ising,3.0,7,3.206,0.0,2.6587024972502773
1eba518712b593bb,tune,full_Region7_s0.1,pt,ising,3.0,7,3.132,0.0,2.6735631959800674
4884b44a5c6165da,tune,full_Region7_s0.2,pt,ising,3.0,7,3.208,0.0,2.6815959699730625
40c6c9f4642fa885,tune,full_Region7_s0.3,pt,ising,3.0,7,3.127,0.0,2.690962653286663
2f466b669c12e99a,tune,full_Region6_s0,pt,ising,3.0,7,3.191,0.0,2.6803885818237574
ace3e27f99c01e45,tune,full_Region6_s0.1,pt,ising,3.0,7,3.039,0.0,2.6900592561064673
99788eee5a76f3d6,tune,full_Region6_s0.2,pt,ising,3.0,7,3.072,0.0,2.6859765825793147
6c79263f9d6ab3d1,tune,full_Region6_s0.3,pt,ising,3.0,7,3.057,0.0,2.6878213344308186
0a5e1d26f0af2972,tune,full_Region7_s0,pt,ising,3.0,8,3.012,0.0,0.0
b2d8e4f5530d6674,tune,full_Region7_s0.1,pt,ising,3.0,8,3.025,0.0,0.0
cfe0888dc096b518,tune,full_Region7_s0.2,pt,ising,3.0,8,3.022,0.0,0.0
b9a64360a06a2e1f,tune,full_Region7_s0.3,pt,ising,3.0,8,3.017,0.0,0.0
3061618a0e999d79,tune,full_Region6_s0,pt,ising,3.0,8,3.027,0.0,0.0
9619a469c04ee011,tune,full_Region6_s0.1,pt,ising,3.0,8,3.016,0.0,0.0
527eac61c030fbf3,tune,full_Region6_s0.2,pt,ising,3.0,8,3.034,0.0,0.0
4a2fbc2a520ef978,tune,full_Region6_s0.3,pt,ising,3.0,8,3.017,0.0,0.0
03ae3cfd87ab8eeb,tune,full_Region7_s0,pt,ising,3.0,9,3.068,0.0,0.0
535045808f1978c3,tune,full_Region7_s0.1,pt,ising,3.0,9,3.079,0.0,0.0
563b2396f60ed1fb,tune,full_Region7_s0.2,pt,ising,3.0,9,3.088,0.0,0.0
0ae16c0df72359a7,tune,full_Region7_s0.3,pt,ising,3.0,9,3.151,0.0,0.0
5842640d8a124637,tune,full_Region6_s0,pt,ising,3.0,9,3.144,0.0,0.0
9b0313bb805a43d2,tune,full_Region6_s0.1,pt,ising,3.0,9,3.096,0.0,0.0
4350b327cfc0cfd8,tune,full_Region6_s0.2,pt,ising,3.0,9,3.138,0.0,0.0
265c7cb114f473f3,tune,full_Region6_s0.3,pt,ising,3.0,9,3.038,0.0,0.0
a0bdafffddbd23ca,tune,full_Region7_s0,pt,ising,3.0,10,3.106,0.0,0.0
042c75e5ff487f7c,tune,full_Region7_s0.1,pt,ising,3.0,10,3.093,0.0,0.0
dc9105350bf0924f,tune,full_Region7_s0.2,pt,ising,3.0,10,3.058,0.0,0.0
c7dd1cf207ee935c,tune,full_Region7_s0.3,pt,ising,3.0,10,3.129,0.0,0.0
6866d53c4d113739,tune,full_Region6_s0,pt,ising,3.0,10,3.07,0.0,0.0
700738c5f378ab17,tune,full_Region6_s0.1,pt,ising,3.0,10,3.075,0.0,0.0
a1b4c55bf57b7ed0,tune,full_Region6_s0.2,pt,ising,3.0,10,3.072,0.0,0.0
ef2f2307660e8eb5,tune,full_Region6_s0.3,pt,ising,3.0,10,3.019,0.0,0.0
32b2723c88fb788e,tune,full_Region7_s0,pt,ising,3.0,11,3.04,0.0,0.0
f25d1a570ae13df2,tune,full_Region7_s0.1,pt,ising,3.0,11,3.049,0.0,0.0
ee391a431ee63bd2,tune,full_Region7_s0.2,pt,ising,3.0,11,3.082,0.0,0.0
68c90eafbd56b248,tune,full_Region7_s0.3,pt,ising,3.0,11,3.117,0.0,0.0
31aa7c3594dde1a2,tune,full_Region6_s0,pt,ising,3.0,11,3.114,0.0,0.0
06d0193383d1a3ff,tune,full_Region6_s0.1,pt,ising,3.0,11,3.059,0.0,0.0
83ec53b732a696e0,tune,full_Region6_s0.2,pt,ising,3.0,11,3.084,0.0,0.0
6133fc87ea741e53,tune,full_Region6_s0.3,pt,ising,3.0,11,3.067,0.0,0.0
4848c94b35d068a9,tune,full_Region7_s0,lp,classical,3.0,0,0.43,0.0,0.0
7adce9fe9f35a514,tune,full_Region7_s0.1,lp,classical,3.0,0,0.374,0.0,0.0
d171e7ba297fc37c,tune,full_Region7_s0.2,lp,classical,3.0,0,0.257,0.0,0.0
fb187deae48484ff,tune,full_Region7_s0.3,lp,classical,3.0,0,0.748,0.0,0.0
1af88b5c662cbe99,tune,full_Region6_s0,lp,classical,3.0,0,0.892,0.0,0.0
1f95509eec63a4fd,tune,full_Region6_s0.1,lp,classical,3.0,0,0.81,0.0,0.0
322c6b88826d7824,tune,full_Region6_s0.2,lp,classical,3.0,0,0.793,0.0,0.0
09aef4aaaed01292,tune,full_Region6_s0.3,lp,classical,3.0,0,0.915,0.0,0.0
92e040ab140b6e96,tune,full_Region7_s0,lp,classical,3.0,1,0.47,0.0,0.0
c31c2159ec6a0bf7,tune,full_Region7_s0.1,lp,classical,3.0,1,0.372,0.0,0.0
6c844f1d88d99a3d,tune,full_Region7_s0.2,lp,classical,3.0,1,0.254,0.0,0.0
cafa9fad079f8793,tune,full_Region7_s0.3,lp,classical,3.0,1,0.752,0.0,0.0
3b4d15a5e4595845,tune,full_Region6_s0,lp,classical,3.0,1,0.872,0.0,0.0
a42c14ea4908d64f,tune,full_Region6_s0.1,lp,classical,3.0,1,0.841,0.0,0.0
effe50caf43d7d5c,tune,full_Region6_s0.2,lp,classical,3.0,1,0.846,0.0,0.0
cc3019ca7d72f474,tune,full_Region6_s0.3,lp,classical,3.0,1,0.938,0.0,0.0
4becc23250c80b0e,tune,full_Region7_s0,lp,classical,3.0,2,5.375,0.0,0.0
0b7b2a2b9b127472,tune,full_Region7_s0.1,lp,classical,3.0,2,4.927,0.0,0.0
c9e9ca77d58bc43b,tune,full_Region7_s0.2,lp,classical,3.0,2,9.139,0.0,0.0
b7796426a24db856,tune,full_Region7_s0.3,lp,classical,3.0,2,4.229,0.0,0.0
c003f45fad7b4e30,tune,full_Region6_s0,lp,classical,3.0,2,3.084,0.0,0.0
54d242b1c67c4572,tune,full_Region6_s0.1,lp,classical,3.0,2,2.867,0.0,0.0
1d1f2f559f38cc93,tune,full_Region6_s0.2,lp,classical,3.0,2,3.007,0.0,0.0
56d7248b46e81809,tune,full_Region6_s0.3,lp,classical,3.0,2,2.919,0.0,0.0
22d097370a9280d0,tune,full_Region7_s0,lp,classical,3.0,3,0.393,0.0,0.0
7d76cf6f1606f162,tune,full_Region7_s0.1,lp,classical,3.0,3,0.37,0.0,0.0
459553cd67ea4fd3,tune,full_Region7_s0.2,lp,classical,3.0,3,0.257,0.0,0.0
48c392b51b5ffb4a,tune,full_Region7_s0.3,lp,classical,3.0,3,0.762,0.0,0.0
64a5c9e73e3f3111,tune,full_Region6_s0,lp,classical,3.0,3,0.87,0.0,0.0
0ceb63df2e991b04,tune,full_Region6_s0.1,lp,classical,3.0,3,0.81,0.0,0.0
634781988121ba7a,tune,full_Region6_s0.2,lp,classical,3.0,3,0.833,0.0,0.0
5b69a6e6ceccb0b5,tune,full_Region6_s0.3,lp,classical,3.0,3,0.757,0.0,0.0
23c0c9bfc52be7dd,tune,full_Region7_s0,lp,classical,3.0,4,5.411,0.0,0.0
f03be9c38129d322,tune,full_Region7_s0.1,lp,classical,3.0,4,4.901,0.0,0.0
5ffb98e6ccff9428,tune,full_Region7_s0.2,lp,classical,3.0,4,9.156,0.0,0.0
69102e499106bd60,tune,full_Region7_s0.3,lp,classical,3.0,4,4.138,0.0,0.0
6f58f67f3b6c9eb8,tune,full_Region6_s0,lp,classical,3.0,4,3.046,0.0,0.0
d377df86bbb07f12,tune,full_Region6_s0.1,lp,classical,3.0,4,2.902,0.0,0.0
0b6e574abaa5ba0e,tune,full_Region6_s0.2,lp,classical,3.0,4,2.968,0.0,0.0
ea3771d6889451d0,tune,full_Region6_s0.3,lp,classical,3.0,4,2.854,0.0,0.0
d0c7a16c313470e5,tune,full_Region7_s0,lp,classical,3.0,5,0.384,0.0,0.0
dee6a5d67c6d3d5a,tune,full_Region7_s0.1,lp,classical,3.0,5,0.365,0.0,0.0
6e651917d05756bf,tune,full_Region7_s0.2,lp,classical,3.0,5,0.346,0.0,0.0
af3f7a8e052da16e,tune,full_Region7_s0.3,lp,classical,3.0,5,0.787,0.0,0.0
c406c903d0c7f286,tune,full_Region6_s0,lp,classical,3.0,5,0.821,0.0,0.0
6d1b094512172aaf,tune,full_Region6_s0.1,lp,classical,3.0,5,0.778,0.0,0.0
5b093623957fd54d,tune,full_Region6_s0.2,lp,classical,3.0,5,0.803,0.0,0.0
f9cdaf28e8691f57,tune,full_Region6_s0.3,lp,classical,3.0,5,0.775,0.0,0.0
3562b109c0a90964,tune,full_Region7_s0,lp,classical,3.0,6,0.372,0.0,0.0
f2e61555d19130cb,tune,full_Region7_s0.1,lp,classical,3.0,6,0.356,0.0,0.0
41d4dbeda7b25ff1,tune,full_Region7_s0.2,lp,classical,3.0,6,0.255,0.0,0.0
5f2de5766bffa35c,tune,full_Region7_s0.3,lp,classical,3.0,6,0.751,0.0,0.0
9ef0344548792621,tune,full_Region6_s0,lp,classical,3.0,6,0.876,0.0,0.0
89c94cbf9224880f,tune,full_Region6_s0.1,lp,classical,3.0,6,0.77,0.0,0.0
40c2615c5efa8a92,tune,full_Region6_s0.2,lp,classical,3.0,6,0.82,0.0,0.0
5bd03ec11a592966,tune,full_Region6_s0.3,lp,classical,3.0,6,0.763,0.0,0.0
17994c2bf9591930,tune,full_Region7_s0,lp,classical,3.0,7,5.432,0.0,0.0
f2513edb437610b5,tune,full_Region7_s0.1,lp,classical,3.0,7,4.922,0.0,0.0
f7478f2d03f0bdcf,tune,full_Region7_s0.2,lp,classical,3.0,7,9.108,0.0,0.0
96e8b6d63f14e606,tune,full_Region7_s0.3,lp,classical,3.0,7,4.201,0.0,0.0
ef8fd102d58aa058,tune,full_Region6_s0,lp,classical,3.0,7,3.003,0.0,0.0
76de7544ed4371df,tune,full_Region6_s0.1,lp,classical,3.0,7,2.826,0.0,0.0
c891083045d173ba,tune,full_Region6_s0.2,lp,classical,3.0,7,2.963,0.0,0.0
44dc1938ed48d2fd,tune,full_Region6_s0.3,lp,classical,3.0,7,2.747,0.0,0.0
c6013979a87952ec,tune,full_Region7_s0,lp,classical,3.0,8,0.422,0.0,0.0
36aa5376df7c9bff,tune,full_Region7_s0.1,lp,classical,3.0,8,0.358,0.0,0.0
3d6f8c26e442b0d6,tune,full_Region7_s0.2,lp,classical,3.0,8,0.257,0.0,0.0
871ce676a2d77990,tune,full_Region7_s0.3,lp,classical,3.0,8,0.765,0.0,0.0
888f9ac5fbdc9a14,tune,full_Region6_s0,lp,classical,3.0,8,0.864,0.0,0.0
372cc6441800e478,tune,full_Region6_s0.1,lp,classical,3.0,8,0.868,0.0,0.0
baa81ac38d2f9f08,tune,full_Region6_s0.2,lp,classical,3.0,8,0.789,0.0,0.0
2e41c283c169f670,tune,full_Region6_s0.3,lp,classical,3.0,8,0.804,0.0,0.0
58a7395fd89731f4,deval_hl,full_Region7_s0,pt,ising,1.0,101,1.13,0.0,0.0
9889aaba466e4c0b,deval_hl,full_Region7_s0.1,pt,ising,1.0,101,1.055,0.0,0.0
04f611bd84762241,deval_hl,full_Region7_s0.2,pt,ising,1.0,101,0.99,0.0,0.0
37e0551fd4de7896,deval_hl,full_Region7_s0.3,pt,ising,1.0,101,1.016,0.0,0.0
285a4858ef9dab8e,deval_hl,full_Region6_s0,pt,ising,1.0,101,1.126,0.0,0.0
b7b7ca025b59027d,deval_hl,full_Region6_s0.1,pt,ising,1.0,101,1.003,0.0,0.0
0e7803e2681f06d1,deval_hl,full_Region6_s0.2,pt,ising,1.0,101,1.114,0.0,0.0
4ce9976573b4362a,deval_hl,full_Region6_s0.3,pt,ising,1.0,101,1.12,0.0,0.0
9951b0092d2be5b9,tune,full_Region7_s0,lp,classical,3.0,9,0.332,0.0,0.0
49e460caf40f1238,tune,full_Region7_s0.1,lp,classical,3.0,9,0.319,0.0,0.0
fb0edf1568a30d3b,tune,full_Region7_s0.2,lp,classical,3.0,9,0.228,0.0,0.0
4f28e1098313d6ab,tune,full_Region7_s0.3,lp,classical,3.0,9,0.751,0.0,0.0
9b8a9d250ad45c0d,tune,full_Region6_s0,lp,classical,3.0,9,0.802,0.0,0.0
a3061dfa7d2ce597,tune,full_Region6_s0.1,lp,classical,3.0,9,0.807,0.0,0.0
e0db87b7b60f1da6,tune,full_Region6_s0.2,lp,classical,3.0,9,0.807,0.0,0.0
5bee1a8c8a7d0f4e,tune,full_Region6_s0.3,lp,classical,3.0,9,0.854,0.0,0.0
3c85fa278db89d94,deval_hl,full_Region7_s0,pt,ising,1.0,102,0.987,0.0,0.0
746bae9f471f69f7,deval_hl,full_Region7_s0.1,pt,ising,1.0,102,1.042,0.0,0.0
536522204c21f8be,deval_hl,full_Region7_s0.2,pt,ising,1.0,102,1.1,0.0,0.0
eb5237dc76e32cb6,deval_hl,full_Region7_s0.3,pt,ising,1.0,102,1.041,0.0,0.0
0501c998c15c197d,deval_hl,full_Region6_s0,pt,ising,1.0,102,1.103,0.0,0.0
d1f73dcf25baffc7,deval_hl,full_Region6_s0.1,pt,ising,1.0,102,1.14,0.0,0.0
678ab21cfef310f6,deval_hl,full_Region6_s0.2,pt,ising,1.0,102,1.095,0.0,0.0
a68197044705ec8b,deval_hl,full_Region6_s0.3,pt,ising,1.0,102,1.017,0.0,0.0
c0b5ca31924c168c,tune,full_Region7_s0,lp,classical,3.0,10,5.369,0.0,0.0
45455896360fe83a,tune,full_Region7_s0.1,lp,classical,3.0,10,4.884,0.0,0.0
e6a4ed8a92be98fa,tune,full_Region7_s0.2,lp,classical,3.0,10,9.2,0.0,0.0
cfe95fa8dc2bb69d,tune,full_Region7_s0.3,lp,classical,3.0,10,4.161,0.0,0.0
25e56adfbfaaca8f,tune,full_Region6_s0,lp,classical,3.0,10,3.083,0.0,0.0
4683b12923878e2c,tune,full_Region6_s0.1,lp,classical,3.0,10,2.73,0.0,0.0
e28f875c3392cd76,tune,full_Region6_s0.2,lp,classical,3.0,10,2.945,0.0,0.0
44e1c636ed5bb76c,tune,full_Region6_s0.3,lp,classical,3.0,10,2.889,0.0,0.0
e7a75191f644abe9,deval_hl,full_Region7_s0,pt,ising,1.0,103,1.116,0.0,0.0
ae37bc55ac618b0c,deval_hl,full_Region7_s0.1,pt,ising,1.0,103,1.082,0.0,0.0
02aa24effa68f7df,deval_hl,full_Region7_s0.2,pt,ising,1.0,103,1.018,0.0,0.0
c0bd0a4a4b11775b,deval_hl,full_Region7_s0.3,pt,ising,1.0,103,1.027,0.0,0.0
f0a5709e796b5ce1,deval_hl,full_Region6_s0,pt,ising,1.0,103,1.017,0.0,0.0
2742caa044cae483,deval_hl,full_Region6_s0.1,pt,ising,1.0,103,1.012,0.0,0.0
70ea6eeaa32641e4,deval_hl,full_Region6_s0.2,pt,ising,1.0,103,1.086,0.0,0.0
ae60f15073ddbc64,deval_hl,full_Region6_s0.3,pt,ising,1.0,103,0.996,0.0,0.0
2074a1ff9a97651e,tune,full_Region7_s0,lp,classical,3.0,11,0.375,0.0,0.0
ca9ab860e5597aea,tune,full_Region7_s0.1,lp,classical,3.0,11,0.373,0.0,0.0
57d72b76251ed80b,tune,full_Region7_s0.2,lp,classical,3.0,11,0.255,0.0,0.0
aa9274cf840607b8,tune,full_Region7_s0.3,lp,classical,3.0,11,0.768,0.0,0.0
76381c9b2227dc56,tune,full_Region6_s0,lp,classical,3.0,11,0.874,0.0,0.0
c29425ec679c7783,tune,full_Region6_s0.1,lp,classical,3.0,11,0.75,0.0,0.0
07a37aea2fd4d91e,tune,full_Region6_s0.2,lp,classical,3.0,11,0.804,0.0,0.0
044aefd4fe0a5bce,tune,full_Region6_s0.3,lp,classical,3.0,11,0.884,0.0,0.0
8368b5d931adb216,deval_hl,full_Region7_s0,eim,ising,1.0,101,1.066,0.0,0.0
dd28e24653325857,deval_hl,full_Region7_s0.1,eim,ising,1.0,101,1.146,0.0,0.0
6640f52891254bdd,deval_hl,full_Region7_s0.2,eim,ising,1.0,101,1.046,0.0,0.0
d693219b7e180573,deval_hl,full_Region7_s0.3,eim,ising,1.0,101,1.14,0.0,0.0
1addaa6a3df07eab,deval_hl,full_Region6_s0,eim,ising,1.0,101,1.027,0.0,0.0
dd5c246e0a8ac93a,deval_hl,full_Region6_s0.1,eim,ising,1.0,101,1.146,0.0,0.0
7e7bd10339a4c528,deval_hl,full_Region6_s0.2,eim,ising,1.0,101,1.209,0.0,0.0
dabe8b63eaeb5001,deval_hl,full_Region6_s0.3,eim,ising,1.0,101,1.112,0.0,0.0
8770158490b98e48,deval_hl,full_Region7_s0,eim,ising,1.0,102,0.991,0.0,0.0
3973fa8facd872cd,deval_hl,full_Region7_s0.1,eim,ising,1.0,102,1.051,0.0,0.0
00ded27540128848,deval_hl,full_Region7_s0.2,eim,ising,1.0,102,1.208,0.0,0.0
041b35c1a4ce13ca,deval_hl,full_Region7_s0.3,eim,ising,1.0,102,1.152,0.0,0.0
6e8bad7726be97d2,deval_hl,full_Region6_s0,eim,ising,1.0,102,1.12,0.0,0.0
616c0add709f4c03,deval_hl,full_Region6_s0.1,eim,ising,1.0,102,1.136,0.0,0.0
62080c370c216ec6,deval_hl,full_Region6_s0.2,eim,ising,1.0,102,0.989,0.0,0.0
e34c74179d97a17c,deval_hl,full_Region6_s0.3,eim,ising,1.0,102,0.992,0.0,0.0
e3166e9c28bca364,tune,full_Region7_s0,eim,ising,3.0,0,3.015,0.0,0.0
a8c3c3243944775b,tune,full_Region7_s0.1,eim,ising,3.0,0,3.02,0.0,0.0
81944bd9fb34b4df,tune,full_Region7_s0.2,eim,ising,3.0,0,3.023,0.0,0.0
1afed8313bb4c5d9,tune,full_Region7_s0.3,eim,ising,3.0,0,3.042,0.0,0.0
2b3bbf68b55246fe,tune,full_Region6_s0,eim,ising,3.0,0,3.062,0.0,0.0
3cb8a9cad2adf31e,tune,full_Region6_s0.1,eim,ising,3.0,0,3.036,0.0,0.0
9db72f6ee30331f4,tune,full_Region6_s0.2,eim,ising,3.0,0,3.035,0.0,0.0
ec33a03a071cd46a,tune,full_Region6_s0.3,eim,ising,3.0,0,3.026,0.0,0.0
687daa75f6b902b6,tune,full_Region7_s0,eim,ising,3.0,1,3.109,0.0,0.0
2e0aa6e5cfcddfc6,tune,full_Region7_s0.1,eim,ising,3.0,1,3.39,0.0,0.0
c63db5a9d3e23a3d,tune,full_Region7_s0.2,eim,ising,3.0,1,3.138,0.0,0.0
bc990bb10904fe80,tune,full_Region7_s0.3,eim,ising,3.0,1,3.56,0.0,0.0
679294700cb7b68f,tune,full_Region6_s0,eim,ising,3.0,1,3.52,0.0,0.0
984b7d4f44cba570,tune,full_Region6_s0.1,eim,ising,3.0,1,3.48,0.0,0.0
7e4962ff0dbd8783,tune,full_Region6_s0.2,eim,ising,3.0,1,3.866,0.0,0.0
12d15c49c02c3728,tune,full_Region6_s0.3,eim,ising,3.0,1,3.761,0.0,0.0
b945c562c5df02cc,deval_hl,full_Region7_s0,eim,ising,1.0,103,1.026,0.0,0.0
2e1fc5f4f5528462,deval_hl,full_Region7_s0.1,eim,ising,1.0,103,0.985,0.0,0.0
e5d7a6423e17e837,deval_hl,full_Region7_s0.2,eim,ising,1.0,103,1.104,0.0,0.0
09c4b717e5094c3d,deval_hl,full_Region7_s0.3,eim,ising,1.0,103,1.199,0.0,0.0
7c09154189782fb9,deval_hl,full_Region6_s0,eim,ising,1.0,103,1.194,0.0,0.0
5c1e16e3d5ef32a2,deval_hl,full_Region6_s0.1,eim,ising,1.0,103,1.138,0.0,0.0
9b804a94e4bea7e0,deval_hl,full_Region6_s0.2,eim,ising,1.0,103,1.179,0.0,0.0
ec3c6115694157d2,deval_hl,full_Region6_s0.3,eim,ising,1.0,103,1.083,0.0,0.0
67f6720ed2482e8d,tune,full_Region7_s0,eim,ising,3.0,2,3.035,0.0,0.0
50a184fb8941fba2,tune,full_Region7_s0.1,eim,ising,3.0,2,3.027,0.0,0.0
b730f439e9adc473,tune,full_Region7_s0.2,eim,ising,3.0,2,3.018,0.0,0.0
500373311a1fa027,tune,full_Region7_s0.3,eim,ising,3.0,2,3.046,0.0,0.0
bc401b8afb92468a,tune,full_Region6_s0,eim,ising,3.0,2,3.063,0.0,0.0
801a28363e29ec60,tune,full_Region6_s0.1,eim,ising,3.0,2,3.038,0.0,0.0
c69e698d02d5bb4b,tune,full_Region6_s0.2,eim,ising,3.0,2,3.049,0.0,0.0
cdd27298441956da,tune,full_Region6_s0.3,eim,ising,3.0,2,3.054,0.0,0.0
0564b283a06640f1,deval_hl,full_Region7_s0,sb,ising,1.0,101,0.974,0.0,0.0
37360eafd9a4a508,deval_hl,full_Region7_s0.1,sb,ising,1.0,101,0.916,0.0,0.0
e25c882cfb982e8f,deval_hl,full_Region7_s0.2,sb,ising,1.0,101,1.554,0.0,0.0
e6b180620e3bd8eb,deval_hl,full_Region7_s0.3,sb,ising,1.0,101,0.986,0.0,0.0
3ddd1beaf2b52a64,deval_hl,full_Region6_s0,sb,ising,1.0,101,0.91,0.0,0.0
5ea57f7e162efda1,deval_hl,full_Region6_s0.1,sb,ising,1.0,101,0.942,0.0,0.0
161783ed3cdc9f3c,deval_hl,full_Region6_s0.2,sb,ising,1.0,101,0.958,0.0,0.0
6762a7d9a44f2656,deval_hl,full_Region6_s0.3,sb,ising,1.0,101,0.923,0.0,0.0
7f38da39c60762dd,tune,full_Region7_s0,eim,ising,3.0,3,3.033,0.0,0.0
16f786c31b338866,tune,full_Region7_s0.1,eim,ising,3.0,3,3.068,0.0,0.0
f9bafd4ddb1c074f,tune,full_Region7_s0.2,eim,ising,3.0,3,3.079,0.0,0.0
ba4330ba8b3b0b4f,tune,full_Region7_s0.3,eim,ising,3.0,3,3.097,0.0,0.0
743d26b23e974eea,tune,full_Region6_s0,eim,ising,3.0,3,3.074,0.0,0.0
3ece4577e44680fd,tune,full_Region6_s0.1,eim,ising,3.0,3,3.042,0.0,0.0
d0cb5977b580a162,tune,full_Region6_s0.2,eim,ising,3.0,3,3.002,0.0,0.0
3416824829164f55,tune,full_Region6_s0.3,eim,ising,3.0,3,3.011,0.0,0.0
a2a6d5583193729b,tune,full_Region7_s0,eim,ising,3.0,4,3.098,0.0,0.0
8ec99ecd236b4a7c,tune,full_Region7_s0.1,eim,ising,3.0,4,3.033,0.0,0.0
7e042ef48af6a782,tune,full_Region7_s0.2,eim,ising,3.0,4,3.033,0.0,0.0
2644c9b9ac9ab801,tune,full_Region7_s0.3,eim,ising,3.0,4,3.109,0.0,0.0
9b28cd7f8033acea,tune,full_Region6_s0,eim,ising,3.0,4,3.077,0.0,0.0
0d05fd00fd820342,tune,full_Region6_s0.1,eim,ising,3.0,4,3.105,0.0,0.0
00436a03d056eaf4,tune,full_Region6_s0.2,eim,ising,3.0,4,3.07,0.0,0.0
588dc360b30c9154,tune,full_Region6_s0.3,eim,ising,3.0,4,3.108,0.0,0.0
22fba65431b6f262,tune,full_Region7_s0,eim,ising,3.0,5,3.013,0.0,0.0
e4e41be63376b633,tune,full_Region7_s0.1,eim,ising,3.0,5,3.025,0.0,0.0
c8e50ae36e744392,tune,full_Region7_s0.2,eim,ising,3.0,5,3.037,0.0,0.0
4f92dcc86e44210a,tune,full_Region7_s0.3,eim,ising,3.0,5,3.06,0.0,0.0
81ed90478c2ca128,tune,full_Region6_s0,eim,ising,3.0,5,3.082,0.0,0.0
74db6c2e0fac95b8,tune,full_Region6_s0.1,eim,ising,3.0,5,3.025,0.0,0.0
d1fab937c8a9e751,tune,full_Region6_s0.2,eim,ising,3.0,5,3.069,0.0,0.0
db1e9439c1807336,tune,full_Region6_s0.3,eim,ising,3.0,5,3.038,0.0,0.0
3b33676d8c65af42,deval_hl,full_Region7_s0,sb,ising,1.0,102,1.261,0.0,0.0
c93ab54a32f293a9,deval_hl,full_Region7_s0.1,sb,ising,1.0,102,1.254,0.0,0.0
2a23a593e295af85,deval_hl,full_Region7_s0.2,sb,ising,1.0,102,1.774,0.0,0.0
7db5a16e89072d65,deval_hl,full_Region7_s0.3,sb,ising,1.0,102,1.158,0.0,0.0
73eb985f3b796ff7,deval_hl,full_Region6_s0,sb,ising,1.0,102,1.166,0.0,0.0
62955002cf84e25e,deval_hl,full_Region6_s0.1,sb,ising,1.0,102,1.047,0.0,0.0
3816d9a5768197e1,deval_hl,full_Region6_s0.2,sb,ising,1.0,102,1.077,0.0,0.0
042a56287bf3b67a,deval_hl,full_Region6_s0.3,sb,ising,1.0,102,1.16,0.0,0.0
d855d3752dcb4163,tune,full_Region7_s0,eim,ising,3.0,6,3.036,0.0,0.0
46cb2b1fbea3a1a9,tune,full_Region7_s0.1,eim,ising,3.0,6,3.004,0.0,0.0
744e7e0faa6b3a1f,tune,full_Region7_s0.2,eim,ising,3.0,6,3.038,0.0,0.0
d1d1de9ddd275b37,tune,full_Region7_s0.3,eim,ising,3.0,6,3.039,0.0,0.0
88f21e146a8d7c75,tune,full_Region6_s0,eim,ising,3.0,6,3.037,0.0,0.0
810ed6907f1f243c,tune,full_Region6_s0.1,eim,ising,3.0,6,3.043,0.0,0.0
290b850627011683,tune,full_Region6_s0.2,eim,ising,3.0,6,3.016,0.0,0.0
52dc6ffe89f20933,tune,full_Region6_s0.3,eim,ising,3.0,6,3.017,0.0,0.0
a94cebb29e144ed5,deval_hl,full_Region7_s0,sb,ising,1.0,103,1.941,0.0,0.0
9d5e832f43e2e5cf,deval_hl,full_Region7_s0.1,sb,ising,1.0,103,0.921,0.0,0.0
a5feafd59048c300,deval_hl,full_Region7_s0.2,sb,ising,1.0,103,0.915,0.0,0.0
5d42c52bbd4003eb,deval_hl,full_Region7_s0.3,sb,ising,1.0,103,1.21,0.0,0.0
c1a948c015447af8,deval_hl,full_Region6_s0,sb,ising,1.0,103,1.155,0.0,0.0
8524e70d0e8957be,deval_hl,full_Region6_s0.1,sb,ising,1.0,103,0.942,0.0,0.0
6c6433544536b9bc,deval_hl,full_Region6_s0.2,sb,ising,1.0,103,1.082,0.0,0.0
61999c5614f5b93c,deval_hl,full_Region6_s0.3,sb,ising,1.0,103,0.939,0.0,0.0
3b383611b213bb61,tune,full_Region7_s0,eim,ising,3.0,7,3.037,0.0,0.0
d5bd492d1906b48b,tune,full_Region7_s0.1,eim,ising,3.0,7,3.014,0.0,0.0
bfcfd8eba218a771,tune,full_Region7_s0.2,eim,ising,3.0,7,3.042,0.0,0.0
cc704a966e4391ee,tune,full_Region7_s0.3,eim,ising,3.0,7,3.039,0.0,0.0
638676429b431a92,tune,full_Region6_s0,eim,ising,3.0,7,3.025,0.0,0.0
a5384af44b5d98a1,tune,full_Region6_s0.1,eim,ising,3.0,7,3.04,0.0,0.0
8179e9ce303b88e0,tune,full_Region6_s0.2,eim,ising,3.0,7,3.019,0.0,0.0
4c41fc5f6bab627d,tune,full_Region6_s0.3,eim,ising,3.0,7,3.016,0.0,0.0
691c06190ff9e2a4,deval_hl,full_Region7_s0,mq,ising,1.0,101,1.424,0.0,0.0
5daaed487021cbc3,deval_hl,full_Region7_s0.1,mq,ising,1.0,101,0.939,0.0,0.0
9c10cbb75e8abcb7,deval_hl,full_Region7_s0.2,mq,ising,1.0,101,0.938,0.0,0.0
9a767c7157ab4b08,deval_hl,full_Region7_s0.3,mq,ising,1.0,101,0.94,0.0,0.0
3cdce6c93aec0240,deval_hl,full_Region6_s0,mq,ising,1.0,101,0.917,0.0,0.0
dc028e1cb7c09111,deval_hl,full_Region6_s0.1,mq,ising,1.0,101,0.903,0.0,0.0
2b499f3dd621ba22,deval_hl,full_Region6_s0.2,mq,ising,1.0,101,0.938,0.0,0.0
247f55377fa37bd2,deval_hl,full_Region6_s0.3,mq,ising,1.0,101,0.943,0.0,0.0
7f8e44ca13fde25d,deval_hl,full_Region7_s0,mq,ising,1.0,102,1.28,0.0,0.0
e314df1d27cb57cb,deval_hl,full_Region7_s0.1,mq,ising,1.0,102,0.908,0.0,0.0
c28e27e4e84d758e,deval_hl,full_Region7_s0.2,mq,ising,1.0,102,0.917,0.0,0.0
3366060b76d36fc2,deval_hl,full_Region7_s0.3,mq,ising,1.0,102,0.905,0.0,0.0
eaebca678814baca,deval_hl,full_Region6_s0,mq,ising,1.0,102,0.904,0.0,0.0
83674da8064b976f,deval_hl,full_Region6_s0.1,mq,ising,1.0,102,0.916,0.0,0.0
10ddba687f686b0d,deval_hl,full_Region6_s0.2,mq,ising,1.0,102,0.958,0.0,0.0
2240c33416f5ea97,deval_hl,full_Region6_s0.3,mq,ising,1.0,102,0.916,0.0,0.0
07a5dce562df1282,tune,full_Region7_s0,eim,ising,3.0,8,3.009,0.0,0.0
29018f0845cbe499,tune,full_Region7_s0.1,eim,ising,3.0,8,3.012,0.0,0.0
e2e5670a43f4f258,tune,full_Region7_s0.2,eim,ising,3.0,8,3.008,0.0,0.0
a36c1a6329818a58,tune,full_Region7_s0.3,eim,ising,3.0,8,3.008,0.0,0.0
bf82fd99e7def8d4,tune,full_Region6_s0,eim,ising,3.0,8,3.011,0.0,0.0
8f68714df2327453,tune,full_Region6_s0.1,eim,ising,3.0,8,3.009,0.0,0.0
89f76cc31ecb23dd,tune,full_Region6_s0.2,eim,ising,3.0,8,3.009,0.0,0.0
1fb682fe7612856c,tune,full_Region6_s0.3,eim,ising,3.0,8,3.009,0.0,0.0
415d8a8a76bd481a,tune,full_Region7_s0,eim,ising,3.0,9,3.102,0.0,0.7887105085556159
86ab3ba3b8b984be,tune,full_Region7_s0.1,eim,ising,3.0,9,3.112,0.0,0.22052699158921032
1b056e93da19b964,tune,full_Region7_s0.2,eim,ising,3.0,9,3.054,0.0,0.22110673908166195
cd58fcce88f9e19c,tune,full_Region7_s0.3,eim,ising,3.0,9,3.036,0.0,0.09612648304900319
cd7e47de52ab6821,tune,full_Region6_s0,eim,ising,3.0,9,3.031,0.0,0.0
a13c05d080a9fb9c,tune,full_Region6_s0.1,eim,ising,3.0,9,3.11,0.0,0.0
a481c16e4a9f1ae6,tune,full_Region6_s0.2,eim,ising,3.0,9,3.088,0.0,0.0
d87377bd37e18053,tune,full_Region6_s0.3,eim,ising,3.0,9,3.127,0.0,0.0
787fe166122431dc,deval_hl,full_Region7_s0,mq,ising,1.0,103,1.189,0.0,0.0
5ffe81bb3537dab5,deval_hl,full_Region7_s0.1,mq,ising,1.0,103,0.915,0.0,0.0
b3a8dcfac2732b25,deval_hl,full_Region7_s0.2,mq,ising,1.0,103,0.916,0.0,0.0
dc74a3d813726c46,deval_hl,full_Region7_s0.3,mq,ising,1.0,103,0.913,0.0,0.0
1005474dc9ece299,deval_hl,full_Region6_s0,mq,ising,1.0,103,0.926,0.0,0.0
ff6c5704f04b9dea,deval_hl,full_Region6_s0.1,mq,ising,1.0,103,0.919,0.0,0.0
63790c67cc5f3021,deval_hl,full_Region6_s0.2,mq,ising,1.0,103,0.944,0.0,0.0
461ee53e533f5246,deval_hl,full_Region6_s0.3,mq,ising,1.0,103,0.913,0.0,0.0
ad5fdcfe7579ac19,tune,full_Region7_s0,eim,ising,3.0,10,3.013,0.0,0.0
ff885cb95d6ff775,tune,full_Region7_s0.1,eim,ising,3.0,10,3.029,0.0,0.0
fbc1fcbc48959178,tune,full_Region7_s0.2,eim,ising,3.0,10,3.016,0.0,0.0
674a6fbacf46a110,tune,full_Region7_s0.3,eim,ising,3.0,10,3.012,0.0,0.0
aeca96a27a52b572,tune,full_Region6_s0,eim,ising,3.0,10,3.009,0.0,0.0
5eb72b3a29b39b40,tune,full_Region6_s0.1,eim,ising,3.0,10,3.025,0.0,0.0
50c302e4bad21261,tune,full_Region6_s0.2,eim,ising,3.0,10,3.012,0.0,0.0
17f8a2ff2335fd55,tune,full_Region6_s0.3,eim,ising,3.0,10,3.017,0.0,0.0
310fd0054a9c7043,tune,full_Region7_s0,eim,ising,3.0,11,3.028,0.0,1.1492734478203435
138efadfdbf6f473,tune,full_Region7_s0.1,eim,ising,3.0,11,3.008,0.0,1.3528191092166497
b487243695f9ef36,tune,full_Region7_s0.2,eim,ising,3.0,11,3.03,0.0,1.3514191309611006
ae919b722eb26ce8,tune,full_Region7_s0.3,eim,ising,3.0,11,3.019,0.9340841338191453,0.6763961781883683
d21d601f47078736,tune,full_Region6_s0,eim,ising,3.0,11,3.009,1.0961980921123147,0.5597607278871394
eddc82669d3a17e3,tune,full_Region6_s0.1,eim,ising,3.0,11,3.033,1.0949620813809329,0.5591295734711147
4c2f9458d7f46cca,tune,full_Region6_s0.2,eim,ising,3.0,11,3.023,0.658822362485249,0.24182600096444834
9f0be2fff5e3a915,tune,full_Region6_s0.3,eim,ising,3.0,11,3.032,0.3261741484689838,0.0
ac2309532c2624a3,deval_hl,full_Region7_s0,lp,classical,1.0,101,0.365,0.6635616511514741,0.0
f20b1606cb974b4f,deval_hl,full_Region7_s0.1,lp,classical,1.0,101,0.361,0.6678116816893178,0.0
b46c7c281a9ca117,deval_hl,full_Region7_s0.2,lp,classical,1.0,101,0.273,0.7928205147767678,0.0
65f0b3dd90b14396,deval_hl,full_Region7_s0.3,lp,classical,1.0,101,0.703,0.47914654228460063,0.0
b7f3b7187b72a595,deval_hl,full_Region6_s0,lp,classical,1.0,101,0.691,0.4826049142221983,0.0
cc9a4e62691ab0b1,deval_hl,full_Region6_s0.1,lp,classical,1.0,101,0.666,0.490210163700688,0.0
573e5a5a3192597d,deval_hl,full_Region6_s0.2,lp,classical,1.0,101,0.69,0.07710147249525873,0.0
3cad5108512d9648,deval_hl,full_Region6_s0.3,lp,classical,1.0,101,0.69,0.0,0.0
b7947908cb426aad,tune,full_Region7_s0,milp,classical,3.0,0,1.257,0.0,0.0
58d6a5605635a2c8,tune,full_Region7_s0.1,milp,classical,3.0,0,1.832,0.0,0.0
41b6975782364741,tune,full_Region7_s0.2,milp,classical,3.0,0,0.625,0.0,0.0
7d8476cf98bb0c68,tune,full_Region7_s0.3,milp,classical,3.0,0,2.811,0.0,0.0
4f21edc8081c0792,tune,full_Region6_s0,milp,classical,3.0,0,2.81,0.0,0.0
320ab1cc48291b1e,tune,full_Region6_s0.1,milp,classical,3.0,0,2.793,0.0,0.0
333073231fb6ebf1,tune,full_Region6_s0.2,milp,classical,3.0,0,2.839,0.0,0.0
a7315f70738761c8,tune,full_Region6_s0.3,milp,classical,3.0,0,2.832,0.0,0.0
31196ef832608401,deval_hl,full_Region7_s0,milp,classical,1.0,101,0.864,0.0,0.0
bf63d30e97248599,deval_hl,full_Region7_s0.1,milp,classical,1.0,101,0.864,0.0,0.0
d14957d4c5696799,deval_hl,full_Region7_s0.2,milp,classical,1.0,101,0.717,0.0,0.0
3ca091053a67f350,deval_hl,full_Region7_s0.3,milp,classical,1.0,101,1.061,0.0,0.0
c5085b684adf21cc,deval_hl,full_Region6_s0,milp,classical,1.0,101,0.875,0.0,0.0
ead9bfae0bab2986,deval_hl,full_Region6_s0.1,milp,classical,1.0,101,0.874,0.0,0.0
ab98c0c6d573021b,deval_hl,full_Region6_s0.2,milp,classical,1.0,101,0.886,0.0,0.0
f7875ac0936bc767,deval_hl,full_Region6_s0.3,milp,classical,1.0,101,0.882,0.0,0.0
acb19ecf88db051a,deval_hl,full_Region7_s0,milp,classical,1.0,102,0.631,0.0,0.0
8dd311265c9f183c,deval_hl,full_Region7_s0.1,milp,classical,1.0,102,0.881,0.0,0.0
6723b3dabd1da2c2,deval_hl,full_Region7_s0.2,milp,classical,1.0,102,0.525,0.0,0.0
fdb634cca0fc3725,deval_hl,full_Region7_s0.3,milp,classical,1.0,102,0.877,0.0,0.0
1638ccf20b141021,deval_hl,full_Region6_s0,milp,classical,1.0,102,0.893,0.0,0.0
4863c80cd2c7b6e6,deval_hl,full_Region6_s0.1,milp,classical,1.0,102,0.871,0.0,0.0
1dfd2d5ee20b0b13,deval_hl,full_Region6_s0.2,milp,classical,1.0,102,0.888,0.0,0.0
6b8bc70cb0b30363,deval_hl,full_Region6_s0.3,milp,classical,1.0,102,0.874,0.0,0.0
c15509cc577fbbb8,tune,full_Region7_s0,milp,classical,3.0,1,2.848,0.0,0.0
89ef49fa8ebb9394,tune,full_Region7_s0.1,milp,classical,3.0,1,2.9,0.0,0.0
05c221502a1d1444,tune,full_Region7_s0.2,milp,classical,3.0,1,2.891,0.0,0.0
24d731e363982379,tune,full_Region7_s0.3,milp,classical,3.0,1,4.905,0.0,0.0
52b7806adfd793f1,tune,full_Region6_s0,milp,classical,3.0,1,16.663,0.11762587769309248,0.23765228350237053
7af0834382984075,tune,full_Region6_s0.1,milp,classical,3.0,1,13.413,0.332447627349196,0.4364325733052567
36c8e62c5b102b3c,tune,full_Region6_s0.2,milp,classical,3.0,1,16.942,0.42662967575608224,0.09443985361822689
b53194fa68c39f77,tune,full_Region6_s0.3,milp,classical,3.0,1,14.886,0.0,0.0
42b483660ce5a844,deval_hl,full_Region7_s0,milp,classical,1.0,103,0.664,0.0,0.0
d2419b79051922e7,deval_hl,full_Region7_s0.1,milp,classical,1.0,103,0.722,0.0,0.0
7f7c7f4f9c1fe0f6,deval_hl,full_Region7_s0.2,milp,classical,1.0,103,0.706,0.0,0.0
e4b1a92f36e5198e,deval_hl,full_Region7_s0.3,milp,classical,1.0,103,0.881,0.0,0.0
eda73fef3c0bd7ac,deval_hl,full_Region6_s0,milp,classical,1.0,103,0.846,0.0,0.0
d71a584509883fd9,deval_hl,full_Region6_s0.1,milp,classical,1.0,103,0.874,0.0,0.0
d80b1bd72a9a92a5,deval_hl,full_Region6_s0.2,milp,classical,1.0,103,0.887,0.0,0.0
14d01cbdceb4b960,deval_hl,full_Region6_s0.3,milp,classical,1.0,103,0.886,0.0,0.0
70c2a4103b6d1d81,tune,full_Region7_s0,milp,classical,3.0,2,2.805,0.0,0.0
ee44b975c3da2d51,tune,full_Region7_s0.1,milp,classical,3.0,2,2.838,0.0,0.0
cba7286e2fe89665,tune,full_Region7_s0.2,milp,classical,3.0,2,1.212,0.0,0.0
d2502e7689a47fb4,tune,full_Region7_s0.3,milp,classical,3.0,2,2.838,0.0,0.0
69855df16a01eb76,tune,full_Region6_s0,milp,classical,3.0,2,2.801,0.0,0.0
50b1d420e1e6197a,tune,full_Region6_s0.1,milp,classical,3.0,2,2.801,0.0,0.0
c4fb9aaa4d0315cf,tune,full_Region6_s0.2,milp,classical,3.0,2,2.861,0.0,0.0
28557789c9b0848e,tune,full_Region6_s0.3,milp,classical,3.0,2,2.85,0.0,0.0
cb15d0cf3d7c06f8,deval_hl,full_Region7_s0,cpsat,classical,1.0,101,0.715,0.0,0.0
d14bc8007eb6951e,deval_hl,full_Region7_s0.1,cpsat,classical,1.0,101,0.668,0.0,0.0
d7db668e95d6e639,deval_hl,full_Region7_s0.2,cpsat,classical,1.0,101,0.722,0.0,0.0
56965a0021bbbc65,deval_hl,full_Region7_s0.3,cpsat,classical,1.0,101,0.802,0.0,0.0
ad8c777f41d5593e,deval_hl,full_Region6_s0,cpsat,classical,1.0,101,0.88,0.0,0.0
a023bab62ca63c19,deval_hl,full_Region6_s0.1,cpsat,classical,1.0,101,0.82,0.0,0.0
c98e367740afb3ef,deval_hl,full_Region6_s0.2,cpsat,classical,1.0,101,0.916,0.0,0.0
5c4a713f2cbc0902,deval_hl,full_Region6_s0.3,cpsat,classical,1.0,101,0.855,0.0,0.0
d416ab56bb57f7e7,deval_hl,full_Region7_s0,cpsat,classical,1.0,102,0.746,0.0,0.0
afaf69d22a79722c,deval_hl,full_Region7_s0.1,cpsat,classical,1.0,102,0.657,0.0,0.0
0b0211973c2b40bb,deval_hl,full_Region7_s0.2,cpsat,classical,1.0,102,0.837,0.0,0.0
7251f3a958975c06,deval_hl,full_Region7_s0.3,cpsat,classical,1.0,102,0.756,0.0,0.0
e1e7c792ad59c1ac,deval_hl,full_Region6_s0,cpsat,classical,1.0,102,0.804,0.0,0.0
84deef0ab8300223,deval_hl,full_Region6_s0.1,cpsat,classical,1.0,102,0.774,0.0,0.0
31482c79c227b18d,deval_hl,full_Region6_s0.2,cpsat,classical,1.0,102,0.811,0.0,0.0
a4e28b3ef27e36c6,deval_hl,full_Region6_s0.3,cpsat,classical,1.0,102,0.803,0.0,0.0
c83ef2d818b8c6c0,tune,full_Region7_s0,milp,classical,3.0,3,1.446,0.0,0.0
09abfc9bb3379fa8,tune,full_Region7_s0.1,milp,classical,3.0,3,2.805,0.0,0.0
ab72c47443fd9543,tune,full_Region7_s0.2,milp,classical,3.0,3,1.428,0.0,0.0
1959afe9df11939e,tune,full_Region7_s0.3,milp,classical,3.0,3,2.802,0.0,0.0
3cb9d272b98d16f0,tune,full_Region6_s0,milp,classical,3.0,3,2.83,0.0,0.0
9dbb3ec1f2cac6ab,tune,full_Region6_s0.1,milp,classical,3.0,3,2.819,0.0,0.0
d5e32a41b98efba6,tune,full_Region6_s0.2,milp,classical,3.0,3,2.84,0.0,0.0
2c223a355794df24,tune,full_Region6_s0.3,milp,classical,3.0,3,2.822,0.0,0.0
3cc3914377e3c5b8,deval_hl,full_Region7_s0,cpsat,classical,1.0,103,0.706,0.0,0.0
b13dfe1936b0429a,deval_hl,full_Region7_s0.1,cpsat,classical,1.0,103,0.697,0.0,0.0
f94832b82c0342cd,deval_hl,full_Region7_s0.2,cpsat,classical,1.0,103,0.754,0.0,0.0
68d793cccf654c6c,deval_hl,full_Region7_s0.3,cpsat,classical,1.0,103,0.806,0.0,0.0
933c00d3a67fd891,deval_hl,full_Region6_s0,cpsat,classical,1.0,103,0.851,0.0,0.0
34da256d78a7a61f,deval_hl,full_Region6_s0.1,cpsat,classical,1.0,103,0.792,0.0,0.0
9e6a164a4eb2de02,deval_hl,full_Region6_s0.2,cpsat,classical,1.0,103,0.831,0.0,0.0
8eece40e52af94fd,deval_hl,full_Region6_s0.3,cpsat,classical,1.0,103,0.822,0.0,0.0
a1dd34e0aa59244a,tune,full_Region7_s0,milp,classical,3.0,4,2.903,0.0,0.0
30b7de7091be9d24,tune,full_Region7_s0.1,milp,classical,3.0,4,2.892,0.0,0.0
a90856a859f7b0f0,tune,full_Region7_s0.2,milp,classical,3.0,4,2.856,0.0,0.0
45aa606798e0793f,tune,full_Region7_s0.3,milp,classical,3.0,4,5.697,0.0,0.0
501cc4328101f47c,tune,full_Region6_s0,milp,classical,3.0,4,16.568,0.0,0.0
bd4c6ebfc8ebe9f1,tune,full_Region6_s0.1,milp,classical,3.0,4,2.894,0.0,0.0
7908256e805170a3,tune,full_Region6_s0.2,milp,classical,3.0,4,17.382,0.0,0.0
4384e6ac53a70512,tune,full_Region6_s0.3,milp,classical,3.0,4,15.088,0.0,0.0
ce2c36e7a08c5358,deval_hl,full_Region7_s0,ls,classical,1.0,101,1.018,0.0,0.0
5f4c26428fe5222d,deval_hl,full_Region7_s0.1,ls,classical,1.0,101,1.101,0.0,0.0
0a4adea75a13a271,deval_hl,full_Region7_s0.2,ls,classical,1.0,101,1.038,0.0,0.0
ba49a9bd9869772a,deval_hl,full_Region7_s0.3,ls,classical,1.0,101,0.992,0.0,0.0
5173ba2a2acd25da,deval_hl,full_Region6_s0,ls,classical,1.0,101,1.016,0.0,0.0
b53857819bff0b1c,deval_hl,full_Region6_s0.1,ls,classical,1.0,101,1.053,0.0,0.0
31e18589742cdedd,deval_hl,full_Region6_s0.2,ls,classical,1.0,101,1.059,0.0,0.0
ee6012fb56284b51,deval_hl,full_Region6_s0.3,ls,classical,1.0,101,1.045,0.0,0.0
855e738da6bc5973,tune,full_Region7_s0,milp,classical,3.0,5,2.378,0.0,0.0
15c79cffbb8728a3,tune,full_Region7_s0.1,milp,classical,3.0,5,2.752,0.0,0.0
16018667f3caf0e1,tune,full_Region7_s0.2,milp,classical,3.0,5,1.838,0.0,0.0
eea012dfdc932240,tune,full_Region7_s0.3,milp,classical,3.0,5,2.822,0.0,0.0
7f865f40b76cb9c6,tune,full_Region6_s0,milp,classical,3.0,5,2.84,0.0,0.0
8c2308d54c933322,tune,full_Region6_s0.1,milp,classical,3.0,5,2.802,0.0,0.0
dadafccfd09f6bf2,tune,full_Region6_s0.2,milp,classical,3.0,5,2.861,0.0,0.0
d9564dc13aeb7a0f,tune,full_Region6_s0.3,milp,classical,3.0,5,2.823,0.0,0.0
8edfdb85a30da2c2,deval,full_Region7_s0,pt,ising,1.0,101,1.114,0.0,0.0
ee435c8144ef2c12,deval,full_Region7_s0.1,pt,ising,1.0,101,1.085,0.0,0.0
652e0302f8e1a30a,deval,full_Region7_s0.2,pt,ising,1.0,101,1.129,0.0,0.0
c8f06b6641920acc,deval,full_Region7_s0.3,pt,ising,1.0,101,1.146,0.0,0.0
b09bb8df1486d2f7,deval,full_Region6_s0,pt,ising,1.0,101,1.017,0.0,0.0
f7afe1e0fe6a713f,deval,full_Region6_s0.1,pt,ising,1.0,101,1.145,0.0,0.0
722f4b66e337af3f,deval,full_Region6_s0.2,pt,ising,1.0,101,0.994,0.0,0.0
7a8dc12a97e3f92a,deval,full_Region6_s0.3,pt,ising,1.0,101,1.07,0.0,0.0
95bc84de10bb1270,deval_hl,full_Region7_s0,ls,classical,1.0,102,1.069,0.0,0.0
7006df55f1df144f,deval_hl,full_Region7_s0.1,ls,classical,1.0,102,1.041,0.0,0.0
cd2ea6978aa26f8d,deval_hl,full_Region7_s0.2,ls,classical,1.0,102,1.04,0.0,0.0
acc55e93d5592e5a,deval_hl,full_Region7_s0.3,ls,classical,1.0,102,1.024,0.0,0.0
eadb250e3fa6db00,deval_hl,full_Region6_s0,ls,classical,1.0,102,1.02,0.0,0.0
e8fdd79321ede3f5,deval_hl,full_Region6_s0.1,ls,classical,1.0,102,0.986,0.0,0.0
f84da669003bf9fc,deval_hl,full_Region6_s0.2,ls,classical,1.0,102,1.048,0.0,0.0
fdf757ac7782c3ed,deval_hl,full_Region6_s0.3,ls,classical,1.0,102,1.037,0.0,0.0
1a17970a69bcb35f,tune,full_Region7_s0,milp,classical,3.0,6,1.657,0.0,0.0
b0ca25f3cdfbfcbc,tune,full_Region7_s0.1,milp,classical,3.0,6,2.802,0.0,0.0
104aadcf803fde93,tune,full_Region7_s0.2,milp,classical,3.0,6,1.512,0.0,0.0
a327f652045a4248,tune,full_Region7_s0.3,milp,classical,3.0,6,2.808,0.0,0.0
90a3b708544245c2,tune,full_Region6_s0,milp,classical,3.0,6,3.085,0.0,0.0
03128b218903c820,tune,full_Region6_s0.1,milp,classical,3.0,6,2.84,0.0,0.0
0af6d3391e9994e5,tune,full_Region6_s0.2,milp,classical,3.0,6,2.831,0.0,0.0
6ffbe8e2ad88cf45,tune,full_Region6_s0.3,milp,classical,3.0,6,2.815,0.0,0.0
e2093f33139c7b8c,deval,full_Region7_s0,pt,ising,1.0,102,1.14,0.0,0.0
fae391b86d068355,deval,full_Region7_s0.1,pt,ising,1.0,102,1.02,0.0,0.0
631a192b0e7e07f0,deval,full_Region7_s0.2,pt,ising,1.0,102,1.018,0.0,0.0
a2726fcb3bf9981b,deval,full_Region7_s0.3,pt,ising,1.0,102,0.997,0.0,0.0
3f5075daebbfce38,deval,full_Region6_s0,pt,ising,1.0,102,1.038,0.0,0.0
c239cdec6086cc5f,deval,full_Region6_s0.1,pt,ising,1.0,102,1.02,0.0,0.0
2db966e3a870b8b2,deval,full_Region6_s0.2,pt,ising,1.0,102,1.067,0.0,0.0
27517afa08ef908f,deval,full_Region6_s0.3,pt,ising,1.0,102,1.142,0.0,0.0
87a136d8ab4a5c19,tune,full_Region7_s0,milp,classical,3.0,7,1.993,0.0,0.0
73ef37dee09d2a8c,tune,full_Region7_s0.1,milp,classical,3.0,7,2.159,0.0,0.0
c513406b4f5beeea,tune,full_Region7_s0.2,milp,classical,3.0,7,0.957,0.0,0.0
3f8141c97a3541a2,tune,full_Region7_s0.3,milp,classical,3.0,7,2.863,0.0,0.0
a1cbd48317ef7975,tune,full_Region6_s0,milp,classical,3.0,7,2.847,0.0,0.0
4d3c8579223aef90,tune,full_Region6_s0.1,milp,classical,3.0,7,3.44,0.0,0.0
46610250f1eca090,tune,full_Region6_s0.2,milp,classical,3.0,7,2.825,0.0,0.0
663397c27fbd01a1,tune,full_Region6_s0.3,milp,classical,3.0,7,2.826,0.0,0.0
6c7cb64408b84df1,tune,full_Region7_s0,milp,classical,3.0,8,1.834,0.0,0.0
28de3e4aab90bd03,tune,full_Region7_s0.1,milp,classical,3.0,8,1.605,0.0,0.0
94e17d7945c4af75,tune,full_Region7_s0.2,milp,classical,3.0,8,0.739,0.0,0.0
6a259b549bb9498b,tune,full_Region7_s0.3,milp,classical,3.0,8,2.86,0.0,0.0
681091de8cc90f4a,tune,full_Region6_s0,milp,classical,3.0,8,2.846,0.0,0.0
988db7875157b91a,tune,full_Region6_s0.1,milp,classical,3.0,8,2.814,0.0,0.0
19b9251e94da3fb3,tune,full_Region6_s0.2,milp,classical,3.0,8,3.008,0.0,0.0
8fdf33164d059a3a,tune,full_Region6_s0.3,milp,classical,3.0,8,2.842,0.0,0.0
b17747fc01103e25,tune,full_Region7_s0,milp,classical,3.0,9,2.869,0.0,0.0
5498b6a4faef123d,tune,full_Region7_s0.1,milp,classical,3.0,9,2.849,0.0,0.0
8bc5e8627ece9170,tune,full_Region7_s0.2,milp,classical,3.0,9,2.89,0.0,0.0
c65496a7b647033b,tune,full_Region7_s0.3,milp,classical,3.0,9,5.71,0.0,0.0
84a68dda68762f76,tune,full_Region6_s0,milp,classical,3.0,9,17.464,0.0,0.0
f4ddc0b3378b1aa3,tune,full_Region6_s0.1,milp,classical,3.0,9,3.021,0.0,0.0
11de6d3cd97a88b5,tune,full_Region6_s0.2,milp,classical,3.0,9,18.025,0.0,0.0
f77bc29cf78ca671,tune,full_Region6_s0.3,milp,classical,3.0,9,2.892,0.0,0.0
e34e31dbfadf449d,tune,full_Region7_s0,milp,classical,3.0,10,1.569,0.0,0.0
e23037019195ea46,tune,full_Region7_s0.1,milp,classical,3.0,10,2.679,0.0,0.0
f85c747b52605bf9,tune,full_Region7_s0.2,milp,classical,3.0,10,0.724,0.0,0.0
7f19adbb22390c0c,tune,full_Region7_s0.3,milp,classical,3.0,10,2.825,0.0,0.0
6aa5f7cbd730ae7f,tune,full_Region6_s0,milp,classical,3.0,10,3.117,0.0,0.0
c42133093c47f175,tune,full_Region6_s0.1,milp,classical,3.0,10,2.848,0.0,0.0
ffad26d4b2e01203,tune,full_Region6_s0.2,milp,classical,3.0,10,2.843,0.0,0.0
8943b16fb0c4b378,tune,full_Region6_s0.3,milp,classical,3.0,10,2.839,0.0,0.0
6cf956304acb5685,tune,full_Region7_s0,milp,classical,3.0,11,1.945,0.0,0.0
5b6fed2e6d4aa066,tune,full_Region7_s0.1,milp,classical,3.0,11,2.015,0.0,0.0
e61f973158565f0e,tune,full_Region7_s0.2,milp,classical,3.0,11,0.739,0.0,0.0
78a081d41e51a43b,tune,full_Region7_s0.3,milp,classical,3.0,11,2.829,0.0,0.0
37243a03426aa87d,tune,full_Region6_s0,milp,classical,3.0,11,2.82,0.0,0.0
8c0bbdeb1ce67e3b,tune,full_Region6_s0.1,milp,classical,3.0,11,2.726,0.0,0.0
a014b6124717720b,tune,full_Region6_s0.2,milp,classical,3.0,11,2.854,0.0,0.0
b625d5d77f5bd6d6,tune,full_Region6_s0.3,milp,classical,3.0,11,2.887,0.0,0.0
950ae640da23112f,deval_hl,full_Region7_s0,ls,classical,1.0,103,0.997,0.0,0.0
f887d124bafbacfc,deval_hl,full_Region7_s0.1,ls,classical,1.0,103,1.065,0.0,0.0
bcfd4432240cd0fc,deval_hl,full_Region7_s0.2,ls,classical,1.0,103,1.093,0.0,0.0
962f8ff1f7f59674,deval_hl,full_Region7_s0.3,ls,classical,1.0,103,1.051,0.0,0.0
96c79e29a224a3f7,deval_hl,full_Region6_s0,ls,classical,1.0,103,1.027,0.0,0.0
c445ffe38b9f3e15,deval_hl,full_Region6_s0.1,ls,classical,1.0,103,1.054,0.0,0.0
cf5ebb4fd22e1db7,deval_hl,full_Region6_s0.2,ls,classical,1.0,103,0.991,0.0,0.0
2fb379af13d8cbb1,deval_hl,full_Region6_s0.3,ls,classical,1.0,103,1.046,0.0,0.0
fabbbafe83ef6727,deval,full_Region7_s0,pt,ising,1.0,103,1.091,0.0,0.0
d63074f0f5620326,deval,full_Region7_s0.1,pt,ising,1.0,103,1.059,0.0,0.0
b054bf11e034bc0d,deval,full_Region7_s0.2,pt,ising,1.0,103,1.066,0.0,0.0
4bdcc862e8e3637c,deval,full_Region7_s0.3,pt,ising,1.0,103,1.089,0.0,0.0
f35b70b0c651fc17,deval,full_Region6_s0,pt,ising,1.0,103,0.989,0.0,0.0
3e7a7e8362b49ec8,deval,full_Region6_s0.1,pt,ising,1.0,103,0.988,0.0,0.0
eb21cf884ec3822e,deval,full_Region6_s0.2,pt,ising,1.0,103,1.144,0.0,0.0
b0c02f90ad252b97,deval,full_Region6_s0.3,pt,ising,1.0,103,1.15,0.0,0.0
713032bfbad37f06,tune,full_Region7_s0,sb,ising,3.0,0,2.967,0.0,0.0
adfd743ee41e34e9,tune,full_Region7_s0.1,sb,ising,3.0,0,3.026,0.0,0.0
f1e0ed48445fd85c,tune,full_Region7_s0.2,sb,ising,3.0,0,2.935,0.0,0.0
2e6b2b5ca0823f5b,tune,full_Region7_s0.3,sb,ising,3.0,0,2.943,0.0,0.0
ac2cf0f7a40b61f3,tune,full_Region6_s0,sb,ising,3.0,0,3.013,0.0,0.0
c08dad604f13a603,tune,full_Region6_s0.1,sb,ising,3.0,0,3.028,0.0,0.0
b5899246f03133f0,tune,full_Region6_s0.2,sb,ising,3.0,0,2.909,0.0,0.0
1bae909985ec35c4,tune,full_Region6_s0.3,sb,ising,3.0,0,3.039,0.0,0.0
7337e032b71e5855,deval_hl,full_Region7_s0,greedy,classical,1.0,101,0.152,0.0,0.0
0b9f823ec3349f02,deval_hl,full_Region7_s0.1,greedy,classical,1.0,101,0.123,0.0,0.0
11eb887a3fd750a4,deval_hl,full_Region7_s0.2,greedy,classical,1.0,101,0.12,0.0,0.0
ef7992fc63ab0d81,deval_hl,full_Region7_s0.3,greedy,classical,1.0,101,0.073,0.0,0.0
7a70c81ea752e7c9,deval_hl,full_Region6_s0,greedy,classical,1.0,101,0.051,0.0,0.0
e827524f0bbb5a9c,deval_hl,full_Region6_s0.1,greedy,classical,1.0,101,0.051,0.0,0.0
a8e99d37c2242d7e,deval_hl,full_Region6_s0.2,greedy,classical,1.0,101,0.05,0.0,0.0
c3a0d816cfd5d296,deval_hl,full_Region6_s0.3,greedy,classical,1.0,101,0.051,0.0,0.0
98810ec094f41ab4,tune,full_Region7_s0,sb,ising,3.0,1,2.986,0.020093770931011383,0.0
1bcd56860a652ffd,tune,full_Region7_s0.1,sb,ising,3.0,1,3.007,0.06997672037543907,0.0
9ce0807d529473fc,tune,full_Region7_s0.2,sb,ising,3.0,1,2.916,0.07028806356736171,0.0
be70b22be3a1389c,tune,full_Region7_s0.3,sb,ising,3.0,1,3.004,0.06998668339217551,0.0
5256abf5c9e19dbf,tune,full_Region6_s0,sb,ising,3.0,1,2.996,0.009933245357111077,0.050066755674232306
a1b7e2555a9d505a,tune,full_Region6_s0.1,sb,ising,3.0,1,3.01,0.0,0.0583056476821139
8e27b12ab7a5c4de,tune,full_Region6_s0.2,sb,ising,3.0,1,3.014,0.0,0.05829462407041878
bb23b739ba21a539,tune,full_Region6_s0.3,sb,ising,3.0,1,2.916,0.0,0.024279833494063433
f66ed460f0868cd6,deval,full_Region7_s0,eim,ising,1.0,101,1.151,0.0,0.0
09914203e6899ef9,deval,full_Region7_s0.1,eim,ising,1.0,101,1.211,0.0,0.0
3130fc41a0c78589,deval,full_Region7_s0.2,eim,ising,1.0,101,0.985,0.0,0.0
1b90eec48d9aea8e,deval,full_Region7_s0.3,eim,ising,1.0,101,1.071,0.0,0.0
0ff51086355e552c,deval,full_Region6_s0,eim,ising,1.0,101,1.236,0.0,0.0
a81e239ad66308a5,deval,full_Region6_s0.1,eim,ising,1.0,101,1.121,0.0,0.0
55270106962286ed,deval,full_Region6_s0.2,eim,ising,1.0,101,1.145,0.0,0.0
f80bbe589592b9b4,deval,full_Region6_s0.3,eim,ising,1.0,101,1.163,0.0,0.0
2905265dc266e052,deval_hl,full_Region7_s0,pgreedy,classical,1.0,101,0.151,0.0,0.0
688f711e77321911,deval_hl,full_Region7_s0.1,pgreedy,classical,1.0,101,0.081,0.0,0.0
e14ae64f4eeefdff,deval_hl,full_Region7_s0.2,pgreedy,classical,1.0,101,0.084,0.0,0.0
38d07200fff0f3d2,deval_hl,full_Region7_s0.3,pgreedy,classical,1.0,101,0.07,0.0,0.0
e914c511c1e9aaec,deval_hl,full_Region6_s0,pgreedy,classical,1.0,101,0.081,0.0,0.0
ff8eec26052d4964,deval_hl,full_Region6_s0.1,pgreedy,classical,1.0,101,0.083,0.0,0.0
4efeec3198402e70,deval_hl,full_Region6_s0.2,pgreedy,classical,1.0,101,0.065,0.0,0.0
7c5124aee6c60eff,deval_hl,full_Region6_s0.3,pgreedy,classical,1.0,101,0.083,0.0,0.0
914ad86ebc3ac8c4,tune,full_Region7_s0,sb,ising,3.0,2,3.025,0.0,0.0
7d5ad1defec75fa3,tune,full_Region7_s0.1,sb,ising,3.0,2,3.003,0.0,0.0
d36f087115954a3d,tune,full_Region7_s0.2,sb,ising,3.0,2,3.025,0.0,0.0
adb1b25390586eee,tune,full_Region7_s0.3,sb,ising,3.0,2,2.991,0.0,0.0
9f57d8a60bc50cd2,tune,full_Region6_s0,sb,ising,3.0,2,3.002,0.0,0.0
d57fa11178368611,tune,full_Region6_s0.1,sb,ising,3.0,2,3.006,0.0,0.0
3bab6ec870632270,tune,full_Region6_s0.2,sb,ising,3.0,2,3.002,0.0,0.0
7c7130ed828a4882,tune,full_Region6_s0.3,sb,ising,3.0,2,2.992,0.0,0.0
6b0416a5b082325f,deval,full_Region7_s0,eim,ising,1.0,102,1.022,0.0,0.0
187234eebf207b47,deval,full_Region7_s0.1,eim,ising,1.0,102,1.273,0.0,0.0
84b270405810803e,deval,full_Region7_s0.2,eim,ising,1.0,102,1.217,0.0,0.0
37c916e80b34094c,deval,full_Region7_s0.3,eim,ising,1.0,102,1.033,0.0,0.0
d0f7627eecd5c374,deval,full_Region6_s0,eim,ising,1.0,102,1.023,0.0,0.0
8d845531acb25903,deval,full_Region6_s0.1,eim,ising,1.0,102,1.2,0.0,0.0
07070047885fb95c,deval,full_Region6_s0.2,eim,ising,1.0,102,1.048,0.0,0.0
bc37829e55f545a7,deval,full_Region6_s0.3,eim,ising,1.0,102,1.043,0.0,0.0
1aa480fe4e985d1f,deval,full_Region7_s0,eim,ising,1.0,103,1.062,0.0,0.0
645189caf326c662,deval,full_Region7_s0.1,eim,ising,1.0,103,1.004,0.0,0.0
3e718ebb85713905,deval,full_Region7_s0.2,eim,ising,1.0,103,1.089,0.0,0.0
c9eb9a4ce3d4e612,deval,full_Region7_s0.3,eim,ising,1.0,103,1.225,0.0,0.0
2126826604dcb7a2,deval,full_Region6_s0,eim,ising,1.0,103,1.119,0.0,0.0
2b46a31ed2d26f42,deval,full_Region6_s0.1,eim,ising,1.0,103,1.007,0.0,0.0
6dd95ab2a51c13eb,deval,full_Region6_s0.2,eim,ising,1.0,103,1.181,0.0,0.0
269ba851b692318d,deval,full_Region6_s0.3,eim,ising,1.0,103,1.07,0.0,0.0
57accdb03dd13e77,tune,full_Region7_s0,sb,ising,3.0,3,2.921,0.0,0.0
3cc3ed3a37c73ea5,tune,full_Region7_s0.1,sb,ising,3.0,3,2.999,0.0,0.0
47190ad03d8253be,tune,full_Region7_s0.2,sb,ising,3.0,3,3.005,0.0,0.0
8f47ef1e1c7ac3ff,tune,full_Region7_s0.3,sb,ising,3.0,3,3.041,0.0,0.0
1fc650f46bef6e1f,tune,full_Region6_s0,sb,ising,3.0,3,3.128,0.0,0.0
210e489600b7b263,tune,full_Region6_s0.1,sb,ising,3.0,3,3.026,0.0,0.0
497a1de6dc819126,tune,full_Region6_s0.2,sb,ising,3.0,3,3.116,0.0,0.0
4f3f7e1cfbff6e49,tune,full_Region6_s0.3,sb,ising,3.0,3,3.081,0.0,0.0
2a4deeaac2c1968d,deval,full_Region7_s0,sb,ising,1.0,101,0.985,0.0,0.0
5d9281175d856171,deval,full_Region7_s0.1,sb,ising,1.0,101,0.945,0.0,0.0
fb16c9a8a7b9dde0,deval,full_Region7_s0.2,sb,ising,1.0,101,1.201,0.0,0.0
cb044537ba02026e,deval,full_Region7_s0.3,sb,ising,1.0,101,0.946,0.0,0.0
33494e577a7d3c04,deval,full_Region6_s0,sb,ising,1.0,101,1.123,0.0,0.0
580755c6bc3e326f,deval,full_Region6_s0.1,sb,ising,1.0,101,1.125,0.0,0.0
ea8968562f58082f,deval,full_Region6_s0.2,sb,ising,1.0,101,0.911,0.0,0.0
7326b25bf6a54c68,deval,full_Region6_s0.3,sb,ising,1.0,101,1.006,0.0,0.0
62106db5ff2bee83,deval,full_Region7_s0,sb,ising,1.0,102,1.227,0.0,0.0
a62692dc2028a156,deval,full_Region7_s0.1,sb,ising,1.0,102,1.088,0.0,0.0
52950f1992424f07,deval,full_Region7_s0.2,sb,ising,1.0,102,0.92,0.0,0.0
1b39ad74f86afc36,deval,full_Region7_s0.3,sb,ising,1.0,102,1.1,0.0,0.0
41218af2130162c7,deval,full_Region6_s0,sb,ising,1.0,102,1.192,0.0,0.0
324f6682ce1df9ee,deval,full_Region6_s0.1,sb,ising,1.0,102,1.135,0.0,0.0
792d968ab6e6a2f0,deval,full_Region6_s0.2,sb,ising,1.0,102,1.026,0.0,0.0
d3231f891009973c,deval,full_Region6_s0.3,sb,ising,1.0,102,1.129,0.0,0.0
75c06095d316f097,deval,full_Region7_s0,sb,ising,1.0,103,0.903,0.0,0.0
32bdc35f5c67ac4d,deval,full_Region7_s0.1,sb,ising,1.0,103,0.914,0.0,0.0
a582e8a652a86e3f,deval,full_Region7_s0.2,sb,ising,1.0,103,1.094,0.0,0.0
08f1a2055225349b,deval,full_Region7_s0.3,sb,ising,1.0,103,1.188,0.0,0.0
eb701b95799c7f8c,deval,full_Region6_s0,sb,ising,1.0,103,1.042,0.0,0.0
5ec43ae99b2f869b,deval,full_Region6_s0.1,sb,ising,1.0,103,1.04,0.0,0.0
69e2109b43f7d15f,deval,full_Region6_s0.2,sb,ising,1.0,103,1.015,0.0,0.0
634971692748fddf,deval,full_Region6_s0.3,sb,ising,1.0,103,0.904,0.0,0.0
c2f3e6a1dd6daf83,tune,full_Region7_s0,sb,ising,3.0,4,3.181,0.0,0.0
a70a15e44a62ae6e,tune,full_Region7_s0.1,sb,ising,3.0,4,3.001,0.0,0.0
784c9c27c3a615fd,tune,full_Region7_s0.2,sb,ising,3.0,4,2.988,0.0,0.0
d3c5cc4f741347a6,tune,full_Region7_s0.3,sb,ising,3.0,4,3.05,0.0,0.0
7ac46ea929414cc8,tune,full_Region6_s0,sb,ising,3.0,4,2.96,0.0,0.0
7ec0419d6478ebab,tune,full_Region6_s0.1,sb,ising,3.0,4,3.012,0.0,0.0
271be55bb7e351f1,tune,full_Region6_s0.2,sb,ising,3.0,4,3.314,0.0,0.0
7e2218473d077935,tune,full_Region6_s0.3,sb,ising,3.0,4,3.022,0.0,0.0
8a5540df5ba500c8,deval,full_Region7_s0,mq,ising,1.0,101,1.421,0.0,0.0
32fb01f41c7db609,deval,full_Region7_s0.1,mq,ising,1.0,101,0.916,0.0,0.0
d024f62218a2b1d0,deval,full_Region7_s0.2,mq,ising,1.0,101,0.919,0.0,0.0
14ac4768c4068115,deval,full_Region7_s0.3,mq,ising,1.0,101,0.915,0.0,0.0
1e2ff0e5b4d8e3bd,deval,full_Region6_s0,mq,ising,1.0,101,0.922,0.0,0.0
b3664f76cd417b99,deval,full_Region6_s0.1,mq,ising,1.0,101,0.925,0.0,0.0
9a153dce44db22e3,deval,full_Region6_s0.2,mq,ising,1.0,101,0.927,0.0,0.0
38d2d3418782f733,deval,full_Region6_s0.3,mq,ising,1.0,101,0.927,0.0,0.0
428c40e86c31d6fc,tune,full_Region7_s0,sb,ising,3.0,5,3.428,0.0,0.0
d7951367e60449f2,tune,full_Region7_s0.1,sb,ising,3.0,5,2.998,0.0,0.0
5242f5ce45ff0e0b,tune,full_Region7_s0.2,sb,ising,3.0,5,3.406,0.0,0.0
b9c5713f5e30eaa5,tune,full_Region7_s0.3,sb,ising,3.0,5,3.211,0.0,0.0
3da18562ee56b389,tune,full_Region6_s0,sb,ising,3.0,5,3.216,0.0,0.0
635595251125bfab,tune,full_Region6_s0.1,sb,ising,3.0,5,3.228,0.0,0.0
9e2e3de93750cabc,tune,full_Region6_s0.2,sb,ising,3.0,5,3.233,0.0,0.0
aef46a63c0ffeb8f,tune,full_Region6_s0.3,sb,ising,3.0,5,3.201,0.0,0.0
7ca96f7163ecafd1,deval,full_Region7_s0,mq,ising,1.0,102,1.232,0.0,0.0
72b5800a88629d73,deval,full_Region7_s0.1,mq,ising,1.0,102,0.929,0.0,0.0
936a34c6d705ff57,deval,full_Region7_s0.2,mq,ising,1.0,102,0.913,0.0,0.0
b95b1faa6005364b,deval,full_Region7_s0.3,mq,ising,1.0,102,0.906,0.0,0.0
299704cecf79eec0,deval,full_Region6_s0,mq,ising,1.0,102,0.925,0.0,0.0
4baabe4da7369a7a,deval,full_Region6_s0.1,mq,ising,1.0,102,0.979,0.0,0.0
c624ff2d63acd17a,deval,full_Region6_s0.2,mq,ising,1.0,102,0.937,0.0,0.0
0f838ac32ee2670d,deval,full_Region6_s0.3,mq,ising,1.0,102,0.918,0.0,0.0
dc4fca392353176a,deval,full_Region7_s0,mq,ising,1.0,103,1.369,0.0,0.0
ea838b44ed67a2e2,deval,full_Region7_s0.1,mq,ising,1.0,103,0.904,0.0,0.0
c44a90d0f6d7a800,deval,full_Region7_s0.2,mq,ising,1.0,103,0.925,0.0,0.0
8ae7a30fa9a1210a,deval,full_Region7_s0.3,mq,ising,1.0,103,0.921,0.0,0.0
a842b5c9bfde4917,deval,full_Region6_s0,mq,ising,1.0,103,0.919,0.0,0.0
a6bd050f05fc9e6f,deval,full_Region6_s0.1,mq,ising,1.0,103,0.911,0.0,0.0
69cc37d002b8db86,deval,full_Region6_s0.2,mq,ising,1.0,103,0.914,0.0,0.0
02b3a067ad941837,deval,full_Region6_s0.3,mq,ising,1.0,103,0.916,0.0,0.0
3f5687e59dcbc5a5,tune,full_Region7_s0,sb,ising,3.0,6,3.544,0.0,0.0
c70fad68b25a0a52,tune,full_Region7_s0.1,sb,ising,3.0,6,3.119,0.0,0.0
a70ed52e3227d2e5,tune,full_Region7_s0.2,sb,ising,3.0,6,3.007,0.0,0.0
43934725aa84a5d2,tune,full_Region7_s0.3,sb,ising,3.0,6,2.992,0.0,0.0
91fd9012d09dbb83,tune,full_Region6_s0,sb,ising,3.0,6,2.992,0.0,0.0
4a6c599385a0e15f,tune,full_Region6_s0.1,sb,ising,3.0,6,3.099,0.0,0.0
32d1448adfd08388,tune,full_Region6_s0.2,sb,ising,3.0,6,3.2,0.0,0.0
798ad516944d2f6f,tune,full_Region6_s0.3,sb,ising,3.0,6,3.141,0.0,0.0
276197cfef2ae74d,deval,full_Region7_s0,lp,classical,1.0,101,0.428,0.0,0.0
c56d85aa17b18407,deval,full_Region7_s0.1,lp,classical,1.0,101,0.433,0.0,0.0
815b78efe9d3f4e4,deval,full_Region7_s0.2,lp,classical,1.0,101,0.341,0.0,0.0
6ed298cc6a8041a8,deval,full_Region7_s0.3,lp,classical,1.0,101,0.461,0.0,0.0
48471e13d41ec955,deval,full_Region6_s0,lp,classical,1.0,101,0.532,0.0,0.0
feb745d51fbf5e77,deval,full_Region6_s0.1,lp,classical,1.0,101,0.488,0.0,0.0
59958a4ae86882d2,deval,full_Region6_s0.2,lp,classical,1.0,101,0.506,0.0,0.0
f3f353d7028f0885,deval,full_Region6_s0.3,lp,classical,1.0,101,0.509,0.0,0.0
9a6e704bf5f45639,tune,full_Region7_s0,sb,ising,3.0,7,2.91,0.0,0.0
88c464d092576d58,tune,full_Region7_s0.1,sb,ising,3.0,7,2.925,0.0,0.0
3818eac61105b9c7,tune,full_Region7_s0.2,sb,ising,3.0,7,3.334,0.0,0.0
3af656f4890ab9f4,tune,full_Region7_s0.3,sb,ising,3.0,7,2.932,0.0,0.0
ea2c7cf2f0636c6c,tune,full_Region6_s0,sb,ising,3.0,7,2.997,0.0,0.0
e564f0603bf964f3,tune,full_Region6_s0.1,sb,ising,3.0,7,2.995,0.0,0.0
5cc3a9b5f23a9176,tune,full_Region6_s0.2,sb,ising,3.0,7,3.021,0.0,0.0
03a217a150873e43,tune,full_Region6_s0.3,sb,ising,3.0,7,3.023,0.0,0.0
3420f9daf521bc8b,deval,full_Region7_s0,milp,classical,1.0,101,0.86,0.0,0.0
4dde3e963a215b64,deval,full_Region7_s0.1,milp,classical,1.0,101,0.853,0.0,0.0
37b6bcbd944e16ac,deval,full_Region7_s0.2,milp,classical,1.0,101,0.387,0.0,0.0
705c7d2cb7c63a9d,deval,full_Region7_s0.3,milp,classical,1.0,101,0.862,0.0,0.0
d32e03e522f9ea56,deval,full_Region6_s0,milp,classical,1.0,101,0.869,0.0,0.0
3eed7497023831d8,deval,full_Region6_s0.1,milp,classical,1.0,101,0.871,0.0,0.0
b4c756ee017f473d,deval,full_Region6_s0.2,milp,classical,1.0,101,0.867,0.0,0.0
c1d79eed014d73d7,deval,full_Region6_s0.3,milp,classical,1.0,101,0.857,0.0,0.0
29a13e298691d620,tune,full_Region7_s0,sb,ising,3.0,8,2.999,0.0,0.0
6ac38a27fe5760d6,tune,full_Region7_s0.1,sb,ising,3.0,8,3.073,0.0,0.0
750bdac8e44b774a,tune,full_Region7_s0.2,sb,ising,3.0,8,2.989,0.0,0.0
5f1f9aee79cf8f6c,tune,full_Region7_s0.3,sb,ising,3.0,8,3.012,0.0,0.0
3d2e7ad45abe464b,tune,full_Region6_s0,sb,ising,3.0,8,2.996,0.0,0.0
ebbcfd55e9d7fdd1,tune,full_Region6_s0.1,sb,ising,3.0,8,3.08,0.0,0.0
c172a47e40579454,tune,full_Region6_s0.2,sb,ising,3.0,8,3.013,0.0,0.0
107a6bea390d5c63,tune,full_Region6_s0.3,sb,ising,3.0,8,2.998,0.0,0.0
808cc01e8f3705e8,tune,full_Region7_s0,sb,ising,3.0,9,2.997,0.0,0.0
a1cb7df8ef0434e5,tune,full_Region7_s0.1,sb,ising,3.0,9,3.069,0.0,0.0
95b30b8333729963,tune,full_Region7_s0.2,sb,ising,3.0,9,2.989,0.0,0.0
5454d4943ad41402,tune,full_Region7_s0.3,sb,ising,3.0,9,3.027,0.0,0.0
d6ecda9be5b59b14,tune,full_Region6_s0,sb,ising,3.0,9,3.012,0.0,0.0
558824446e58309b,tune,full_Region6_s0.1,sb,ising,3.0,9,3.033,0.0,0.0
d90ef3cb490a0c54,tune,full_Region6_s0.2,sb,ising,3.0,9,2.988,0.0,0.0
6a1aef7665d4b2c7,tune,full_Region6_s0.3,sb,ising,3.0,9,3.084,0.0,0.0
4e54057ab31db728,deval,full_Region7_s0,milp,classical,1.0,102,0.481,0.0,0.0
6279982fc3e900b0,deval,full_Region7_s0.1,milp,classical,1.0,102,0.607,0.0,0.0
ff3a23d127d3dbc4,deval,full_Region7_s0.2,milp,classical,1.0,102,0.312,0.0,0.0
83df89b408629880,deval,full_Region7_s0.3,milp,classical,1.0,102,0.856,0.0,0.0
7f3e2429e02b3719,deval,full_Region6_s0,milp,classical,1.0,102,1.103,0.0,0.0
4632558940c0d956,deval,full_Region6_s0.1,milp,classical,1.0,102,0.857,0.0,0.0
38adde0ba2b9d80c,deval,full_Region6_s0.2,milp,classical,1.0,102,1.107,0.0,0.0
fe4511a131bc3a1c,deval,full_Region6_s0.3,milp,classical,1.0,102,0.865,0.0,0.0
6a7dfe80bb5e4b8e,tune,full_Region7_s0,sb,ising,3.0,10,3.233,0.0,0.0
0eff973c1fab7b3d,tune,full_Region7_s0.1,sb,ising,3.0,10,3.639,0.0,0.0
9132cf414d92ee1f,tune,full_Region7_s0.2,sb,ising,3.0,10,3.742,0.0,0.0
4eec9b45e9aff71a,tune,full_Region7_s0.3,sb,ising,3.0,10,3.316,0.0,0.0
b5497efb25163e9c,tune,full_Region6_s0,sb,ising,3.0,10,3.527,0.0,0.0
cd13ddc16f89a0d3,tune,full_Region6_s0.1,sb,ising,3.0,10,2.978,0.0,0.0
9b507ee28b054148,tune,full_Region6_s0.2,sb,ising,3.0,10,3.727,0.0,0.0
1654e00301694c5b,tune,full_Region6_s0.3,sb,ising,3.0,10,3.116,0.0,0.0
64d766dd57410300,deval,full_Region7_s0,milp,classical,1.0,103,0.613,0.0,0.0
edf81c7ce318ebbf,deval,full_Region7_s0.1,milp,classical,1.0,103,0.622,0.0,0.0
25b79eb3b2f717b4,deval,full_Region7_s0.2,milp,classical,1.0,103,0.315,0.0,0.0
9d8c436352e475e2,deval,full_Region7_s0.3,milp,classical,1.0,103,0.859,0.0,0.0
3ed2fcf36af311cf,deval,full_Region6_s0,milp,classical,1.0,103,1.11,0.0,0.0
d40c53310ff36627,deval,full_Region6_s0.1,milp,classical,1.0,103,0.862,0.0,0.0
186ca08b0a28cd2c,deval,full_Region6_s0.2,milp,classical,1.0,103,1.102,0.0,0.0
ef644b212ebfa33e,deval,full_Region6_s0.3,milp,classical,1.0,103,0.857,0.0,0.0
a3d79ca18baaa37b,tune,full_Region7_s0,sb,ising,3.0,11,3.523,0.0,0.0
1f707d0882622b8a,tune,full_Region7_s0.1,sb,ising,3.0,11,3.536,0.0,0.0
8209b3c2492e73a7,tune,full_Region7_s0.2,sb,ising,3.0,11,2.982,0.0,0.0
fe73f568b14f649a,tune,full_Region7_s0.3,sb,ising,3.0,11,3.282,0.0,0.0
8afa062eee495e9d,tune,full_Region6_s0,sb,ising,3.0,11,3.226,0.0,0.0
fadf7c2543a76af1,tune,full_Region6_s0.1,sb,ising,3.0,11,3.204,0.0,0.0
5b1efd6d98daecb8,tune,full_Region6_s0.2,sb,ising,3.0,11,3.354,0.0,0.0
5e1ff293888bdf17,tune,full_Region6_s0.3,sb,ising,3.0,11,2.977,0.0,0.0
0c16b5776ec97feb,deval,full_Region7_s0,cpsat,classical,1.0,101,0.72,0.0,0.0
89623ec5227e963d,deval,full_Region7_s0.1,cpsat,classical,1.0,101,0.716,0.0,0.0
66f7b0747940488a,deval,full_Region7_s0.2,cpsat,classical,1.0,101,0.725,0.0,0.0
9042082ca7da86d2,deval,full_Region7_s0.3,cpsat,classical,1.0,101,0.944,0.0,0.0
d39c0207b9a2aad8,deval,full_Region6_s0,cpsat,classical,1.0,101,0.949,0.0,0.0
0d7a4e5e11b17061,deval,full_Region6_s0.1,cpsat,classical,1.0,101,0.944,0.0,0.0
b73eb84ccd248c30,deval,full_Region6_s0.2,cpsat,classical,1.0,101,0.948,0.0,0.0
40b03e17c7500735,deval,full_Region6_s0.3,cpsat,classical,1.0,101,0.945,0.0,0.0
9916ddb752c07770,tune,full_Region7_s0,cpsat,classical,3.0,0,2.238,0.0,0.0
d5f80d59e346afde,tune,full_Region7_s0.1,cpsat,classical,3.0,0,2.329,0.0,0.0
487ede8b12191139,tune,full_Region7_s0.2,cpsat,classical,3.0,0,2.064,0.0,0.0
9de8731c6c6e457a,tune,full_Region7_s0.3,cpsat,classical,3.0,0,2.94,0.0,0.0
f1d2ebd3b4baf64e,tune,full_Region6_s0,cpsat,classical,3.0,0,2.941,0.0,0.0
65a8296a354b6f76,tune,full_Region6_s0.1,cpsat,classical,3.0,0,2.94,0.0,0.0
5ff66f738d1e8af9,tune,full_Region6_s0.2,cpsat,classical,3.0,0,2.941,0.0,0.0
2c2235b0c7d46968,tune,full_Region6_s0.3,cpsat,classical,3.0,0,2.941,0.0,0.0
45ff24cd1f3e311f,deval,full_Region7_s0,cpsat,classical,1.0,102,0.702,0.0,0.0
2aa5873fc1e7168d,deval,full_Region7_s0.1,cpsat,classical,1.0,102,0.673,0.0,0.0
99fc1b9fea4fd3af,deval,full_Region7_s0.2,cpsat,classical,1.0,102,0.748,0.0,0.0
bdce91059530725b,deval,full_Region7_s0.3,cpsat,classical,1.0,102,0.948,0.0,0.0
e18413cfe3bc0337,deval,full_Region6_s0,cpsat,classical,1.0,102,0.95,0.0,0.0
7149df7aa491d206,deval,full_Region6_s0.1,cpsat,classical,1.0,102,0.947,0.0,0.0
f5a14264614c2e51,deval,full_Region6_s0.2,cpsat,classical,1.0,102,0.955,0.0,0.0
f49fe07316b46045,deval,full_Region6_s0.3,cpsat,classical,1.0,102,0.947,0.0,0.0
fd03a41826664b41,tune,full_Region7_s0,cpsat,classical,3.0,1,2.927,0.0,0.0
09f9421e068a46bb,tune,full_Region7_s0.1,cpsat,classical,3.0,1,2.926,0.0,0.0
823dab1a487bb288,tune,full_Region7_s0.2,cpsat,classical,3.0,1,1.952,0.0,0.0
59568ca836dc064d,tune,full_Region7_s0.3,cpsat,classical,3.0,1,2.915,0.0,0.0
c80113c3c6bbeb22,tune,full_Region6_s0,cpsat,classical,3.0,1,2.924,0.0,0.0
ed1f8b2342bb2e39,tune,full_Region6_s0.1,cpsat,classical,3.0,1,2.921,0.0,0.0
d483fc1a603719ce,tune,full_Region6_s0.2,cpsat,classical,3.0,1,2.922,0.0,0.0
afbb482cdf9bc66e,tune,full_Region6_s0.3,cpsat,classical,3.0,1,2.913,0.0,0.0
9ca33e89a4ad4316,tune,full_Region7_s0,cpsat,classical,3.0,2,2.946,0.0,0.0
07da984999f1d65e,tune,full_Region7_s0.1,cpsat,classical,3.0,2,2.939,0.0,0.0
80e00ab8592f3ffc,tune,full_Region7_s0.2,cpsat,classical,3.0,2,2.141,0.0,0.0
7b83766bb75d3ca6,tune,full_Region7_s0.3,cpsat,classical,3.0,2,2.938,0.0,0.0
6ed4da1640b69286,tune,full_Region6_s0,cpsat,classical,3.0,2,2.944,0.0,0.0
ce3ddbc403ee603f,tune,full_Region6_s0.1,cpsat,classical,3.0,2,2.935,0.0,0.0
d822e7a00fd81562,tune,full_Region6_s0.2,cpsat,classical,3.0,2,2.947,0.0,0.0
993eb2b9f84f5a8f,tune,full_Region6_s0.3,cpsat,classical,3.0,2,2.937,0.0,0.0
27072c10012f76c1,deval,full_Region7_s0,cpsat,classical,1.0,103,0.696,0.0,0.0
fc8e42f433b7d3a4,deval,full_Region7_s0.1,cpsat,classical,1.0,103,0.67,0.0,0.0
140ec7a4158d7f1b,deval,full_Region7_s0.2,cpsat,classical,1.0,103,0.724,0.0,0.0
885829381dfe2df2,deval,full_Region7_s0.3,cpsat,classical,1.0,103,0.943,0.0,0.0
f651c67c1ada08e9,deval,full_Region6_s0,cpsat,classical,1.0,103,0.953,0.0,0.0
73bec2453c6027e2,deval,full_Region6_s0.1,cpsat,classical,1.0,103,0.947,0.0,0.0
a207e4052e96a4ff,deval,full_Region6_s0.2,cpsat,classical,1.0,103,0.956,0.0,0.0
45a80492cc50725b,deval,full_Region6_s0.3,cpsat,classical,1.0,103,0.944,0.0,0.0
a92ed752505d882b,deval,full_Region7_s0,ls,classical,1.0,101,1.043,0.0,0.0
70eef1a8c9187752,deval,full_Region7_s0.1,ls,classical,1.0,101,1.003,0.0,0.0
fb9aaab33c33962c,deval,full_Region7_s0.2,ls,classical,1.0,101,0.992,0.0,0.0
a84f9123276e3d21,deval,full_Region7_s0.3,ls,classical,1.0,101,1.041,0.0,0.0
4f5c5c96e3f50cc7,deval,full_Region6_s0,ls,classical,1.0,101,1.032,0.0,0.0
6149e06ac2d78671,deval,full_Region6_s0.1,ls,classical,1.0,101,1.035,0.0,0.0
9df2d13d48c3312a,deval,full_Region6_s0.2,ls,classical,1.0,101,1.027,0.0,0.0
fd20d121bdfd9977,deval,full_Region6_s0.3,ls,classical,1.0,101,1.03,0.0,0.0
384d9e33ee7f652a,tune,full_Region7_s0,cpsat,classical,3.0,3,2.944,0.0,0.0
d805e4ce04db1ba9,tune,full_Region7_s0.1,cpsat,classical,3.0,3,2.736,0.0,0.0
1e5c12f970c1375e,tune,full_Region7_s0.2,cpsat,classical,3.0,3,2.013,0.0,0.0
4b0d9c400890a3dc,tune,full_Region7_s0.3,cpsat,classical,3.0,3,2.943,0.0,0.0
2a5fffdf11bd0b2b,tune,full_Region6_s0,cpsat,classical,3.0,3,2.949,0.0,0.0
763e69e3db9ad5f8,tune,full_Region6_s0.1,cpsat,classical,3.0,3,2.94,0.0,0.0
3b1867f8b4b3a126,tune,full_Region6_s0.2,cpsat,classical,3.0,3,2.943,0.0,0.0
50f54e74a9b336e6,tune,full_Region6_s0.3,cpsat,classical,3.0,3,2.939,0.0,0.0
2473313ba6b505f4,deval,full_Region7_s0,ls,classical,1.0,102,1.011,0.0,0.0
eb090769488f5227,deval,full_Region7_s0.1,ls,classical,1.0,102,1.096,0.0,0.0
f9745a55166442b7,deval,full_Region7_s0.2,ls,classical,1.0,102,1.071,0.0,0.0
97bd508c1c975be0,deval,full_Region7_s0.3,ls,classical,1.0,102,1.022,0.0,0.0
e2cc4d076ee44740,deval,full_Region6_s0,ls,classical,1.0,102,1.036,0.0,0.0
8d345f417ab3ee30,deval,full_Region6_s0.1,ls,classical,1.0,102,1.038,0.0,0.0
764b75b30aa7235e,deval,full_Region6_s0.2,ls,classical,1.0,102,1.038,0.0,0.0
a7609ab4b0bec8eb,deval,full_Region6_s0.3,ls,classical,1.0,102,1.036,0.0,0.0
941842a9dee101c3,tune,full_Region7_s0,cpsat,classical,3.0,4,2.18,0.0,0.0
203917a1ac954cd8,tune,full_Region7_s0.1,cpsat,classical,3.0,4,2.447,0.0,0.0
a657743a398bb63a,tune,full_Region7_s0.2,cpsat,classical,3.0,4,2.097,0.0,0.0
09567a77a2414cb9,tune,full_Region7_s0.3,cpsat,classical,3.0,4,2.943,0.0,0.0
c70968c65f7d50e2,tune,full_Region6_s0,cpsat,classical,3.0,4,2.947,0.0,0.0
17f26ee4f2ed2328,tune,full_Region6_s0.1,cpsat,classical,3.0,4,2.94,0.0,0.0
fa912d56f028af86,tune,full_Region6_s0.2,cpsat,classical,3.0,4,2.942,0.0,0.0
df5deff274b41689,tune,full_Region6_s0.3,cpsat,classical,3.0,4,2.941,0.0,0.0
b387313c93a460eb,deval,full_Region7_s0,ls,classical,1.0,103,1.069,0.0,0.0
6c083c2354b4df68,deval,full_Region7_s0.1,ls,classical,1.0,103,0.997,0.0,0.0
06cd96dc7804d723,deval,full_Region7_s0.2,ls,classical,1.0,103,1.018,0.0,0.0
cf6972c3de8d4a4f,deval,full_Region7_s0.3,ls,classical,1.0,103,1.038,0.0,0.0
3d27ddf3b71b8c62,deval,full_Region6_s0,ls,classical,1.0,103,1.046,0.0,0.0
e1bda407da64ab08,deval,full_Region6_s0.1,ls,classical,1.0,103,1.052,0.0,0.0
3c9cfdb5c59b0342,deval,full_Region6_s0.2,ls,classical,1.0,103,1.041,0.0,0.0
a8b0417607e56b9a,deval,full_Region6_s0.3,ls,classical,1.0,103,1.036,0.0,0.0
fa4d9d0db771041f,tune,full_Region7_s0,cpsat,classical,3.0,6,2.09,0.0,0.0
71f5c355c1ae884c,tune,full_Region7_s0.1,cpsat,classical,3.0,6,2.221,0.0,0.0
1527b977dae219bc,tune,full_Region7_s0.2,cpsat,classical,3.0,6,1.833,0.0,0.0
2ab209e9552c94c7,tune,full_Region7_s0.3,cpsat,classical,3.0,6,2.91,0.0,0.0
607dd8cac2bfe1b2,tune,full_Region6_s0,cpsat,classical,3.0,6,2.917,0.0,0.0
fe0f15c4936fd55e,tune,full_Region6_s0.1,cpsat,classical,3.0,6,2.929,0.0,0.0
9d8fcda7a7ba8fa3,tune,full_Region6_s0.2,cpsat,classical,3.0,6,2.908,0.0,0.0
fc0c5ea9e9821c1d,tune,full_Region6_s0.3,cpsat,classical,3.0,6,2.912,0.0,0.0
6d901ba964af76c0,deval,full_Region7_s0,greedy,classical,1.0,101,0.196,0.0,0.0
ae74859dcd3f53dd,deval,full_Region7_s0.1,greedy,classical,1.0,101,0.057,0.0,0.0
56800392ed2beac7,deval,full_Region7_s0.2,greedy,classical,1.0,101,0.069,0.0,0.0
14424c58fa12a60d,deval,full_Region7_s0.3,greedy,classical,1.0,101,0.064,0.0,0.0
d58363586cb539bf,deval,full_Region6_s0,greedy,classical,1.0,101,0.051,0.0,0.0
e02f93fc20487fca,deval,full_Region6_s0.1,greedy,classical,1.0,101,0.055,0.0,0.0
20811929d1e2a151,deval,full_Region6_s0.2,greedy,classical,1.0,101,0.062,0.0,0.0
33f67fa381140783,deval,full_Region6_s0.3,greedy,classical,1.0,101,0.061,0.0,0.0
0ba3cab2306112d1,tune,full_Region7_s0,cpsat,classical,3.0,7,2.349,0.0,0.0
55851eb8a332fee4,tune,full_Region7_s0.1,cpsat,classical,3.0,7,2.205,0.0,0.0
77b969d00c143eae,tune,full_Region7_s0.2,cpsat,classical,3.0,7,2.056,0.0,0.0
c7203666a1d06e40,tune,full_Region7_s0.3,cpsat,classical,3.0,7,2.937,0.0,0.0
d8f4dc0243791d40,tune,full_Region6_s0,cpsat,classical,3.0,7,2.944,0.0,0.0
877e9e94250ff378,tune,full_Region6_s0.1,cpsat,classical,3.0,7,2.943,0.0,0.0
87007c5e6e74793c,tune,full_Region6_s0.2,cpsat,classical,3.0,7,2.94,0.0,0.0
56fdf721d2a49876,tune,full_Region6_s0.3,cpsat,classical,3.0,7,2.938,0.0,0.0
c8b2b9331bb751c2,deval,full_Region7_s0,pgreedy,classical,1.0,101,0.118,0.0,0.0
66e78acb22ecd07c,deval,full_Region7_s0.1,pgreedy,classical,1.0,101,0.156,0.0,0.0
5d9df85e74176f9b,deval,full_Region7_s0.2,pgreedy,classical,1.0,101,0.093,0.0,0.0
fdbbd956c1a31196,deval,full_Region7_s0.3,pgreedy,classical,1.0,101,0.13,0.0,0.0
5bf3c093bdebe51d,deval,full_Region6_s0,pgreedy,classical,1.0,101,0.09,0.0,0.0
02a7615699613a47,deval,full_Region6_s0.1,pgreedy,classical,1.0,101,0.074,0.0,0.0
4460069a3bda1378,deval,full_Region6_s0.2,pgreedy,classical,1.0,101,0.073,0.0,0.0
2323831a9b8e88e0,deval,full_Region6_s0.3,pgreedy,classical,1.0,101,0.167,0.0,0.0
f624c138e868be64,tune,full_Region7_s0,cpsat,classical,3.0,8,2.239,0.0,0.0
8d6eaf6a7411d731,tune,full_Region7_s0.1,cpsat,classical,3.0,8,2.229,0.0,0.0
a061d279c2885411,tune,full_Region7_s0.2,cpsat,classical,3.0,8,1.941,0.0,0.0
f1d92dfa5a449c25,tune,full_Region7_s0.3,cpsat,classical,3.0,8,2.936,0.0,0.0
0e369e814b9fd83a,tune,full_Region6_s0,cpsat,classical,3.0,8,2.941,0.0,0.0
cbf590fedcb3411c,tune,full_Region6_s0.1,cpsat,classical,3.0,8,2.937,0.0,0.0
a6ee0e4646fea53a,tune,full_Region6_s0.2,cpsat,classical,3.0,8,2.945,0.0,0.0
f83ca61620dda83e,tune,full_Region6_s0.3,cpsat,classical,3.0,8,2.939,0.0,0.0
82c13b5548c48051,tune,full_Region7_s0,cpsat,classical,3.0,10,2.947,0.0,0.0
b642613e1cfd3c00,tune,full_Region7_s0.1,cpsat,classical,3.0,10,2.943,0.0,0.0
ebf4e17b2454c6b5,tune,full_Region7_s0.2,cpsat,classical,3.0,10,2.016,0.0,0.0
251e9db1547549fe,tune,full_Region7_s0.3,cpsat,classical,3.0,10,2.943,0.0,0.0
981a2c53cf005ad3,tune,full_Region6_s0,cpsat,classical,3.0,10,2.948,0.0,0.0
cfb856f97a57e23c,tune,full_Region6_s0.1,cpsat,classical,3.0,10,2.942,0.0,0.0
1c7e2be4e158b8f6,tune,full_Region6_s0.2,cpsat,classical,3.0,10,2.948,0.0,0.0
1962ffc528f5d28b,tune,full_Region6_s0.3,cpsat,classical,3.0,10,2.948,0.0,0.0
8f7608fab7f87bfe,tune,full_Region7_s0,cpsat,classical,3.0,11,2.218,0.0,0.0
7473847a5b09c1ed,tune,full_Region7_s0.1,cpsat,classical,3.0,11,2.28,0.0,0.0
234933efcb9683dd,tune,full_Region7_s0.2,cpsat,classical,3.0,11,1.968,0.0,0.0
1e3b1d5c41c33a81,tune,full_Region7_s0.3,cpsat,classical,3.0,11,2.941,0.0,0.0
e6cd4793596aea26,tune,full_Region6_s0,cpsat,classical,3.0,11,2.943,0.0,0.0
a4afca45fabfa560,tune,full_Region6_s0.1,cpsat,classical,3.0,11,2.938,0.0,0.0
496a48421a55c315,tune,full_Region6_s0.2,cpsat,classical,3.0,11,2.944,0.0,0.0
97e89527714b9193,tune,full_Region6_s0.3,cpsat,classical,3.0,11,2.94,0.0,0.0
55dfca60afb51a3d,tune,full_Region7_s0,mq,ising,3.0,0,2.971,0.0,0.0
207c756c8c95f77d,tune,full_Region7_s0.1,mq,ising,3.0,0,2.904,0.0,0.0
4cb5559727cdc068,tune,full_Region7_s0.2,mq,ising,3.0,0,2.919,0.0,0.0
dbb15c818eee0a33,tune,full_Region7_s0.3,mq,ising,3.0,0,2.924,0.0,0.0
fa45b943538459f9,tune,full_Region6_s0,mq,ising,3.0,0,2.928,0.0,0.0
023d65b3c8e77509,tune,full_Region6_s0.1,mq,ising,3.0,0,2.994,0.0,0.0
7d8051f7a2dbc3a0,tune,full_Region6_s0.2,mq,ising,3.0,0,2.961,0.0,0.0
f06b09c38cbdadea,tune,full_Region6_s0.3,mq,ising,3.0,0,2.993,0.0,0.0
11651e0b3f1cc124,tune,full_Region7_s0,mq,ising,3.0,1,2.997,0.0,0.0
d1ad58221cbf6187,tune,full_Region7_s0.1,mq,ising,3.0,1,2.981,0.0,0.0
5df27ce3eeb8b0cc,tune,full_Region7_s0.2,mq,ising,3.0,1,2.982,0.0,0.0
6c0a2350b205d397,tune,full_Region7_s0.3,mq,ising,3.0,1,2.953,0.0,0.0
6fa07710a6a2dc2f,tune,full_Region6_s0,mq,ising,3.0,1,3.003,0.0,0.0
8b4aa1b26d780010,tune,full_Region6_s0.1,mq,ising,3.0,1,2.91,0.0,0.0
577fca48ffb52a9f,tune,full_Region6_s0.2,mq,ising,3.0,1,3.0,0.0,0.0
9e597efb9fffa07f,tune,full_Region6_s0.3,mq,ising,3.0,1,2.954,0.0,0.0
129da7f22ac97c31,tune,full_Region7_s0,mq,ising,3.0,2,2.984,0.0,0.0
90530b5a84a9e440,tune,full_Region7_s0.1,mq,ising,3.0,2,2.948,0.0,0.0
5a01117b80efb473,tune,full_Region7_s0.2,mq,ising,3.0,2,2.932,0.0,0.0
5566df9cc8942415,tune,full_Region7_s0.3,mq,ising,3.0,2,2.909,0.0,0.0
5ca41293d8d9c617,tune,full_Region6_s0,mq,ising,3.0,2,2.94,0.0,0.0
dc3c079e8d84f26e,tune,full_Region6_s0.1,mq,ising,3.0,2,2.922,0.0,0.0
f7a1a469cf58f15e,tune,full_Region6_s0.2,mq,ising,3.0,2,2.915,0.0,0.0
2a67622579121c82,tune,full_Region6_s0.3,mq,ising,3.0,2,2.904,0.0,0.0
42456b91a792daed,tune,full_Region7_s0,mq,ising,3.0,3,2.911,0.0,0.0
6b7aae4779bfe32e,tune,full_Region7_s0.1,mq,ising,3.0,3,2.915,0.0,0.0
051ef165f5534227,tune,full_Region7_s0.2,mq,ising,3.0,3,2.912,0.0,0.0
040e6ab838b7235f,tune,full_Region7_s0.3,mq,ising,3.0,3,2.961,0.0,0.0
8d5b61a108349275,tune,full_Region6_s0,mq,ising,3.0,3,2.96,0.0,0.0
640fe029b79c74c6,tune,full_Region6_s0.1,mq,ising,3.0,3,2.912,0.0,0.0
4495b5e7ce604624,tune,full_Region6_s0.2,mq,ising,3.0,3,2.935,0.0,0.0
f656599ec49b80a2,tune,full_Region6_s0.3,mq,ising,3.0,3,2.937,0.0,0.0
d205f92b41ef8fd3,tune,full_Region7_s0,mq,ising,3.0,4,3.008,0.0,0.0
8c6f2da71243be8f,tune,full_Region7_s0.1,mq,ising,3.0,4,3.01,0.0,0.0
c881a0c9c323d025,tune,full_Region7_s0.2,mq,ising,3.0,4,3.206,0.0,0.0
bd86beeb81e4c842,tune,full_Region7_s0.3,mq,ising,3.0,4,3.031,0.0,0.0
244ff39550abd1b8,tune,full_Region6_s0,mq,ising,3.0,4,3.325,0.0,0.0
013554f527dfe608,tune,full_Region6_s0.1,mq,ising,3.0,4,3.049,0.0,0.0
633e544d3958f213,tune,full_Region6_s0.2,mq,ising,3.0,4,3.075,0.0,0.0
b997d58be110449b,tune,full_Region6_s0.3,mq,ising,3.0,4,3.205,0.0,0.0
5984c8383b2df513,tune,full_Region7_s0,mq,ising,3.0,5,2.94,0.0,0.0
9382b9439e320313,tune,full_Region7_s0.1,mq,ising,3.0,5,2.939,0.0,0.0
a7ed54c0d8422fb5,tune,full_Region7_s0.2,mq,ising,3.0,5,2.941,0.0,0.0
854408aa42747599,tune,full_Region7_s0.3,mq,ising,3.0,5,2.956,0.0,0.0
3ec98dc05b4529d1,tune,full_Region6_s0,mq,ising,3.0,5,2.968,0.0,0.0
04292c431f78e579,tune,full_Region6_s0.1,mq,ising,3.0,5,2.93,0.0,0.0
577cd3c0b6d62789,tune,full_Region6_s0.2,mq,ising,3.0,5,2.922,0.0,0.0
a56b8c5d9a478bd3,tune,full_Region6_s0.3,mq,ising,3.0,5,2.916,0.0,0.0
dae0c72cb7cc5367,tune,full_Region7_s0,mq,ising,3.0,6,2.92,0.0,0.0
407aee5769accfe4,tune,full_Region7_s0.1,mq,ising,3.0,6,2.908,0.0,0.0
db03b8b0c4cfcfb9,tune,full_Region7_s0.2,mq,ising,3.0,6,2.902,0.0,0.0
2d0bd95cdbe50d41,tune,full_Region7_s0.3,mq,ising,3.0,6,2.91,0.0,0.0
420cedc1c3181f71,tune,full_Region6_s0,mq,ising,3.0,6,2.911,0.0,0.0
1329d488586ef829,tune,full_Region6_s0.1,mq,ising,3.0,6,2.909,0.0,0.0
dcaa0427318e70f5,tune,full_Region6_s0.2,mq,ising,3.0,6,2.919,0.0,0.0
7bb1c3fb094e0b95,tune,full_Region6_s0.3,mq,ising,3.0,6,2.914,0.0,0.0
c9542138f730a688,tune,full_Region7_s0,mq,ising,3.0,7,2.911,0.0,0.0
8285bfca21aa9088,tune,full_Region7_s0.1,mq,ising,3.0,7,2.91,0.0,0.0
d8bd1f4fd4d84e99,tune,full_Region7_s0.2,mq,ising,3.0,7,2.904,0.0,0.0
af9db4f51e11f10a,tune,full_Region7_s0.3,mq,ising,3.0,7,2.918,0.0,0.0
76c90d43e6c081be,tune,full_Region6_s0,mq,ising,3.0,7,2.922,0.0,0.0
48ec9e8b57be17ee,tune,full_Region6_s0.1,mq,ising,3.0,7,2.91,0.0,0.0
d0374151169e6099,tune,full_Region6_s0.2,mq,ising,3.0,7,2.903,0.0,0.0
17f8af5147969268,tune,full_Region6_s0.3,mq,ising,3.0,7,2.904,0.0,0.0
e6d7dbbb02853a13,tune,full_Region7_s0,mq,ising,3.0,8,2.919,0.0,0.0
f87aec0d09d3a860,tune,full_Region7_s0.1,mq,ising,3.0,8,2.964,0.0,0.0
ba097973620b87c3,tune,full_Region7_s0.2,mq,ising,3.0,8,3.001,0.0,0.0
bc9ea30f3117656c,tune,full_Region7_s0.3,mq,ising,3.0,8,2.922,0.0,0.0
30b84c0acbd21cf4,tune,full_Region6_s0,mq,ising,3.0,8,2.937,0.0,0.0
27d8a93b78a0d4b5,tune,full_Region6_s0.1,mq,ising,3.0,8,3.021,0.0,0.0
a1075e9649aad629,tune,full_Region6_s0.2,mq,ising,3.0,8,2.918,0.0,0.0
63bd947ee850db5c,tune,full_Region6_s0.3,mq,ising,3.0,8,2.954,0.0,0.0
9465daf3fec1063b,tune,full_Region7_s0,mq,ising,3.0,9,3.052,0.0,0.0
cbb84b964aca4f6d,tune,full_Region7_s0.1,mq,ising,3.0,9,2.95,0.0,0.0
d8ba7fddc8b8391e,tune,full_Region7_s0.2,mq,ising,3.0,9,2.984,0.0,0.0
d6621ff0537f42d4,tune,full_Region7_s0.3,mq,ising,3.0,9,3.054,0.0,0.0
44115bb2af7227bb,tune,full_Region6_s0,mq,ising,3.0,9,2.945,0.0,0.0
9a70b62dd05880b2,tune,full_Region6_s0.1,mq,ising,3.0,9,3.022,0.0,0.0
897c16efbfd94908,tune,full_Region6_s0.2,mq,ising,3.0,9,3.031,0.0,0.0
2d40f004d3ad10fa,tune,full_Region6_s0.3,mq,ising,3.0,9,3.017,0.0,0.0
95a31c25e991957d,tune,full_Region7_s0,mq,ising,3.0,10,2.919,0.0,0.0
091598bada8f081d,tune,full_Region7_s0.1,mq,ising,3.0,10,2.935,0.0,0.0
5b8f44a5c6a98da3,tune,full_Region7_s0.2,mq,ising,3.0,10,2.924,0.0,0.0
a0d53ecea070f5d8,tune,full_Region7_s0.3,mq,ising,3.0,10,2.938,0.0,0.0
42f2c81c72480fcc,tune,full_Region6_s0,mq,ising,3.0,10,2.936,0.0,0.0
8870f4747cdb5629,tune,full_Region6_s0.1,mq,ising,3.0,10,2.916,0.0,0.0
49f1b40f16b18670,tune,full_Region6_s0.2,mq,ising,3.0,10,2.91,0.0,0.0
4327ee0ad0ffed1a,tune,full_Region6_s0.3,mq,ising,3.0,10,2.909,0.0,0.0
172b2e5b98390538,tune,full_Region7_s0,mq,ising,3.0,11,2.915,0.0,0.0
4b312d3c76ce38bc,tune,full_Region7_s0.1,mq,ising,3.0,11,2.906,0.0,0.0
ce8d09cdc25dcd95,tune,full_Region7_s0.2,mq,ising,3.0,11,2.902,0.0,0.0
8c7fa5c8e4cebd5a,tune,full_Region7_s0.3,mq,ising,3.0,11,2.906,0.0,0.0
6ceef0ac0c17eeca,tune,full_Region6_s0,mq,ising,3.0,11,2.905,0.0,0.0
89534f5b5b682c95,tune,full_Region6_s0.1,mq,ising,3.0,11,2.907,0.0,0.0
0f2c27359f3d4ae5,tune,full_Region6_s0.2,mq,ising,3.0,11,2.906,0.0,0.0
7e6658acf6033247,tune,full_Region6_s0.3,mq,ising,3.0,11,2.907,0.0,0.0
65161c403fcf53f9,tune,full_Region7_s0,ls,classical,3.0,0,3.035,0.0,0.0
76d337fdc4639b6d,tune,full_Region7_s0.1,ls,classical,3.0,0,3.02,0.0,0.0
1f16cdbcb6616693,tune,full_Region7_s0.2,ls,classical,3.0,0,3.033,0.0,0.0
df76ad99d6a51dc3,tune,full_Region7_s0.3,ls,classical,3.0,0,3.021,0.0,0.0
796b9b19903865f7,tune,full_Region6_s0,ls,classical,3.0,0,3.023,0.0,0.0
aebda693fedd9b08,tune,full_Region6_s0.1,ls,classical,3.0,0,3.02,0.0,0.0
4b88d6f8dbccee41,tune,full_Region6_s0.2,ls,classical,3.0,0,3.018,0.0,0.0
c15b6b94d150f347,tune,full_Region6_s0.3,ls,classical,3.0,0,3.011,0.0,0.0
44f83eb318318be5,tune,full_Region7_s0,ls,classical,3.0,1,3.025,0.0,0.0
5b0773b233e2584b,tune,full_Region7_s0.1,ls,classical,3.0,1,3.016,0.0,0.0
0484185102cf6986,tune,full_Region7_s0.2,ls,classical,3.0,1,3.034,0.0,0.0
d1700746b49e9a8a,tune,full_Region7_s0.3,ls,classical,3.0,1,3.026,0.0,0.0
257cb28c190637ee,tune,full_Region6_s0,ls,classical,3.0,1,3.014,0.0,0.0
14b5133b74ec6464,tune,full_Region6_s0.1,ls,classical,3.0,1,3.019,0.0,0.0
abb6aa2db75ec6ec,tune,full_Region6_s0.2,ls,classical,3.0,1,3.009,0.0,0.0
83531ce7dc0e4656,tune,full_Region6_s0.3,ls,classical,3.0,1,3.017,0.0,0.0
c5341d98667d94a2,tune,full_Region7_s0,ls,classical,3.0,2,3.01,0.0,0.0
50bbb8092d80ea1f,tune,full_Region7_s0.1,ls,classical,3.0,2,3.037,0.0,0.0
849f8fab277a8b3d,tune,full_Region7_s0.2,ls,classical,3.0,2,3.048,0.0,0.0
926554a6fefa5cbf,tune,full_Region7_s0.3,ls,classical,3.0,2,3.007,0.0,0.0
bfbb41f2c8da403a,tune,full_Region6_s0,ls,classical,3.0,2,3.027,0.0,0.0
e1e1b21fc1c6a69c,tune,full_Region6_s0.1,ls,classical,3.0,2,3.022,0.0,0.0
2a9d6347e227db56,tune,full_Region6_s0.2,ls,classical,3.0,2,3.014,0.0,0.0
131feb9d847e92f6,tune,full_Region6_s0.3,ls,classical,3.0,2,3.05,0.0,0.0
26631a402f12da4d,tune,full_Region7_s0,ls,classical,3.0,3,3.008,0.0,0.0
e874ff0c8a5b6206,tune,full_Region7_s0.1,ls,classical,3.0,3,3.006,0.0,0.0
9d7d6a2fb8c47cb0,tune,full_Region7_s0.2,ls,classical,3.0,3,3.012,0.0,0.0
ece67dbd24649965,tune,full_Region7_s0.3,ls,classical,3.0,3,3.008,0.0,0.0
86cb86616c71e0a5,tune,full_Region6_s0,ls,classical,3.0,3,3.008,0.0,0.0
081b10fc072dbf25,tune,full_Region6_s0.1,ls,classical,3.0,3,3.008,0.0,0.0
0cf89c74345d0ce9,tune,full_Region6_s0.2,ls,classical,3.0,3,3.013,0.0,0.0
c350c17147115e4b,tune,full_Region6_s0.3,ls,classical,3.0,3,3.005,0.0,0.0
760a9e53b7563787,tune,full_Region7_s0,ls,classical,3.0,4,3.03,0.0,0.0
99c57e173743ca8b,tune,full_Region7_s0.1,ls,classical,3.0,4,3.035,0.0,0.0
3103cf19d6fea2df,tune,full_Region7_s0.2,ls,classical,3.0,4,3.058,0.0,0.0
7997dfca514ffc00,tune,full_Region7_s0.3,ls,classical,3.0,4,3.029,0.0,0.0
f00abf7ffd9097b6,tune,full_Region6_s0,ls,classical,3.0,4,3.018,0.0,0.0
4b26124225de7c9c,tune,full_Region6_s0.1,ls,classical,3.0,4,3.035,0.0,0.0
d489cd58111b96b6,tune,full_Region6_s0.2,ls,classical,3.0,4,3.02,0.0,0.0
2a0830bc729aa7bd,tune,full_Region6_s0.3,ls,classical,3.0,4,3.006,0.0,0.0
c239d26e63c9c6de,tune,full_Region7_s0,ls,classical,3.0,5,3.005,0.0,0.0
98997043ba3cf40e,tune,full_Region7_s0.1,ls,classical,3.0,5,3.029,0.0,0.0
ed7e46bb49a823e9,tune,full_Region7_s0.2,ls,classical,3.0,5,3.011,0.0,0.0
f04a7fd6216faec8,tune,full_Region7_s0.3,ls,classical,3.0,5,3.032,0.0,0.0
025faba3d0e78be2,tune,full_Region6_s0,ls,classical,3.0,5,3.024,0.0,0.0
17483a86e1ca05c0,tune,full_Region6_s0.1,ls,classical,3.0,5,3.003,0.0,0.0
9b196c9918f8128d,tune,full_Region6_s0.2,ls,classical,3.0,5,3.019,0.0,0.0
4fbdeaf4bccef32c,tune,full_Region6_s0.3,ls,classical,3.0,5,3.019,0.0,0.0
8c7cc0f287554529,tune,full_Region7_s0,ls,classical,3.0,6,3.009,0.0,0.0
a8f1e42db9b2aa6f,tune,full_Region7_s0.1,ls,classical,3.0,6,3.082,0.0,0.0
72bc050e9dbe669c,tune,full_Region7_s0.2,ls,classical,3.0,6,3.045,0.0,0.0
c3e5c0c770886e51,tune,full_Region7_s0.3,ls,classical,3.0,6,3.085,0.0,0.0
0f957919e6b26328,tune,full_Region6_s0,ls,classical,3.0,6,3.068,0.0,0.0
d25586a7fe57bad9,tune,full_Region6_s0.1,ls,classical,3.0,6,3.225,0.0,0.0
eccb5ebeafaeb01f,tune,full_Region6_s0.2,ls,classical,3.0,6,3.211,0.0,0.0
3d218c6c2096d67f,tune,full_Region6_s0.3,ls,classical,3.0,6,3.185,0.0,0.0
bb33c25ff68e9338,tune,full_Region7_s0,ls,classical,3.0,7,3.085,0.0,0.0
ad17913bdca4d874,tune,full_Region7_s0.1,ls,classical,3.0,7,3.236,0.0,0.0
84ea1b88489e553a,tune,full_Region7_s0.2,ls,classical,3.0,7,3.37,0.0,0.0
2292390d5902dda3,tune,full_Region7_s0.3,ls,classical,3.0,7,2.999,0.0,0.0
d44c95069b3efc80,tune,full_Region6_s0,ls,classical,3.0,7,3.064,0.0,0.0
5c1b22754e7919dc,tune,full_Region6_s0.1,ls,classical,3.0,7,3.029,0.0,0.0
e476e5e00499b048,tune,full_Region6_s0.2,ls,classical,3.0,7,3.049,0.0,0.0
a229ee29bbdd93bd,tune,full_Region6_s0.3,ls,classical,3.0,7,3.089,0.0,0.0
386a9cbf141223d1,tune,full_Region7_s0,ls,classical,3.0,8,3.013,0.0,0.0
ce5bb51e290f908c,tune,full_Region7_s0.1,ls,classical,3.0,8,3.024,0.0,0.0
a413d897a0f83006,tune,full_Region7_s0.2,ls,classical,3.0,8,3.012,0.0,0.0
be56d5e621e946a2,tune,full_Region7_s0.3,ls,classical,3.0,8,3.007,0.0,0.0
45990030ec156bbf,tune,full_Region6_s0,ls,classical,3.0,8,3.022,0.0,0.0
db5ed764169360b2,tune,full_Region6_s0.1,ls,classical,3.0,8,3.008,0.0,0.0
0ec26f48086f33ac,tune,full_Region6_s0.2,ls,classical,3.0,8,3.02,0.0,0.0
402d37fa80f37335,tune,full_Region6_s0.3,ls,classical,3.0,8,3.009,0.0,0.0
6c2650b413801346,tune,full_Region7_s0,ls,classical,3.0,9,3.017,0.0,0.0
8a7a31f7f7880110,tune,full_Region7_s0.1,ls,classical,3.0,9,3.064,0.0,0.0
5c8cfd35319adbf0,tune,full_Region7_s0.2,ls,classical,3.0,9,3.019,0.0,0.0
53caaf1ecd824c39,tune,full_Region7_s0.3,ls,classical,3.0,9,3.03,0.0,0.0
0c08b9529b803b24,tune,full_Region6_s0,ls,classical,3.0,9,3.028,0.0,0.0
3db1dd45297d644c,tune,full_Region6_s0.1,ls,classical,3.0,9,3.059,0.0,0.0
90fc4b173242c2b2,tune,full_Region6_s0.2,ls,classical,3.0,9,3.058,0.0,0.0
31ca06fc89aa14a8,tune,full_Region6_s0.3,ls,classical,3.0,9,3.058,0.0,0.0
e0236bbc237cd72b,tune,full_Region7_s0,ls,classical,3.0,10,3.082,0.0,0.0
bae59f0bea85ad16,tune,full_Region7_s0.1,ls,classical,3.0,10,3.036,0.0,0.0
d0c6382a21d6866f,tune,full_Region7_s0.2,ls,classical,3.0,10,3.03,0.0,0.0
a7bb5b85d70d9feb,tune,full_Region7_s0.3,ls,classical,3.0,10,3.051,0.0,0.0
4f65c4e4c8a5dfb4,tune,full_Region6_s0,ls,classical,3.0,10,3.026,0.0,0.0
4f8d5e9dd8c91860,tune,full_Region6_s0.1,ls,classical,3.0,10,3.03,0.0,0.0
1f9bdfdf41a070e6,tune,full_Region6_s0.2,ls,classical,3.0,10,3.062,0.0,0.0
5b17431f5328eba7,tune,full_Region6_s0.3,ls,classical,3.0,10,3.015,0.0,0.0
9c7547f96a6547c0,tune,full_Region7_s0,ls,classical,3.0,11,3.064,0.0,0.0
acebe51b6bc4200d,tune,full_Region7_s0.1,ls,classical,3.0,11,3.037,0.0,0.0
b6a371c8eaf2d500,tune,full_Region7_s0.2,ls,classical,3.0,11,3.031,0.0,0.0
0ddf96423286269e,tune,full_Region7_s0.3,ls,classical,3.0,11,3.06,0.0,0.0
81edcb40f0b9bdf7,tune,full_Region6_s0,ls,classical,3.0,11,3.052,0.0,0.0
33dd49ae5e5f5f07,tune,full_Region6_s0.1,ls,classical,3.0,11,3.033,0.0,0.0
397600e7e107b0e1,tune,full_Region6_s0.2,ls,classical,3.0,11,3.044,0.0,0.0
dd9b4e3dec010116,tune,full_Region6_s0.3,ls,classical,3.0,11,3.029,0.0,0.0
3c992bea2b3cba87,tune,full_Region7_s0,pt,ising,10.0,0,10.007,0.0,0.0
1c078800ddc33b96,tune,full_Region7_s0.1,pt,ising,10.0,0,10.009,0.0,0.0
fe050f39ce4021df,tune,full_Region7_s0.2,pt,ising,10.0,0,10.016,0.0,0.0
132238dbae726a26,tune,full_Region7_s0.3,pt,ising,10.0,0,10.01,0.0,0.0
12fc6c7b8e1e67d8,tune,full_Region6_s0,pt,ising,10.0,0,10.01,0.0,0.0
90ba3e40e6707c87,tune,full_Region6_s0.1,pt,ising,10.0,0,10.017,0.0,0.0
27b438fd26441053,tune,full_Region6_s0.2,pt,ising,10.0,0,10.014,0.0,0.0
ddf6437b13c7ddaa,tune,full_Region6_s0.3,pt,ising,10.0,0,10.014,0.0,0.0
88da69161ef92ef3,deval,full_Region7_s0,pt,ising,3.0,101,3.139,0.0,0.0
61406fa0ac01d6f4,deval,full_Region7_s0.1,pt,ising,3.0,101,3.113,0.0,0.0
4f566228c3551844,deval,full_Region7_s0.2,pt,ising,3.0,101,3.11,0.0,0.0
a097f31af115f8e2,deval,full_Region7_s0.3,pt,ising,3.0,101,3.041,0.0,0.0
d893c054f0a029d5,deval,full_Region6_s0,pt,ising,3.0,101,3.122,0.0,0.0
7b62d2d9a18f57c9,deval,full_Region6_s0.1,pt,ising,3.0,101,3.105,0.0,0.0
0d1e5b8428498313,deval,full_Region6_s0.2,pt,ising,3.0,101,3.009,0.0,0.0
821cddef93370c0e,deval,full_Region6_s0.3,pt,ising,3.0,101,3.065,0.0,0.0
a2861e9452f6cc80,deval,full_Region7_s0,pt,ising,3.0,102,3.136,0.0,0.0
99c6271119fa061f,deval,full_Region7_s0.1,pt,ising,3.0,102,3.165,0.0,0.0
8d6d69d73c282342,deval,full_Region7_s0.2,pt,ising,3.0,102,3.042,0.0,0.0
2ef9473696a2966d,deval,full_Region7_s0.3,pt,ising,3.0,102,3.139,0.0,0.0
bb82973c10376a9d,deval,full_Region6_s0,pt,ising,3.0,102,3.005,0.0,0.0
1f1e785c08b17cbf,deval,full_Region6_s0.1,pt,ising,3.0,102,3.151,0.0,0.0
06dfc2eaf68e4ced,deval,full_Region6_s0.2,pt,ising,3.0,102,3.142,0.0,0.0
384b2ea3e1b48bf5,deval,full_Region6_s0.3,pt,ising,3.0,102,3.029,0.0,0.0
bab1a962e9ef017c,tune,full_Region7_s0,pt,ising,10.0,1,10.065,0.0,0.0
4a919a45f570647e,tune,full_Region7_s0.1,pt,ising,10.0,1,10.346,0.0,0.0
7c73c01c39ecbcf5,tune,full_Region7_s0.2,pt,ising,10.0,1,10.354,0.0,0.0
52919ab569378810,tune,full_Region7_s0.3,pt,ising,10.0,1,10.109,0.0,0.0
efb188269ede6922,tune,full_Region6_s0,pt,ising,10.0,1,10.121,0.0,0.0
f9694f505fdb2e9c,tune,full_Region6_s0.1,pt,ising,10.0,1,10.186,0.0,0.0
71863bf7d583dd4d,tune,full_Region6_s0.2,pt,ising,10.0,1,10.174,0.0,0.0
577c1345f3d3e9fe,tune,full_Region6_s0.3,pt,ising,10.0,1,10.278,0.0,0.0
cd13a515c2c2acd1,deval,full_Region7_s0,pt,ising,3.0,103,3.079,0.0,0.0
92de54d47dca512a,deval,full_Region7_s0.1,pt,ising,3.0,103,3.052,0.0,0.0
166e16b3ce25caeb,deval,full_Region7_s0.2,pt,ising,3.0,103,2.985,0.0,0.0
d6a43c53be728396,deval,full_Region7_s0.3,pt,ising,3.0,103,3.107,0.0,0.0
4fd523bc41a3fa33,deval,full_Region6_s0,pt,ising,3.0,103,3.115,0.0,0.0
67dee23697cd1dba,deval,full_Region6_s0.1,pt,ising,3.0,103,2.99,0.0,0.0
0483c1e7541de1c8,deval,full_Region6_s0.2,pt,ising,3.0,103,3.01,0.0,0.0
07c21a28e60e530c,deval,full_Region6_s0.3,pt,ising,3.0,103,3.18,0.0,0.0
6d6b8467dde708a0,deval,full_Region7_s0,eim,ising,3.0,101,3.005,0.0,0.0
c6c0c6d226485390,deval,full_Region7_s0.1,eim,ising,3.0,101,3.01,0.0,0.0
dd5a1927a8490d7c,deval,full_Region7_s0.2,eim,ising,3.0,101,3.046,0.0,0.0
8cef4af1e218754e,deval,full_Region7_s0.3,eim,ising,3.0,101,3.026,0.0,0.0
0148756c72af0898,deval,full_Region6_s0,eim,ising,3.0,101,3.063,0.0,0.0
54856ea9e252450f,deval,full_Region6_s0.1,eim,ising,3.0,101,3.022,0.0,0.0
5754ef4138112fa1,deval,full_Region6_s0.2,eim,ising,3.0,101,3.071,0.0,0.0
fc5549eb95be3709,deval,full_Region6_s0.3,eim,ising,3.0,101,3.043,0.0,0.0
8f58185740f2a5f6,deval,full_Region7_s0,eim,ising,3.0,102,3.014,0.0,0.0
d0976ee491664e89,deval,full_Region7_s0.1,eim,ising,3.0,102,3.039,0.0,0.0
8580f90344911a91,deval,full_Region7_s0.2,eim,ising,3.0,102,3.054,0.0,0.0
90c80e96ee31e70f,deval,full_Region7_s0.3,eim,ising,3.0,102,3.012,0.0,0.0
8477a16e63baea89,deval,full_Region6_s0,eim,ising,3.0,102,3.015,0.0,0.0
ecc93013c33af1f8,deval,full_Region6_s0.1,eim,ising,3.0,102,3.029,0.0,0.0
f730360216023f65,deval,full_Region6_s0.2,eim,ising,3.0,102,3.068,0.0,0.0
fc7e71b4e17332d9,deval,full_Region6_s0.3,eim,ising,3.0,102,3.025,0.0,0.0
f97d16c6ea652509,tune,full_Region7_s0,pt,ising,10.0,2,10.017,0.0,0.0
12bf0a5c439253d8,tune,full_Region7_s0.1,pt,ising,10.0,2,10.029,0.0,0.0
78f935476dfa5d68,tune,full_Region7_s0.2,pt,ising,10.0,2,10.01,0.0,0.0
3b005fdb9a9633f0,tune,full_Region7_s0.3,pt,ising,10.0,2,10.036,0.0,0.0
2ce723c9db95de1f,tune,full_Region6_s0,pt,ising,10.0,2,10.015,0.0,0.0
77cce24962d9b8e2,tune,full_Region6_s0.1,pt,ising,10.0,2,10.013,0.0,0.0
e444c2ce9d070068,tune,full_Region6_s0.2,pt,ising,10.0,2,10.03,0.0,0.0
83403d1be617e4fb,tune,full_Region6_s0.3,pt,ising,10.0,2,10.036,0.0,0.0
bf18842df93f13a6,tune,full_Region7_s0,pt,ising,10.0,3,10.008,0.0,0.0
45ef100fc792e536,tune,full_Region7_s0.1,pt,ising,10.0,3,10.018,0.0,0.0
3095c4b7041f20a4,tune,full_Region7_s0.2,pt,ising,10.0,3,10.007,0.0,0.0
7ae7fa9f04fbbef2,tune,full_Region7_s0.3,pt,ising,10.0,3,10.01,0.0,0.0
7d8bc68bfc14eb00,tune,full_Region6_s0,pt,ising,10.0,3,10.015,0.0,0.0
c0e432cccd9cde20,tune,full_Region6_s0.1,pt,ising,10.0,3,10.009,0.0,0.0
ff39eb20f1c61246,tune,full_Region6_s0.2,pt,ising,10.0,3,10.01,0.0,0.0
561e4c0520fca2d6,tune,full_Region6_s0.3,pt,ising,10.0,3,10.017,0.0,0.0
ed4e40c29bb9edb1,deval,full_Region7_s0,eim,ising,3.0,103,3.045,0.0,0.0
a293892d11ee8eb3,deval,full_Region7_s0.1,eim,ising,3.0,103,3.015,0.0,0.0
502495fd4bcdb45e,deval,full_Region7_s0.2,eim,ising,3.0,103,3.022,0.0,0.0
9b44c25019ffc969,deval,full_Region7_s0.3,eim,ising,3.0,103,3.011,0.0,0.0
3bba490d96d5d5fc,deval,full_Region6_s0,eim,ising,3.0,103,3.008,0.0,0.0
2d619861f0c2d2b3,deval,full_Region6_s0.1,eim,ising,3.0,103,3.043,0.0,0.0
6bb1e92a1ae58a59,deval,full_Region6_s0.2,eim,ising,3.0,103,3.029,0.0,0.0
45ec36bdfa4ba48a,deval,full_Region6_s0.3,eim,ising,3.0,103,3.039,0.0,0.0
6278281d25251a8a,tune,full_Region7_s0,pt,ising,10.0,4,10.009,0.0,0.0
f9686d368475a726,tune,full_Region7_s0.1,pt,ising,10.0,4,10.01,0.0,0.0
8ec5592f9cee8973,tune,full_Region7_s0.2,pt,ising,10.0,4,10.004,0.0,0.0
1e700822099a8447,tune,full_Region7_s0.3,pt,ising,10.0,4,10.011,0.0,0.0
199a994c5a044847,tune,full_Region6_s0,pt,ising,10.0,4,10.009,0.0,0.0
7fc68b47fd23f7a2,tune,full_Region6_s0.1,pt,ising,10.0,4,10.012,0.0,0.0
4048ad8da64fbf66,tune,full_Region6_s0.2,pt,ising,10.0,4,10.007,0.0,0.0
489a266eb5de4f26,tune,full_Region6_s0.3,pt,ising,10.0,4,10.01,0.0,0.0
60467d77465caf46,deval,full_Region7_s0,sb,ising,3.0,101,2.995,0.0,0.0
3d0abb907daa41bf,deval,full_Region7_s0.1,sb,ising,3.0,101,3.015,0.0,0.0
b5ac55081b879448,deval,full_Region7_s0.2,sb,ising,3.0,101,3.381,0.0,0.0
22b8f3305faca640,deval,full_Region7_s0.3,sb,ising,3.0,101,2.933,0.0,0.0
8d4082b06080f9dd,deval,full_Region6_s0,sb,ising,3.0,101,2.909,0.0,0.0
5512dd5c227efb40,deval,full_Region6_s0.1,sb,ising,3.0,101,3.337,0.0,0.0
cbcd34a9332fae77,deval,full_Region6_s0.2,sb,ising,3.0,101,2.944,0.0,0.0
7cd3503654397ab2,deval,full_Region6_s0.3,sb,ising,3.0,101,3.171,0.0,0.0
a2ff8e6378518ea2,tune,full_Region7_s0,pt,ising,10.0,5,10.017,0.0,0.0
91617de6a2baf3d4,tune,full_Region7_s0.1,pt,ising,10.0,5,10.006,0.0,0.0
1ae78116efd82d8b,tune,full_Region7_s0.2,pt,ising,10.0,5,10.015,0.0,0.0
a84e242046ba9cae,tune,full_Region7_s0.3,pt,ising,10.0,5,10.019,0.0,0.0
d3053bc9bfd91bc7,tune,full_Region6_s0,pt,ising,10.0,5,10.012,0.0,0.0
44ec306072225d52,tune,full_Region6_s0.1,pt,ising,10.0,5,10.019,0.0,0.0
1c9729d4f04781a8,tune,full_Region6_s0.2,pt,ising,10.0,5,10.019,0.0,0.0
02c7fc29ee78ccec,tune,full_Region6_s0.3,pt,ising,10.0,5,10.013,0.0,0.0
f35f3932feb298ee,deval,full_Region7_s0,sb,ising,3.0,102,2.906,0.0,0.0
f87b78ae65fbb403,deval,full_Region7_s0.1,sb,ising,3.0,102,3.032,0.0,0.0
24c2b55aa1891d88,deval,full_Region7_s0.2,sb,ising,3.0,102,2.995,0.0,0.0
bb9123e66d36e858,deval,full_Region7_s0.3,sb,ising,3.0,102,2.987,0.0,0.0
b78108974168d221,deval,full_Region6_s0,sb,ising,3.0,102,3.016,0.0,0.0
7e8c5c11b991479f,deval,full_Region6_s0.1,sb,ising,3.0,102,2.921,0.0,0.0
9debc8b0f96750c9,deval,full_Region6_s0.2,sb,ising,3.0,102,2.997,0.0,0.0
e34d09581e0d4daf,deval,full_Region6_s0.3,sb,ising,3.0,102,2.994,0.0,0.0
e9269cec3241101d,tune,full_Region7_s0,pt,ising,10.0,6,10.079,0.0,0.0
6e6f5677f2df16bf,tune,full_Region7_s0.1,pt,ising,10.0,6,10.053,0.0,0.0
b18d44b1e5e68792,tune,full_Region7_s0.2,pt,ising,10.0,6,10.129,0.0,0.0
97e18a1d8d3b1e32,tune,full_Region7_s0.3,pt,ising,10.0,6,10.041,0.0,0.0
83d035fff6737fbc,tune,full_Region6_s0,pt,ising,10.0,6,10.073,0.0,0.0
6ecddf8fc219f2d3,tune,full_Region6_s0.1,pt,ising,10.0,6,10.083,0.0,0.0
8c391844d83af1b2,tune,full_Region6_s0.2,pt,ising,10.0,6,10.083,0.0,0.0
5ad036035d892a66,tune,full_Region6_s0.3,pt,ising,10.0,6,10.013,0.0,0.0
819db929d4eca038,deval,full_Region7_s0,sb,ising,3.0,103,2.977,0.0,0.0
e4f30c2fa4875390,deval,full_Region7_s0.1,sb,ising,3.0,103,3.006,0.0,0.0
f1c83e74c4f4b8cc,deval,full_Region7_s0.2,sb,ising,3.0,103,2.997,0.0,0.0
9fa4262d90493ce4,deval,full_Region7_s0.3,sb,ising,3.0,103,2.989,0.0,0.0
930a26956584ac41,deval,full_Region6_s0,sb,ising,3.0,103,3.012,0.0,0.0
6209a8a01bf702e0,deval,full_Region6_s0.1,sb,ising,3.0,103,3.197,0.0,0.0
91e91ccafcb14061,deval,full_Region6_s0.2,sb,ising,3.0,103,2.987,0.0,0.0
b5560c365551d998,deval,full_Region6_s0.3,sb,ising,3.0,103,3.017,0.0,0.0
5c219b17744aa87f,tune,full_Region7_s0,pt,ising,10.0,7,10.03,0.0,0.0
b51949b5a5b4f9d2,tune,full_Region7_s0.1,pt,ising,10.0,7,10.011,0.0,0.0
f3eee340f4306aec,tune,full_Region7_s0.2,pt,ising,10.0,7,10.015,0.0,0.0
c16103cd723bcb19,tune,full_Region7_s0.3,pt,ising,10.0,7,10.019,0.0,0.0
fae8ccc3d52ec3b5,tune,full_Region6_s0,pt,ising,10.0,7,10.006,0.0,0.0
14f9f96b9b225d8f,tune,full_Region6_s0.1,pt,ising,10.0,7,10.005,0.0,0.0
7c243c79874fbd54,tune,full_Region6_s0.2,pt,ising,10.0,7,10.017,0.0,0.0
9dc5cca8e84faff3,tune,full_Region6_s0.3,pt,ising,10.0,7,10.028,0.0,0.0
46cfa74cdc8a1bb0,deval,full_Region7_s0,mq,ising,3.0,101,2.909,0.0,0.0
beae685fcb7b7859,deval,full_Region7_s0.1,mq,ising,3.0,101,2.906,0.0,0.0
0617be7f0e634b26,deval,full_Region7_s0.2,mq,ising,3.0,101,2.903,0.0,0.0
751e2500cf2735f0,deval,full_Region7_s0.3,mq,ising,3.0,101,2.909,0.0,0.0
b48e6f17e5d5ae5e,deval,full_Region6_s0,mq,ising,3.0,101,2.959,0.0,0.0
bb41c692b0145758,deval,full_Region6_s0.1,mq,ising,3.0,101,2.936,0.0,0.0
d247b96cf228c0ea,deval,full_Region6_s0.2,mq,ising,3.0,101,2.929,0.0,0.0
f4e7f7fc8a55a02d,deval,full_Region6_s0.3,mq,ising,3.0,101,2.919,0.0,0.0
f6c946e0b814243b,tune,full_Region7_s0,pt,ising,10.0,8,10.03,0.0,0.0
a4363f88b1aaa7aa,tune,full_Region7_s0.1,pt,ising,10.0,8,10.008,0.0,0.0
cc7c907183297965,tune,full_Region7_s0.2,pt,ising,10.0,8,10.02,0.0,0.0
fb939c46c83afba8,tune,full_Region7_s0.3,pt,ising,10.0,8,10.032,0.0,0.0
b269dd7e1965a903,tune,full_Region6_s0,pt,ising,10.0,8,10.008,0.0,0.0
2103fe8234dc9b96,tune,full_Region6_s0.1,pt,ising,10.0,8,10.019,0.0,0.0
17511fb49ea74619,tune,full_Region6_s0.2,pt,ising,10.0,8,10.03,0.0,0.0
49c2ce00c58e4ea7,tune,full_Region6_s0.3,pt,ising,10.0,8,10.033,0.0,0.0
a651bdb34b5fe736,deval,full_Region7_s0,mq,ising,3.0,102,2.925,0.0,0.0
ee2d59ed8029b298,deval,full_Region7_s0.1,mq,ising,3.0,102,2.958,0.0,0.0
089f686e39b37686,deval,full_Region7_s0.2,mq,ising,3.0,102,2.924,0.0,0.0
ee162a0b7963a986,deval,full_Region7_s0.3,mq,ising,3.0,102,2.902,0.0,0.0
2466ad3e282deaca,deval,full_Region6_s0,mq,ising,3.0,102,2.903,0.0,0.0
9f1ceb5934584193,deval,full_Region6_s0.1,mq,ising,3.0,102,2.908,0.0,0.0
0d3f6ab97825aa16,deval,full_Region6_s0.2,mq,ising,3.0,102,2.906,0.0,0.0
7b44ab28faef2995,deval,full_Region6_s0.3,mq,ising,3.0,102,2.903,0.0,0.0
c53d70695ea19ae4,tune,full_Region7_s0,pt,ising,10.0,9,10.014,0.0,0.0
344e97d0815e50fc,tune,full_Region7_s0.1,pt,ising,10.0,9,10.01,0.0,0.0
625ae0f4adad7957,tune,full_Region7_s0.2,pt,ising,10.0,9,10.02,0.0,0.0
b58b24160880b0db,tune,full_Region7_s0.3,pt,ising,10.0,9,10.027,0.0,0.0
1c9852315bc9034c,tune,full_Region6_s0,pt,ising,10.0,9,10.019,0.0,0.0
1c9c674e208bdf60,tune,full_Region6_s0.1,pt,ising,10.0,9,10.02,0.0,0.0
4d0483c239159835,tune,full_Region6_s0.2,pt,ising,10.0,9,10.01,0.0,0.0
c7afa2204c7e3323,tune,full_Region6_s0.3,pt,ising,10.0,9,10.025,0.0,0.0
f6a6f7669ba12bfe,tune,full_Region7_s0,pt,ising,10.0,10,10.091,0.0,0.0
ff91ea4670d663ec,tune,full_Region7_s0.1,pt,ising,10.0,10,10.052,0.0,0.0
93369663a28392d7,tune,full_Region7_s0.2,pt,ising,10.0,10,10.093,0.0,0.0
f6391eb7cbd1a9b7,tune,full_Region7_s0.3,pt,ising,10.0,10,10.063,0.0,0.0
def8a1f72ad7de1c,tune,full_Region6_s0,pt,ising,10.0,10,10.097,0.0,0.0
295b0c082391ad9b,tune,full_Region6_s0.1,pt,ising,10.0,10,10.014,0.0,0.0
6aa20a656703684f,tune,full_Region6_s0.2,pt,ising,10.0,10,10.106,0.0,0.0
126949c30de10572,tune,full_Region6_s0.3,pt,ising,10.0,10,10.1,0.0,0.0
c46031b674882441,deval,full_Region7_s0,mq,ising,3.0,103,2.937,0.0,0.0
26c43c959781e4f0,deval,full_Region7_s0.1,mq,ising,3.0,103,2.915,0.0,0.0
7a075171256d828d,deval,full_Region7_s0.2,mq,ising,3.0,103,2.905,0.0,0.0
13f1db7428409403,deval,full_Region7_s0.3,mq,ising,3.0,103,2.903,0.0,0.0
1b054e8e8429eaa8,deval,full_Region6_s0,mq,ising,3.0,103,2.91,0.0,0.0
17d4bb6973b10c83,deval,full_Region6_s0.1,mq,ising,3.0,103,2.903,0.0,0.0
78208e659ca585e9,deval,full_Region6_s0.2,mq,ising,3.0,103,2.904,0.0,0.0
67dfb8ff35681580,deval,full_Region6_s0.3,mq,ising,3.0,103,2.902,0.0,0.0
8a5460fd253e65b1,tune,full_Region7_s0,pt,ising,10.0,11,10.038,0.0,0.0
275298be149c36e0,tune,full_Region7_s0.1,pt,ising,10.0,11,10.006,0.0,0.0
8fb158f7717ecc71,tune,full_Region7_s0.2,pt,ising,10.0,11,10.039,0.0,0.0
7bfb1d9a0b0eb150,tune,full_Region7_s0.3,pt,ising,10.0,11,10.005,0.0,0.0
06a3bd8fbc585522,tune,full_Region6_s0,pt,ising,10.0,11,10.006,0.0,0.0
cfaf78d1e2c8270f,tune,full_Region6_s0.1,pt,ising,10.0,11,10.029,0.0,0.0
4ac8d39dd46af672,tune,full_Region6_s0.2,pt,ising,10.0,11,10.026,0.0,0.0
da37a72fe2537108,tune,full_Region6_s0.3,pt,ising,10.0,11,10.024,0.0,0.0
0d5cf45b25c30445,deval,full_Region7_s0,lp,classical,3.0,101,0.395,0.0,0.0
ad2daaf100a1c5b0,deval,full_Region7_s0.1,lp,classical,3.0,101,0.367,0.0,0.0
6b995f9d451fe78d,deval,full_Region7_s0.2,lp,classical,3.0,101,0.252,0.0,0.0
a235201cbf244c26,deval,full_Region7_s0.3,lp,classical,3.0,101,0.719,0.0,0.0
9a973b869d67f2fc,deval,full_Region6_s0,lp,classical,3.0,101,0.868,0.0,0.0
c18029c40e1b6af4,deval,full_Region6_s0.1,lp,classical,3.0,101,0.86,0.0,0.0
e8e6f38c953a2948,deval,full_Region6_s0.2,lp,classical,3.0,101,0.866,0.0,0.0
4c8ffd7cd7bbc9f9,deval,full_Region6_s0.3,lp,classical,3.0,101,0.919,0.0,0.0
df6c77fbb0a2c456,tune,full_Region7_s0,lp,classical,10.0,0,0.528,0.0,0.0
6e2fdae74b58ff51,tune,full_Region7_s0.1,lp,classical,10.0,0,0.529,0.0,0.0
4df85ceb85b5ca5d,tune,full_Region7_s0.2,lp,classical,10.0,0,0.444,0.0,0.0
10dc0a2ca1f3074e,tune,full_Region7_s0.3,lp,classical,10.0,0,0.849,0.0,0.0
e000a978ddb1b09d,tune,full_Region6_s0,lp,classical,10.0,0,0.867,0.0,0.0
86ce7043df406fca,tune,full_Region6_s0.1,lp,classical,10.0,0,0.891,0.0,0.0
725ebdd8422d6b4c,tune,full_Region6_s0.2,lp,classical,10.0,0,0.825,0.0,0.0
f51b811bb8b9ed1d,tune,full_Region6_s0.3,lp,classical,10.0,0,0.911,0.0,0.0
59d93165f9f7837e,deval,full_Region7_s0,milp,classical,3.0,101,1.377,0.0,0.0
631300f5d622edd5,deval,full_Region7_s0.1,milp,classical,3.0,101,1.878,0.0,0.0
2280493e304f5e91,deval,full_Region7_s0.2,milp,classical,3.0,101,0.788,0.0,0.0
66a81bace7571dca,deval,full_Region7_s0.3,milp,classical,3.0,101,2.872,0.0,0.0
7e86c8d51c65a535,deval,full_Region6_s0,milp,classical,3.0,101,2.841,0.0,0.0
c55adde4d9195291,deval,full_Region6_s0.1,milp,classical,3.0,101,2.812,0.0,0.0
be4f787fb9cda566,deval,full_Region6_s0.2,milp,classical,3.0,101,2.83,0.0,0.0
68f64969b6c5f2d2,deval,full_Region6_s0.3,milp,classical,3.0,101,2.839,0.0,0.0
cc760967891050a8,tune,full_Region7_s0,lp,classical,10.0,1,0.407,0.0,0.0
dedd932f1a10b288,tune,full_Region7_s0.1,lp,classical,10.0,1,0.403,0.0,0.0
ef63d2e2f08874d5,tune,full_Region7_s0.2,lp,classical,10.0,1,0.257,0.0,0.0
ee30e9684085b3f8,tune,full_Region7_s0.3,lp,classical,10.0,1,0.756,0.0,0.0
488979adaf4e7118,tune,full_Region6_s0,lp,classical,10.0,1,0.916,0.0,0.0
ee2c830ce85abb41,tune,full_Region6_s0.1,lp,classical,10.0,1,0.857,0.0,0.0
1f9ca3d72d00c7f4,tune,full_Region6_s0.2,lp,classical,10.0,1,0.947,0.0,0.0
431cda0218dcf5d3,tune,full_Region6_s0.3,lp,classical,10.0,1,0.942,0.0,0.0
1b6513884742ca63,deval,full_Region7_s0,milp,classical,3.0,102,1.694,0.0,0.0
8ab2e0d306828c14,deval,full_Region7_s0.1,milp,classical,3.0,102,1.629,0.0,0.0
903196c1b6e561a1,deval,full_Region7_s0.2,milp,classical,3.0,102,0.916,0.0,0.0
8eea5d5dadbaf748,deval,full_Region7_s0.3,milp,classical,3.0,102,2.833,0.0,0.0
c28939959b42f1f6,deval,full_Region6_s0,milp,classical,3.0,102,2.822,0.0,0.0
963f6ec3d3dfce15,deval,full_Region6_s0.1,milp,classical,3.0,102,2.816,0.0,0.0
ad922796ea1ad08a,deval,full_Region6_s0.2,milp,classical,3.0,102,2.856,0.0,0.0
00f073f7fd27246a,deval,full_Region6_s0.3,milp,classical,3.0,102,2.854,0.0,0.0
0d97bcc47dd7e695,tune,full_Region7_s0,lp,classical,10.0,2,9.868,0.0,0.0
7bd26626fef8fecf,tune,full_Region7_s0.1,lp,classical,10.0,2,8.128,0.0,0.0
23aa552a32a5ed23,tune,full_Region7_s0.2,lp,classical,10.0,2,9.576,0.0,0.0
221aca3f4474e554,tune,full_Region7_s0.3,lp,classical,10.0,2,6.099,0.0,0.0
e6c25e62bec50aab,tune,full_Region6_s0,lp,classical,10.0,2,3.853,0.0,0.0
5be224ff81339004,tune,full_Region6_s0.1,lp,classical,10.0,2,3.266,0.0,0.0
da712229f40471ab,tune,full_Region6_s0.2,lp,classical,10.0,2,3.458,0.0,0.0
7aed8719e4f3c487,tune,full_Region6_s0.3,lp,classical,10.0,2,3.162,0.0,0.0
576c15f9b066ca14,deval,full_Region7_s0,milp,classical,3.0,103,1.862,0.0,0.0
88bc4d32a32f0dab,deval,full_Region7_s0.1,milp,classical,3.0,103,2.299,0.0,0.0
1f6ed75bc5d688f2,deval,full_Region7_s0.2,milp,classical,3.0,103,0.915,0.0,0.0
ae67adf04d9e1a5f,deval,full_Region7_s0.3,milp,classical,3.0,103,2.835,0.0,0.0
c8f6ae347ad99d92,deval,full_Region6_s0,milp,classical,3.0,103,2.829,0.0,0.0
cb7ee32e026a8e37,deval,full_Region6_s0.1,milp,classical,3.0,103,2.852,0.0,0.0
21b7d8d1a09382e2,deval,full_Region6_s0.2,milp,classical,3.0,103,3.026,0.0,0.0
1fa03b95c5d8140b,deval,full_Region6_s0.3,milp,classical,3.0,103,2.847,0.0,0.0
9c599d48796ef763,tune,full_Region7_s0,lp,classical,10.0,3,0.36,0.0,0.0
609cd2717bad540c,tune,full_Region7_s0.1,lp,classical,10.0,3,0.373,0.0,0.0
afca1c44e748086a,tune,full_Region7_s0.2,lp,classical,10.0,3,0.252,0.0,0.0
b72201f98d430cbc,tune,full_Region7_s0.3,lp,classical,10.0,3,0.768,0.0,0.0
c91eac2d67a709fc,tune,full_Region6_s0,lp,classical,10.0,3,0.849,0.0,0.0
026ca8d81c44be34,tune,full_Region6_s0.1,lp,classical,10.0,3,0.818,0.0,0.0
4d79e7ac3493b824,tune,full_Region6_s0.2,lp,classical,10.0,3,0.838,0.0,0.0
0a9802bb2d749820,tune,full_Region6_s0.3,lp,classical,10.0,3,0.76,0.0,0.0
8d1098950005f1fa,deval,full_Region7_s0,cpsat,classical,3.0,101,2.313,0.0,0.0
8bdc783eaab438e4,deval,full_Region7_s0.1,cpsat,classical,3.0,101,2.197,0.0,0.0
4b54b088dd112672,deval,full_Region7_s0.2,cpsat,classical,3.0,101,2.055,0.0,0.0
bc0b37602f1bbb60,deval,full_Region7_s0.3,cpsat,classical,3.0,101,2.93,0.0,0.0
76e0209d8f0537bf,deval,full_Region6_s0,cpsat,classical,3.0,101,2.935,0.0,0.0
3ea73a41a96542e0,deval,full_Region6_s0.1,cpsat,classical,3.0,101,2.936,0.0,0.0
d33a82c239649309,deval,full_Region6_s0.2,cpsat,classical,3.0,101,2.934,0.0,0.0
b625a0cc833d2a00,deval,full_Region6_s0.3,cpsat,classical,3.0,101,2.935,0.0,0.0
c371344e912a8765,tune,full_Region7_s0,lp,classical,10.0,4,9.098,0.0,0.0
99bde68f22000bc3,tune,full_Region7_s0.1,lp,classical,10.0,4,7.67,0.0,0.0
c42acaef4721e3b1,tune,full_Region7_s0.2,lp,classical,10.0,4,9.512,0.0,0.0
55cb25f04735a815,tune,full_Region7_s0.3,lp,classical,10.0,4,6.037,0.0,0.0
713949c7745577ad,tune,full_Region6_s0,lp,classical,10.0,4,3.862,0.0,0.0
35462c9adc6f2c51,tune,full_Region6_s0.1,lp,classical,10.0,4,3.317,0.0,0.0
78662a5f1e5b161c,tune,full_Region6_s0.2,lp,classical,10.0,4,3.438,0.0,0.0
4ce585d68fdc164a,tune,full_Region6_s0.3,lp,classical,10.0,4,3.153,0.0,0.0
81a9cef6c0c1d8fe,deval,full_Region7_s0,cpsat,classical,3.0,102,2.203,0.0,0.0
1c6a8e630decdac3,deval,full_Region7_s0.1,cpsat,classical,3.0,102,2.311,0.0,0.0
73e0434e5873884d,deval,full_Region7_s0.2,cpsat,classical,3.0,102,2.014,0.0,0.0
708a8d0e1b3e8a4c,deval,full_Region7_s0.3,cpsat,classical,3.0,102,2.94,0.0,0.0
4df9ee99f034e46c,deval,full_Region6_s0,cpsat,classical,3.0,102,2.946,0.0,0.0
b2f30d419e16b71c,deval,full_Region6_s0.1,cpsat,classical,3.0,102,2.934,0.0,0.0
6e79cd904095d2c2,deval,full_Region6_s0.2,cpsat,classical,3.0,102,2.941,0.0,0.0
8a08c6eb41441618,deval,full_Region6_s0.3,cpsat,classical,3.0,102,2.942,0.0,0.0
959423c9e955a01d,tune,full_Region7_s0,lp,classical,10.0,5,0.426,0.0,0.0
1d9c1e19feeb62de,tune,full_Region7_s0.1,lp,classical,10.0,5,0.358,0.0,0.0
f3daa726bbe0e3a1,tune,full_Region7_s0.2,lp,classical,10.0,5,0.263,0.0,0.0
fb25b21f049672dc,tune,full_Region7_s0.3,lp,classical,10.0,5,0.805,0.0,0.0
838879fc567e8b05,tune,full_Region6_s0,lp,classical,10.0,5,0.984,0.0,0.0
81994720023e26be,tune,full_Region6_s0.1,lp,classical,10.0,5,0.807,0.0,0.0
02aa86224dd59e19,tune,full_Region6_s0.2,lp,classical,10.0,5,0.847,0.0,0.0
5ed25ccebdf256fb,tune,full_Region6_s0.3,lp,classical,10.0,5,0.809,0.0,0.0
63dce4923ed9e799,deval,full_Region7_s0,cpsat,classical,3.0,103,2.169,0.0,0.0
1d1aaf050a81afa1,deval,full_Region7_s0.1,cpsat,classical,3.0,103,2.19,0.0,0.0
ea9ca1355aca5d74,deval,full_Region7_s0.2,cpsat,classical,3.0,103,2.036,0.0,0.0
a61380bcb7b05a8f,deval,full_Region7_s0.3,cpsat,classical,3.0,103,2.938,0.0,0.0
59b25465022f157e,deval,full_Region6_s0,cpsat,classical,3.0,103,2.937,0.0,0.0
6cc7b80c3c3b5d86,deval,full_Region6_s0.1,cpsat,classical,3.0,103,2.931,0.0,0.0
5ea6dd2ba15e971b,deval,full_Region6_s0.2,cpsat,classical,3.0,103,2.935,0.0,0.0
bf09e3a6cedb2032,deval,full_Region6_s0.3,cpsat,classical,3.0,103,2.934,0.0,0.0
35be2409ad7bcbdf,tune,full_Region7_s0,lp,classical,10.0,6,0.584,0.0,0.0
73d383421d1d6b9a,tune,full_Region7_s0.1,lp,classical,10.0,6,0.435,0.0,0.0
58974dd5695d27a6,tune,full_Region7_s0.2,lp,classical,10.0,6,0.258,0.0,0.0
f00457c257c7974c,tune,full_Region7_s0.3,lp,classical,10.0,6,0.772,0.0,0.0
eca3478a4e55d86a,tune,full_Region6_s0,lp,classical,10.0,6,0.977,0.0,0.0
eba52c1fccdfd852,tune,full_Region6_s0.1,lp,classical,10.0,6,0.785,0.0,0.0
04da4da1053c9d65,tune,full_Region6_s0.2,lp,classical,10.0,6,0.82,0.0,0.0
f506d0f716a557c7,tune,full_Region6_s0.3,lp,classical,10.0,6,0.733,0.0,0.0
eb49eedeb58e23f2,deval,full_Region7_s0,ls,classical,3.0,101,3.028,0.0,0.0
e0f6832f66ad4aef,deval,full_Region7_s0.1,ls,classical,3.0,101,3.018,0.0,0.0
43031f89dc85d0b5,deval,full_Region7_s0.2,ls,classical,3.0,101,3.044,0.0,0.0
3d8cce17ee50675d,deval,full_Region7_s0.3,ls,classical,3.0,101,3.014,0.0,0.0
02a0c535972e50dc,deval,full_Region6_s0,ls,classical,3.0,101,3.022,0.0,0.0
7d662aec09c42f06,deval,full_Region6_s0.1,ls,classical,3.0,101,3.013,0.0,0.0
2b7858c17b0099f1,deval,full_Region6_s0.2,ls,classical,3.0,101,3.013,0.0,0.0
adcaa61714f3025a,deval,full_Region6_s0.3,ls,classical,3.0,101,3.015,0.0,0.0
7d8298679469731b,tune,full_Region7_s0,lp,classical,10.0,7,10.045,0.0,0.0
12e15b8d5bea2a58,tune,full_Region7_s0.1,lp,classical,10.0,7,8.891,0.0,0.0
c7ce39a7d40c7eaa,tune,full_Region7_s0.2,lp,classical,10.0,7,9.602,0.0,0.0
7824330de542314b,tune,full_Region7_s0.3,lp,classical,10.0,7,6.106,0.0,0.0
77a0259fcfa2c7c9,tune,full_Region6_s0,lp,classical,10.0,7,3.906,0.0,0.0
fe98325bba4fd70a,tune,full_Region6_s0.1,lp,classical,10.0,7,3.329,0.0,0.0
8b3e261338601512,tune,full_Region6_s0.2,lp,classical,10.0,7,3.508,0.0,0.0
242bffe72353b185,tune,full_Region6_s0.3,lp,classical,10.0,7,3.078,0.0,0.0
cb7e39ee5c2ce2c6,deval,full_Region7_s0,ls,classical,3.0,102,3.019,0.0,0.0
b4bdb5ae856c70ec,deval,full_Region7_s0.1,ls,classical,3.0,102,3.016,0.0,0.0
44e1004e1b55e064,deval,full_Region7_s0.2,ls,classical,3.0,102,3.033,0.0,0.0
3e417673c3e8a0d5,deval,full_Region7_s0.3,ls,classical,3.0,102,3.016,0.0,0.0
056a0be5b62856ac,deval,full_Region6_s0,ls,classical,3.0,102,3.005,0.0,0.0
a8fd92171f1dc4cc,deval,full_Region6_s0.1,ls,classical,3.0,102,3.008,0.0,0.0
0e3a1d18fa249a27,deval,full_Region6_s0.2,ls,classical,3.0,102,3.014,0.0,0.0
8363a02de1164fd7,deval,full_Region6_s0.3,ls,classical,3.0,102,3.019,0.0,0.0
f5f283800486819a,tune,full_Region7_s0,lp,classical,10.0,8,0.457,0.0,0.0
b9e3a35eb44f41ce,tune,full_Region7_s0.1,lp,classical,10.0,8,0.357,0.0,0.0
8135916d9f9a2983,tune,full_Region7_s0.2,lp,classical,10.0,8,0.357,0.0,0.0
e53d344e5baa9daa,tune,full_Region7_s0.3,lp,classical,10.0,8,0.832,0.0,0.0
1336176fe92edbf2,tune,full_Region6_s0,lp,classical,10.0,8,0.869,0.0,0.0
d9e7dd62362f6f35,tune,full_Region6_s0.1,lp,classical,10.0,8,0.911,0.0,0.0
101273f24711ed5f,tune,full_Region6_s0.2,lp,classical,10.0,8,0.859,0.0,0.0
4c3051ead1fc4fc6,tune,full_Region6_s0.3,lp,classical,10.0,8,0.901,0.0,0.0
fca63efa40edb829,deval,full_Region7_s0,ls,classical,3.0,103,3.02,0.0,0.0
3dceee4f047a7b54,deval,full_Region7_s0.1,ls,classical,3.0,103,3.024,0.0,0.0
3f6427d3bb31f858,deval,full_Region7_s0.2,ls,classical,3.0,103,3.008,0.0,0.0
7ebd557ef86b4604,deval,full_Region7_s0.3,ls,classical,3.0,103,3.023,0.0,0.0
57a7b39a45cec403,deval,full_Region6_s0,ls,classical,3.0,103,3.026,0.0,0.0
9cf5bd61f0c7072e,deval,full_Region6_s0.1,ls,classical,3.0,103,3.005,0.0,0.0
418e4e434aebe5f2,deval,full_Region6_s0.2,ls,classical,3.0,103,3.029,0.0,0.0
6950b7f67e1f76a6,deval,full_Region6_s0.3,ls,classical,3.0,103,3.027,0.0,0.0
5ee73024a6a5cd38,tune,full_Region7_s0,lp,classical,10.0,9,0.325,0.0,0.0
0e313643216ec77d,tune,full_Region7_s0.1,lp,classical,10.0,9,0.317,0.0,0.0
d205f48e271f5aae,tune,full_Region7_s0.2,lp,classical,10.0,9,0.226,0.0,0.0
494fad6a43dcff50,tune,full_Region7_s0.3,lp,classical,10.0,9,0.751,0.0,0.0
7a1c8cb29cb2ce3d,tune,full_Region6_s0,lp,classical,10.0,9,0.8,0.0,0.0
155541448a99b541,tune,full_Region6_s0.1,lp,classical,10.0,9,0.802,0.0,0.0
ac472d38ef11513d,tune,full_Region6_s0.2,lp,classical,10.0,9,0.807,0.0,0.0
963ff92905a2531a,tune,full_Region6_s0.3,lp,classical,10.0,9,0.858,0.0,0.0
cea88a712a8c74fe,deval,full_Region7_s0,greedy,classical,3.0,101,0.167,0.0,0.0
27b77b1783a70eb3,deval,full_Region7_s0.1,greedy,classical,3.0,101,0.111,0.0,0.0
7d74af9ee8d70f16,deval,full_Region7_s0.2,greedy,classical,3.0,101,0.172,0.0,0.0
81ea5f8dc1635c8f,deval,full_Region7_s0.3,greedy,classical,3.0,101,0.124,0.0,0.0
8e3a41bbab56a4e1,deval,full_Region6_s0,greedy,classical,3.0,101,0.081,0.0,0.0
58642d8d3c58ede0,deval,full_Region6_s0.1,greedy,classical,3.0,101,0.11,0.0,0.0
ece610cc5cb92215,deval,full_Region6_s0.2,greedy,classical,3.0,101,0.101,0.0,0.0
655ff43af02afe60,deval,full_Region6_s0.3,greedy,classical,3.0,101,0.101,0.0,0.0
0fe2a44b6e774e75,tune,full_Region7_s0,lp,classical,10.0,10,7.718,0.0,0.0
e49279321780f9d9,tune,full_Region7_s0.1,lp,classical,10.0,10,8.293,0.0,0.0
61e7c2d60b5b687b,tune,full_Region7_s0.2,lp,classical,10.0,10,9.476,0.0,0.0
4b64402a753d8e15,tune,full_Region7_s0.3,lp,classical,10.0,10,6.031,0.0,0.0
8ef317ea3fa20ab5,tune,full_Region6_s0,lp,classical,10.0,10,3.816,0.0,0.0
bd4550550a8b33f7,tune,full_Region6_s0.1,lp,classical,10.0,10,3.081,0.0,0.0
d24aed176abecc51,tune,full_Region6_s0.2,lp,classical,10.0,10,3.423,0.0,0.0
64ac5864c27cd334,tune,full_Region6_s0.3,lp,classical,10.0,10,3.216,0.0,0.0
b9ee15c709accc64,deval,full_Region7_s0,pgreedy,classical,3.0,101,0.185,0.0,0.0
196c8fad426a632e,deval,full_Region7_s0.1,pgreedy,classical,3.0,101,0.141,0.0,0.0
956546d6712e24ef,deval,full_Region7_s0.2,pgreedy,classical,3.0,101,0.084,0.0,0.0
4294985c52ce8d97,deval,full_Region7_s0.3,pgreedy,classical,3.0,101,0.07,0.0,0.0
86139a55a4cc7119,deval,full_Region6_s0,pgreedy,classical,3.0,101,0.09,0.0,0.0
f2f76bb05ae03bef,deval,full_Region6_s0.1,pgreedy,classical,3.0,101,0.074,0.0,0.0
7d3470e0f550ce7a,deval,full_Region6_s0.2,pgreedy,classical,3.0,101,0.062,0.0,0.0
6c25eb07e3e597bd,deval,full_Region6_s0.3,pgreedy,classical,3.0,101,0.083,0.0,0.0
e685f7ffa3b8dc2f,tune,full_Region7_s0,lp,classical,10.0,11,8.843,0.0,0.0
d895286a0ec27f7b,tune,full_Region7_s0.1,lp,classical,10.0,11,7.939,0.0,0.0
177c1dabcae65725,tune,full_Region7_s0.2,lp,classical,10.0,11,9.389,0.0,0.0
5c575db708fa40dd,tune,full_Region7_s0.3,lp,classical,10.0,11,5.997,0.0,0.0
c0c7c6bc9c7b61e4,tune,full_Region6_s0,lp,classical,10.0,11,3.824,0.0,0.0
2a88ec8d733b5def,tune,full_Region6_s0.1,lp,classical,10.0,11,3.126,0.0,0.0
8a60c40cc8ba7203,tune,full_Region6_s0.2,lp,classical,10.0,11,3.388,0.0,0.0
693fe8af27e6beda,tune,full_Region6_s0.3,lp,classical,10.0,11,3.151,0.0,0.0
ace4a0b71c5eb3aa,deval_hl,full_Region7_s0,pt,ising,3.0,101,3.03,0.0,0.0
e137ca46b5708c4c,deval_hl,full_Region7_s0.1,pt,ising,3.0,101,3.122,0.0,0.0
5b1cde1a95d5ac4c,deval_hl,full_Region7_s0.2,pt,ising,3.0,101,3.099,0.0,0.0
19b32daf2215a595,deval_hl,full_Region7_s0.3,pt,ising,3.0,101,3.143,0.0,0.0
8aec73e384fa513b,deval_hl,full_Region6_s0,pt,ising,3.0,101,3.039,0.0,0.0
e1a3c46911e41487,deval_hl,full_Region6_s0.1,pt,ising,3.0,101,3.155,0.0,0.0
8ed022c0f530ad64,deval_hl,full_Region6_s0.2,pt,ising,3.0,101,3.057,0.0,0.0
e953187df4aa5230,deval_hl,full_Region6_s0.3,pt,ising,3.0,101,3.037,0.0,0.0
938181524c5ccda7,tune,full_Region7_s0,eim,ising,10.0,0,10.025,0.0,0.0
8a8afcdcc05985a2,tune,full_Region7_s0.1,eim,ising,10.0,0,10.035,0.0,0.0
9287da57686e488c,tune,full_Region7_s0.2,eim,ising,10.0,0,10.031,0.0,0.0
6c701955faebd9a8,tune,full_Region7_s0.3,eim,ising,10.0,0,10.034,0.0,0.0
71b7197ec2de138f,tune,full_Region6_s0,eim,ising,10.0,0,10.039,0.0,0.0
8878cc3db66caaea,tune,full_Region6_s0.1,eim,ising,10.0,0,10.012,0.0,0.0
65f9badd3a4440fa,tune,full_Region6_s0.2,eim,ising,10.0,0,10.052,0.0,0.0
cd30e8bb02a800ea,tune,full_Region6_s0.3,eim,ising,10.0,0,10.05,0.0,0.0
d9379577e71e20da,deval_hl,full_Region7_s0,pt,ising,3.0,102,3.151,0.0,0.0
c0d8ae2a6a0c4b1f,deval_hl,full_Region7_s0.1,pt,ising,3.0,102,3.157,0.0,0.0
a8ee9b13445a96a4,deval_hl,full_Region7_s0.2,pt,ising,3.0,102,3.034,0.0,0.0
37cef0ed067e12f1,deval_hl,full_Region7_s0.3,pt,ising,3.0,102,3.053,0.0,0.0
95fb391996a0a559,deval_hl,full_Region6_s0,pt,ising,3.0,102,2.981,0.0,0.0
57c4346a4ed58e6f,deval_hl,full_Region6_s0.1,pt,ising,3.0,102,3.079,0.0,0.0
870434ab01190c0c,deval_hl,full_Region6_s0.2,pt,ising,3.0,102,3.127,0.0,0.0
0587b04c93421436,deval_hl,full_Region6_s0.3,pt,ising,3.0,102,3.13,0.0,0.0
a2069a9e28f9a61a,tune,full_Region7_s0,eim,ising,10.0,1,10.082,0.0,0.0
a3a7c36f23532dd1,tune,full_Region7_s0.1,eim,ising,10.0,1,10.406,0.0,0.0
0ac301d5c094970d,tune,full_Region7_s0.2,eim,ising,10.0,1,10.442,0.0,0.0
c6d7dffaba6af5fb,tune,full_Region7_s0.3,eim,ising,10.0,1,10.943,0.0,0.0
42f054d449225349,tune,full_Region6_s0,eim,ising,10.0,1,10.177,0.0,0.0
a182b082bb4a9025,tune,full_Region6_s0.1,eim,ising,10.0,1,10.159,0.0,0.0
a6e2a61d17856a03,tune,full_Region6_s0.2,eim,ising,10.0,1,10.462,0.0,0.0
924610ca2f065471,tune,full_Region6_s0.3,eim,ising,10.0,1,10.347,0.0,0.0
b6686628b61c99f1,deval_hl,full_Region7_s0,pt,ising,3.0,103,3.135,0.0,0.0
b0f3efcb240e8f60,deval_hl,full_Region7_s0.1,pt,ising,3.0,103,3.074,0.0,0.0
42dd6800d52eea02,deval_hl,full_Region7_s0.2,pt,ising,3.0,103,3.095,0.0,0.0
008f02b1682d5ac2,deval_hl,full_Region7_s0.3,pt,ising,3.0,103,3.161,0.0,0.0
ac88e4d2c17c71ce,deval_hl,full_Region6_s0,pt,ising,3.0,103,2.986,0.0,0.0
58709b1500f3fcce,deval_hl,full_Region6_s0.1,pt,ising,3.0,103,3.112,0.0,0.0
45d619f941b79075,deval_hl,full_Region6_s0.2,pt,ising,3.0,103,3.017,0.0,0.0
c03fcc5d9d916b06,deval_hl,full_Region6_s0.3,pt,ising,3.0,103,3.059,0.0,0.0
cb086339a40c02b7,tune,full_Region7_s0,eim,ising,10.0,2,10.046,0.0,0.0
4f58414f3a3193e0,tune,full_Region7_s0.1,eim,ising,10.0,2,10.007,0.0,0.0
1af409cbf7c5bdd7,tune,full_Region7_s0.2,eim,ising,10.0,2,10.015,0.0,0.0
bbd9211a3f3173e4,tune,full_Region7_s0.3,eim,ising,10.0,2,10.007,0.0,0.0
83f7ee26cf0a15b4,tune,full_Region6_s0,eim,ising,10.0,2,10.055,0.0,0.0
fd202c0d9abe99eb,tune,full_Region6_s0.1,eim,ising,10.0,2,10.038,0.0,0.0
5cf60b416ae2e373,tune,full_Region6_s0.2,eim,ising,10.0,2,10.034,0.0,0.0
15fb997894db22ba,tune,full_Region6_s0.3,eim,ising,10.0,2,10.021,0.0,0.0
920b0dbb23e69d0d,deval_hl,full_Region7_s0,eim,ising,3.0,101,3.008,0.0,0.0
589b00a7fab3c875,deval_hl,full_Region7_s0.1,eim,ising,3.0,101,3.026,0.0,0.0
b9c25c5b3362236d,deval_hl,full_Region7_s0.2,eim,ising,3.0,101,3.036,0.0,0.0
0a3d25250919c213,deval_hl,full_Region7_s0.3,eim,ising,3.0,101,3.029,0.0,0.0
96be3c590726c6ca,deval_hl,full_Region6_s0,eim,ising,3.0,101,3.012,0.0,0.0
8c01eadda1b3c6b4,deval_hl,full_Region6_s0.1,eim,ising,3.0,101,3.04,0.0,0.0
2929d2fa22b0bd1a,deval_hl,full_Region6_s0.2,eim,ising,3.0,101,2.987,0.0,0.0
c08efedf19169f7d,deval_hl,full_Region6_s0.3,eim,ising,3.0,101,3.02,0.0,0.0
102c68dd8f7987c8,tune,full_Region7_s0,eim,ising,10.0,3,10.044,0.0,0.0
8b64bc38a2a83fcb,tune,full_Region7_s0.1,eim,ising,10.0,3,10.093,0.0,0.0
b92b50f355b043df,tune,full_Region7_s0.2,eim,ising,10.0,3,10.01,0.0,0.0
2c2c244ef1935d9e,tune,full_Region7_s0.3,eim,ising,10.0,3,10.022,0.0,0.0
683224e1a29fde53,tune,full_Region6_s0,eim,ising,10.0,3,10.079,0.0,0.0
f49b8b0658e49342,tune,full_Region6_s0.1,eim,ising,10.0,3,10.024,0.0,0.0
9411557c1a3d3e57,tune,full_Region6_s0.2,eim,ising,10.0,3,10.04,0.0,0.0
0b7b04d170307199,tune,full_Region6_s0.3,eim,ising,10.0,3,10.108,0.0,0.0
28573f2d0f1197bf,deval_hl,full_Region7_s0,eim,ising,3.0,102,3.021,0.0,0.0
2ffdb4371492a578,deval_hl,full_Region7_s0.1,eim,ising,3.0,102,3.035,0.0,0.0
88d70ed4f839f10f,deval_hl,full_Region7_s0.2,eim,ising,3.0,102,3.027,0.0,0.0
a61016cb1740d8bf,deval_hl,full_Region7_s0.3,eim,ising,3.0,102,3.064,0.0,0.0
b7865c144a04e4a0,deval_hl,full_Region6_s0,eim,ising,3.0,102,3.026,0.0,0.0
2b9036218ee428ce,deval_hl,full_Region6_s0.1,eim,ising,3.0,102,3.032,0.0,0.0
9630f40b77139769,deval_hl,full_Region6_s0.2,eim,ising,3.0,102,3.051,0.0,0.0
8b891214414ca484,deval_hl,full_Region6_s0.3,eim,ising,3.0,102,3.063,0.0,0.0
dd08db97f2cd048f,tune,full_Region7_s0,eim,ising,10.0,4,10.113,0.0,0.0
5b498a070b8f4e3e,tune,full_Region7_s0.1,eim,ising,10.0,4,10.085,0.0,0.0
8948381ee85fcbb1,tune,full_Region7_s0.2,eim,ising,10.0,4,10.078,0.0,0.0
2783066f348b650d,tune,full_Region7_s0.3,eim,ising,10.0,4,10.105,0.0,0.0
90f40c23f5962674,tune,full_Region6_s0,eim,ising,10.0,4,10.03,0.0,0.0
5eb3cb64a0055daf,tune,full_Region6_s0.1,eim,ising,10.0,4,10.126,0.0,0.0
5c5ac5d1796d65a2,tune,full_Region6_s0.2,eim,ising,10.0,4,10.067,0.0,0.0
da346d1291505639,tune,full_Region6_s0.3,eim,ising,10.0,4,10.091,0.0,0.0
d66199c21ff43ad9,deval_hl,full_Region7_s0,eim,ising,3.0,103,3.008,0.0,0.0
a414a20eecb13c0a,deval_hl,full_Region7_s0.1,eim,ising,3.0,103,3.016,0.0,0.0
0dc0a3c216d7d11f,deval_hl,full_Region7_s0.2,eim,ising,3.0,103,3.043,0.0,0.0
bce7325f7f5c8557,deval_hl,full_Region7_s0.3,eim,ising,3.0,103,3.039,0.0,0.0
1cd1b4217905b1ca,deval_hl,full_Region6_s0,eim,ising,3.0,103,3.056,0.0,0.0
1c0c8641eeb2f2d2,deval_hl,full_Region6_s0.1,eim,ising,3.0,103,3.031,0.0,0.0
83d96431143bf2c4,deval_hl,full_Region6_s0.2,eim,ising,3.0,103,3.021,0.0,0.0
b1325466bcef1bfd,deval_hl,full_Region6_s0.3,eim,ising,3.0,103,3.054,0.0,0.0
48c4cc666e55ba1a,tune,full_Region7_s0,eim,ising,10.0,5,10.016,0.0,0.0
ef90b7490bfb7ebc,tune,full_Region7_s0.1,eim,ising,10.0,5,10.112,0.0,0.0
52144a3481a71d1d,tune,full_Region7_s0.2,eim,ising,10.0,5,10.065,0.0,0.0
9203d8b88680ef75,tune,full_Region7_s0.3,eim,ising,10.0,5,10.167,0.0,0.0
658915ac0b178c9a,tune,full_Region6_s0,eim,ising,10.0,5,10.18,0.0,0.0
8940c34226de952a,tune,full_Region6_s0.1,eim,ising,10.0,5,10.108,0.0,0.0
1382e8d74befe777,tune,full_Region6_s0.2,eim,ising,10.0,5,10.023,0.0,0.0
92494462d90e41ce,tune,full_Region6_s0.3,eim,ising,10.0,5,10.013,0.0,0.0
8cf89e6be7d06dff,deval_hl,full_Region7_s0,sb,ising,3.0,101,3.015,0.0,0.0
d8e40bd873e5cf21,deval_hl,full_Region7_s0.1,sb,ising,3.0,101,2.93,0.0,0.0
c7824c088298f5bb,deval_hl,full_Region7_s0.2,sb,ising,3.0,101,2.987,0.0,0.0
47c8de2e23d991a7,deval_hl,full_Region7_s0.3,sb,ising,3.0,101,3.018,0.0,0.0
0cb1040f5d582cf2,deval_hl,full_Region6_s0,sb,ising,3.0,101,3.024,0.0,0.0
41016e8c316ee695,deval_hl,full_Region6_s0.1,sb,ising,3.0,101,3.012,0.0,0.0
a0b17c303459f832,deval_hl,full_Region6_s0.2,sb,ising,3.0,101,3.033,0.0,0.0
50f392a9163348c3,deval_hl,full_Region6_s0.3,sb,ising,3.0,101,2.992,0.0,0.0
3fe87e108dc4ffaf,tune,full_Region7_s0,eim,ising,10.0,6,10.01,0.0,0.0
8929b46432c45436,tune,full_Region7_s0.1,eim,ising,10.0,6,10.008,0.0,0.0
275d0d56cdc6d11f,tune,full_Region7_s0.2,eim,ising,10.0,6,10.007,0.0,0.0
bda729845a401828,tune,full_Region7_s0.3,eim,ising,10.0,6,10.015,0.0,0.0
839ba721210fb37d,tune,full_Region6_s0,eim,ising,10.0,6,10.017,0.0,0.0
0f199b5ae9275d74,tune,full_Region6_s0.1,eim,ising,10.0,6,10.007,0.0,0.0
f14dae4295255d07,tune,full_Region6_s0.2,eim,ising,10.0,6,10.011,0.0,0.0
8daf7db8fc1488d0,tune,full_Region6_s0.3,eim,ising,10.0,6,10.012,0.0,0.0
04b5b8b457070650,deval_hl,full_Region7_s0,sb,ising,3.0,102,3.003,0.0,0.0
0c5d32558ea259ba,deval_hl,full_Region7_s0.1,sb,ising,3.0,102,2.99,0.0,0.0
e86c8bcd1d066905,deval_hl,full_Region7_s0.2,sb,ising,3.0,102,2.972,0.0,0.0
ea44b324b8cd3608,deval_hl,full_Region7_s0.3,sb,ising,3.0,102,3.004,0.0,0.0
4a6362fad97dc5a0,deval_hl,full_Region6_s0,sb,ising,3.0,102,2.997,0.0,0.0
065b56c806b80b8a,deval_hl,full_Region6_s0.1,sb,ising,3.0,102,3.012,0.0,0.0
dcd37de10c40c2ed,deval_hl,full_Region6_s0.2,sb,ising,3.0,102,2.996,0.0,0.0
7ea059db20384c6e,deval_hl,full_Region6_s0.3,sb,ising,3.0,102,3.02,0.0,0.0
08f0a94ba94ba31b,tune,full_Region7_s0,eim,ising,10.0,7,10.026,0.0,0.0
c1c354824fdada31,tune,full_Region7_s0.1,eim,ising,10.0,7,10.046,0.0,0.0
d82be418e1d0acf1,tune,full_Region7_s0.2,eim,ising,10.0,7,10.076,0.0,0.0
0e54a9f18b23c3fe,tune,full_Region7_s0.3,eim,ising,10.0,7,10.009,0.0,0.0
7e583be4104c76f7,tune,full_Region6_s0,eim,ising,10.0,7,10.022,0.0,0.0
c985b275e512a738,tune,full_Region6_s0.1,eim,ising,10.0,7,10.013,0.0,0.0
ef8bc4d3b021db6e,tune,full_Region6_s0.2,eim,ising,10.0,7,10.041,0.0,0.0
23c0474f44c00d0c,tune,full_Region6_s0.3,eim,ising,10.0,7,10.072,0.0,0.0
2447ffe23b7a80a8,deval_hl,full_Region7_s0,sb,ising,3.0,103,2.992,0.0,0.0
46e0283afd8a26e7,deval_hl,full_Region7_s0.1,sb,ising,3.0,103,3.019,0.0,0.0
3c47d68f0d70cf22,deval_hl,full_Region7_s0.2,sb,ising,3.0,103,3.024,0.0,0.0
5c1363eef21dbc6f,deval_hl,full_Region7_s0.3,sb,ising,3.0,103,3.0,0.0,0.0
5f9f251bf5baf258,deval_hl,full_Region6_s0,sb,ising,3.0,103,3.005,0.0,0.0
a5b22c1c3cba8014,deval_hl,full_Region6_s0.1,sb,ising,3.0,103,3.011,0.0,0.0
f785df6e7b2060c7,deval_hl,full_Region6_s0.2,sb,ising,3.0,103,3.004,0.0,0.0
7c57706006dff614,deval_hl,full_Region6_s0.3,sb,ising,3.0,103,3.025,0.0,0.0
e2ff2ea3a2eec1cf,tune,full_Region7_s0,eim,ising,10.0,8,10.071,0.0,0.0
5de9cbb85a22b134,tune,full_Region7_s0.1,eim,ising,10.0,8,10.033,0.0,0.0
f09e9c2bc7294cc2,tune,full_Region7_s0.2,eim,ising,10.0,8,10.05,0.0,0.0
3895096e0a2a356a,tune,full_Region7_s0.3,eim,ising,10.0,8,10.005,0.0,0.0
8d13cd938d2a98fd,tune,full_Region6_s0,eim,ising,10.0,8,10.029,0.0,0.0
75b1b5e400b76c9c,tune,full_Region6_s0.1,eim,ising,10.0,8,10.012,0.0,0.0
88711c227a04c1fa,tune,full_Region6_s0.2,eim,ising,10.0,8,10.02,0.0,0.0
9f74cebe7ada784c,tune,full_Region6_s0.3,eim,ising,10.0,8,10.044,0.0,0.0
34ae95bbf391d9d9,deval_hl,full_Region7_s0,mq,ising,3.0,101,2.904,0.0,0.0
d7d7e1cdcbb2e5ea,deval_hl,full_Region7_s0.1,mq,ising,3.0,101,2.901,0.0,0.0
eb928176df51b52a,deval_hl,full_Region7_s0.2,mq,ising,3.0,101,2.906,0.0,0.0
b00408a033e779f8,deval_hl,full_Region7_s0.3,mq,ising,3.0,101,2.907,0.0,0.0
bd4a620bf8974c68,deval_hl,full_Region6_s0,mq,ising,3.0,101,2.902,0.0,0.0
27f75130819c107f,deval_hl,full_Region6_s0.1,mq,ising,3.0,101,2.904,0.0,0.0
720f45a9d6e8e9d2,deval_hl,full_Region6_s0.2,mq,ising,3.0,101,2.91,0.0,0.0
9fa0c5468765dbf9,deval_hl,full_Region6_s0.3,mq,ising,3.0,101,2.901,0.0,0.0
e7a1b82b392ffe10,tune,full_Region7_s0,eim,ising,10.0,9,10.135,0.0,0.0
36de2ba8cc6af580,tune,full_Region7_s0.1,eim,ising,10.0,9,10.155,0.0,0.0
11bc91c05a61c494,tune,full_Region7_s0.2,eim,ising,10.0,9,10.012,0.0,0.0
549667ad06b3a34d,tune,full_Region7_s0.3,eim,ising,10.0,9,10.094,0.0,0.0
7e1f6b6a4e6104f2,tune,full_Region6_s0,eim,ising,10.0,9,10.025,0.0,0.0
a6534287e0c1d814,tune,full_Region6_s0.1,eim,ising,10.0,9,10.131,0.0,0.0
1bf15d6148f20152,tune,full_Region6_s0.2,eim,ising,10.0,9,10.034,0.0,0.0
93628c74852259d8,tune,full_Region6_s0.3,eim,ising,10.0,9,10.036,0.0,0.0
5d9bd5804d1c816c,deval_hl,full_Region7_s0,mq,ising,3.0,102,2.906,0.0,0.0
3ba8a2ef65d6799d,deval_hl,full_Region7_s0.1,mq,ising,3.0,102,2.903,0.0,0.0
0644340132bfe983,deval_hl,full_Region7_s0.2,mq,ising,3.0,102,2.902,0.0,0.0
bb7e11169466ba7f,deval_hl,full_Region7_s0.3,mq,ising,3.0,102,2.901,0.0,0.0
3837b41d7ee33d7a,deval_hl,full_Region6_s0,mq,ising,3.0,102,2.906,0.0,0.0
770b9446a590ddda,deval_hl,full_Region6_s0.1,mq,ising,3.0,102,2.904,0.0,0.0
97d1fdb0b1c40405,deval_hl,full_Region6_s0.2,mq,ising,3.0,102,2.904,0.0,0.0
8d92e32a5058d786,deval_hl,full_Region6_s0.3,mq,ising,3.0,102,2.901,0.0,0.0
dfc648b7390b8e03,tune,full_Region7_s0,eim,ising,10.0,10,10.007,0.0,0.0
56dabe4121ca1659,tune,full_Region7_s0.1,eim,ising,10.0,10,10.005,0.0,0.0
7d2fbe5fe063bd7b,tune,full_Region7_s0.2,eim,ising,10.0,10,10.013,0.0,0.0
2f4a282932364895,tune,full_Region7_s0.3,eim,ising,10.0,10,10.006,0.0,0.0
92dd728e3eda04f0,tune,full_Region6_s0,eim,ising,10.0,10,10.011,0.0,0.0
e553d867fb439616,tune,full_Region6_s0.1,eim,ising,10.0,10,10.009,0.0,0.0
5fb4c294a2f6b34f,tune,full_Region6_s0.2,eim,ising,10.0,10,10.011,0.0,0.0
0caac5cd90d802f6,tune,full_Region6_s0.3,eim,ising,10.0,10,10.013,0.0,0.0
1295f66a8c24cc1b,deval_hl,full_Region7_s0,mq,ising,3.0,103,2.907,0.0,0.0
1079f0f00292d0bc,deval_hl,full_Region7_s0.1,mq,ising,3.0,103,2.904,0.0,0.0
a45100e6d1c6c065,deval_hl,full_Region7_s0.2,mq,ising,3.0,103,2.904,0.0,0.0
df147967ea1c937a,deval_hl,full_Region7_s0.3,mq,ising,3.0,103,2.906,0.0,0.0
a35053247140ff6c,deval_hl,full_Region6_s0,mq,ising,3.0,103,2.906,0.0,0.0
6a39ed8e5344109e,deval_hl,full_Region6_s0.1,mq,ising,3.0,103,2.905,0.0,0.0
c8c50f8fba7d0c97,deval_hl,full_Region6_s0.2,mq,ising,3.0,103,2.903,0.0,0.0
956e36419d657ca1,deval_hl,full_Region6_s0.3,mq,ising,3.0,103,2.904,0.0,0.0
cd1f2197d67c1a46,tune,full_Region7_s0,eim,ising,10.0,11,10.006,0.0,0.0
d91e44329060582c,tune,full_Region7_s0.1,eim,ising,10.0,11,10.003,0.0,0.0
336ffb7ae6461c27,tune,full_Region7_s0.2,eim,ising,10.0,11,10.005,0.0,0.0
f11f5aaa104473ab,tune,full_Region7_s0.3,eim,ising,10.0,11,10.012,0.0,0.0
362d82c75deb8b77,tune,full_Region6_s0,eim,ising,10.0,11,10.014,0.0,0.0
1264f381a24dcec0,tune,full_Region6_s0.1,eim,ising,10.0,11,10.009,0.0,0.0
fd18846d159c05c3,tune,full_Region6_s0.2,eim,ising,10.0,11,10.005,0.0,0.0
8938556d9d67b518,tune,full_Region6_s0.3,eim,ising,10.0,11,10.014,0.0,0.0
41f56c16f61d3939,deval_hl,full_Region7_s0,lp,classical,3.0,101,0.405,0.0,0.0
ffa73f6bc9012073,deval_hl,full_Region7_s0.1,lp,classical,3.0,101,0.394,0.0,0.0
0a2b484e67eddbd3,deval_hl,full_Region7_s0.2,lp,classical,3.0,101,0.268,0.0,0.0
be11380967920a14,deval_hl,full_Region7_s0.3,lp,classical,3.0,101,0.705,0.0,0.0
cb10e25f307ad771,deval_hl,full_Region6_s0,lp,classical,3.0,101,0.83,0.0,0.0
cdea8376c3263f46,deval_hl,full_Region6_s0.1,lp,classical,3.0,101,0.808,0.0,0.0
f59c9dbd20ed590d,deval_hl,full_Region6_s0.2,lp,classical,3.0,101,0.83,0.0,0.0
2a19ff8a7d582f21,deval_hl,full_Region6_s0.3,lp,classical,3.0,101,0.876,0.0,0.0
2e83ef1ca7278a59,tune,full_Region7_s0,milp,classical,10.0,0,2.506,0.0,0.0
e0542a22970f0741,tune,full_Region7_s0.1,milp,classical,10.0,0,5.523,0.0,0.0
1b074fef808cec8d,tune,full_Region7_s0.2,milp,classical,10.0,0,2.235,0.0,0.0
b62fdd6445b23198,tune,full_Region7_s0.3,milp,classical,10.0,0,9.77,0.0,0.0
5952517fc71fca1c,tune,full_Region6_s0,milp,classical,10.0,0,9.632,0.0,0.0
4917d38c7d6023dd,tune,full_Region6_s0.1,milp,classical,10.0,0,8.583,0.0,0.0
c37af0f0413193b0,tune,full_Region6_s0.2,milp,classical,10.0,0,9.637,0.0,0.0
ac73fc41517e486d,tune,full_Region6_s0.3,milp,classical,10.0,0,9.637,0.0,0.0
5c4e99e57e81d6bc,deval_hl,full_Region7_s0,milp,classical,3.0,101,1.852,0.0,0.0
521150b2d03b9738,deval_hl,full_Region7_s0.1,milp,classical,3.0,101,1.957,0.0,0.0
283425431df6b024,deval_hl,full_Region7_s0.2,milp,classical,3.0,101,1.339,0.0,0.0
fb74ab2e44bb659f,deval_hl,full_Region7_s0.3,milp,classical,3.0,101,2.841,0.0,0.0
47cf40aafac8037f,deval_hl,full_Region6_s0,milp,classical,3.0,101,2.833,0.0,0.0
59a04fe5589444e9,deval_hl,full_Region6_s0.1,milp,classical,3.0,101,2.841,0.0,0.0
ec901d6bec37872d,deval_hl,full_Region6_s0.2,milp,classical,3.0,101,2.84,0.0,0.0
53d106c53120558d,deval_hl,full_Region6_s0.3,milp,classical,3.0,101,2.859,0.0,0.0
685ee685ce50a708,tune,full_Region7_s0,milp,classical,10.0,1,9.897,0.0,0.0
df728b3bc9b7ee4d,tune,full_Region7_s0.1,milp,classical,10.0,1,9.763,0.0,0.0
bf0bc6a9bcb8a3f6,tune,full_Region7_s0.2,milp,classical,10.0,1,6.983,0.0,0.0
c900cc7ff14323f5,tune,full_Region7_s0.3,milp,classical,10.0,1,10.089,0.0,0.0
c339250fc4fc0848,tune,full_Region6_s0,milp,classical,10.0,1,16.219,0.0,0.0
41a84e88e5a583ee,tune,full_Region6_s0.1,milp,classical,10.0,1,13.207,0.0,0.0
b0a521f5986a102e,tune,full_Region6_s0.2,milp,classical,10.0,1,16.644,0.0,0.0
4f1faf13a362777a,tune,full_Region6_s0.3,milp,classical,10.0,1,14.66,0.0,0.0
9d369cb95651f70a,deval_hl,full_Region7_s0,milp,classical,3.0,102,2.037,0.0,0.0
3377b59c9009660d,deval_hl,full_Region7_s0.1,milp,classical,3.0,102,1.915,0.0,0.0
bdd22256360925f4,deval_hl,full_Region7_s0.2,milp,classical,3.0,102,1.343,0.0,0.0
6ac48e9ea7505a65,deval_hl,full_Region7_s0.3,milp,classical,3.0,102,2.835,0.0,0.0
ed8a9b3ba88a1feb,deval_hl,full_Region6_s0,milp,classical,3.0,102,2.852,0.0,0.0
feb7b4d42fe4f67b,deval_hl,full_Region6_s0.1,milp,classical,3.0,102,2.849,0.0,0.0
545c00f840afaddf,deval_hl,full_Region6_s0.2,milp,classical,3.0,102,3.137,0.0,0.0
16ddfba170dbcad9,deval_hl,full_Region6_s0.3,milp,classical,3.0,102,2.838,0.0,0.0
a6a618adf4595cf0,tune,full_Region7_s0,milp,classical,10.0,2,9.222,0.0,0.0
9f6e0194ead8bdb1,tune,full_Region7_s0.1,milp,classical,10.0,2,4.195,0.0,0.0
649b70f2b3809462,tune,full_Region7_s0.2,milp,classical,10.0,2,2.505,0.0,0.0
7beacf29975d6506,tune,full_Region7_s0.3,milp,classical,10.0,2,10.14,0.0,0.0
4c917332c0549e2e,tune,full_Region6_s0,milp,classical,10.0,2,9.652,0.0,0.0
f4acc4c1427cc1c7,tune,full_Region6_s0.1,milp,classical,10.0,2,8.897,0.0,0.0
ab24f1bbb7005321,tune,full_Region6_s0.2,milp,classical,10.0,2,9.638,0.0,0.0
9ff80df6e838dbec,tune,full_Region6_s0.3,milp,classical,10.0,2,9.637,0.0,0.0
ddfa2d1766c4ce2b,deval_hl,full_Region7_s0,milp,classical,3.0,103,2.221,0.0,0.0
048cf0983feb7de8,deval_hl,full_Region7_s0.1,milp,classical,3.0,103,2.647,0.0,0.0
d627cfc930ac467d,deval_hl,full_Region7_s0.2,milp,classical,3.0,103,1.588,0.0,0.0
9f9c81f6c187020b,deval_hl,full_Region7_s0.3,milp,classical,3.0,103,2.848,0.0,0.0
f8b06768ff4876ac,deval_hl,full_Region6_s0,milp,classical,3.0,103,2.861,0.0,0.0
a20f79e048dd477a,deval_hl,full_Region6_s0.1,milp,classical,3.0,103,2.84,0.0,0.0
a90f0d5f554fd073,deval_hl,full_Region6_s0.2,milp,classical,3.0,103,2.86,0.0,0.0
123133b61989277d,deval_hl,full_Region6_s0.3,milp,classical,3.0,103,2.835,0.0,0.0
e755886aff9d654f,tune,full_Region7_s0,milp,classical,10.0,3,5.649,0.0,0.0
d52d0ad49cf4a74e,tune,full_Region7_s0.1,milp,classical,10.0,3,5.049,0.0,0.0
38d98a6d6fae2650,tune,full_Region7_s0.2,milp,classical,10.0,3,7.629,0.0,0.0
e800bef251d9d36a,tune,full_Region7_s0.3,milp,classical,10.0,3,10.097,0.0,0.0
d9598502e76aa392,tune,full_Region6_s0,milp,classical,10.0,3,9.638,0.0,0.0
1a756fe75fbc9c4e,tune,full_Region6_s0.1,milp,classical,10.0,3,8.925,0.0,0.0
ca02fa20f492b878,tune,full_Region6_s0.2,milp,classical,10.0,3,9.641,0.0,0.0
4d0964371b5268c9,tune,full_Region6_s0.3,milp,classical,10.0,3,9.65,0.0,0.0
fb2610c776895add,deval_hl,full_Region7_s0,cpsat,classical,3.0,101,2.249,0.0,0.0
5e6f15fd95571328,deval_hl,full_Region7_s0.1,cpsat,classical,3.0,101,2.253,0.0,0.0
f99162d76741c24f,deval_hl,full_Region7_s0.2,cpsat,classical,3.0,101,2.136,0.0,0.0
fd93466348f3e07a,deval_hl,full_Region7_s0.3,cpsat,classical,3.0,101,2.939,0.0,0.0
5484dae86aa44d55,deval_hl,full_Region6_s0,cpsat,classical,3.0,101,2.945,0.0,0.0
5ab054786c3912ec,deval_hl,full_Region6_s0.1,cpsat,classical,3.0,101,2.936,0.0,0.0
2c4a0af7832d55ea,deval_hl,full_Region6_s0.2,cpsat,classical,3.0,101,2.935,0.0,0.0
17086431d0795e65,deval_hl,full_Region6_s0.3,cpsat,classical,3.0,101,2.931,0.0,0.0
184416823b777f07,tune,full_Region7_s0,milp,classical,10.0,4,9.507,0.0,0.0
ca7afc1201979266,tune,full_Region7_s0.1,milp,classical,10.0,4,9.161,0.0,0.0
40cdcbfe9184e9b6,tune,full_Region7_s0.2,milp,classical,10.0,4,9.198,0.0,0.0
37b2f487ea75f4cc,tune,full_Region7_s0.3,milp,classical,10.0,4,10.542,0.0,0.0
d35ee7b578ceb7b3,tune,full_Region6_s0,milp,classical,10.0,4,16.475,0.0,0.0
e23804bc4e654473,tune,full_Region6_s0.1,milp,classical,10.0,4,13.805,0.0,0.0
efd8ebe3dbdb8cae,tune,full_Region6_s0.2,milp,classical,10.0,4,17.398,0.0,0.0
019c1bcdedbd614f,tune,full_Region6_s0.3,milp,classical,10.0,4,15.056,0.0,0.0
bfefa8c75c77987c,deval_hl,full_Region7_s0,cpsat,classical,3.0,102,2.428,0.0,0.0
7572a84ad60d6cd4,deval_hl,full_Region7_s0.1,cpsat,classical,3.0,102,2.462,0.0,0.0
5f6d61cfab8c0c3a,deval_hl,full_Region7_s0.2,cpsat,classical,3.0,102,2.123,0.0,0.0
90b7665f378fe1b0,deval_hl,full_Region7_s0.3,cpsat,classical,3.0,102,2.944,0.0,0.0
353b7ac6db2365c7,deval_hl,full_Region6_s0,cpsat,classical,3.0,102,2.943,0.0,0.0
4a69df9258fac57e,deval_hl,full_Region6_s0.1,cpsat,classical,3.0,102,2.943,0.0,0.0
d60606bdca487522,deval_hl,full_Region6_s0.2,cpsat,classical,3.0,102,2.942,0.0,0.0
74302d92cef5bab6,deval_hl,full_Region6_s0.3,cpsat,classical,3.0,102,2.942,0.0,0.0
6a322209125e318b,tune,full_Region7_s0,milp,classical,10.0,5,5.712,0.0,0.0
20760a33b0309d19,tune,full_Region7_s0.1,milp,classical,10.0,5,4.949,0.0,0.0
63badda15ae3c202,tune,full_Region7_s0.2,milp,classical,10.0,5,2.53,0.0,0.0
65bd2c72a81476da,tune,full_Region7_s0.3,milp,classical,10.0,5,10.106,0.0,0.0
2740ebb2f298d0fc,tune,full_Region6_s0,milp,classical,10.0,5,9.635,0.0,0.0
05b1f2e6038cb184,tune,full_Region6_s0.1,milp,classical,10.0,5,9.635,0.0,0.0
b8949a1f1decd972,tune,full_Region6_s0.2,milp,classical,10.0,5,9.64,0.0,0.0
8f6023ee8b5565b0,tune,full_Region6_s0.3,milp,classical,10.0,5,9.633,0.0,0.0
6c23b8572f615930,deval_hl,full_Region7_s0,cpsat,classical,3.0,103,2.421,0.0,0.0
8ea36d7b37f4a699,deval_hl,full_Region7_s0.1,cpsat,classical,3.0,103,2.268,0.0,0.0
c54c903898ebb69e,deval_hl,full_Region7_s0.2,cpsat,classical,3.0,103,2.036,0.0,0.0
504b685e38cbbe42,deval_hl,full_Region7_s0.3,cpsat,classical,3.0,103,2.939,0.0,0.0
3db113e74e26de02,deval_hl,full_Region6_s0,cpsat,classical,3.0,103,2.94,0.0,0.0
5ec78585f44a4751,deval_hl,full_Region6_s0.1,cpsat,classical,3.0,103,2.936,0.0,0.0
27712e95f0c6cd7e,deval_hl,full_Region6_s0.2,cpsat,classical,3.0,103,2.943,0.0,0.0
4da1f77925d179b8,deval_hl,full_Region6_s0.3,cpsat,classical,3.0,103,2.938,0.0,0.0
210d40af72b602ba,tune,full_Region7_s0,milp,classical,10.0,6,5.73,0.0,0.0
107dfa6bf508ab8f,tune,full_Region7_s0.1,milp,classical,10.0,6,3.567,0.0,0.0
0ce27c005031f3e7,tune,full_Region7_s0.2,milp,classical,10.0,6,2.227,0.0,0.0
e37e5d7400f6275d,tune,full_Region7_s0.3,milp,classical,10.0,6,10.092,0.0,0.0
108855adc43eec3b,tune,full_Region6_s0,milp,classical,10.0,6,9.647,0.0,0.0
e97174f7ef2fb299,tune,full_Region6_s0.1,milp,classical,10.0,6,8.447,0.0,0.0
a62f2cdc64597d2f,tune,full_Region6_s0.2,milp,classical,10.0,6,9.661,0.0,0.0
8921a56701bbd784,tune,full_Region6_s0.3,milp,classical,10.0,6,9.653,0.0,0.0
ee24d71c50628499,deval_hl,full_Region7_s0,ls,classical,3.0,101,3.023,0.0,0.0
f67db2c0f3210145,deval_hl,full_Region7_s0.1,ls,classical,3.0,101,3.008,0.0,0.0
5a56d42243ea1f61,deval_hl,full_Region7_s0.2,ls,classical,3.0,101,3.018,0.0,0.0
580928dcfd63fbd0,deval_hl,full_Region7_s0.3,ls,classical,3.0,101,3.034,0.0,0.0
b96d615b2d2bdb61,deval_hl,full_Region6_s0,ls,classical,3.0,101,3.018,0.0,0.0
a75d1d476feda7e6,deval_hl,full_Region6_s0.1,ls,classical,3.0,101,3.021,0.0,0.0
d82745076b27db0f,deval_hl,full_Region6_s0.2,ls,classical,3.0,101,3.016,0.0,0.0
ce750d89b695e2df,deval_hl,full_Region6_s0.3,ls,classical,3.0,101,3.006,0.0,0.0
69700521007b6690,tune,full_Region7_s0,milp,classical,10.0,7,9.81,0.0,0.0
e0f9d5df47c723a1,tune,full_Region7_s0.1,milp,classical,10.0,7,9.159,0.0,0.0
87ac1de8164c0764,tune,full_Region7_s0.2,milp,classical,10.0,7,2.303,0.0,0.0
e65c5d04c0523420,tune,full_Region7_s0.3,milp,classical,10.0,7,10.173,0.0,0.0
7d815c42f4c33186,tune,full_Region6_s0,milp,classical,10.0,7,9.657,0.0,0.0
e3161e2f19c6119b,tune,full_Region6_s0.1,milp,classical,10.0,7,9.451,0.0,0.0
b2cb5951201ad603,tune,full_Region6_s0.2,milp,classical,10.0,7,9.651,0.0,0.0
be15fbd264e9320a,tune,full_Region6_s0.3,milp,classical,10.0,7,9.66,0.0,0.0
d38b4bb4e211d906,deval_hl,full_Region7_s0,ls,classical,3.0,102,3.046,0.0,0.0
9093c9cad89ca41b,deval_hl,full_Region7_s0.1,ls,classical,3.0,102,3.028,0.0,0.0
0b63cc1b093afaae,deval_hl,full_Region7_s0.2,ls,classical,3.0,102,3.029,0.0,0.0
5f032e367b9eb7ad,deval_hl,full_Region7_s0.3,ls,classical,3.0,102,3.024,0.0,0.0
8967e0a196a20299,deval_hl,full_Region6_s0,ls,classical,3.0,102,3.03,0.0,0.0
ba24019f1774ec10,deval_hl,full_Region6_s0.1,ls,classical,3.0,102,3.02,0.0,0.0
753428e5ed001a13,deval_hl,full_Region6_s0.2,ls,classical,3.0,102,3.032,0.0,0.0
47e28fc829ae874c,deval_hl,full_Region6_s0.3,ls,classical,3.0,102,3.022,0.0,0.0
a6d8131a1e2e9968,tune,full_Region7_s0,milp,classical,10.0,8,9.827,0.22794342118652694,0.9830060038668973
ee054a5fce563b9c,tune,full_Region7_s0.1,milp,classical,10.0,8,7.944,0.566727089857887,0.8374521661501036
d5c66f4dc836b19e,tune,full_Region7_s0.2,milp,classical,10.0,8,6.844,0.5309643583782648,0.2967153767407951
c1469b152ba73016,tune,full_Region7_s0.3,milp,classical,10.0,8,10.028,0.0,0.0
f88eed01ac51c4b9,tune,full_Region6_s0,milp,classical,10.0,8,16.873,0.0,0.0
1f6cf1d5f80457e0,tune,full_Region6_s0.1,milp,classical,10.0,8,13.904,0.0,0.0
e77b02df9fe23581,tune,full_Region6_s0.2,milp,classical,10.0,8,17.283,0.0,0.0
0c71235973cab5e9,tune,full_Region6_s0.3,milp,classical,10.0,8,15.353,0.0,0.0
64785d467a287be3,deval_hl,full_Region7_s0,ls,classical,3.0,103,3.022,0.0,0.0
c58522c2700607a6,deval_hl,full_Region7_s0.1,ls,classical,3.0,103,3.015,0.0,0.0
7849adea42b0f4ed,deval_hl,full_Region7_s0.2,ls,classical,3.0,103,3.035,0.0,0.0
4a8cd8f44bd3c213,deval_hl,full_Region7_s0.3,ls,classical,3.0,103,3.009,0.0,0.0
04ab3b5a475681f0,deval_hl,full_Region6_s0,ls,classical,3.0,103,3.01,0.0,0.0
d71773f6b475bf7c,deval_hl,full_Region6_s0.1,ls,classical,3.0,103,3.016,0.0,0.0
9ea502b3418c235c,deval_hl,full_Region6_s0.2,ls,classical,3.0,103,3.033,0.0,0.0
83294cf6966b40b2,deval_hl,full_Region6_s0.3,ls,classical,3.0,103,3.019,0.0,0.0
a9c9d7d60f5d7077,tune,full_Region7_s0,milp,classical,10.0,9,3.587,0.0,0.0
d9534faeaed74415,tune,full_Region7_s0.1,milp,classical,10.0,9,3.74,0.0,0.0
74b14146ec72c592,tune,full_Region7_s0.2,milp,classical,10.0,9,2.053,0.0,0.0
5dce5d3ba032ef94,tune,full_Region7_s0.3,milp,classical,10.0,9,10.167,0.0,0.0
cb1a08d0dcbead04,tune,full_Region6_s0,milp,classical,10.0,9,9.645,0.0,0.0
dd847e7b44fe906b,tune,full_Region6_s0.1,milp,classical,10.0,9,8.435,0.0,0.0
14e094edda618cf6,tune,full_Region6_s0.2,milp,classical,10.0,9,9.657,0.0,0.03624313969141555
82d166ac9888c1a7,tune,full_Region6_s0.3,milp,classical,10.0,9,9.652,0.0,0.016328221873233194
c93c118b6e958afe,deval_hl,full_Region7_s0,greedy,classical,3.0,101,0.135,0.0,0.0
89806596e33e53e6,deval_hl,full_Region7_s0.1,greedy,classical,3.0,101,0.075,0.0,0.0
c3f66bba640580cb,deval_hl,full_Region7_s0.2,greedy,classical,3.0,101,0.072,0.0,0.0
df8eedf81fe53e7b,deval_hl,full_Region7_s0.3,greedy,classical,3.0,101,0.061,0.0,0.0
9a3bc42f7d4d6854,deval_hl,full_Region6_s0,greedy,classical,3.0,101,0.054,0.0,0.0
7a9200c61d38cabd,deval_hl,full_Region6_s0.1,greedy,classical,3.0,101,0.056,0.0,0.0
6c822111dd5aff40,deval_hl,full_Region6_s0.2,greedy,classical,3.0,101,0.062,0.0,0.0
83dd7d2816ac3b32,deval_hl,full_Region6_s0.3,greedy,classical,3.0,101,0.077,0.0,0.0
9c288fcbfbce1224,tune,full_Region7_s0,milp,classical,10.0,10,8.929,0.15679247396124985,0.6977265091275618
c1265c21d7f8b870,tune,full_Region7_s0.1,milp,classical,10.0,10,3.4,0.2294117703157313,1.0208823779050042
e9f3f31263702195,tune,full_Region7_s0.2,milp,classical,10.0,10,2.203,0.0,0.0
4dd5ba53e2b2e6f9,tune,full_Region7_s0.3,milp,classical,10.0,10,10.067,0.0,0.0
2f1bd55b14fd1dc2,tune,full_Region6_s0,milp,classical,10.0,10,9.66,0.0,0.0
b23c0a321222df85,tune,full_Region6_s0.1,milp,classical,10.0,10,8.415,0.0,0.0
aa4f7b37fdaa2687,tune,full_Region6_s0.2,milp,classical,10.0,10,9.652,0.0,0.0
5bd75e41f39fc968,tune,full_Region6_s0.3,milp,classical,10.0,10,9.64,0.0,0.0
82aa612726d84649,deval_hl,full_Region7_s0,pgreedy,classical,3.0,101,0.214,0.0,0.0
d40fd27ab9bad0f6,deval_hl,full_Region7_s0.1,pgreedy,classical,3.0,101,0.075,0.0,0.0
4335f5952b860fda,deval_hl,full_Region7_s0.2,pgreedy,classical,3.0,101,0.082,0.0,0.0
bd48a2a42fa2e079,deval_hl,full_Region7_s0.3,pgreedy,classical,3.0,101,0.064,0.0,0.0
5ddb96ed59bc5271,deval_hl,full_Region6_s0,pgreedy,classical,3.0,101,0.081,0.0,0.0
7263a40d76ea2ed7,deval_hl,full_Region6_s0.1,pgreedy,classical,3.0,101,0.074,0.0,0.0
3e1324542b17d471,deval_hl,full_Region6_s0.2,pgreedy,classical,3.0,101,0.065,0.0,0.0
aba69e033a8b6ebc,deval_hl,full_Region6_s0.3,pgreedy,classical,3.0,101,0.083,0.0,0.0
a3c993f42da7d395,tune,full_Region7_s0,milp,classical,10.0,11,9.315,0.0,0.0
f1f5a4da004582be,tune,full_Region7_s0.1,milp,classical,10.0,11,9.37,0.0,0.0
6000f9fa8051d079,tune,full_Region7_s0.2,milp,classical,10.0,11,2.233,0.0,0.0
19ecc6caf8d998ba,tune,full_Region7_s0.3,milp,classical,10.0,11,9.651,0.0,0.0
7ae9b04d19886e28,tune,full_Region6_s0,milp,classical,10.0,11,9.657,0.0,0.0
be1650076cf380a6,tune,full_Region6_s0.1,milp,classical,10.0,11,8.382,0.0,0.0
ca7ecbf3dc1059a8,tune,full_Region6_s0.2,milp,classical,10.0,11,9.653,0.0,0.0
e10e883a7a01830d,tune,full_Region6_s0.3,milp,classical,10.0,11,9.648,0.0,0.0
8ef284a73518294b,tune,full_Region7_s0,sb,ising,10.0,0,10.006,0.0,0.0
2b665637273912c1,tune,full_Region7_s0.1,sb,ising,10.0,0,10.035,0.0,0.0
4f47070231d62c37,tune,full_Region7_s0.2,sb,ising,10.0,0,9.991,0.0,0.0
d93337729b57577c,tune,full_Region7_s0.3,sb,ising,10.0,0,10.016,0.0,0.0
b114af20d556d4c2,tune,full_Region6_s0,sb,ising,10.0,0,10.019,0.0,0.0
5ba176c6071d06e2,tune,full_Region6_s0.1,sb,ising,10.0,0,10.008,0.0,0.0
5272868b470de3cd,tune,full_Region6_s0.2,sb,ising,10.0,0,10.001,0.0,0.0
7f1f1a0212027957,tune,full_Region6_s0.3,sb,ising,10.0,0,10.011,0.0,0.0
3b805424f867506d,tune,full_Region7_s0,sb,ising,10.0,1,10.006,0.0,0.0
bfc1b1ce0420f18c,tune,full_Region7_s0.1,sb,ising,10.0,1,10.053,0.0,0.01492091912861832
9c19bc75d6bfca46,tune,full_Region7_s0.2,sb,ising,10.0,1,10.014,0.0,0.03751747522950292
a1f95c3c2716238e,tune,full_Region7_s0.3,sb,ising,10.0,1,10.005,0.0,0.0
17448cfafadf490a,tune,full_Region6_s0,sb,ising,10.0,1,10.056,0.0,0.0
f3bb7745973be31c,tune,full_Region6_s0.1,sb,ising,10.0,1,10.021,0.0,0.0
73fde9c160db67c1,tune,full_Region6_s0.2,sb,ising,10.0,1,10.015,0.0,0.014977533699450823
8b682f77aeb65a08,tune,full_Region6_s0.3,sb,ising,10.0,1,10.003,0.0,0.03750374898021011
112921da57cb8341,tune,full_Region7_s0,sb,ising,10.0,2,10.193,0.0,0.0
666a0d8719e4b19e,tune,full_Region7_s0.1,sb,ising,10.0,2,9.96,0.0,0.0
fdb1d6def791db21,tune,full_Region7_s0.2,sb,ising,10.0,2,9.985,0.0,0.0
4d0587695cfcdfca,tune,full_Region7_s0.3,sb,ising,10.0,2,10.156,0.0,0.0
01bf49e1b806e94b,tune,full_Region6_s0,sb,ising,10.0,2,9.984,0.0,0.0
9c0a18e4ce7e15ba,tune,full_Region6_s0.1,sb,ising,10.0,2,9.987,0.0,0.0
b3c2e584290a6a53,tune,full_Region6_s0.2,sb,ising,10.0,2,9.983,0.0,0.0
6be2703b8c014251,tune,full_Region6_s0.3,sb,ising,10.0,2,9.987,0.0,0.0
b34d12e7383fa23c,tune,full_Region7_s0,sb,ising,10.0,3,9.988,0.0,0.0
c56ad179bb4e9f59,tune,full_Region7_s0.1,sb,ising,10.0,3,9.989,0.0,0.0
a23f608f91529b6b,tune,full_Region7_s0.2,sb,ising,10.0,3,10.059,0.0,0.0
a7783c4d32312837,tune,full_Region7_s0.3,sb,ising,10.0,3,9.989,0.0,0.0
42683d96aca78229,tune,full_Region6_s0,sb,ising,10.0,3,9.994,0.0,0.0
f1f4d37d34fc02dd,tune,full_Region6_s0.1,sb,ising,10.0,3,9.998,0.0,0.0
cd3415f435c629ec,tune,full_Region6_s0.2,sb,ising,10.0,3,10.008,0.0,0.0
c124691736b5e68e,tune,full_Region6_s0.3,sb,ising,10.0,3,9.958,0.0,0.0
523d7e3cb53679e3,tune,full_Region7_s0,sb,ising,10.0,4,9.989,0.0,0.0
bb228c2696e99467,tune,full_Region7_s0.1,sb,ising,10.0,4,10.006,0.0,0.0
1bfbf03919034ca7,tune,full_Region7_s0.2,sb,ising,10.0,4,10.657,0.0,0.0
b218226af24a7990,tune,full_Region7_s0.3,sb,ising,10.0,4,9.988,0.0,0.0
2496d17252f47d3a,tune,full_Region6_s0,sb,ising,10.0,4,10.001,0.0,0.0
05bc1f3572c414d9,tune,full_Region6_s0.1,sb,ising,10.0,4,9.998,0.0,0.0
2fa915d0492c9469,tune,full_Region6_s0.2,sb,ising,10.0,4,9.991,0.0,0.0
1eef97a663bbc73a,tune,full_Region6_s0.3,sb,ising,10.0,4,9.993,0.0,0.0
6c4120773f619c44,tune,full_Region7_s0,sb,ising,10.0,5,10.049,0.0,0.0
2578c52f738c8e4a,tune,full_Region7_s0.1,sb,ising,10.0,5,10.079,0.0,0.0
1cf45df286e84778,tune,full_Region7_s0.2,sb,ising,10.0,5,10.04,0.0,0.0
d3393df5be44ee36,tune,full_Region7_s0.3,sb,ising,10.0,5,10.09,0.0,0.0
c6b728fa1e481ff7,tune,full_Region6_s0,sb,ising,10.0,5,10.059,0.0,0.0
ffd81a74c4d43d7c,tune,full_Region6_s0.1,sb,ising,10.0,5,10.07,0.0,0.0
43375a00784706af,tune,full_Region6_s0.2,sb,ising,10.0,5,10.0,0.0,0.0
2e534bc63215db8b,tune,full_Region6_s0.3,sb,ising,10.0,5,10.023,0.0,0.0
be07bae7322339e4,tune,full_Region7_s0,sb,ising,10.0,6,10.06,0.0,0.0
a8a7aa7553734a04,tune,full_Region7_s0.1,sb,ising,10.0,6,10.031,0.0,0.0
cb25a90c55fa87b7,tune,full_Region7_s0.2,sb,ising,10.0,6,9.987,0.0,0.0
082211b0830e29e4,tune,full_Region7_s0.3,sb,ising,10.0,6,10.004,0.0,0.0
e47a6d8d7ecec851,tune,full_Region6_s0,sb,ising,10.0,6,10.106,0.0,0.0
8421d0f724d3d722,tune,full_Region6_s0.1,sb,ising,10.0,6,10.06,0.0,0.0
ae29f4a2b092b8e4,tune,full_Region6_s0.2,sb,ising,10.0,6,10.0,0.0,0.0
3b95ab28c01e59dc,tune,full_Region6_s0.3,sb,ising,10.0,6,10.009,0.0,0.0
c4ae9c756c4e643f,tune,full_Region7_s0,sb,ising,10.0,7,9.994,0.0,0.0
3a1e1dbb7a0a2241,tune,full_Region7_s0.1,sb,ising,10.0,7,10.0,0.0,0.0
610a65df05e7398e,tune,full_Region7_s0.2,sb,ising,10.0,7,9.99,0.0,0.0
a3bf2539d1808850,tune,full_Region7_s0.3,sb,ising,10.0,7,10.03,0.0,0.020937188434695914
976f4edc344f7e18,tune,full_Region6_s0,sb,ising,10.0,7,9.996,0.7833133253301319,2.030284114006091
68abc0bc04991b87,tune,full_Region6_s0.1,sb,ising,10.0,7,10.003,2.7284644661361575,6.988380499676467
3e7df75f2d6659cf,tune,full_Region6_s0.2,sb,ising,10.0,7,10.0,2.7135000000000002,6.906000000000001
5ce39a793bccc717,tune,full_Region6_s0.3,sb,ising,10.0,7,9.999,2.757013720361599,6.535556598930004
8cc9fc447f91c61f,tune,full_Region7_s0,sb,ising,10.0,8,9.995,1.8616107751751856,7.93353668983845
67ec1bd001d6355e,tune,full_Region7_s0.1,sb,ising,10.0,8,9.987,1.7421988575764336,7.880428547590385
d33895526457592a,tune,full_Region7_s0.2,sb,ising,10.0,8,10.136,2.2879715655484163,7.133381951250425
6ce462b315b00199,tune,full_Region7_s0.3,sb,ising,10.0,8,10.06,0.784174940458112,3.213280278219144
34fc369cb13c324c,tune,full_Region6_s0,sb,ising,10.0,8,9.999,0.0,0.026996700104885973
eb84d66b5c0f624a,tune,full_Region6_s0.1,sb,ising,10.0,8,10.383,0.0,0.0
cef1d82cc920493c,tune,full_Region6_s0.2,sb,ising,10.0,8,9.988,0.0,0.0
49cf22a6ae628361,tune,full_Region6_s0.3,sb,ising,10.0,8,9.989,0.0,0.0
29d00a7837fbace1,tune,full_Region7_s0,sb,ising,10.0,9,9.987,0.0,0.0
18642d8c3ed7b9b0,tune,full_Region7_s0.1,sb,ising,10.0,9,9.995,0.0,0.03501750875437719
0c7d13f2f1745755,tune,full_Region7_s0.2,sb,ising,10.0,9,9.989,0.0,0.017464211042226403
d9818b96ae324c57,tune,full_Region7_s0.3,sb,ising,10.0,9,9.994,0.0,0.0
75080ed240afb075,tune,full_Region6_s0,sb,ising,10.0,9,9.988,0.0,0.0
263ad36019254f13,tune,full_Region6_s0.1,sb,ising,10.0,9,9.992,0.0,0.0
cbb94ea557051315,tune,full_Region6_s0.2,sb,ising,10.0,9,9.995,0.0,0.0
900f6672dcacb579,tune,full_Region6_s0.3,sb,ising,10.0,9,9.987,0.0,0.0
30b5b124c1b22520,tune,full_Region7_s0,sb,ising,10.0,10,10.053,0.0,0.0
9a010e394e96e076,tune,full_Region7_s0.1,sb,ising,10.0,10,10.069,0.0,0.0
2dc2e8b9b7a97ed1,tune,full_Region7_s0.2,sb,ising,10.0,10,9.986,0.0,0.0
8fd610fe31e204d4,tune,full_Region7_s0.3,sb,ising,10.0,10,10.021,0.0,0.0
cca0fb6f07f330ee,tune,full_Region6_s0,sb,ising,10.0,10,10.1,0.0,0.0
503e8d7fdff69f92,tune,full_Region6_s0.1,sb,ising,10.0,10,10.083,0.0,0.0
67cadfbfcc15fc09,tune,full_Region6_s0.2,sb,ising,10.0,10,10.14,0.0,0.0
97d1bd6c064a90cd,tune,full_Region6_s0.3,sb,ising,10.0,10,10.073,0.0,0.0
a08f4fbe3abc1a01,tune,full_Region7_s0,sb,ising,10.0,11,9.99,0.0,0.0
5c9ccd4d16eba82d,tune,full_Region7_s0.1,sb,ising,10.0,11,9.955,0.0,0.0
5d0c178bc5594ba1,tune,full_Region7_s0.2,sb,ising,10.0,11,9.988,0.0,0.0
8f764320f838d52c,tune,full_Region7_s0.3,sb,ising,10.0,11,9.989,0.0,0.0
c53098ebf6c76cef,tune,full_Region6_s0,sb,ising,10.0,11,9.994,0.0,0.007004202521512907
b4c9f3fea4b9f72c,tune,full_Region6_s0.1,sb,ising,10.0,11,9.994,0.0,0.06649789844533552
02a35c1b59ffd826,tune,full_Region6_s0.2,sb,ising,10.0,11,9.999,0.0,0.0
4e608b7efc2d4a6c,tune,full_Region6_s0.3,sb,ising,10.0,11,9.995,0.0,0.0
6bb1834957b3ecea,tune,full_Region7_s0,cpsat,classical,10.0,0,4.533,0.06618133686300462,0.0
18e67c0e25ec7253,tune,full_Region7_s0.1,cpsat,classical,10.0,0,4.944,0.06606796123449085,0.0
3c14eac83a2c4579,tune,full_Region7_s0.2,cpsat,classical,10.0,0,1.999,0.014977490919837357,0.09004502251125564
8ef654b02df08601,tune,full_Region7_s0.3,cpsat,classical,10.0,0,9.848,0.0,0.09050771775621402
915187c8b3e4e1fa,tune,full_Region6_s0,cpsat,classical,10.0,0,9.855,0.0,0.059345510028933936
d69962b2145893ef,tune,full_Region6_s0.1,cpsat,classical,10.0,0,9.458,0.0,0.0
fde3c747389d78e4,tune,full_Region6_s0.2,cpsat,classical,10.0,0,9.857,0.0,0.0
9a18d9d6866682cd,tune,full_Region6_s0.3,cpsat,classical,10.0,0,9.846,0.0,0.0
855c7fa0cf9a533a,tune,full_Region7_s0,cpsat,classical,10.0,1,6.797,0.0,0.0
ff2338cd3d4184a0,tune,full_Region7_s0.1,cpsat,classical,10.0,1,8.726,0.0,0.0
4423a59908fa3622,tune,full_Region7_s0.2,cpsat,classical,10.0,1,4.578,0.0,0.0
fc0eb466ef464d8d,tune,full_Region7_s0.3,cpsat,classical,10.0,1,9.831,0.0,0.0
d39cc7881359b90f,tune,full_Region6_s0,cpsat,classical,10.0,1,9.842,0.0,0.0
3c266c4da164cd3e,tune,full_Region6_s0.1,cpsat,classical,10.0,1,9.829,0.0,0.0
949b70856ba5133e,tune,full_Region6_s0.2,cpsat,classical,10.0,1,9.837,0.0,0.0
1e076be148defc38,tune,full_Region6_s0.3,cpsat,classical,10.0,1,9.833,0.0,0.0
27bffd479fe81a6f,tune,full_Region7_s0,cpsat,classical,10.0,2,6.426,0.0,0.0
394cffcf3a7f5cf4,tune,full_Region7_s0.1,cpsat,classical,10.0,2,6.819,0.0,0.0
51b8e7e8d2fb0a02,tune,full_Region7_s0.2,cpsat,classical,10.0,2,2.913,0.0,0.0
7fe31f649c13e89c,tune,full_Region7_s0.3,cpsat,classical,10.0,2,9.842,0.0,0.0
293850892c180557,tune,full_Region6_s0,cpsat,classical,10.0,2,9.852,0.0,0.0
59192e2101993c7f,tune,full_Region6_s0.1,cpsat,classical,10.0,2,9.841,0.0,0.0
767d623975b0e43a,tune,full_Region6_s0.2,cpsat,classical,10.0,2,9.851,0.0,0.0
1a71dfeb86360785,tune,full_Region6_s0.3,cpsat,classical,10.0,2,9.844,0.0,0.0
7dc031fda278c4da,tune,full_Region7_s0,cpsat,classical,10.0,3,6.774,0.0,0.0
73a9067a761ea4d1,tune,full_Region7_s0.1,cpsat,classical,10.0,3,7.975,0.0,0.0
17fae139151df65b,tune,full_Region7_s0.2,cpsat,classical,10.0,3,2.649,0.0,0.0
5fcd381202283f8f,tune,full_Region7_s0.3,cpsat,classical,10.0,3,9.842,0.0,0.0
c2a78fa2488f2f84,tune,full_Region6_s0,cpsat,classical,10.0,3,9.85,0.0,0.0
3aff098a1aae2e67,tune,full_Region6_s0.1,cpsat,classical,10.0,3,9.85,0.0,0.0
52d8d6ec004f0407,tune,full_Region6_s0.2,cpsat,classical,10.0,3,9.847,0.0,0.0
70ddda5bef8b0f3a,tune,full_Region6_s0.3,cpsat,classical,10.0,3,9.844,0.0,0.0
09b295f727e34882,tune,full_Region7_s0,cpsat,classical,10.0,4,4.148,0.0,0.0
0e7b941887bf0b62,tune,full_Region7_s0.1,cpsat,classical,10.0,4,4.911,0.0,0.0
b731b00a97a3e712,tune,full_Region7_s0.2,cpsat,classical,10.0,4,2.026,0.0,0.0
861f3f0976144dea,tune,full_Region7_s0.3,cpsat,classical,10.0,4,9.85,0.0,0.0
fac3d0f07d1d88cc,tune,full_Region6_s0,cpsat,classical,10.0,4,9.848,0.0,0.0
703a4fd66e09cba2,tune,full_Region6_s0.1,cpsat,classical,10.0,4,8.798,0.0,0.0
397230a748015d80,tune,full_Region6_s0.2,cpsat,classical,10.0,4,9.858,0.0,0.0
68e78a414492629b,tune,full_Region6_s0.3,cpsat,classical,10.0,4,9.853,0.0,0.0
75f0c1cb1f5d3e0a,tune,full_Region7_s0,cpsat,classical,10.0,6,4.31,0.0,0.0
21c85d30d547c505,tune,full_Region7_s0.1,cpsat,classical,10.0,6,4.472,0.0,0.0
775c276a3b4466b0,tune,full_Region7_s0.2,cpsat,classical,10.0,6,3.151,0.0,0.0
3f6043e2e021cae5,tune,full_Region7_s0.3,cpsat,classical,10.0,6,9.004,0.0,0.0
d4d4ca92d5e7fcf1,tune,full_Region6_s0,cpsat,classical,10.0,6,9.845,0.0,0.0
af49cae44adf42e0,tune,full_Region6_s0.1,cpsat,classical,10.0,6,8.842,0.0,0.0
96c17895906d4f2f,tune,full_Region6_s0.2,cpsat,classical,10.0,6,9.847,0.0,0.0
c79d3ec9329a7d0c,tune,full_Region6_s0.3,cpsat,classical,10.0,6,9.848,0.0,0.0
7da9d619a59057df,tune,full_Region7_s0,cpsat,classical,10.0,7,4.357,0.0,0.0
bb127652f09e1733,tune,full_Region7_s0,cpsat,classical,10.0,9,4.201,0.0,0.0
bd943ccc28a77c58,tune,full_Region7_s0.1,cpsat,classical,10.0,9,4.389,0.0,0.0
93ed0238ce1d7436,tune,full_Region7_s0.2,cpsat,classical,10.0,9,1.933,0.0,0.0
2aeb8d563d971a0e,tune,full_Region7_s0.3,cpsat,classical,10.0,9,9.848,0.0,0.0
067f53387fd3b41f,tune,full_Region6_s0,cpsat,classical,10.0,9,9.846,0.0,0.0
fd5b093f236f6b75,tune,full_Region6_s0.1,cpsat,classical,10.0,9,8.464,0.0,0.0
fdc0615a2c564c0e,tune,full_Region6_s0.2,cpsat,classical,10.0,9,9.846,0.0,0.0
8cdf82cac03b317c,tune,full_Region6_s0.3,cpsat,classical,10.0,9,9.845,0.0,0.0
8c00ca8199160bf4,tune,full_Region7_s0,cpsat,classical,10.0,10,4.339,0.0,0.0
c425933d0d3e4ac0,tune,full_Region7_s0.1,cpsat,classical,10.0,10,4.629,0.0,0.0
d07c62ab2dec576d,tune,full_Region7_s0,cpsat,classical,10.0,11,4.478,0.0,0.0
55a59c87dfa3aaf2,tune,full_Region7_s0.1,cpsat,classical,10.0,11,4.469,0.0,0.0
bb2df3b568da6c18,tune,full_Region7_s0.2,cpsat,classical,10.0,11,2.221,0.0,0.0
d1637bad133cf9b6,tune,full_Region7_s0.3,cpsat,classical,10.0,11,8.783,0.0,0.0
49abaf7c8d431a08,tune,full_Region6_s0,cpsat,classical,10.0,11,9.852,0.0,0.0
f76224ce494886ee,tune,full_Region6_s0.1,cpsat,classical,10.0,11,8.782,0.0,0.0
3509c014d26b06f2,tune,full_Region6_s0.2,cpsat,classical,10.0,11,9.86,0.0,0.0
9d568c3f33c31832,tune,full_Region6_s0.3,cpsat,classical,10.0,11,9.852,0.0,0.0
44ce90f567f287ab,tune,full_Region7_s0,mq,ising,10.0,0,9.918,0.0,0.0
cc013507f363eb18,tune,full_Region7_s0.1,mq,ising,10.0,0,9.935,0.0,0.0
e1e9bf414951eeeb,tune,full_Region7_s0.2,mq,ising,10.0,0,9.915,0.0,0.0
22e54e65a5018461,tune,full_Region7_s0.3,mq,ising,10.0,0,9.977,0.0,0.0
8412d8ebe9b14f8e,tune,full_Region6_s0,mq,ising,10.0,0,9.935,0.0,0.0
646dfacc6dfb0789,tune,full_Region6_s0.1,mq,ising,10.0,0,10.007,0.0,0.0
80735f3f2a225b77,tune,full_Region6_s0.2,mq,ising,10.0,0,9.913,0.0,0.0
2ef34ce4b99f932a,tune,full_Region6_s0.3,mq,ising,10.0,0,9.983,0.0,0.0
c71f275e9ee8e00e,tune,full_Region7_s0,mq,ising,10.0,1,9.934,0.0,0.0
b9bf2e126bce1f04,tune,full_Region7_s0.1,mq,ising,10.0,1,9.987,0.0,0.0
dc1b22c481c75d92,tune,full_Region7_s0.2,mq,ising,10.0,1,9.918,0.0,0.0
efcda355932a06c2,tune,full_Region7_s0.3,mq,ising,10.0,1,9.998,0.0,0.0
c70bcbac7942dd76,tune,full_Region6_s0,mq,ising,10.0,1,9.957,0.0,0.0
6501e2ded27654a0,tune,full_Region6_s0.1,mq,ising,10.0,1,9.925,0.0,0.0
909025f438298c83,tune,full_Region6_s0.2,mq,ising,10.0,1,10.039,0.0,0.0
fedad3c944d63b32,tune,full_Region6_s0.3,mq,ising,10.0,1,9.995,0.0,0.0
f931f68ef54a6b33,tune,full_Region7_s0,mq,ising,10.0,2,9.93,0.0,0.0
c55af76ccc3b74f0,tune,full_Region7_s0.1,mq,ising,10.0,2,9.912,0.0,0.0
7cf08ee5a860a379,tune,full_Region7_s0.2,mq,ising,10.0,2,9.993,0.0,0.0
c7307408fec23e2f,tune,full_Region7_s0.3,mq,ising,10.0,2,9.907,0.0,0.0
ab6a38954f14519a,tune,full_Region6_s0,mq,ising,10.0,2,9.94,0.0,0.0
e61bdac8e2757bf7,tune,full_Region6_s0.1,mq,ising,10.0,2,9.924,0.0,0.0
dbd8c340e0e70839,tune,full_Region6_s0.2,mq,ising,10.0,2,9.919,0.0,0.0
8bddbc3af40145c1,tune,full_Region6_s0.3,mq,ising,10.0,2,9.907,0.0,0.0
fa82142dd8ca9602,tune,full_Region7_s0,mq,ising,10.0,3,9.939,0.0,0.0
694ca2c2c755a0b5,tune,full_Region7_s0.1,mq,ising,10.0,3,9.907,0.0,0.0
5d16e03b380a4aed,tune,full_Region7_s0.2,mq,ising,10.0,3,9.921,0.0,0.0
ca2cdedc0c15995f,tune,full_Region7_s0.3,mq,ising,10.0,3,9.917,0.0,0.0
96f57e6a4ba1bd23,tune,full_Region6_s0,mq,ising,10.0,3,9.927,0.0,0.0
ef455b3c966b614a,tune,full_Region6_s0.1,mq,ising,10.0,3,9.952,0.0,0.0
817f5214a0cf38fc,tune,full_Region6_s0.2,mq,ising,10.0,3,9.973,0.0,0.0
1bce24de72bda929,tune,full_Region6_s0.3,mq,ising,10.0,3,9.938,0.0,0.0
acb831e5873e2c7a,tune,full_Region7_s0,mq,ising,10.0,4,10.034,0.0,0.0
161b4ad058e4118c,tune,full_Region7_s0.1,mq,ising,10.0,4,10.238,0.0,0.0
69479bc74043eeba,tune,full_Region7_s0.2,mq,ising,10.0,4,10.312,0.0,0.0
f705f0d66f9a8bb1,tune,full_Region7_s0.3,mq,ising,10.0,4,10.026,0.0,0.0
bf89bec191e7121f,tune,full_Region6_s0,mq,ising,10.0,4,9.985,0.0,0.0
ada602b18c2c959c,tune,full_Region6_s0.1,mq,ising,10.0,4,10.172,0.0,0.0
0c8e296e75e590fc,tune,full_Region6_s0.2,mq,ising,10.0,4,9.932,0.0,0.0
0be0bea161aedf37,tune,full_Region6_s0.3,mq,ising,10.0,4,9.993,0.0,0.0
b306fcb5f5281a1f,tune,full_Region7_s0,mq,ising,10.0,5,9.938,0.0,0.0
3d5575b8a45fa1c1,tune,full_Region7_s0.1,mq,ising,10.0,5,9.93,0.0,0.0
c11637b2a0693a63,tune,full_Region7_s0.2,mq,ising,10.0,5,9.939,0.0,0.0
fa7ac3f4943b2b7a,tune,full_Region7_s0.3,mq,ising,10.0,5,9.939,0.0,0.0
eaf583cfc946560e,tune,full_Region6_s0,mq,ising,10.0,5,9.933,0.0,0.0
3ee575987dd9514f,tune,full_Region6_s0.1,mq,ising,10.0,5,9.93,0.0,0.0
55197f496b7d5ef6,tune,full_Region6_s0.2,mq,ising,10.0,5,9.904,0.0,0.0
f59321173d3be781,tune,full_Region6_s0.3,mq,ising,10.0,5,9.97,0.0,0.0
9ffb4022a41ef785,tune,full_Region7_s0,mq,ising,10.0,6,9.901,0.0,0.0
5ddeeb0e74d1ebad,tune,full_Region7_s0.1,mq,ising,10.0,6,9.901,0.0,0.0
ff1862c3d4735113,tune,full_Region7_s0.2,mq,ising,10.0,6,9.902,0.0,0.0
1a75ba7484f3b312,tune,full_Region7_s0.3,mq,ising,10.0,6,9.908,0.0,0.0
44b8dc3e99c8779c,tune,full_Region6_s0,mq,ising,10.0,6,9.905,0.0,0.0
4a3a1e2aef35734c,tune,full_Region6_s0.1,mq,ising,10.0,6,9.91,0.0,0.0
c3f2e49fa9306ea1,tune,full_Region6_s0.2,mq,ising,10.0,6,9.916,0.0,0.0
b0c0bca40ea1e466,tune,full_Region6_s0.3,mq,ising,10.0,6,9.907,0.0,0.0
a3412d6775b6aa85,tune,full_Region7_s0,mq,ising,10.0,7,9.908,0.0,0.0
925011081ec22813,tune,full_Region7_s0.1,mq,ising,10.0,7,9.907,0.0,0.0
0a85f781ea2b88e5,tune,full_Region7_s0.2,mq,ising,10.0,7,9.916,0.0,0.0
c7885e9b18c2e6cc,tune,full_Region7_s0.3,mq,ising,10.0,7,9.912,0.0,0.0
2ee4a5298ece7cb6,tune,full_Region6_s0,mq,ising,10.0,7,9.901,0.0,0.0
2a1f8068e502d2f3,tune,full_Region6_s0.1,mq,ising,10.0,7,9.91,0.0,0.0
c351a6563f5c797f,tune,full_Region6_s0.2,mq,ising,10.0,7,9.907,0.0,0.0
c0c01b0e7df8c6b8,tune,full_Region6_s0.3,mq,ising,10.0,7,9.904,0.0,0.0
dd664226908815ed,tune,full_Region7_s0,mq,ising,10.0,8,10.054,0.0,0.0
de351e383aa0eb4a,tune,full_Region7_s0.1,mq,ising,10.0,8,10.049,0.0,0.0
b8b2a62cbe655ce8,tune,full_Region7_s0.2,mq,ising,10.0,8,9.951,0.0,0.0
89ddf38de5b30629,tune,full_Region7_s0.3,mq,ising,10.0,8,9.944,0.0,0.0
fac911cbc510b564,tune,full_Region6_s0,mq,ising,10.0,8,10.035,0.0,0.0
5954af9d3d593842,tune,full_Region6_s0.1,mq,ising,10.0,8,10.007,0.0,0.0
87a6bc6cc4df17d8,tune,full_Region6_s0.2,mq,ising,10.0,8,9.948,0.0,0.0
8a68e1b6ad3c6b9d,tune,full_Region6_s0.3,mq,ising,10.0,8,9.968,0.0,0.0
5873b3decdb51811,tune,full_Region7_s0,mq,ising,10.0,9,9.925,0.0,0.0
60895a6d361e3365,tune,full_Region7_s0.1,mq,ising,10.0,9,9.931,0.0,0.0
dc089b4de9c6b150,tune,full_Region7_s0.2,mq,ising,10.0,9,9.977,0.0,0.0
d37b471b36b2f691,tune,full_Region7_s0.3,mq,ising,10.0,9,9.943,0.0,0.0
ca8b9216d3d8adbc,tune,full_Region6_s0,mq,ising,10.0,9,9.935,0.0,0.0
a0ea421922b83389,tune,full_Region6_s0.1,mq,ising,10.0,9,9.94,0.0,0.0
6870d8c2456e4617,tune,full_Region6_s0.2,mq,ising,10.0,9,9.985,0.0,0.0
0b10487010e84229,tune,full_Region6_s0.3,mq,ising,10.0,9,9.942,0.0,0.0
1c12b71c4f772a45,tune,full_Region7_s0,mq,ising,10.0,10,9.935,0.0,0.0
b8842c485b6a88c8,tune,full_Region7_s0.1,mq,ising,10.0,10,9.903,0.0,0.0
5ef9eb9133e81617,tune,full_Region7_s0.2,mq,ising,10.0,10,9.914,0.0,0.0
0a8d9d491346187a,tune,full_Region7_s0.3,mq,ising,10.0,10,9.915,0.0,0.0
f9a169af1d3f80a3,tune,full_Region6_s0,mq,ising,10.0,10,9.909,0.0,0.0
07e047752feb5799,tune,full_Region6_s0.1,mq,ising,10.0,10,9.902,0.0,0.0
f85cc208ca9878d4,tune,full_Region6_s0.2,mq,ising,10.0,10,9.914,0.0,0.0
307f2988e5c312aa,tune,full_Region6_s0.3,mq,ising,10.0,10,9.914,0.0,0.0
1881d73326a89f42,tune,full_Region7_s0,mq,ising,10.0,11,9.901,0.0,0.0
7fd72b9866043831,tune,full_Region7_s0.1,mq,ising,10.0,11,9.901,0.0,0.0
5d2fb0aacec1403e,tune,full_Region7_s0.2,mq,ising,10.0,11,9.904,0.0,0.0
297339c0873a07a2,tune,full_Region7_s0.3,mq,ising,10.0,11,9.901,0.0,0.0
f967990c2e1f6982,tune,full_Region6_s0,mq,ising,10.0,11,9.904,0.0,0.0
26c3141292328ca2,tune,full_Region6_s0.1,mq,ising,10.0,11,9.905,0.0,0.0
a61873aa027108b9,tune,full_Region6_s0.2,mq,ising,10.0,11,9.907,0.0,0.0
5515b5b282cb215a,tune,full_Region6_s0.3,mq,ising,10.0,11,9.902,0.0,0.0
c4e8dce7bce596d2,tune,full_Region7_s0,ls,classical,10.0,0,10.023,0.0,0.0
70451d8db1544103,tune,full_Region7_s0.1,ls,classical,10.0,0,10.028,0.0,0.0
3bf1237772a657b9,tune,full_Region7_s0.2,ls,classical,10.0,0,10.041,0.0,0.0
4dab4fb8d4e67cb9,tune,full_Region7_s0.3,ls,classical,10.0,0,10.027,0.0,0.0
534bfb3e31d9dfd4,tune,full_Region6_s0,ls,classical,10.0,0,10.021,0.0,0.0
372c575372698b4f,tune,full_Region6_s0.1,ls,classical,10.0,0,10.025,0.0,0.0
898a11d4f6ceccaa,tune,full_Region6_s0.2,ls,classical,10.0,0,10.022,0.0,0.0
32f9478b8955f625,tune,full_Region6_s0.3,ls,classical,10.0,0,10.018,0.0,0.0
b8efb7d135b2d699,tune,full_Region7_s0,ls,classical,10.0,1,10.011,0.0,0.0
f3196fd9d8604adb,tune,full_Region7_s0.1,ls,classical,10.0,1,10.012,0.0,0.0
8be4c3d2f64301cb,tune,full_Region7_s0.2,ls,classical,10.0,1,10.007,0.0,0.0
3ca7254dca3ebd50,tune,full_Region7_s0.3,ls,classical,10.0,1,10.017,0.0,0.0
31fd319f11be34fb,tune,full_Region6_s0,ls,classical,10.0,1,10.012,0.0,0.0
5a1aef69db7336d3,tune,full_Region6_s0.1,ls,classical,10.0,1,10.02,0.0,0.0
36234d08cd1e0a99,tune,full_Region6_s0.2,ls,classical,10.0,1,10.041,0.0,0.0
b36bb1e95b657e47,tune,full_Region6_s0.3,ls,classical,10.0,1,10.006,0.0,0.0
9b07b755194255bd,tune,full_Region7_s0,ls,classical,10.0,2,10.053,0.0,0.0
83ff359f1ff9a027,tune,full_Region7_s0.1,ls,classical,10.0,2,10.041,0.0,0.0
23e6e7ab05f9794f,tune,full_Region7_s0.2,ls,classical,10.0,2,10.049,0.0,0.0
48afe73bef5f02b9,tune,full_Region7_s0.3,ls,classical,10.0,2,10.04,0.0,0.0
ac8840e4aba70caf,tune,full_Region6_s0,ls,classical,10.0,2,10.046,0.0,0.0
94c1295137c6c3a5,tune,full_Region6_s0.1,ls,classical,10.0,2,10.011,0.0,0.0
864b4b8950256b4c,tune,full_Region6_s0.2,ls,classical,10.0,2,10.021,0.0,0.0
2335b6a189acd2cc,tune,full_Region6_s0.3,ls,classical,10.0,2,10.031,0.0,0.0
4b060ae3b6628b7e,tune,full_Region7_s0,ls,classical,10.0,3,10.009,0.0,0.0
5680642906e52a02,tune,full_Region7_s0.1,ls,classical,10.0,3,10.008,0.0,0.0
fd8da7ec0892bf70,tune,full_Region7_s0.2,ls,classical,10.0,3,10.006,0.0,0.0
827295af8f99f7f9,tune,full_Region7_s0.3,ls,classical,10.0,3,10.006,0.0,0.0
2c010a817503782f,tune,full_Region6_s0,ls,classical,10.0,3,10.002,0.0,0.0
98f7099c1dc3fd08,tune,full_Region6_s0.1,ls,classical,10.0,3,10.01,0.0,0.0
705b750d4c184332,tune,full_Region6_s0.2,ls,classical,10.0,3,10.006,0.0,0.0
3e18a04ef106e25e,tune,full_Region6_s0.3,ls,classical,10.0,3,10.006,0.0,0.0
3ed39e996f017a13,tune,full_Region7_s0,ls,classical,10.0,4,10.013,0.0,0.0
8a5e98d788c87eb8,tune,full_Region7_s0.1,ls,classical,10.0,4,10.031,0.0,0.0
785a14e1fe413439,tune,full_Region7_s0.2,ls,classical,10.0,4,10.021,0.0,0.0
1e4a5fe169459055,tune,full_Region7_s0.3,ls,classical,10.0,4,10.002,0.0,0.0
203e583499f6aad8,tune,full_Region6_s0,ls,classical,10.0,4,10.02,0.0,0.0
253e09430580a285,tune,full_Region6_s0.1,ls,classical,10.0,4,10.02,0.0,0.0
9a77d943b3ecb7b5,tune,full_Region6_s0.2,ls,classical,10.0,4,10.022,0.0,0.0
97d723b722e13d11,tune,full_Region6_s0.3,ls,classical,10.0,4,10.02,0.0,0.0
87ae386ccd36bc21,tune,full_Region7_s0,ls,classical,10.0,5,10.004,0.0,0.0
a1d94328c779a52f,tune,full_Region7_s0.1,ls,classical,10.0,5,10.013,0.0,0.0
afb811cd60a271da,tune,full_Region7_s0.2,ls,classical,10.0,5,10.011,0.0,0.0
ee6d5964203f663d,tune,full_Region7_s0.3,ls,classical,10.0,5,10.009,0.0,0.0
839f1e528990123c,tune,full_Region6_s0,ls,classical,10.0,5,10.009,0.0,0.0
cbba2e256ccb00dc,tune,full_Region6_s0.1,ls,classical,10.0,5,10.007,0.0,0.0
55559550917da65b,tune,full_Region6_s0.2,ls,classical,10.0,5,10.01,0.0,0.0
56bec70626b65c16,tune,full_Region6_s0.3,ls,classical,10.0,5,10.01,0.0,0.0
0bdb92c571a825e8,tune,full_Region7_s0,ls,classical,10.0,6,10.008,0.0,0.0
adf23d562dda9be2,tune,full_Region7_s0.1,ls,classical,10.0,6,10.006,0.0,0.0
f8be6498397a2f63,tune,full_Region7_s0.2,ls,classical,10.0,6,10.007,0.0,0.0
c93b642722887973,tune,full_Region7_s0.3,ls,classical,10.0,6,10.006,0.0,0.0
959945c0fa4406f0,tune,full_Region6_s0,ls,classical,10.0,6,10.007,0.0,0.0
32a5c076b19a1e99,tune,full_Region6_s0.1,ls,classical,10.0,6,10.007,0.0,0.0
9bdf6b57b2ea863a,tune,full_Region6_s0.2,ls,classical,10.0,6,10.005,0.0,0.0
73b38eeea9724726,tune,full_Region6_s0.3,ls,classical,10.0,6,10.005,0.0,0.0
75d213b9a869885d,tune,full_Region7_s0,ls,classical,10.0,7,10.011,0.0,0.0
8ed2485fb4b3e36e,tune,full_Region7_s0.1,ls,classical,10.0,7,10.007,0.0,0.0
8f29df8a6f640dae,tune,full_Region7_s0.2,ls,classical,10.0,7,10.02,0.0,0.0
5fa0dc4456df9e18,tune,full_Region7_s0.3,ls,classical,10.0,7,10.007,0.0,0.0
65de7b45d314d20d,tune,full_Region6_s0,ls,classical,10.0,7,10.007,0.0,0.0
18986c7bb177e3d9,tune,full_Region6_s0.1,ls,classical,10.0,7,10.015,0.0,0.0
2da07d3fb7c1b92a,tune,full_Region6_s0.2,ls,classical,10.0,7,10.026,0.0,0.0
7a2d23ba6da3774c,tune,full_Region6_s0.3,ls,classical,10.0,7,10.01,0.0,0.0
11142606897a5ef4,tune,full_Region7_s0,ls,classical,10.0,8,10.008,0.0,0.0
c6632ccacd6e78c4,tune,full_Region7_s0.1,ls,classical,10.0,8,10.036,0.0,0.0
4ead4afffeaa494f,tune,full_Region7_s0.2,ls,classical,10.0,8,10.005,0.0,0.0
92d0ff6b88e30e9f,tune,full_Region7_s0.3,ls,classical,10.0,8,10.02,0.0,0.0
250d9f1ef333b42d,tune,full_Region6_s0,ls,classical,10.0,8,10.01,0.0,0.0
be5f5052f8856120,tune,full_Region6_s0.1,ls,classical,10.0,8,10.013,0.0,0.0
94013fd504f9717a,tune,full_Region6_s0.2,ls,classical,10.0,8,10.007,0.0,0.0
b9341b6af84db0a5,tune,full_Region6_s0.3,ls,classical,10.0,8,10.011,0.0,0.0
aa9abf7ecd8ef219,tune,full_Region7_s0,ls,classical,10.0,9,10.008,0.0,0.0
fc87e8f865d54f20,tune,full_Region7_s0.1,ls,classical,10.0,9,10.006,0.0,0.0
0527f7defe1dd896,tune,full_Region7_s0.2,ls,classical,10.0,9,10.002,0.0,0.0
436e9c02d635a9b5,tune,full_Region7_s0.3,ls,classical,10.0,9,10.007,0.0,0.0
64c1ae5e524dafd3,tune,full_Region6_s0,ls,classical,10.0,9,10.009,0.0,0.0
eda3f81ede3ce56c,tune,full_Region6_s0.1,ls,classical,10.0,9,10.009,0.0,0.0
3ef49900e47eac24,tune,full_Region6_s0.2,ls,classical,10.0,9,10.004,0.0,0.0
d01ca0125ab4515c,tune,full_Region6_s0.3,ls,classical,10.0,9,10.007,0.0,0.0
d94b7b0c221af7de,tune,full_Region7_s0,ls,classical,10.0,10,10.044,0.0,0.0
dc1aa6bbae58ec92,tune,full_Region7_s0.1,ls,classical,10.0,10,10.05,0.0,0.0
7835a875bc30308b,tune,full_Region7_s0.2,ls,classical,10.0,10,10.047,0.0,0.0
f4602607ed244a6e,tune,full_Region7_s0.3,ls,classical,10.0,10,10.011,0.0,0.0
32f5c90191d04a77,tune,full_Region6_s0,ls,classical,10.0,10,10.011,0.0,0.0
7f533b63677d3973,tune,full_Region6_s0.1,ls,classical,10.0,10,10.034,0.0,0.0
7e2e3815789cb31c,tune,full_Region6_s0.2,ls,classical,10.0,10,10.019,0.0,0.0
2850f2a98d1ac118,tune,full_Region6_s0.3,ls,classical,10.0,10,10.016,0.0,0.0
5f4fe286e3f888fc,tune,full_Region7_s0,ls,classical,10.0,11,10.008,0.0,0.0
0851c4530168b5bd,tune,full_Region7_s0.1,ls,classical,10.0,11,10.008,0.0,0.0
4ee527c16044766f,tune,full_Region7_s0.2,ls,classical,10.0,11,10.002,0.0,0.0
500d5433fcaf9151,tune,full_Region7_s0.3,ls,classical,10.0,11,10.003,0.0,0.0
5f30d9a884b1cca9,tune,full_Region6_s0,ls,classical,10.0,11,10.005,0.0,0.0
64380d5e6c5951de,tune,full_Region6_s0.1,ls,classical,10.0,11,10.006,0.0,0.0
f298baad626c2134,tune,full_Region6_s0.2,ls,classical,10.0,11,10.008,0.0,0.0
2cfcb5524084aca4,tune,full_Region6_s0.3,ls,classical,10.0,11,10.007,0.0,0.0
72197faddffd0852,deval,full_Region7_s0,pt,ising,10.0,101,10.024,0.0,0.0
30db9326cb4a5750,deval,full_Region7_s0.1,pt,ising,10.0,101,10.014,0.0,0.0
8c46f33cb5573af1,deval,full_Region7_s0.2,pt,ising,10.0,101,10.017,0.0,0.0
839579b9ba0d4cb0,deval,full_Region7_s0.3,pt,ising,10.0,101,10.023,0.0,0.0
1e9f82866a884cfa,deval,full_Region6_s0,pt,ising,10.0,101,10.018,0.0,0.0
758c55e9553f7dd1,deval,full_Region6_s0.1,pt,ising,10.0,101,10.001,0.0,0.0
5d88a8fcf0080e3a,deval,full_Region6_s0.2,pt,ising,10.0,101,10.006,0.0,0.0
22be695cc7ef2aeb,deval,full_Region6_s0.3,pt,ising,10.0,101,10.013,0.0,0.0
2e18397a378fe3b8,deval,full_Region7_s0,pt,ising,10.0,102,10.018,0.0,0.0
9aca7028275ff8d3,deval,full_Region7_s0.1,pt,ising,10.0,102,10.013,0.0,0.0
505903265bba3ee5,deval,full_Region7_s0.2,pt,ising,10.0,102,10.015,0.0,0.0
8b8e6cfde6209f0a,deval,full_Region7_s0.3,pt,ising,10.0,102,10.02,0.0,0.0
cbbe609d4c3ee183,deval,full_Region6_s0,pt,ising,10.0,102,10.02,0.0,0.0
bb045d6f18d98fed,deval,full_Region6_s0.1,pt,ising,10.0,102,10.014,0.0,0.0
a9d791baadf7fe3d,deval,full_Region6_s0.2,pt,ising,10.0,102,10.019,0.0,0.0
739f275af2b40486,deval,full_Region6_s0.3,pt,ising,10.0,102,10.01,0.0,0.0
22ff6071861d42d9,deval,full_Region7_s0,pt,ising,10.0,103,10.015,0.0,0.0
5694bb79f3ebce99,deval,full_Region7_s0.1,pt,ising,10.0,103,10.002,0.0,0.0
4fdf2647c6ee32d1,deval,full_Region7_s0.2,pt,ising,10.0,103,10.01,0.0,0.0
31191f7793c1ce88,deval,full_Region7_s0.3,pt,ising,10.0,103,10.014,0.0,0.0
af983a9eb521277f,deval,full_Region6_s0,pt,ising,10.0,103,10.023,0.0,0.0
ed59dcf10e35ed09,deval,full_Region6_s0.1,pt,ising,10.0,103,10.021,0.0,0.0
b78b5cfe84e036de,deval,full_Region6_s0.2,pt,ising,10.0,103,10.009,0.0,0.0
ba863bdbc8b01a84,deval,full_Region6_s0.3,pt,ising,10.0,103,10.019,0.0,0.0
d404b23d4be0b2cf,deval,full_Region7_s0,eim,ising,10.0,101,10.024,0.0,0.0
c4e6e8d008bb8b8d,deval,full_Region7_s0.1,eim,ising,10.0,101,10.009,0.0,0.0
ad6c8ee206b76fc3,deval,full_Region7_s0.2,eim,ising,10.0,101,10.051,0.0,0.0
d80fa2fb17deba4d,deval,full_Region7_s0.3,eim,ising,10.0,101,10.035,0.0,0.0
84a887aec9487f3a,deval,full_Region6_s0,eim,ising,10.0,101,10.065,0.0,0.0
9daff516634e6c5b,deval,full_Region6_s0.1,eim,ising,10.0,101,10.05,0.0,0.0
82cbdadaca7f3ae1,deval,full_Region6_s0.2,eim,ising,10.0,101,10.021,0.0,0.0
ff6ad8c97b20ccee,deval,full_Region6_s0.3,eim,ising,10.0,101,10.058,0.0,0.0
a4a1b7dd33b29f37,deval,full_Region7_s0,eim,ising,10.0,102,10.016,0.0,0.0
1658eadadcf56466,deval,full_Region7_s0.1,eim,ising,10.0,102,10.002,0.0,0.0
b6c8864dacdf6acc,deval,full_Region7_s0.2,eim,ising,10.0,102,10.02,0.0,0.0
f237ac8fb0458c64,deval,full_Region7_s0.3,eim,ising,10.0,102,10.017,0.0,0.0
f1576ab08ca5f267,deval,full_Region6_s0,eim,ising,10.0,102,10.063,0.0,0.0
96392bcc0384b3d0,deval,full_Region6_s0.1,eim,ising,10.0,102,10.006,0.0,0.0
40a37e38a1038457,deval,full_Region6_s0.2,eim,ising,10.0,102,10.029,0.0,0.0
c471ceeb1fced71a,deval,full_Region6_s0.3,eim,ising,10.0,102,10.042,0.0,0.0
dab5889c4d86311b,deval,full_Region7_s0,eim,ising,10.0,103,10.044,0.0,0.0
0cebf911a5f7e167,deval,full_Region7_s0.1,eim,ising,10.0,103,10.019,0.0,0.0
24e2d01236d7aa5b,deval,full_Region7_s0.2,eim,ising,10.0,103,10.015,0.0,0.0
082c2d9f4300184b,deval,full_Region7_s0.3,eim,ising,10.0,103,10.014,0.0,0.0
cb82738746706d3e,deval,full_Region6_s0,eim,ising,10.0,103,10.014,0.0,0.0
b5a411097514ae79,deval,full_Region6_s0.1,eim,ising,10.0,103,10.002,0.0,0.0
8dc60e4f73adc9be,deval,full_Region6_s0.2,eim,ising,10.0,103,10.064,0.0,0.0
5709b4799d9e969f,deval,full_Region6_s0.3,eim,ising,10.0,103,10.028,0.0,0.0
ddf41ceee8df05ec,deval,full_Region7_s0,sb,ising,10.0,101,9.989,0.0,0.0
3c88a530aa972c8c,deval,full_Region7_s0.1,sb,ising,10.0,101,9.997,0.0,0.0
916622c99eebddcb,deval,full_Region7_s0.2,sb,ising,10.0,101,9.993,0.0,0.0
19c3fcf41377a106,deval,full_Region7_s0.3,sb,ising,10.0,101,10.548,0.0,0.0
73df81580b9875c2,deval,full_Region6_s0,sb,ising,10.0,101,9.997,0.0,0.0
25ac038897f21ff9,deval,full_Region6_s0.1,sb,ising,10.0,101,9.993,0.0,0.0
cb7eb02c7f8e4036,deval,full_Region6_s0.2,sb,ising,10.0,101,10.527,0.0,0.0
3ddc58e91ef8d123,deval,full_Region6_s0.3,sb,ising,10.0,101,9.989,0.0,0.0
d45c73606dd5e179,deval,full_Region7_s0,sb,ising,10.0,102,9.958,0.0,0.0
68b9ec2d1238fd5e,deval,full_Region7_s0.1,sb,ising,10.0,102,9.988,0.0,0.0
f045d82cbd17064d,deval,full_Region7_s0.2,sb,ising,10.0,102,9.998,0.0,0.0
49a85c2b6dc79579,deval,full_Region7_s0.3,sb,ising,10.0,102,10.0,0.0,0.0
2b3a72c86229195b,deval,full_Region6_s0,sb,ising,10.0,102,9.998,0.0,0.0
e8abb5738a6968be,deval,full_Region6_s0.1,sb,ising,10.0,102,9.989,0.0,0.0
697e6397db8fc710,deval,full_Region6_s0.2,sb,ising,10.0,102,9.995,0.0,0.0
05915bdabfe6eb6b,deval,full_Region6_s0.3,sb,ising,10.0,102,10.454,0.0,0.0
dbd9d710f94b24ef,deval,full_Region7_s0,sb,ising,10.0,103,10.745,0.0,0.0
e252901f56e31fa5,deval,full_Region7_s0.1,sb,ising,10.0,103,10.635,0.0,0.0
521836ea2463c111,deval,full_Region7_s0.2,sb,ising,10.0,103,9.994,0.0,0.0
2831277c667534b7,deval,full_Region7_s0.3,sb,ising,10.0,103,9.997,0.0,0.0
25474d6870e187a7,deval,full_Region6_s0,sb,ising,10.0,103,9.988,0.0,0.0
d5c2b5b272b6afd7,deval,full_Region6_s0.1,sb,ising,10.0,103,9.991,0.0,0.0
45fae0b7ecea01af,deval,full_Region6_s0.2,sb,ising,10.0,103,9.988,0.0,0.0
63f55001a815fd20,deval,full_Region6_s0.3,sb,ising,10.0,103,9.994,0.0,0.0
a75cb1b9898321d7,deval,full_Region7_s0,mq,ising,10.0,101,9.907,0.0,0.0
172323517ead3e67,deval,full_Region7_s0.1,mq,ising,10.0,101,9.906,0.0,0.0
2fae0debf540dc2b,deval,full_Region7_s0.2,mq,ising,10.0,101,9.903,0.0,0.0
37dd1772470a7b95,deval,full_Region7_s0.3,mq,ising,10.0,101,9.903,0.0,0.0
f644495b9a908069,deval,full_Region6_s0,mq,ising,10.0,101,9.906,0.0,0.0
c0599cd70c9c4762,deval,full_Region6_s0.1,mq,ising,10.0,101,9.904,0.0,0.0
f9bcca4bb4d741f9,deval,full_Region6_s0.2,mq,ising,10.0,101,9.904,0.0,0.0
03d566f3b39fafa1,deval,full_Region6_s0.3,mq,ising,10.0,101,9.907,0.0,0.0
b85222cc1a2b940c,deval,full_Region7_s0,mq,ising,10.0,102,9.916,0.0,0.0
1f4892f6016a45be,deval,full_Region7_s0.1,mq,ising,10.0,102,9.901,0.0,0.0
4098f800939876ee,deval,full_Region7_s0.2,mq,ising,10.0,102,9.907,0.0,0.0
35c7480833b1547a,deval,full_Region7_s0.3,mq,ising,10.0,102,9.901,0.0,0.0
3a8cb2c97f914866,deval,full_Region6_s0,mq,ising,10.0,102,9.902,0.0,0.0
7e2aeecd76a50138,deval,full_Region6_s0.1,mq,ising,10.0,102,9.901,0.0,0.0
9f4582001a34bdbe,deval,full_Region6_s0.2,mq,ising,10.0,102,9.901,0.0,0.0
7138b948c44798fc,deval,full_Region6_s0.3,mq,ising,10.0,102,9.908,0.0,0.0
b3dcb318038edb82,deval,full_Region7_s0,mq,ising,10.0,103,9.914,0.0,0.0
b861b53fd43efa43,deval,full_Region7_s0.1,mq,ising,10.0,103,9.921,0.0,0.0
5567629f87bfe260,deval,full_Region7_s0.2,mq,ising,10.0,103,9.905,0.0,0.0
5908e3f374eea73b,deval,full_Region7_s0.3,mq,ising,10.0,103,9.904,0.0,0.0
f919e0d0f0b65449,deval,full_Region6_s0,mq,ising,10.0,103,9.902,0.0,0.0
6d5e081c18910425,deval,full_Region6_s0.1,mq,ising,10.0,103,9.904,0.0,0.0
ae295c05747f4f80,deval,full_Region6_s0.2,mq,ising,10.0,103,9.907,0.0,0.0
4034974334649b05,deval,full_Region6_s0.3,mq,ising,10.0,103,9.904,0.0,0.0
7353f899951a8491,deval,full_Region7_s0,lp,classical,10.0,101,0.398,0.0,0.0
52b3cdc83dfa569f,deval,full_Region7_s0.1,lp,classical,10.0,101,0.344,0.0,0.0
14e385f1950949ba,deval,full_Region7_s0.2,lp,classical,10.0,101,0.219,0.0,0.0
1237a14320bd8c17,deval,full_Region7_s0.3,lp,classical,10.0,101,0.665,0.0,0.0
a7eff362d7943961,deval,full_Region6_s0,lp,classical,10.0,101,0.824,0.0,0.0
97b59ec7ffe79449,deval,full_Region6_s0.1,lp,classical,10.0,101,0.803,0.0,0.0
d84cdb5bf410c655,deval,full_Region6_s0.2,lp,classical,10.0,101,0.817,0.0,0.0
7a6ebeee81b41a91,deval,full_Region6_s0.3,lp,classical,10.0,101,0.865,0.0,0.0
16c92ec67b6a2c51,deval,full_Region7_s0,milp,classical,10.0,101,5.809,0.0,0.0
9f96dac004d2b76d,deval,full_Region7_s0.1,milp,classical,10.0,101,5.82,0.0,0.0
3b1a65b8b9345dca,deval,full_Region7_s0.2,milp,classical,10.0,101,2.087,0.0,0.0
a9c276bb836219b2,deval,full_Region7_s0.3,milp,classical,10.0,101,10.152,0.0,0.0
952c5a305ff73bf5,deval,full_Region6_s0,milp,classical,10.0,101,9.654,0.0,0.0
27f82d6064eb681b,deval,full_Region6_s0.1,milp,classical,10.0,101,8.553,0.0,0.0
becdc32469c92f04,deval,full_Region6_s0.2,milp,classical,10.0,101,9.645,0.0,0.0
782f3e50f68f89b4,deval,full_Region6_s0.3,milp,classical,10.0,101,9.649,0.0,0.0
bf266bc6199cb59a,deval,full_Region7_s0,milp,classical,10.0,102,3.609,0.0,0.0
e8e83753e227f5f0,deval,full_Region7_s0.1,milp,classical,10.0,102,5.696,0.0,0.0
a49bdf272ec9ed0b,deval,full_Region7_s0.2,milp,classical,10.0,102,2.262,0.0,0.0
ef0fbe39a7a9a31f,deval,full_Region7_s0.3,milp,classical,10.0,102,10.152,0.0,0.0
d7675bcae0859894,deval,full_Region6_s0,milp,classical,10.0,102,9.652,0.0,0.0
684be7240b5b95f4,deval,full_Region6_s0.1,milp,classical,10.0,102,8.49,0.0,0.0
d559f209b64cd72e,deval,full_Region6_s0.2,milp,classical,10.0,102,9.653,0.0,0.0
dd55728add004f29,deval,full_Region6_s0.3,milp,classical,10.0,102,9.657,0.0,0.0
3e37380522ab362b,deval,full_Region7_s0,milp,classical,10.0,103,3.731,0.0,0.0
18d8d48a2896980f,deval,full_Region7_s0.1,milp,classical,10.0,103,3.405,0.0,0.0
b34754649966c933,deval,full_Region7_s0.2,milp,classical,10.0,103,2.262,0.0,0.0
cd4d49feee1c8467,deval,full_Region7_s0.3,milp,classical,10.0,103,10.084,0.0,0.0
2bac53f97c8369df,deval,full_Region6_s0,milp,classical,10.0,103,9.647,0.0,0.0
6da4c49ea8b8acd8,deval,full_Region6_s0.1,milp,classical,10.0,103,8.411,0.0,0.0
ba08df47bfa518dc,deval,full_Region6_s0.2,milp,classical,10.0,103,9.649,0.0,0.0
30e7ca3fc13631fd,deval,full_Region6_s0.3,milp,classical,10.0,103,9.645,0.0,0.0
3b068764bf5be478,deval,full_Region7_s0,cpsat,classical,10.0,101,4.466,0.0,0.0
9e1f8521167259d8,deval,full_Region7_s0.1,cpsat,classical,10.0,101,4.776,0.0,0.0
201d3c2062a5688d,deval,full_Region7_s0.2,cpsat,classical,10.0,101,2.076,0.0,0.0
6d714444c1fe15ba,deval,full_Region7_s0.3,cpsat,classical,10.0,101,9.854,0.0,0.0
eaeb644ede59c65d,deval,full_Region6_s0,cpsat,classical,10.0,101,9.858,0.0,0.0
5dbb080103fc4879,deval,full_Region6_s0.1,cpsat,classical,10.0,101,8.724,0.0,0.0
23a2ecbff8da72fe,deval,full_Region6_s0.2,cpsat,classical,10.0,101,9.858,0.0,0.0
5e39719cb0f12fd5,deval,full_Region6_s0.3,cpsat,classical,10.0,101,9.846,0.0,0.0
af6b99f5c1175360,deval,full_Region7_s0,cpsat,classical,10.0,102,4.57,0.0,0.0
19055e49463b9d23,deval,full_Region7_s0.1,cpsat,classical,10.0,102,4.446,0.0,0.0
2a3bf8a578b155c9,deval,full_Region7_s0.2,cpsat,classical,10.0,102,1.968,0.0,0.0
bf750f5d4a54eaf7,deval,full_Region7_s0.3,cpsat,classical,10.0,102,8.975,0.0,0.0
621edfc18ab91aba,deval,full_Region6_s0,cpsat,classical,10.0,102,9.856,0.0,0.0
484b3115dc3fedd6,deval,full_Region6_s0.1,cpsat,classical,10.0,102,9.847,0.0,0.0
0cb9ae0babf61974,deval,full_Region6_s0.2,cpsat,classical,10.0,102,9.851,0.0,0.0
cfb1ad6b5734b3cc,deval,full_Region6_s0.3,cpsat,classical,10.0,102,9.851,0.0,0.0
3a27a7a8fe403b36,deval,full_Region7_s0,cpsat,classical,10.0,103,4.455,0.0,0.0
5bbc7a09b1491ccc,deval,full_Region7_s0.1,cpsat,classical,10.0,103,4.401,0.0,0.0
c13108f8e87e827c,deval,full_Region7_s0.2,cpsat,classical,10.0,103,2.105,0.0,0.0
9d498a8f71c415cc,deval,full_Region7_s0.3,cpsat,classical,10.0,103,9.701,0.0,0.0
716d64506af027b0,deval,full_Region6_s0,cpsat,classical,10.0,103,9.861,0.0,0.0
0b3aca9a89365d05,deval,full_Region6_s0.1,cpsat,classical,10.0,103,9.211,0.0,0.0
343426f6dcc1ec80,deval,full_Region6_s0.2,cpsat,classical,10.0,103,9.858,0.0,0.0
3fa7b842f7079715,deval,full_Region6_s0.3,cpsat,classical,10.0,103,9.85,0.0,0.0
eafca93488289f66,deval,full_Region7_s0,ls,classical,10.0,101,10.014,0.0,0.0
decd63b5d2d2ba25,deval,full_Region7_s0.1,ls,classical,10.0,101,10.002,0.0,0.0
62a4577310755ed3,deval,full_Region7_s0.2,ls,classical,10.0,101,10.011,0.0,0.0
c52cdbc4707d5181,deval,full_Region7_s0.3,ls,classical,10.0,101,10.003,0.0,0.0
ee6483db4cc9c5d4,deval,full_Region6_s0,ls,classical,10.0,101,10.002,0.0,0.0
ede7c4b6fa8758ec,deval,full_Region6_s0.1,ls,classical,10.0,101,10.011,0.0,0.0
9aeae7e39acefe1c,deval,full_Region6_s0.2,ls,classical,10.0,101,10.008,0.0,0.0
576c36d12d5f3a69,deval,full_Region6_s0.3,ls,classical,10.0,101,10.012,0.0,0.0
7366cab8de5ed699,deval,full_Region7_s0,ls,classical,10.0,102,10.013,0.0,0.0
9cf2d42a48229fe8,deval,full_Region7_s0.1,ls,classical,10.0,102,10.012,0.0,0.0
df023e452aa0887c,deval,full_Region7_s0.2,ls,classical,10.0,102,10.012,0.0,0.0
f58932651a8ac069,deval,full_Region7_s0.3,ls,classical,10.0,102,10.009,0.0,0.0
f5b3f19ab1ed34e8,deval,full_Region6_s0,ls,classical,10.0,102,10.006,0.0,0.0
4ffe3bab17b53df2,deval,full_Region6_s0.1,ls,classical,10.0,102,10.009,0.0,0.0
6b44aa688d9e9895,deval,full_Region6_s0.2,ls,classical,10.0,102,10.012,0.0,0.0
2f0269679a30a8e7,deval,full_Region6_s0.3,ls,classical,10.0,102,10.002,0.0,0.0
007dcad85d6d79a8,deval,full_Region7_s0,ls,classical,10.0,103,10.008,0.0,0.0
49a4ef7864127e21,deval,full_Region7_s0.1,ls,classical,10.0,103,10.008,0.0,0.0
17c334247561b5f4,deval,full_Region7_s0.2,ls,classical,10.0,103,10.008,0.0,0.0
fa034f4446d9a5c2,deval,full_Region7_s0.3,ls,classical,10.0,103,10.009,0.0,0.0
a95cc7e45b515ecb,deval,full_Region6_s0,ls,classical,10.0,103,10.01,0.0,0.0
f12da89a95c53979,deval,full_Region6_s0.1,ls,classical,10.0,103,10.008,0.0,0.0
81afa2ccf04bac98,deval,full_Region6_s0.2,ls,classical,10.0,103,10.003,0.0,0.0
cbb99de1588cfc6b,deval,full_Region6_s0.3,ls,classical,10.0,103,10.006,0.0,0.0
fc079289246ac5d0,deval,full_Region7_s0,greedy,classical,10.0,101,0.064,0.0,0.0
6a75bf29fc3051f2,deval,full_Region7_s0.1,greedy,classical,10.0,101,0.054,0.0,0.0
09e692135c95f839,deval,full_Region7_s0.2,greedy,classical,10.0,101,0.084,0.0,0.0
14173cce6cb2f428,deval,full_Region7_s0.3,greedy,classical,10.0,101,0.061,0.0,0.0
a24c3e3c5261d0e5,deval,full_Region6_s0,greedy,classical,10.0,101,0.051,0.0,0.0
81d7b47b2030405f,deval,full_Region6_s0.1,greedy,classical,10.0,101,0.05,0.0,0.0
1dd7efba82b3358f,deval,full_Region6_s0.2,greedy,classical,10.0,101,0.05,0.0,0.0
3676522b1e73d9f7,deval,full_Region6_s0.3,greedy,classical,10.0,101,0.053,0.0,0.0
88841a7243a46b0c,deval,full_Region7_s0,pgreedy,classical,10.0,101,0.109,0.0,0.0
4b95e6ee36fc0d68,deval,full_Region7_s0.1,pgreedy,classical,10.0,101,0.083,0.0,0.0
0e5ef0697d830cf2,deval,full_Region7_s0.2,pgreedy,classical,10.0,101,0.105,0.0,0.0
f690a2eef3ac5a83,deval,full_Region7_s0.3,pgreedy,classical,10.0,101,0.069,0.0,0.0
540b241ee0e2f13a,deval,full_Region6_s0,pgreedy,classical,10.0,101,0.09,0.0,0.0
bd383578ff6da87e,deval,full_Region6_s0.1,pgreedy,classical,10.0,101,0.083,0.0,0.0
83e24c129639888a,deval,full_Region6_s0.2,pgreedy,classical,10.0,101,0.069,0.0,0.0
b8a4e3d4da41e2ca,deval,full_Region6_s0.3,pgreedy,classical,10.0,101,0.083,0.0,0.0
ee289442aa5b78db,label_day1,day1_Region6_s0.1,cpsat,classical,1.0,101,0.19,0.0,0.0
40571e27151edfa4,label_day1,day1_Region6_s0.2,cpsat,classical,1.0,101,0.613,0.0,0.0
ab45bbac24989642,label_day1,day1_Region6_s0.3,cpsat,classical,1.0,101,0.92,0.0,0.0
122e0da4a2ed6ec4,label_day1,day1_Region6_s0,cpsat,classical,1.0,101,0.915,0.0,0.0
feab251cd3accd1d,label_day1,day1_Region7_s0.1,cpsat,classical,1.0,101,0.916,0.0,0.0
f7d0cbf6595a05c7,label_day1,day1_Region7_s0.2,cpsat,classical,1.0,101,0.912,0.0,0.0
d2afe96286aa257e,label_day1,day1_Region7_s0.3,cpsat,classical,1.0,101,0.329,0.0,0.0
c7ae5d043bcbf9f2,label_day1,day1_Region7_s0,cpsat,classical,1.0,101,0.911,0.0,0.0
d93ad8b6b9430586,label_day1,day1_Region6_s0.1,cpsat,classical,3.0,101,1.299,0.0,0.0
a80270fdf9f35f08,label_day1,day1_Region6_s0.2,cpsat,classical,3.0,101,2.489,0.0,0.0
fdce5e8594d3a96f,label_day1,day1_Region6_s0.3,cpsat,classical,3.0,101,2.905,0.0,0.0
6d2cfbf55ed19186,label_day1,day1_Region6_s0,cpsat,classical,3.0,101,2.904,0.0,0.0
ee0756f4d9cff62e,label_day1,day1_Region7_s0.1,cpsat,classical,3.0,101,2.912,0.0,0.0
3317fe6db092d004,label_day1,day1_Region7_s0.2,cpsat,classical,3.0,101,2.908,0.0,0.0
386d55154e3eb661,label_day1,day1_Region7_s0.3,cpsat,classical,3.0,101,1.733,0.0,0.0
56b7110eb6f86736,label_day1,day1_Region7_s0,cpsat,classical,3.0,101,2.912,0.0,0.0
6f05f15227f56fed,label_day1,day1_Region6_s0.1,cpsat,classical,10.0,101,3.301,0.0,0.0
bc08556dc772aad7,label_day1,day1_Region6_s0.2,cpsat,classical,10.0,101,9.411,0.0,0.0
87af05817dcd2727,label_day1,day1_Region6_s0.3,cpsat,classical,10.0,101,9.788,0.0,0.0
76e7c192ae952c54,label_day1,day1_Region6_s0,cpsat,classical,10.0,101,8.84,0.0,0.0
37995a8cc7427024,label_day1,day1_Region7_s0.1,cpsat,classical,10.0,101,9.726,0.0,0.0
0119e6f4aaf582a7,label_day1,day1_Region7_s0.2,cpsat,classical,10.0,101,9.792,0.0,0.0
078a061d369f7986,label_day1,day1_Region7_s0.3,cpsat,classical,10.0,101,5.311,0.0,0.0
5bb2e2f1c093fdb8,label_day1,day1_Region7_s0,cpsat,classical,10.0,101,9.808,0.0,0.0
fb99d79f6f6caeae,label_day1,day1_Region6_s0.1,eim,ising,1.0,101,1.028,0.0,0.0
bf7166bbf22e3f0a,label_day1,day1_Region6_s0.2,eim,ising,1.0,101,1.012,0.0,0.0
de63cb31d5062c98,label_day1,day1_Region6_s0.3,eim,ising,1.0,101,1.01,0.0,0.0
a50fb4aa12d44b7b,label_day1,day1_Region6_s0,eim,ising,1.0,101,0.982,0.0,0.0
6f06140bf705304e,label_day1,day1_Region7_s0.1,eim,ising,1.0,101,1.022,0.0,0.0
d7314583c574d440,label_day1,day1_Region7_s0.2,eim,ising,1.0,101,1.028,0.0,0.0
9d673b9f20a7a742,label_day1,day1_Region7_s0.3,eim,ising,1.0,101,1.004,0.0,0.0
6bb1978950b33286,label_day1,day1_Region7_s0,eim,ising,1.0,101,1.06,0.0,0.0
1a51a73c8f764911,label_day1,day1_Region6_s0.1,eim,ising,3.0,101,3.008,0.0,0.0
7fcdf5026e8a8a02,label_day1,day1_Region6_s0.2,eim,ising,3.0,101,3.014,0.0,0.0
622fe7c75c106403,label_day1,day1_Region6_s0.3,eim,ising,3.0,101,3.016,0.0,0.0
23836396a23898ed,label_day1,day1_Region6_s0,eim,ising,3.0,101,3.007,0.0,0.0
616baec2456b4471,label_day1,day1_Region7_s0.1,eim,ising,3.0,101,3.011,0.0,0.0
017cccf8971d814d,label_day1,day1_Region7_s0.2,eim,ising,3.0,101,3.021,0.0,0.0
b36877f596cb70e4,label_day1,day1_Region7_s0.3,eim,ising,3.0,101,3.006,0.0,0.0
2fda7ef0f743a048,label_day1,day1_Region7_s0,eim,ising,3.0,101,3.023,0.0,0.0
32e793f5f60e775a,label_day1,day1_Region6_s0.1,eim,ising,10.0,101,10.011,0.0,0.0
96f0b45b48098ee2,label_day1,day1_Region6_s0.2,eim,ising,10.0,101,10.022,0.0,0.0
80d4d3002ba7588d,label_day1,day1_Region6_s0.3,eim,ising,10.0,101,10.013,0.0,0.0
5c57cfa751d93aeb,label_day1,day1_Region6_s0,eim,ising,10.0,101,10.019,0.0,0.0
53bd6341db508fcb,label_day1,day1_Region7_s0.1,eim,ising,10.0,101,10.013,0.0,0.0
963b629a04d7d471,label_day1,day1_Region7_s0.2,eim,ising,10.0,101,10.023,0.0,0.0
3beb7618b51c04bf,label_day1,day1_Region7_s0.3,eim,ising,10.0,101,10.007,0.0,0.0
ba26f0a385717192,label_day1,day1_Region7_s0,eim,ising,10.0,101,10.017,0.0,0.0
7687a0d28e163718,label_day1,day1_Region6_s0.1,ls,classical,1.0,101,1.003,0.0,0.0
7ed16fac2af91063,label_day1,day1_Region6_s0.2,ls,classical,1.0,101,1.005,0.0,0.0
40eef8c2913cf3e1,label_day1,day1_Region6_s0.3,ls,classical,1.0,101,1.006,0.0,0.0
79528f0a3a95ba1d,label_day1,day1_Region6_s0,ls,classical,1.0,101,1.007,0.0,0.0
f52cb5f6fb44a600,label_day1,day1_Region7_s0.1,ls,classical,1.0,101,1.004,0.0,0.0
6aba40e46a555bca,label_day1,day1_Region7_s0.2,ls,classical,1.0,101,1.02,0.0,0.0
38797234d895953e,label_day1,day1_Region7_s0.3,ls,classical,1.0,101,1.03,0.0,0.0
db61b7c0ed3a8c11,label_day1,day1_Region7_s0,ls,classical,1.0,101,1.02,0.0,0.0
f8561373d1d5d8bd,label_day1,day1_Region6_s0.1,ls,classical,3.0,101,3.005,0.0,0.0
a78b735bc04a6337,label_day1,day1_Region6_s0.2,ls,classical,3.0,101,3.007,0.0,0.0
dee2a2aec8af7644,label_day1,day1_Region6_s0.3,ls,classical,3.0,101,3.003,0.0,0.0
b65e7f077cd212fd,label_day1,day1_Region6_s0,ls,classical,3.0,101,3.004,0.0,0.0
71cba257b7d5bc55,label_day1,day1_Region7_s0.1,ls,classical,3.0,101,3.009,0.0,0.0
70b3142df2e2fd3d,label_day1,day1_Region7_s0.2,ls,classical,3.0,101,3.005,0.0,0.0
df0514b2b4fe8f6c,label_day1,day1_Region7_s0.3,ls,classical,3.0,101,3.017,0.0,0.0
30ec242cc1639a6c,label_day1,day1_Region7_s0,ls,classical,3.0,101,3.01,0.0,0.0
17a11f0a94eaa74d,label_day1,day1_Region6_s0.1,ls,classical,10.0,101,10.004,0.0,0.0
7ad7b55977f476c3,label_day1,day1_Region6_s0.2,ls,classical,10.0,101,10.001,0.0,0.0
aac4356ac766361b,label_day1,day1_Region6_s0.3,ls,classical,10.0,101,10.0,0.0,0.0
aff4f08ce62d29ec,label_day1,day1_Region6_s0,ls,classical,10.0,101,10.002,0.0,0.0
0525a3091312b8b1,label_day1,day1_Region7_s0.1,ls,classical,10.0,101,10.006,0.0,0.0
a7febcad5c5823e7,label_day1,day1_Region7_s0.2,ls,classical,10.0,101,10.01,0.0,0.0
5e9ca7ca6abafd46,label_day1,day1_Region7_s0.3,ls,classical,10.0,101,10.004,0.0,0.0
07026444f07c3147,label_day1,day1_Region7_s0,ls,classical,10.0,101,10.005,0.0,0.0
7cc3c3c4c7589fcc,label_day1,day1_Region6_s0.1,pt,ising,1.0,101,1.024,0.0,0.0
1e2ab5c5014f2a0c,label_day1,day1_Region6_s0.2,pt,ising,1.0,101,1.011,0.0,0.0
3737ff342555fac6,label_day1,day1_Region6_s0.3,pt,ising,1.0,101,0.985,0.0,0.0
33e2a9682512d671,label_day1,day1_Region6_s0,pt,ising,1.0,101,1.043,0.0,0.0
076b90825e2f6392,label_day1,day1_Region7_s0.1,pt,ising,1.0,101,1.033,0.0,0.0
1d2bfa026f2ca56d,label_day1,day1_Region7_s0.2,pt,ising,1.0,101,0.987,0.0,0.0
54677abeece1e10f,label_day1,day1_Region7_s0.3,pt,ising,1.0,101,1.056,0.0,0.0
767716c2abf3e47d,label_day1,day1_Region7_s0,pt,ising,1.0,101,0.988,0.0,0.0
adcb99bb67ea6ddd,label_day1,day1_Region6_s0.1,pt,ising,3.0,101,3.074,0.0,0.0
7ca0b51f1d2c662d,label_day1,day1_Region6_s0.2,pt,ising,3.0,101,3.025,0.0,0.0
d1373123893b3d69,label_day1,day1_Region6_s0.3,pt,ising,3.0,101,3.08,0.0,0.0
935abc25210ed255,label_day1,day1_Region6_s0,pt,ising,3.0,101,3.072,0.0,0.0
4d6677c75f6db54a,label_day1,day1_Region7_s0.1,pt,ising,3.0,101,3.063,0.0,0.0
1ef9a45095e7cff3,label_day1,day1_Region7_s0.2,pt,ising,3.0,101,3.033,0.0,0.0
93d8a959ff108386,label_day1,day1_Region7_s0.3,pt,ising,3.0,101,3.054,0.0,0.0
ec165e73559ab48d,label_day1,day1_Region7_s0,pt,ising,3.0,101,3.028,0.0,0.0
0ec99d3a10bcbfb6,label_day1,day1_Region6_s0.1,pt,ising,10.0,101,10.008,0.0,0.0
632dff8160c9599d,label_day1,day1_Region6_s0.2,pt,ising,10.0,101,10.002,0.0,0.0
6ed63bfa1a82d009,label_day1,day1_Region6_s0.3,pt,ising,10.0,101,10.009,0.0,0.0
86dbedf3d72ba673,label_day1,day1_Region6_s0,pt,ising,10.0,101,10.003,0.0,0.0
69ae927460f0d425,label_day1,day1_Region7_s0.1,pt,ising,10.0,101,10.015,0.0,0.0
b006304ee59886d5,label_day1,day1_Region7_s0.2,pt,ising,10.0,101,10.015,0.0,0.0
bf7d8d9383cea5c7,label_day1,day1_Region7_s0.3,pt,ising,10.0,101,10.005,0.0,0.0
e9e033824e93e1df,label_day1,day1_Region7_s0,pt,ising,10.0,101,10.02,0.0,0.0
76d80b6ff2fa0e48,deval_hl,full_Region7_s0,pt,ising,10.0,101,10.02,0.0,0.0
360340ee552afd9d,deval_hl,full_Region7_s0.1,pt,ising,10.0,101,10.021,0.0,0.0
46764b4975acc19c,deval_hl,full_Region7_s0.2,pt,ising,10.0,101,10.015,0.0,0.0
853600b6bfeb77d1,deval_hl,full_Region7_s0.3,pt,ising,10.0,101,10.011,0.0,0.0
f0200c78025e4c2b,deval_hl,full_Region6_s0,pt,ising,10.0,101,10.013,0.0,0.0
2b7f928619917461,deval_hl,full_Region6_s0.1,pt,ising,10.0,101,10.016,0.0,0.0
8189240fa2e9eff1,deval_hl,full_Region6_s0.2,pt,ising,10.0,101,10.02,0.0,0.0
1bebcf5e33d90e78,deval_hl,full_Region6_s0.3,pt,ising,10.0,101,10.017,0.0,0.0
1096a42911da6090,deval_hl,full_Region7_s0,pt,ising,10.0,102,10.018,0.0,0.0
88b2d692af65163b,deval_hl,full_Region7_s0.1,pt,ising,10.0,102,10.005,0.0,0.0
d208adc0d780bcc5,deval_hl,full_Region7_s0.2,pt,ising,10.0,102,10.021,0.0,0.0
f5f7e8790ae4d495,deval_hl,full_Region7_s0.3,pt,ising,10.0,102,10.02,0.0,0.0
43a659115da7bae8,deval_hl,full_Region6_s0,pt,ising,10.0,102,10.013,0.0,0.0
e1d731c33d52af30,deval_hl,full_Region6_s0.1,pt,ising,10.0,102,10.011,0.0,0.0
d7a2ee06a8ab8abb,deval_hl,full_Region6_s0.2,pt,ising,10.0,102,10.004,0.0,0.0
da805654c9c3e7a5,deval_hl,full_Region6_s0.3,pt,ising,10.0,102,10.023,0.0,0.0
202e89aacc51908d,deval_hl,full_Region7_s0,pt,ising,10.0,103,10.016,0.0,0.0
4789db949a6ef557,deval_hl,full_Region7_s0.1,pt,ising,10.0,103,10.016,0.0,0.0
ad21e41c1042bb3d,deval_hl,full_Region7_s0.2,pt,ising,10.0,103,10.021,0.0,0.0
c9b1f0b83c7db258,deval_hl,full_Region7_s0.3,pt,ising,10.0,103,10.025,0.0,0.0
da4f0bf67f4996b9,deval_hl,full_Region6_s0,pt,ising,10.0,103,10.002,0.0,0.0
b9a7750c1bf9feae,deval_hl,full_Region6_s0.1,pt,ising,10.0,103,10.027,0.0,0.0
118cef95a447165d,deval_hl,full_Region6_s0.2,pt,ising,10.0,103,10.012,0.0,0.0
d09e0134e3088b6e,deval_hl,full_Region6_s0.3,pt,ising,10.0,103,10.021,0.0,0.0
5089f1ccc8b77e98,deval_hl,full_Region7_s0,eim,ising,10.0,101,10.059,0.0,0.0
6581516c2658f388,deval_hl,full_Region7_s0.1,eim,ising,10.0,101,10.057,0.0,0.0
b0ae6117aaf15b8f,deval_hl,full_Region7_s0.2,eim,ising,10.0,101,10.02,0.0,0.0
186fc8040988cfea,deval_hl,full_Region7_s0.3,eim,ising,10.0,101,10.01,0.0,0.0
b6e0555ed3013993,deval_hl,full_Region6_s0,eim,ising,10.0,101,10.061,0.0,0.0
fe57543e67840ae0,deval_hl,full_Region6_s0.1,eim,ising,10.0,101,10.04,0.0,0.0
7ea9aec5ba1704b8,deval_hl,full_Region6_s0.2,eim,ising,10.0,101,10.035,0.0,0.0
81dd518efc1e7b11,deval_hl,full_Region6_s0.3,eim,ising,10.0,101,10.018,0.0,0.0
dc9c89fa7a288809,deval_hl,full_Region7_s0,eim,ising,10.0,102,10.057,0.0,0.0
a96b300e3a74c622,deval_hl,full_Region7_s0.1,eim,ising,10.0,102,10.048,0.0,0.0
fb8f20de7b9f2d42,deval_hl,full_Region7_s0.2,eim,ising,10.0,102,10.023,0.0,0.0
41f96ad34c59401d,deval_hl,full_Region7_s0.3,eim,ising,10.0,102,10.024,0.0,0.0
ecc3ebb6a64af491,deval_hl,full_Region6_s0,eim,ising,10.0,102,10.04,0.0,0.0
aa0a22b4f99d10f7,deval_hl,full_Region6_s0.1,eim,ising,10.0,102,10.011,0.0,0.0
ed42a419ad247235,deval_hl,full_Region6_s0.2,eim,ising,10.0,102,10.056,0.0,0.0
89886b0aa7560794,deval_hl,full_Region6_s0.3,eim,ising,10.0,102,10.062,0.0,0.0
cf2f2dfa3b3b42ac,deval_hl,full_Region7_s0,eim,ising,10.0,103,10.018,0.0,0.0
ee9cbdb36388fa7b,deval_hl,full_Region7_s0.1,eim,ising,10.0,103,10.053,0.0,0.0
57cfe60a5f996efe,deval_hl,full_Region7_s0.2,eim,ising,10.0,103,10.054,0.0,0.0
4e882baf5bb61760,deval_hl,full_Region7_s0.3,eim,ising,10.0,103,10.038,0.0,0.0
e2d6f870d1a5dd56,deval_hl,full_Region6_s0,eim,ising,10.0,103,10.075,0.0,0.0
5dd69290defecef3,deval_hl,full_Region6_s0.1,eim,ising,10.0,103,10.023,0.0,0.0
db18dea0fad442b3,deval_hl,full_Region6_s0.2,eim,ising,10.0,103,10.042,0.0,0.0
b67ad9a2f176ff56,deval_hl,full_Region6_s0.3,eim,ising,10.0,103,10.005,0.0,0.0
51cdfcb8bd4dc33a,deval_hl,full_Region7_s0,sb,ising,10.0,101,9.998,0.0,0.0
a9be620baa274447,deval_hl,full_Region7_s0.1,sb,ising,10.0,101,9.975,0.0,0.0
6dc179806b27c53f,deval_hl,full_Region7_s0.2,sb,ising,10.0,101,10.717,0.0,0.0
c7e6340e7dcdb20f,deval_hl,full_Region7_s0.3,sb,ising,10.0,101,9.996,0.0,0.0
9c1e12de1886886a,deval_hl,full_Region6_s0,sb,ising,10.0,101,9.987,0.0,0.0
b073ec69bebac9b0,deval_hl,full_Region6_s0.1,sb,ising,10.0,101,10.497,0.0,0.0
a42e730695771cb4,deval_hl,full_Region6_s0.2,sb,ising,10.0,101,9.989,0.0,0.0
49d20e294d553aec,deval_hl,full_Region6_s0.3,sb,ising,10.0,101,9.988,0.0,0.0
1679a992d507bafa,deval_hl,full_Region7_s0,sb,ising,10.0,102,9.959,0.0,0.0
198e6d8af1cc7988,deval_hl,full_Region7_s0.1,sb,ising,10.0,102,9.993,0.0,0.0
618eabbe9574d221,deval_hl,full_Region7_s0.2,sb,ising,10.0,102,9.993,0.0,0.0
e23a02538642972e,deval_hl,full_Region7_s0.3,sb,ising,10.0,102,9.988,0.0,0.0
0a2fa627ffa9c76c,deval_hl,full_Region6_s0,sb,ising,10.0,102,9.997,0.0,0.0
1ba6fa3cb83ec467,deval_hl,full_Region6_s0.1,sb,ising,10.0,102,9.971,0.0,0.0
8e257079cdbcb924,deval_hl,full_Region6_s0.2,sb,ising,10.0,102,9.987,0.0,0.0
d118cde4b840a44b,deval_hl,full_Region6_s0.3,sb,ising,10.0,102,9.988,0.0,0.0
2a8c5354ab254156,deval_hl,full_Region7_s0,sb,ising,10.0,103,9.961,0.0,0.0
893a1a914a16c110,deval_hl,full_Region7_s0.1,sb,ising,10.0,103,9.996,0.0,0.0
bf2563520956e5d5,deval_hl,full_Region7_s0.2,sb,ising,10.0,103,9.994,0.0,0.0
aacd1cc9bb329139,deval_hl,full_Region7_s0.3,sb,ising,10.0,103,9.995,0.0,0.0
e091383072dca204,deval_hl,full_Region6_s0,sb,ising,10.0,103,9.994,0.0,0.0
ea2e233174767bd2,deval_hl,full_Region6_s0.1,sb,ising,10.0,103,9.989,0.0,0.0
d2bf27811a35ecb8,deval_hl,full_Region6_s0.2,sb,ising,10.0,103,9.959,0.0,0.0
28e8fbea9e959e98,deval_hl,full_Region6_s0.3,sb,ising,10.0,103,10.347,0.0,0.0
c642daba572709b9,deval_hl,full_Region7_s0,mq,ising,10.0,101,9.946,0.0,0.0
8a04e0a887020867,deval_hl,full_Region7_s0.1,mq,ising,10.0,101,9.915,0.0,0.0
acab20a91c9f59ae,deval_hl,full_Region7_s0.2,mq,ising,10.0,101,9.924,0.0,0.0
50bcf037b185f08f,deval_hl,full_Region7_s0.3,mq,ising,10.0,101,9.903,0.0,0.0
dabc2dc06d271093,deval_hl,full_Region6_s0,mq,ising,10.0,101,9.901,0.0,0.0
b53c4eb474d98efc,deval_hl,full_Region6_s0.1,mq,ising,10.0,101,9.904,0.0,0.0
7f73d696ea070f51,deval_hl,full_Region6_s0.2,mq,ising,10.0,101,9.908,0.0,0.0
48f45c2f82690c53,deval_hl,full_Region6_s0.3,mq,ising,10.0,101,9.901,0.0,0.0
df49eb45d757b7a5,deval_hl,full_Region7_s0,mq,ising,10.0,102,9.906,0.0,0.0
03e2223582a5233c,deval_hl,full_Region7_s0.1,mq,ising,10.0,102,9.908,0.0,0.0
af5865cb01a6608a,deval_hl,full_Region7_s0.2,mq,ising,10.0,102,9.935,0.0,0.0
9daa7c821d95024e,deval_hl,full_Region7_s0.3,mq,ising,10.0,102,9.916,0.0,0.0
9dfc7a3c19309b3c,deval_hl,full_Region6_s0,mq,ising,10.0,102,9.906,0.0,0.0
436faae744c9d9b5,deval_hl,full_Region6_s0.1,mq,ising,10.0,102,9.904,0.0,0.0
4b0d9f98d2c0bc52,deval_hl,full_Region6_s0.2,mq,ising,10.0,102,9.91,0.0,0.0
5ee1c2f56bcb99cb,deval_hl,full_Region6_s0.3,mq,ising,10.0,102,9.901,0.0,0.0
84e53ed8d9901f3e,deval_hl,full_Region7_s0,mq,ising,10.0,103,9.903,0.0,0.0
627375a3de421f04,deval_hl,full_Region7_s0.1,mq,ising,10.0,103,9.901,0.0,0.0
d0be0a07ae73f460,deval_hl,full_Region7_s0.2,mq,ising,10.0,103,9.901,0.0,0.0
80c88db831691fd2,deval_hl,full_Region7_s0.3,mq,ising,10.0,103,9.903,0.0,0.0
f660d37b09f37ef2,deval_hl,full_Region6_s0,mq,ising,10.0,103,9.905,0.0,0.0
7025524e05073ddc,deval_hl,full_Region6_s0.1,mq,ising,10.0,103,9.908,0.0,0.0
5381df86b8764fcf,deval_hl,full_Region6_s0.2,mq,ising,10.0,103,9.91,0.0,0.0
54c0d83e4e580e2d,deval_hl,full_Region6_s0.3,mq,ising,10.0,103,9.905,0.0,0.0
2a05c503093b2bf4,deval_hl,full_Region7_s0,lp,classical,10.0,101,0.389,0.0,0.0
f0f2a96660ff7732,deval_hl,full_Region7_s0.1,lp,classical,10.0,101,0.367,0.0,0.0
49babd8d124751d0,deval_hl,full_Region7_s0.2,lp,classical,10.0,101,0.255,0.0,0.0
28098242a2e27b89,deval_hl,full_Region7_s0.3,lp,classical,10.0,101,0.698,0.0,0.0
0e8eed84a20f65eb,deval_hl,full_Region6_s0,lp,classical,10.0,101,0.904,0.0,0.0
d145c5c9743ea352,deval_hl,full_Region6_s0.1,lp,classical,10.0,101,0.857,0.0,0.0
b5e7821ecfd3bc6a,deval_hl,full_Region6_s0.2,lp,classical,10.0,101,0.866,0.0,0.0
2666ef91f54f9529,deval_hl,full_Region6_s0.3,lp,classical,10.0,101,0.925,0.0,0.0
9f5a91b5fce7db6c,deval_hl,full_Region7_s0,milp,classical,10.0,101,7.094,0.0,0.0
370544f8bffbc7be,deval_hl,full_Region7_s0.1,milp,classical,10.0,101,6.921,0.0,0.0
0bcb0d7bd3f0da41,deval_hl,full_Region7_s0.2,milp,classical,10.0,101,5.44,0.0,0.0
78a75bb7bff670f8,deval_hl,full_Region7_s0.3,milp,classical,10.0,101,10.496,0.0,0.0
daddb67ea5e038c4,deval_hl,full_Region6_s0,milp,classical,10.0,101,9.715,0.0,0.0
2c9aced6d1bafbe8,deval_hl,full_Region6_s0.1,milp,classical,10.0,101,9.23,0.0,0.0
db275b568fa2fe8d,deval_hl,full_Region6_s0.2,milp,classical,10.0,101,9.716,0.0,0.0
0b88bf093769b277,deval_hl,full_Region6_s0.3,milp,classical,10.0,101,9.709,0.0,0.0
67e39004baece917,deval_hl,full_Region7_s0,milp,classical,10.0,102,7.138,0.0,0.0
fe85f50669d0351c,deval_hl,full_Region7_s0.1,milp,classical,10.0,102,7.44,0.0,0.0
1f6fa53abaf7ac43,deval_hl,full_Region7_s0.2,milp,classical,10.0,102,2.902,0.0,0.0
1e28cf3f56ed4cf3,deval_hl,full_Region7_s0.3,milp,classical,10.0,102,10.547,0.0,0.0
e9259b54cfd51e10,deval_hl,full_Region6_s0,milp,classical,10.0,102,9.713,0.0,0.0
490719e9c29fd938,deval_hl,full_Region6_s0.1,milp,classical,10.0,102,9.197,0.0,0.0
c7abd52a3a2eaa7b,deval_hl,full_Region6_s0.2,milp,classical,10.0,102,9.718,0.0,0.0
ad9e17e37d5c39cf,deval_hl,full_Region6_s0.3,milp,classical,10.0,102,9.719,0.0,0.0
16f1ba1579558568,deval_hl,full_Region7_s0,milp,classical,10.0,103,6.994,0.0,0.0
9fb90fafaf118e72,deval_hl,full_Region7_s0.1,milp,classical,10.0,103,7.195,0.0,0.0
1436b9fa6148f94f,deval_hl,full_Region7_s0.2,milp,classical,10.0,103,5.457,0.0,0.0
a64f492cfe91cfb4,deval_hl,full_Region7_s0.3,milp,classical,10.0,103,10.526,0.0,0.0
242e76369233988d,deval_hl,full_Region6_s0,milp,classical,10.0,103,9.717,0.0,0.0
1d6940964ec7845d,deval_hl,full_Region6_s0.1,milp,classical,10.0,103,10.06,0.0,0.0
5ed2f687c75dfb65,deval_hl,full_Region6_s0.2,milp,classical,10.0,103,9.709,0.0,0.0
a6ea920ab48166ae,deval_hl,full_Region6_s0.3,milp,classical,10.0,103,9.71,0.0,0.0
457135e02d3710e1,deval_hl,full_Region7_s0,cpsat,classical,10.0,101,6.303,0.0,0.0
1c9a85c0dc7a3eb4,deval_hl,full_Region7_s0.1,cpsat,classical,10.0,101,6.259,0.0,0.0
3a981e420ef5e5c1,deval_hl,full_Region7_s0.2,cpsat,classical,10.0,101,2.021,0.0,0.0
d422fab981b7552c,deval_hl,full_Region7_s0.3,cpsat,classical,10.0,101,9.89,0.0,0.0
66ef7298813941be,deval_hl,full_Region6_s0,cpsat,classical,10.0,101,9.899,0.0,0.0
40ef3f9d26253aaa,deval_hl,full_Region6_s0.1,cpsat,classical,10.0,101,9.884,0.0,0.0
c87203d8256e6990,deval_hl,full_Region6_s0.2,cpsat,classical,10.0,101,9.889,0.0,0.0
2803bfc03900a542,deval_hl,full_Region6_s0.3,cpsat,classical,10.0,101,9.887,0.0,0.0
aa5b8e4cd20bc9b4,deval_hl,full_Region7_s0,cpsat,classical,10.0,102,6.332,0.0,0.0
d16b7ab82e7515fe,deval_hl,full_Region7_s0.1,cpsat,classical,10.0,102,6.154,0.0,0.0
a99b4aef3673213d,deval_hl,full_Region7_s0.2,cpsat,classical,10.0,102,2.015,0.0,0.0
4932ce276c214f38,deval_hl,full_Region7_s0.3,cpsat,classical,10.0,102,9.884,0.0,0.0
0b705c10bee01aac,deval_hl,full_Region6_s0,cpsat,classical,10.0,102,9.887,0.0,0.0
b3eccdfe4c41e07e,deval_hl,full_Region6_s0.1,cpsat,classical,10.0,102,9.135,0.0,0.0
caaaea65663ace24,deval_hl,full_Region6_s0.2,cpsat,classical,10.0,102,9.891,0.0,0.0
44403eda7e7da23c,deval_hl,full_Region6_s0.3,cpsat,classical,10.0,102,9.886,0.0,0.0
723a65dc772314ab,deval_hl,full_Region7_s0,cpsat,classical,10.0,103,6.027,0.0,0.0
ca7673f57d0bf72c,deval_hl,full_Region7_s0.1,cpsat,classical,10.0,103,6.21,0.0,0.0
2fc05b3400fdfa0b,deval_hl,full_Region7_s0.2,cpsat,classical,10.0,103,2.123,0.0,0.0
efad05e8bf85eeec,deval_hl,full_Region7_s0.3,cpsat,classical,10.0,103,9.888,0.0,0.0
2b47e15acc892bc9,deval_hl,full_Region6_s0,cpsat,classical,10.0,103,9.9,0.0,0.0
d081d57743863e19,deval_hl,full_Region6_s0.1,cpsat,classical,10.0,103,9.768,0.0,0.0
ac7fce5a73349ec3,deval_hl,full_Region6_s0.2,cpsat,classical,10.0,103,9.885,0.0,0.0
d4fc5ab768bff412,deval_hl,full_Region6_s0.3,cpsat,classical,10.0,103,9.881,0.0,0.0
8f92f301f258f4a3,deval_hl,full_Region7_s0,ls,classical,10.0,101,10.007,0.0,0.0
3691c738934514cb,deval_hl,full_Region7_s0.1,ls,classical,10.0,101,10.008,0.0,0.0
4922dc85f89f5079,deval_hl,full_Region7_s0.2,ls,classical,10.0,101,10.013,0.0,0.0
ec69f1f2e901564f,deval_hl,full_Region7_s0.3,ls,classical,10.0,101,10.007,0.0,0.0
40c8bf9de8209c66,deval_hl,full_Region6_s0,ls,classical,10.0,101,10.005,0.0,0.0
80a065ee66ee076b,deval_hl,full_Region6_s0.1,ls,classical,10.0,101,10.012,0.0,0.0
fe39a43724e30395,deval_hl,full_Region6_s0.2,ls,classical,10.0,101,10.01,0.0,0.0
def454559d84cb73,deval_hl,full_Region6_s0.3,ls,classical,10.0,101,10.008,0.0,0.0
30faa38b9eef690f,deval_hl,full_Region7_s0,ls,classical,10.0,102,10.013,0.0,0.0
2dfb9fb283f62e25,deval_hl,full_Region7_s0.1,ls,classical,10.0,102,10.006,0.0,0.0
df3fc1f71ec0bfd7,deval_hl,full_Region7_s0.2,ls,classical,10.0,102,10.012,0.0,0.0
e7e1553b03f8ff8c,deval_hl,full_Region7_s0.3,ls,classical,10.0,102,10.009,0.0,0.0
07447092137da551,deval_hl,full_Region6_s0,ls,classical,10.0,102,10.011,0.0,0.0
677db1f92cfcc74b,deval_hl,full_Region6_s0.1,ls,classical,10.0,102,10.016,0.0,0.0
771246bf7f17cf90,deval_hl,full_Region6_s0.2,ls,classical,10.0,102,10.013,0.0,0.0
786e1bc98988c496,deval_hl,full_Region6_s0.3,ls,classical,10.0,102,10.005,0.0,0.0
12448bad3700fdba,deval_hl,full_Region7_s0,ls,classical,10.0,103,10.009,0.0,0.0
72a8772373ea92c1,deval_hl,full_Region7_s0.1,ls,classical,10.0,103,10.015,0.0,0.0
ca0b749f430c8264,deval_hl,full_Region7_s0.2,ls,classical,10.0,103,10.01,0.0,0.0
9ac066c2f7326e72,deval_hl,full_Region7_s0.3,ls,classical,10.0,103,10.011,0.0,0.0
ee6e6bcb60e4fee5,deval_hl,full_Region6_s0,ls,classical,10.0,103,10.009,0.0,0.0
2d804e0d8878a056,deval_hl,full_Region6_s0.1,ls,classical,10.0,103,10.014,0.0,0.0
fd9a12b35907f7c4,deval_hl,full_Region6_s0.2,ls,classical,10.0,103,10.007,0.0,0.0
e9b473993aeae628,deval_hl,full_Region6_s0.3,ls,classical,10.0,103,10.01,0.0,0.0
2d75646273c7b17c,deval_hl,full_Region7_s0,greedy,classical,10.0,101,0.118,0.0,0.0
07d8dbc73c7a6682,deval_hl,full_Region7_s0.1,greedy,classical,10.0,101,0.057,0.0,0.0
da8f9087535ebb94,deval_hl,full_Region7_s0.2,greedy,classical,10.0,101,0.069,0.0,0.0
9be894bfc3b963fc,deval_hl,full_Region7_s0.3,greedy,classical,10.0,101,0.064,0.0,0.0
9c7bb381c224902e,deval_hl,full_Region6_s0,greedy,classical,10.0,101,0.062,0.0,0.0
21ae308441d090d3,deval_hl,full_Region6_s0.1,greedy,classical,10.0,101,0.059,0.0,0.0
04d177b2c0a6966a,deval_hl,full_Region6_s0.2,greedy,classical,10.0,101,0.05,0.0,0.0
82850335caab4f36,deval_hl,full_Region6_s0.3,greedy,classical,10.0,101,0.05,0.0,0.0
89854e3e7c98be13,deval_hl,full_Region7_s0,pgreedy,classical,10.0,101,0.126,0.0,0.0
36c0f7e16b2644fa,deval_hl,full_Region7_s0.1,pgreedy,classical,10.0,101,0.075,0.0,0.0
246796164ed1170a,deval_hl,full_Region7_s0.2,pgreedy,classical,10.0,101,0.146,0.0,0.0
f64e9520f50e09d1,deval_hl,full_Region7_s0.3,pgreedy,classical,10.0,101,0.13,0.0,0.0
c4e4597043790896,deval_hl,full_Region6_s0,pgreedy,classical,10.0,101,0.162,0.0,0.0
02c531dba152f9fd,deval_hl,full_Region6_s0.1,pgreedy,classical,10.0,101,0.149,0.0,0.0
ce284e59af2f04ba,deval_hl,full_Region6_s0.2,pgreedy,classical,10.0,101,0.131,0.0,0.0
5d842664c349c379,deval_hl,full_Region6_s0.3,pgreedy,classical,10.0,101,0.167,0.0,0.0
