trial_key,stage,arm,design,inst,rep,ap_subset,pf_subset,alpha,region,sample,train_key,label_file,threshold,threshold_pred,n_sims,matched,wr,p100,p99,top5,mean_dt,argmax,top5_windows,k0_adm,all_adm,peak_bigoff_share,peak_adm,train_secs,train_wait,wall_secs,result_file,error,ts,n_label,n_core,jaccard_vs_baleen,label_peak_day1,baleen_peak_day1,zero_value_labels,label_dt_ratio
B_baleen_Region7_s0_r1,base,B,baleen,Region7_s0,1,meta+block+chunk+load,,,Region7,0.0,B_baleen_Region7_s0_r1,,0.610722,0.5672072540037334,2,True,35.28265107212476,39.31871600616011,34.062624320122346,36.89282569281809,21.42063666923368,646,"[646, 660, 613, 282, 636]",0.0795856493178372,0.3312775009706225,0.171306209850107,0.3768736616702355,79.61210560798645,4.529953002929688e-06,2399.3353250026703,work/runs/B_baleen_Region7_s0_r1/converge/th_0.610722/ml-ap-0.610722_6_lru_366.475GB/full_0_0.1_cache_perf.txt.lzma,,2026-10-01T17:11:24,,,,,,,
B_baleen_Region7_s0.1_r1,base,B,baleen,Region7_s0.1,1,meta+block+chunk+load,,,Region7,0.1,B_baleen_Region7_s0.1_r1,,0.545106,0.5660700700245798,2,True,35.857876887091564,35.930280367827656,31.8314050764264,34.38688811190681,20.919085324486016,621,"[621, 299, 647, 616, 315]",0.1236979482821415,0.368075041442607,0.0774818401937046,0.3728813559322034,110.81605505943298,370.70896649360657,3009.5545558929443,work/runs/B_baleen_Region7_s0.1_r1/converge/th_0.545106/ml-ap-0.545106_6_lru_366.475GB/full_0.1_0.1_cache_perf.txt.lzma,,2026-10-01T17:21:34,,,,,,,
A_baleen_Region7_s0_r1,base,A,baleen,Region7_s0,1,meta+block+chunk,,,Region7,0.0,A_baleen_Region7_s0_r1,,0.618762,0.6092467759735882,3,True,35.37175078851158,39.97936091680761,34.428131313137,37.19737438485455,21.5291519138126,646,"[646, 660, 613, 636, 674]",0.0711398253085974,0.3211789827876278,0.171306209850107,0.3340471092077088,66.2702648639679,32.51969003677368,235.65857982635495,work/runs/A_baleen_Region7_s0_r1/converge/th_0.618762/ml-ap-0.618762_6_lru_366.475GB/full_0_0.1_cache_perf.txt.lzma,,2026-10-01T17:25:54,,,,,,,
A_baleen_Region7_s0.2_r1,base,A,baleen,Region7_s0.2,1,meta+block+chunk,,,Region7,0.2,A_baleen_Region7_s0.2_r1,,0.65939,0.6431178958155215,2,True,35.41628672343088,36.726997539502726,33.40945739444966,35.31164853664079,21.562500094874306,657,"[657, 613, 660, 296, 620]",0.0529866612820847,0.3136951408270466,0.1259259259259259,0.3185185185185185,119.88416123390198,3.337860107421875e-06,248.83017563819885,work/runs/A_baleen_Region7_s0.2_r1/converge/th_0.659390/ml-ap-0.65939_6_lru_366.475GB/full_0.2_0.1_cache_perf.txt.lzma,,2026-10-01T17:26:07,,,,,,,
B_baleen_Region7_s0.2_r1,base,B,baleen,Region7_s0.2,1,meta+block+chunk+load,,,Region7,0.2,B_baleen_Region7_s0.2_r1,,0.644739,0.6626817458309233,2,True,35.3550078052192,37.02026677026888,32.86060217559167,35.33959790209156,21.35114641392994,657,"[657, 613, 620, 660, 296]",0.0874321483293938,0.3291895690891437,0.1259259259259259,0.3358024691358025,124.61757612228394,78.17474508285522,369.15258026123047,work/runs/B_baleen_Region7_s0.2_r1/converge/th_0.644739/ml-ap-0.644739_6_lru_366.475GB/full_0.2_0.1_cache_perf.txt.lzma,,2026-10-01T17:28:08,,,,,,,
A_baleen_Region7_s0.3_r1,base,A,baleen,Region7_s0.3,1,meta+block+chunk,,,Region7,0.3,A_baleen_Region7_s0.3_r1,,0.565302,0.4724813527427614,2,True,35.68539278842132,37.95533864288183,30.790502460506403,35.96790986791003,20.867431226011547,362,"[362, 636, 252, 622, 635]",0.1169195413660176,0.3722868476177742,0.2465331278890601,0.4067796610169492,118.06697273254396,60.81491041183472,397.4531800746918,work/runs/A_baleen_Region7_s0.3_r1/converge/th_0.565302/ml-ap-0.565302_6_lru_366.475GB/full_0.3_0.1_cache_perf.txt.lzma,,2026-10-01T17:28:36,,,,,,,
A_baleen_Region7_s0.1_r1,base,A,baleen,Region7_s0.1,1,meta+block+chunk,,,Region7,0.1,A_baleen_Region7_s0.1_r1,,0.559652,0.4609710485674441,3,True,35.72716290851778,37.147241647283465,31.998528878537424,34.96302123802733,21.0461853937749,621,"[621, 616, 647, 299, 661]",0.1021367002549471,0.3609226539441232,0.0774818401937046,0.3365617433414044,84.2323350906372,3.0994415283203125e-06,2013.7388031482697,work/runs/A_baleen_Region7_s0.1_r1/converge/th_0.559652/ml-ap-0.559652_6_lru_366.475GB/full_0.1_0.1_cache_perf.txt.lzma,,2026-10-01T17:55:32,,,,,,,
A_baleen_Region6_s0.2_r1,base,A,baleen,Region6_s0.2,1,meta+block+chunk,,,Region6,0.2,A_baleen_Region6_s0.2_r1,,0.756176,0.7561757625080645,1,True,35.69122068500508,36.31296943792592,32.05302771301915,35.222714322697634,22.2931387627956,457,"[457, 153, 814, 788, 453]",0.0023738089743167,0.3268165946125707,0.3976608187134502,0.2909356725146199,83.49990701675415,98.14491367340088,1972.32035946846,work/runs/A_baleen_Region6_s0.2_r1/converge/th_0.756176/ml-ap-0.756176_6_lru_366.475GB/full_0.2_0.1_cache_perf.txt.lzma,,2026-10-01T18:01:00,,,,,,,
A_baleen_Region6_s0.1_r1,base,A,baleen,Region6_s0.1,1,meta+block+chunk,,,Region6,0.1,A_baleen_Region6_s0.1_r1,,0.767666,0.7787372837774456,2,True,35.904397715142366,40.89547720802973,32.116514504023314,37.89473905725628,20.39260486322169,284,"[284, 280, 219, 283, 293]",0.003312088226869,0.4015372916538216,0.4214417744916821,0.1589648798521257,70.6331901550293,109.1925084590912,2316.346150636673,work/runs/A_baleen_Region6_s0.1_r1/converge/th_0.767666/ml-ap-0.767666_6_lru_366.475GB/full_0.1_0.1_cache_perf.txt.lzma,,2026-10-01T18:04:30,,,,,,,
B_baleen_Region6_s0_r1,base,B,baleen,Region6_s0,1,meta+block+chunk+load,,,Region6,0.0,B_baleen_Region6_s0_r1,,0.805267,0.7641895455308259,3,True,35.74547900464481,42.951307951276014,34.801715229215034,39.060091297597694,21.871008742996437,712,"[712, 152, 816, 806, 817]",0.0014129758280206,0.3366746803537114,0.4885993485342019,0.2003257328990228,79.71825885772705,97.03247666358948,3198.8632695674896,work/runs/B_baleen_Region6_s0_r1/converge/th_0.805267/ml-ap-0.805267_6_lru_366.475GB/full_0_0.1_cache_perf.txt.lzma,,2026-10-01T18:15:17,,,,,,,
A_baleen_Region6_s0_r1,base,A,baleen,Region6_s0,1,meta+block+chunk,,,Region6,0.0,A_baleen_Region6_s0_r1,,0.805691,0.7774872896261513,3,True,35.59154429973095,43.32425213671816,34.63909997409912,39.42317404817677,21.97380565734032,712,"[712, 816, 152, 806, 807]",0.0013456912647815,0.3327524103451431,0.4885993485342019,0.2035830618892508,80.2290301322937,78.36364412307739,3243.4220430850983,work/runs/A_baleen_Region6_s0_r1/converge/th_0.805691/ml-ap-0.805691_6_lru_366.475GB/full_0_0.1_cache_perf.txt.lzma,,2026-10-01T18:16:02,,,,,,,
D_T2_Region7_s0_r1,screen,D,T2,Region7_s0,1,meta+block+chunk+load,,,Region7,0.0,D_T2_Region7_s0_r1,labels/Region7_s0_T2_s1.npz,0.449623,0.37776890443637967,3,True,35.33473048381564,39.04226560471385,34.02025123025915,36.265675990671305,21.207464236399616,646,"[646, 660, 674, 613, 620]",0.22073437763180057,0.3854665458780898,0.17130620985010706,0.4068522483940043,63.74884366989136,96.67529630661011,3867.824269771576,work/runs/D_T2_Region7_s0_r1/converge/th_0.449623/ml-ap-0.449623_6_lru_366.475GB/full_0_0.1_cache_perf.txt.lzma,,2026-10-01T18:26:26,2865,2854,0.5553571428571429,23.103098290598354,28.904849779849823,759,0.9018855726012431
D_F1PT_Region7_s0_r1,screen,D,F1PT,Region7_s0,1,meta+block+chunk+load,,,Region7,0.0,D_F1PT_Region7_s0_r1,labels/Region7_s0_F1PT_s1.npz,0.464197,0.316914243157953,4,True,35.40249646529294,40.28792735038502,33.75514115515076,36.779652292150594,22.05724505400692,646,"[646, 613, 660, 592, 647]",0.013402632402127097,0.2608264850524136,0.17130620985010706,0.3554603854389722,60.81318259239197,63.13601112365723,4031.6017735004425,work/runs/D_F1PT_Region7_s0_r1/converge/th_0.464197/ml-ap-0.464197_6_lru_366.475GB/full_0_0.1_cache_perf.txt.lzma,,2026-10-01T18:29:10,1493,1493,0.46539923954372625,22.14395558145561,28.904849779849823,0,0.8512404154815807
B_baleen_Region6_s0.2_r1,base,B,baleen,Region6_s0.2,1,meta+block+chunk+load,,,Region6,0.2,B_baleen_Region6_s0.2_r1,,0.761438,0.7523839822970331,2,True,35.6370537185727,36.16302447552175,32.47241323491674,35.33597513595791,22.25456319058888,814,"[814, 457, 788, 153, 453]",0.001401206686228611,0.32517043565014964,0.07164179104477612,0.3194029850746269,105.68980431556702,6.4373016357421875e-06,4239.940103530884,work/runs/B_baleen_Region6_s0.2_r1/converge/th_0.761438/ml-ap-0.761438_6_lru_366.475GB/full_0.2_0.1_cache_perf.txt.lzma,,2026-10-01T18:39:16,,,,,,,
B_baleen_Region6_s0.3_r1,base,B,baleen,Region6_s0.3,1,meta+block+chunk+load,,,Region6,0.3,B_baleen_Region6_s0.3_r1,,0.815753,0.8080639294348657,2,True,35.56377269707613,36.159236596749565,32.95950514764801,34.91457847708261,20.999915794513704,815,"[815, 775, 264, 807, 810]",0.003758946808328041,0.37517752977354407,0.04419889502762431,0.40607734806629836,98.67040944099426,25.12748074531555,2414.055418729782,work/runs/B_baleen_Region6_s0.3_r1/converge/th_0.815753/ml-ap-0.815753_6_lru_366.475GB/full_0.3_0.1_cache_perf.txt.lzma,,2026-10-01T18:41:14,,,,,,,
B_baleen_Region7_s0.3_r1,base,B,baleen,Region7_s0.3,1,meta+block+chunk+load,,,Region7,0.3,B_baleen_Region7_s0.3_r1,,0.576429,0.3222702951170504,2,True,35.37061825483142,38.382527195074715,30.78620953122018,35.665329577827364,20.87973229604951,362,"[362, 636, 252, 622, 635]",0.10387219531481665,0.36907381071039314,0.2465331278890601,0.3882896764252696,131.71693658828735,138.45530533790588,4831.298834323883,work/runs/B_baleen_Region7_s0.3_r1/converge/th_0.576429/ml-ap-0.576429_6_lru_366.475GB/full_0.3_0.1_cache_perf.txt.lzma,,2026-10-01T18:42:30,,,,,,,
A_baleen_Region7_s0_r2,base,A,baleen,Region7_s0,2,meta+block+chunk,,,Region7,0.0,A_baleen_Region7_s0_r2,,0.619834,0.6109028360806406,2,True,35.44181746689088,40.13845182589648,34.42884874385477,37.311266511257465,21.58751937187176,646,"[646, 660, 613, 636, 282]",0.046211410284174304,0.31181651999482335,0.17130620985010706,0.32548179871520344,106.3312497138977,122.8308334350586,2606.6778388023376,work/runs/A_baleen_Region7_s0_r2/converge/th_0.619834/ml-ap-0.619834_6_lru_366.475GB/full_0_0.1_cache_perf.txt.lzma,,2026-10-01T18:47:57,,,,,,,
D_P0_Region7_s0_r1,screen,D,P0,Region7_s0,1,meta+block+chunk+load,,,Region7,0.0,D_P0_Region7_s0_r1,labels/Region7_s0_P0_s1.npz,0.426072,0.3650529528968036,3,True,35.49724334680287,39.14280626775559,33.93649831650196,36.3017871017864,21.34014182540782,646,"[646, 660, 674, 613, 592]",0.26037681368656607,0.39548013459298564,0.17130620985010706,0.49464668094218417,67.0856716632843,217.63520407676697,6566.908521652222,work/runs/D_P0_Region7_s0_r1/converge/th_0.426072/ml-ap-0.426072_6_lru_366.475GB/full_0_0.1_cache_perf.txt.lzma,,2026-10-01T19:11:25,3115,3112,0.35813492063492064,23.00382025382023,28.904849779849823,1382,0.830202487272481
B_baleen_Region6_s0.1_r1,base,B,baleen,Region6_s0.1,1,meta+block+chunk+load,,,Region6,0.1,B_baleen_Region6_s0.1_r1,,0.798499,0.7836981439031661,2,True,35.481508313896875,40.13618557373922,31.990372960370863,37.433245920762886,20.325995093872006,284,"[284, 280, 219, 283, 293]",0.003222572328845603,0.4015989477361942,0.4214417744916821,0.16635859519408502,85.96489524841309,104.38955187797546,6530.198351860046,work/runs/B_baleen_Region6_s0.1_r1/converge/th_0.798499/ml-ap-0.798499_6_lru_366.475GB/full_0.1_0.1_cache_perf.txt.lzma,,2026-10-01T19:14:57,,,,,,,
D_F1EIM_Region7_s0_r1,screen,D,F1EIM,Region7_s0,1,meta+block+chunk+load,,,Region7,0.0,D_F1EIM_Region7_s0_r1,labels/Region7_s0_F1EIM_s1.npz,0.484711,0.30485472036525607,4,True,35.35083536212969,40.684262496692256,34.06717560216125,37.44853988603155,22.339434167157865,646,"[646, 660, 613, 592, 620]",0.007615678914314589,0.23504028083344117,0.17130620985010706,0.3426124197002141,52.54940414428711,118.069260597229,7045.022468805313,work/runs/D_F1EIM_Region7_s0_r1/converge/th_0.484711/ml-ap-0.484711_6_lru_366.475GB/full_0_0.1_cache_perf.txt.lzma,,2026-10-01T19:19:23,1058,1058,0.3282828282828283,22.311026936026977,28.904849779849823,0,0.840024628683306
A_baleen_Region6_s0.3_r1,base,A,baleen,Region6_s0.3,1,meta+block+chunk,,,Region6,0.3,A_baleen_Region6_s0.3_r1,,0.782465,0.788325120229274,2,True,35.65810853097144,36.81497668993454,33.31785725846139,35.65480121730966,21.047000491246095,264,"[264, 775, 815, 807, 777]",0.0030037246185269733,0.3762931371620759,0.029197080291970802,0.13138686131386862,67.74190306663513,79.63809204101562,5083.722461700439,work/runs/A_baleen_Region6_s0.3_r1/converge/th_0.782465/ml-ap-0.782465_6_lru_366.475GB/full_0.3_0.1_cache_perf.txt.lzma,,2026-10-01T19:20:16,,,,,,,
A_baleen_Region7_s0.2_r2,base,A,baleen,Region7_s0.2,2,meta+block+chunk,,,Region7,0.2,A_baleen_Region7_s0.2_r2,,0.629926,0.6339897266589105,2,True,35.31924434100693,36.71890378141101,33.20766122765345,35.045898083391364,21.48650130045563,657,"[657, 613, 296, 660, 620]",0.06178807711037997,0.32061766462322216,0.1259259259259259,0.3160493827160494,99.49443769454956,141.50310349464417,2468.437022447586,work/runs/A_baleen_Region7_s0.2_r2/converge/th_0.629926/ml-ap-0.629926_6_lru_366.475GB/full_0.2_0.1_cache_perf.txt.lzma,,2026-10-01T19:22:22,,,,,,,
D_F1CPSAT_Region7_s0_r1,screen,D,F1CPSAT,Region7_s0,1,meta+block+chunk+load,,,Region7,0.0,D_F1CPSAT_Region7_s0_r1,labels/Region7_s0_F1CPSAT_s1.npz,0.47228,0.3345229201950133,4,True,35.34163257452166,39.6970830095374,33.252483164975885,36.90503431753672,22.12515278508839,646,"[646, 660, 613, 592, 282]",0.013859813758752617,0.25710172123722014,0.17130620985010706,0.5353319057815846,60.368104696273804,271.9401433467865,8729.877397298813,work/runs/D_F1CPSAT_Region7_s0_r1/converge/th_0.472280/ml-ap-0.47228_6_lru_366.475GB/full_0_0.1_cache_perf.txt.lzma,,2026-10-01T19:47:28,1432,1432,0.45996920708237105,22.108602046102092,28.904849779849823,0,0.8524434264494611
A_baleen_Region7_s0.1_r2,base,A,baleen,Region7_s0.1,2,meta+block+chunk,,,Region7,0.1,A_baleen_Region7_s0.1_r2,,0.550963,0.5394780240021646,2,True,35.4586241109358,36.924922299969396,32.11154623153942,34.91102046102824,21.011496799077882,621,"[621, 616, 647, 299, 661]",0.1204321961879325,0.36892006630817126,0.0774818401937046,0.3583535108958838,112.98929214477539,71.95230507850647,5668.075203895569,work/runs/A_baleen_Region7_s0.1_r2/converge/th_0.550963/ml-ap-0.550963_6_lru_366.475GB/full_0.1_0.1_cache_perf.txt.lzma,,2026-10-01T19:50:30,,,,,,,
B_baleen_Region7_s0.1_r2,base,B,baleen,Region7_s0.1,2,meta+block+chunk+load,,,Region7,0.1,B_baleen_Region7_s0.1_r2,,0.552367,0.5399631489999592,2,True,35.582854676172325,35.90195221449819,31.86178451180477,34.38053936805776,20.982085676245884,621,"[621, 647, 299, 616, 315]",0.10168750758771397,0.36199814013665954,0.0774818401937046,0.36319612590799033,102.38234782218933,156.18826937675476,4280.561342954636,work/runs/B_baleen_Region7_s0.1_r2/converge/th_0.552367/ml-ap-0.552367_6_lru_366.475GB/full_0.1_0.1_cache_perf.txt.lzma,,2026-10-01T19:50:36,,,,,,,
D_F1CPSAT_Region7_s0.1_r1,screen,D,F1CPSAT,Region7_s0.1,1,meta+block+chunk+load,,,Region7,0.1,D_F1CPSAT_Region7_s0.1_r1,labels/Region7_s0.1_F1CPSAT_s1.npz,0.444977,0.42298566410318017,3,True,35.44419328770125,34.887707200255136,31.49486596740324,33.774054649071395,21.583275016516136,621,"[621, 647, 616, 299, 629]",0.03405366031322083,0.28423967978005094,0.0774818401937046,0.5472154963680388,97.7761869430542,4.291534423828125e-06,5238.912446975708,work/runs/D_F1CPSAT_Region7_s0.1_r1/converge/th_0.444977/ml-ap-0.444977_6_lru_366.475GB/full_0.1_0.1_cache_perf.txt.lzma,,2026-10-01T19:56:29,1545,1545,0.5067178502879078,21.776984589484574,27.310266122766112,0,0.8652783938259574
D_F1PT_Region7_s0.1_r1,screen,D,F1PT,Region7_s0.1,1,meta+block+chunk+load,,,Region7,0.1,D_F1PT_Region7_s0.1_r1,labels/Region7_s0.1_F1PT_s1.npz,0.467644,0.3223282820545137,4,True,35.52136682065122,36.61151579914366,31.645185185186616,34.96726236731117,21.572779395381566,386,"[386, 315, 621, 616, 647]",0.028371980089838534,0.2800185986334048,0.3586744639376218,0.10526315789473684,61.74394655227661,104.48285245895386,9692.266782045364,work/runs/D_F1PT_Region7_s0.1_r1/converge/th_0.467644/ml-ap-0.467644_6_lru_366.475GB/full_0.1_0.1_cache_perf.txt.lzma,,2026-10-01T20:03:31,1527,1527,0.49407265774378584,21.83843240093241,27.310266122766112,0,0.8580588664421159
D_T2_Region7_s0.1_r1,screen,D,T2,Region7_s0.1,1,meta+block+chunk+load,,,Region7,0.1,D_T2_Region7_s0.1_r1,labels/Region7_s0.1_T2_s1.npz,0.50035,0.5556136681698263,3,True,35.466153236101654,41.72458559968896,31.444573297111326,35.53243006998354,20.953300742713925,315,"[315, 621, 386, 647, 299]",0.11079276435595484,0.35669752961630213,0.31186440677966104,0.22203389830508474,96.73720479011536,60.01363182067871,5926.134931087494,work/runs/D_T2_Region7_s0.1_r1/converge/th_0.500350/ml-ap-0.50035_6_lru_366.475GB/full_0.1_0.1_cache_perf.txt.lzma,,2026-10-01T20:05:12,2543,2540,0.7207270185249912,23.676832426832433,27.310266122766112,335,0.9318026999970068
D_F1EIM_Region7_s0.2_r1,screen,D,F1EIM,Region7_s0.2,1,meta+block+chunk+load,,,Region7,0.2,D_F1EIM_Region7_s0.2_r1,labels/Region7_s0.2_F1EIM_s1.npz,0.460575,0.49287061812356114,2,True,35.885603762567406,37.13116744365118,31.525446127940903,34.91212121211564,21.99746193788003,613,"[613, 657, 620, 255, 660]",0.03627466118706275,0.26385621950575455,0.05955334987593052,0.2704714640198511,113.04457497596741,98.52843451499939,2859.383591890335,work/runs/D_F1EIM_Region7_s0.2_r1/converge/th_0.460575/ml-ap-0.460575_6_lru_366.475GB/full_0.2_0.1_cache_perf.txt.lzma,,2026-10-01T20:07:03,1724,1724,0.5042735042735043,21.80468142968144,28.05181623931616,0,0.841930005044237
A_baleen_Region7_s0.3_r2,base,A,baleen,Region7_s0.3,2,meta+block+chunk,,,Region7,0.3,A_baleen_Region7_s0.3_r2,,0.562695,0.45647943997755647,3,True,35.51116874424831,37.28875291379183,30.64952279202401,35.95619981869807,20.87621615119428,362,"[362, 636, 252, 622, 635]",0.11365770485321736,0.3706134753066161,0.2465331278890601,0.42989214175654855,137.67855739593506,5.7220458984375e-06,5122.111968040466,work/runs/A_baleen_Region7_s0.3_r2/converge/th_0.562695/ml-ap-0.562695_6_lru_366.475GB/full_0.3_0.1_cache_perf.txt.lzma,,2026-10-01T20:13:19,,,,,,,
D_F1PT_Region7_s0.2_r1,screen,D,F1PT,Region7_s0.2,1,meta+block+chunk+load,,,Region7,0.2,D_F1PT_Region7_s0.2_r1,labels/Region7_s0.2_F1PT_s1.npz,0.404122,0.4391749850474298,3,True,35.569588590492856,37.21919515670522,32.38226495726428,35.11242229991424,22.027319726090013,657,"[657, 613, 620, 295, 296]",0.0331389340903422,0.27218437313378263,0.1259259259259259,0.32098765432098764,115.64710736274719,41.59089016914368,3749.1219379901886,work/runs/D_F1PT_Region7_s0.2_r1/converge/th_0.404122/ml-ap-0.404122_6_lru_366.475GB/full_0.2_0.1_cache_perf.txt.lzma,,2026-10-01T20:13:54,1593,1593,0.47124370956146655,21.68086311836318,28.05181623931616,0,0.8403462278166008
A_baleen_Region6_s0.1_r2,base,A,baleen,Region6_s0.1,2,meta+block+chunk,,,Region6,0.1,A_baleen_Region6_s0.1_r2,,0.767067,0.7670666989870369,1,True,35.5348400633121,40.89547720802973,32.31137270138165,38.147895622912145,20.410869827925485,284,"[284, 280, 219, 283, 293]",0.0028287023775422516,0.39989312945722094,0.4214417744916821,0.1589648798521257,79.4698097705841,1.430511474609375e-06,1491.1545584201813,work/runs/A_baleen_Region6_s0.1_r2/converge/th_0.767067/ml-ap-0.767067_6_lru_366.475GB/full_0.1_0.1_cache_perf.txt.lzma,,2026-10-01T20:15:21,,,,,,,
B_baleen_Region7_s0_r2,base,B,baleen,Region7_s0,2,meta+block+chunk+load,,,Region7,0.0,B_baleen_Region7_s0_r2,,0.610493,0.6326375207863748,3,True,35.61039580352885,39.7144198393562,34.05091686094298,37.12900802898747,21.449287965616207,646,"[646, 660, 674, 613, 636]",0.06990062321037561,0.3267479293386825,0.17130620985010706,0.3169164882226981,133.9529640674591,138.51433086395264,7213.415605068207,work/runs/B_baleen_Region7_s0_r2/converge/th_0.610493/ml-ap-0.610493_6_lru_366.475GB/full_0_0.1_cache_perf.txt.lzma,,2026-10-01T20:15:31,,,,,,,
B_baleen_Region7_s0.3_r2,base,B,baleen,Region7_s0.3,2,meta+block+chunk+load,,,Region7,0.3,B_baleen_Region7_s0.3_r2,,0.57643,0.5639623873867095,2,True,35.410984690035974,39.035078347628385,30.646012043521722,35.788302900800346,20.863966964707103,362,"[362, 636, 622, 252, 635]",0.10986458436295345,0.37205589792834076,0.2465331278890601,0.386748844375963,116.85169434547424,2.1457672119140625e-06,3997.0386805534363,work/runs/B_baleen_Region7_s0.3_r2/converge/th_0.576430/ml-ap-0.57643_6_lru_366.475GB/full_0.3_0.1_cache_perf.txt.lzma,,2026-10-01T20:21:34,,,,,,,
A_baleen_Region6_s0.2_r2,base,A,baleen,Region6_s0.2,2,meta+block+chunk,,,Region6,0.2,A_baleen_Region6_s0.2_r2,,0.771358,0.7713581514544785,1,True,35.56469167075184,36.31296943792592,32.199500129489664,35.27527195025533,22.31231277134515,457,"[457, 814, 153, 788, 453]",0.002538656819755366,0.3264050548719654,0.39766081871345027,0.2894736842105263,88.56366872787476,1.430511474609375e-06,692.8172228336334,work/runs/A_baleen_Region6_s0.2_r2/converge/th_0.771358/ml-ap-0.771358_6_lru_366.475GB/full_0.2_0.1_cache_perf.txt.lzma,,2026-10-01T20:24:52,,,,,,,
D_P0_Region7_s0.2_r1,screen,D,P0,Region7_s0.2,1,meta+block+chunk+load,,,Region7,0.2,D_P0_Region7_s0.2_r1,labels/Region7_s0.2_P0_s1.npz,0.418557,0.46062641264870763,3,True,35.50705481388777,36.96108521109585,31.850044677532875,34.45132413882097,21.170346356668475,657,"[657, 613, 620, 296, 295]",0.2791747336413631,0.40633670928243815,0.1259259259259259,0.41728395061728396,119.2947154045105,2.6226043701171875e-06,2485.07173037529,work/runs/D_P0_Region7_s0.2_r1/converge/th_0.418557/ml-ap-0.418557_6_lru_366.475GB/full_0.2_0.1_cache_perf.txt.lzma,,2026-10-01T20:28:53,3240,3237,0.38346589539648107,22.495030432530353,28.05181623931616,1358,0.8428738096342132
D_T2_Region7_s0.2_r1,screen,D,T2,Region7_s0.2,1,meta+block+chunk+load,,,Region7,0.2,D_T2_Region7_s0.2_r1,labels/Region7_s0.2_T2_s1.npz,0.402373,0.44561687344685197,3,True,35.557876578821,36.61710049210906,31.788088578079517,34.20767935767567,20.974342805814544,657,"[657, 296, 613, 620, 295]",0.24925467092682116,0.41234922995047796,0.1259259259259259,0.3530864197530864,129.2766945362091,2.384185791015625e-06,2021.2747030258179,work/runs/D_T2_Region7_s0.2_r1/converge/th_0.402373/ml-ap-0.402373_6_lru_366.475GB/full_0.2_0.1_cache_perf.txt.lzma,,2026-10-01T20:30:10,2919,2916,0.5536123853211009,22.42103729603768,28.05181623931616,743,0.9035677461403208
D_P0_Region7_s0.1_r1,screen,D,P0,Region7_s0.1,1,meta+block+chunk+load,,,Region7,0.1,D_P0_Region7_s0.1_r1,labels/Region7_s0.1_P0_s1.npz,0.429508,0.39980721240863204,2,True,35.50630857031952,38.73322973331976,31.37111175863286,35.032041569593275,20.947320565649434,315,"[315, 621, 616, 647, 386]",0.295046740318077,0.41601099745279585,0.31186440677966104,0.40508474576271186,59.31544876098633,157.45581126213074,11734.237275600433,work/runs/D_P0_Region7_s0.1_r1/converge/th_0.429508/ml-ap-0.429508_6_lru_366.475GB/full_0.1_0.1_cache_perf.txt.lzma,,2026-10-01T20:37:33,3292,3286,0.3693867696764848,22.875809375809396,27.310266122766112,1472,0.8310264197056154
B_baleen_Region6_s0_r2,base,B,baleen,Region6_s0,2,meta+block+chunk+load,,,Region6,0.0,B_baleen_Region6_s0_r2,,0.799447,0.8142318069003522,2,True,35.88602808304442,42.63502007248858,34.92302188552332,39.02435249935934,21.877426874927544,712,"[712, 152, 816, 817, 806]",0.0015811872361183536,0.336795301594696,0.48859934853420195,0.1986970684039088,83.19310569763184,213.77292704582214,4534.867557287216,work/runs/B_baleen_Region6_s0_r2/converge/th_0.799447/ml-ap-0.799447_6_lru_366.475GB/full_0_0.1_cache_perf.txt.lzma,,2026-10-01T20:37:57,,,,,,,
B_baleen_Region6_s0.2_r2,base,B,baleen,Region6_s0.2,2,meta+block+chunk+load,,,Region6,0.2,B_baleen_Region6_s0.2_r2,,0.769594,0.7783049433492124,2,True,35.61802208171808,36.244593369594384,32.289340844328585,35.11817858066308,22.282403175492046,814,"[814, 457, 153, 788, 453]",0.001351752332597013,0.3246134020618557,0.07164179104477612,0.3164179104477612,108.2329831123352,112.42064237594604,1612.3291718959808,work/runs/B_baleen_Region6_s0.2_r2/converge/th_0.769594/ml-ap-0.769594_6_lru_366.475GB/full_0.2_0.1_cache_perf.txt.lzma,,2026-10-01T20:42:13,,,,,,,
D_F1CPSAT_Region7_s0.2_r1,screen,D,F1CPSAT,Region7_s0.2,1,meta+block+chunk+load,,,Region7,0.2,D_F1CPSAT_Region7_s0.2_r1,labels/Region7_s0.2_F1CPSAT_s1.npz,0.452386,0.43433653889223933,3,True,35.519603397821896,37.337817275322834,32.01497086246752,34.95180976429951,22.156803326484752,657,"[657, 613, 620, 255, 295]",0.020584147949305746,0.2538543101241911,0.1259259259259259,0.33827160493827163,81.4604377746582,2.1457672119140625e-06,2779.745814561844,work/runs/D_F1CPSAT_Region7_s0.2_r1/converge/th_0.452386/ml-ap-0.452386_6_lru_366.475GB/full_0.2_0.1_cache_perf.txt.lzma,,2026-10-01T20:49:50,1491,1491,0.4539162112932605,21.660628723128735,28.05181623931616,0,0.844124390458136
D_F1EIM_Region7_s0.1_r1,screen,D,F1EIM,Region7_s0.1,1,meta+block+chunk+load,,,Region7,0.1,D_F1EIM_Region7_s0.1_r1,labels/Region7_s0.1_F1EIM_s1.npz,0.439797,0.25425671646371484,5,True,35.52324910194268,35.24980574980173,31.79554325305624,34.0900608650749,21.814656469392702,647,"[647, 621, 299, 616, 658]",0.009178098822386791,0.2517325031334654,0.0676056338028169,0.4704225352112676,58.54659295082092,99.95038652420044,12801.135205030441,work/runs/D_F1EIM_Region7_s0.1_r1/converge/th_0.439797/ml-ap-0.439797_6_lru_366.475GB/full_0.1_0.1_cache_perf.txt.lzma,,2026-10-01T20:55:20,1114,1114,0.36377829820452773,22.022176897176895,27.310266122766112,0,0.8438016787000993
A_baleen_Region6_s0_r2,base,A,baleen,Region6_s0,2,meta+block+chunk,,,Region6,0.0,A_baleen_Region6_s0_r2,,0.805101,0.8175016711466014,2,True,35.73460318310198,43.32425213671816,34.82390831390663,39.378405853409184,21.97572633555057,712,"[712, 152, 816, 806, 807]",0.0014297969688304261,0.3357928974885826,0.48859934853420195,0.20846905537459284,75.72715711593628,159.14802598953247,5705.246361017227,work/runs/A_baleen_Region6_s0_r2/converge/th_0.805101/ml-ap-0.805101_6_lru_366.475GB/full_0_0.1_cache_perf.txt.lzma,,2026-10-01T20:55:21,,,,,,,
D_F1PT_Region7_s0.3_r1,screen,D,F1PT,Region7_s0.3,1,meta+block+chunk+load,,,Region7,0.3,D_F1PT_Region7_s0.3_r1,labels/Region7_s0.3_F1PT_s1.npz,0.422282,0.38128363667055964,3,True,35.559901280013385,39.51424501429794,30.478433048410725,35.901408313907694,21.734032618838558,362,"[362, 252, 622, 636, 635]",0.016333893446673915,0.27108226265867663,0.2465331278890601,0.362095531587057,125.15259456634521,1.6689300537109375e-06,3107.06117272377,work/runs/D_F1PT_Region7_s0.3_r1/converge/th_0.422282/ml-ap-0.422282_6_lru_366.475GB/full_0.3_0.1_cache_perf.txt.lzma,,2026-10-01T20:56:59,1214,1214,0.3537001897533207,22.183712121212103,31.676443926443902,0,0.8418664967340678
D_F1CPSAT_Region7_s0.3_r1,screen,D,F1CPSAT,Region7_s0.3,1,meta+block+chunk+load,,,Region7,0.3,D_F1CPSAT_Region7_s0.3_r1,labels/Region7_s0.3_F1CPSAT_s1.npz,0.403339,0.3623745287768543,3,True,35.535221283359824,43.27083333340646,31.12434408184359,36.66914335664602,21.576348866051532,362,"[362, 252, 635, 636, 622]",0.0355342492833844,0.29002418894115645,0.2465331278890601,0.2650231124807396,120.90339231491089,2.6226043701171875e-06,1969.382094860077,work/runs/D_F1CPSAT_Region7_s0.3_r1/converge/th_0.403339/ml-ap-0.403339_6_lru_366.475GB/full_0.3_0.1_cache_perf.txt.lzma,,2026-10-01T21:03:00,1525,1525,0.4818494459304547,22.119593369593353,31.676443926443902,0,0.8477694068177555
A_baleen_Region6_s0.3_r2,base,A,baleen,Region6_s0.3,2,meta+block+chunk,,,Region6,0.3,A_baleen_Region6_s0.3_r2,,0.786005,0.786005066242069,1,True,35.42174602032466,36.94229150481423,33.54380260940582,35.622150997151834,21.05849795960974,775,"[775, 815, 264, 811, 807]",0.0026089493829491426,0.37246055236973946,0.0547945205479452,0.2273972602739726,86.6409900188446,3.0994415283203125e-06,2904.2047667503357,work/runs/A_baleen_Region6_s0.3_r2/converge/th_0.786005/ml-ap-0.786005_6_lru_366.475GB/full_0.3_0.1_cache_perf.txt.lzma,,2026-10-01T21:03:55,,,,,,,
D_T2_Region7_s0.3_r1,screen,D,T2,Region7_s0.3,1,meta+block+chunk+load,,,Region7,0.3,D_T2_Region7_s0.3_r1,labels/Region7_s0.3_T2_s1.npz,0.414805,0.45977478893473744,3,True,35.58520873420898,43.43118686876079,30.06979085727988,36.27604571355147,20.665712665928798,362,"[362, 252, 636, 635, 622]",0.22570920233270733,0.42424647599136167,0.2465331278890601,0.21571648690292758,126.42400670051575,1.430511474609375e-06,2284.7203164100647,work/runs/D_T2_Region7_s0.3_r1/converge/th_0.414805/ml-ap-0.414805_6_lru_366.475GB/full_0.3_0.1_cache_perf.txt.lzma,,2026-10-01T21:06:58,2789,2786,0.5591267434808975,23.161907536907517,31.676443926443902,706,0.8934374797194026
B_baleen_Region6_s0.3_r2,base,B,baleen,Region6_s0.3,2,meta+block+chunk+load,,,Region6,0.3,B_baleen_Region6_s0.3_r2,,0.808059,0.8175601395778358,2,True,35.46734515954679,36.71506734002395,32.87150252523319,35.38712768712963,21.038491861552135,264,"[264, 775, 815, 807, 811]",0.002523128679562658,0.3710526640786771,0.029197080291970802,0.13503649635036497,92.0426893234253,1.1920928955078125e-06,2739.2633895874023,work/runs/B_baleen_Region6_s0.3_r2/converge/th_0.808059/ml-ap-0.808059_6_lru_366.475GB/full_0.3_0.1_cache_perf.txt.lzma,,2026-10-01T21:07:14,,,,,,,
B_baleen_Region7_s0.1_r3,base,B,baleen,Region7_s0.1,3,meta+block+chunk+load,,,Region7,0.1,B_baleen_Region7_s0.1_r3,,0.550374,0.5503738201223314,1,True,35.47200922234176,37.697374384954955,31.84574656826858,35.63449559702093,20.974766698601883,315,"[315, 621, 647, 299, 616]",0.10532961029501033,0.3584563134274047,0.31186440677966104,0.4135593220338983,110.25876092910767,74.65692043304443,945.4746098518372,work/runs/B_baleen_Region7_s0.1_r3/converge/th_0.550374/ml-ap-0.550374_6_lru_366.475GB/full_0.1_0.1_cache_perf.txt.lzma,,2026-10-01T21:11:07,,,,,,,
B_baleen_Region6_s0.1_r2,base,B,baleen,Region6_s0.1,2,meta+block+chunk+load,,,Region6,0.1,B_baleen_Region6_s0.1_r2,,0.802775,0.8027747352607548,1,True,35.3418000448405,40.817955193008224,32.130117845115954,37.61317987569641,20.346943485717084,284,"[284, 280, 219, 283, 293]",0.0016112861644228015,0.3956717430174487,0.4214417744916821,0.16266173752310537,94.27023768424988,2.86102294921875e-06,4903.328459024429,work/runs/B_baleen_Region6_s0.1_r2/converge/th_0.802775/ml-ap-0.802775_6_lru_366.475GB/full_0.1_0.1_cache_perf.txt.lzma,,2026-10-01T21:12:20,,,,,,,
D_T2_Region6_s0_r1,screen,D,T2,Region6_s0,1,meta+block+chunk+load,,,Region6,0.0,D_T2_Region6_s0_r1,labels/Region6_s0_T2_s1.npz,0.631949,0.6319488440640271,1,True,35.672485510059296,42.73303548300149,34.63161939911945,39.49184472934748,22.102209495372072,712,"[712, 152, 816, 806, 776]",0.009789903951285976,0.3429178694129489,0.48859934853420195,0.2280130293159609,93.38501334190369,86.58257699012756,941.3735949993134,work/runs/D_T2_Region6_s0_r1/converge/th_0.631949/ml-ap-0.631949_6_lru_366.475GB/full_0_0.1_cache_perf.txt.lzma,,2026-10-01T21:12:41,1433,1426,0.6538929440389294,20.96597384097388,25.926783864283887,182,0.9445662123015783
D_P0_Region6_s0_r1,screen,D,P0,Region6_s0,1,meta+block+chunk+load,,,Region6,0.0,D_P0_Region6_s0_r1,labels/Region6_s0_P0_s1.npz,0.560889,0.5488333753310144,2,True,35.79149209578754,42.33770396266816,34.547538850073835,39.465990028488434,22.114509312917907,712,"[712, 152, 816, 806, 176]",0.019882588437147807,0.325598322948815,0.48859934853420195,0.24104234527687296,76.2148368358612,1.1920928955078125e-06,1177.2189671993256,work/runs/D_P0_Region6_s0_r1/converge/th_0.560889/ml-ap-0.560889_6_lru_366.475GB/full_0_0.1_cache_perf.txt.lzma,,2026-10-01T21:14:57,1663,1661,0.3812646370023419,20.82447876197886,25.926783864283887,603,0.8987605411157826
B_baleen_Region7_s0_r3,base,B,baleen,Region7_s0,3,meta+block+chunk+load,,,Region7,0.0,B_baleen_Region7_s0_r3,,0.614769,0.6147687486372888,1,True,35.82624300378988,39.46908184402294,34.222185962187446,37.304085729068376,21.391424882475302,646,"[646, 660, 613, 674, 636]",0.08851271686036719,0.3347151222984341,0.17130620985010706,0.3404710920770878,156.06460452079773,53.793960094451904,2599.7551362514496,work/runs/B_baleen_Region7_s0_r3/converge/th_0.614769/ml-ap-0.614769_6_lru_366.475GB/full_0_0.1_cache_perf.txt.lzma,,2026-10-01T21:21:17,,,,,,,
D_F1CPSAT_Region6_s0_r1,screen,D,F1CPSAT,Region6_s0,1,meta+block+chunk+load,,,Region6,0.0,D_F1CPSAT_Region6_s0_r1,labels/Region6_s0_F1CPSAT_s1.npz,0.498767,0.5298257474787533,2,True,35.63964889501653,43.19196775442698,34.25705451958638,39.885045972546976,22.00683745121574,712,"[712, 152, 816, 807, 817]",0.005096805665360225,0.31137749457204417,0.48859934853420195,0.1775244299674267,57.78333044052124,7.152557373046875e-07,1538.6761312484741,work/runs/D_F1CPSAT_Region6_s0_r1/converge/th_0.498767/ml-ap-0.498767_6_lru_366.475GB/full_0_0.1_cache_perf.txt.lzma,,2026-10-01T21:28:38,847,847,0.4334677419354839,20.285207847707845,25.926783864283887,0,0.8998487495500583
D_F1EIM_Region7_s0.3_r1,screen,D,F1EIM,Region7_s0.3,1,meta+block+chunk+load,,,Region7,0.3,D_F1EIM_Region7_s0.3_r1,labels/Region7_s0.3_F1EIM_s1.npz,0.399778,0.3137529785744846,3,True,35.53187484313561,44.89233682991977,31.08054908054943,37.506047656055614,21.99373309703087,362,"[362, 252, 636, 635, 622]",0.00770979539389147,0.24247286341149157,0.2465331278890601,0.12172573189522343,77.91000556945801,0.00014448165893554688,4946.00711107254,work/runs/D_F1EIM_Region7_s0.3_r1/converge/th_0.399778/ml-ap-0.399778_6_lru_366.475GB/full_0.3_0.1_cache_perf.txt.lzma,,2026-10-01T21:29:29,840,840,0.24483430799220274,22.346218596218577,31.676443926443902,0,0.8332229061012384
D_P0_Region7_s0.3_r1,screen,D,P0,Region7_s0.3,1,meta+block+chunk+load,,,Region7,0.3,D_P0_Region7_s0.3_r1,labels/Region7_s0.3_P0_s1.npz,0.377191,0.4289858597330749,3,True,35.52894670793943,40.34296490551823,30.341519684039266,35.440455840458505,20.946968216747,362,"[362, 252, 636, 622, 635]",0.35146288425422556,0.4518550932510018,0.2465331278890601,0.36363636363636365,145.73274874687195,53.31395411491394,4662.731949806213,work/runs/D_P0_Region7_s0.3_r1/converge/th_0.377191/ml-ap-0.377191_6_lru_366.475GB/full_0.3_0.1_cache_perf.txt.lzma,,2026-10-01T21:31:37,3113,3112,0.36071695294996264,23.34060152810151,31.676443926443902,1372,0.8353097742557651
A_baleen_Region7_s0_r3,base,A,baleen,Region7_s0,3,meta+block+chunk,,,Region7,0.0,A_baleen_Region7_s0_r3,,0.617202,0.5995210572145879,3,True,35.40814363041605,39.86946386941183,34.38948329448412,37.43305167054173,21.566268958549426,646,"[646, 660, 613, 282, 636]",0.0573521980798383,0.3162045425132652,0.17130620985010706,0.3297644539614561,121.83273983001709,1.430511474609375e-06,4219.825347185135,work/runs/A_baleen_Region7_s0_r3/converge/th_0.617202/ml-ap-0.617202_6_lru_366.475GB/full_0_0.1_cache_perf.txt.lzma,,2026-10-01T21:35:12,,,,,,,
B_baleen_Region7_s0.2_r3,base,B,baleen,Region7_s0.2,3,meta+block+chunk+load,,,Region7,0.2,B_baleen_Region7_s0.2_r3,,0.63515,0.6686028218828142,3,True,35.70720472763717,37.07350751101203,33.06186285935799,35.84317858067193,21.35170827066128,657,"[657, 613, 296, 660, 620]",0.0904253423762635,0.33273614378049426,0.1259259259259259,0.32098765432098764,128.84281492233276,40.52285814285278,1940.4767470359802,work/runs/B_baleen_Region7_s0.2_r3/converge/th_0.635150/ml-ap-0.63515_6_lru_366.475GB/full_0.2_0.1_cache_perf.txt.lzma,,2026-10-01T21:39:34,,,,,,,
A_baleen_Region6_s0_r3,base,A,baleen,Region6_s0,3,meta+block+chunk,,,Region6,0.0,A_baleen_Region6_s0_r3,,0.812348,0.8123477851040661,1,True,35.3148383016317,43.336392773859956,34.56982193732192,39.26658572908881,21.942883781899177,712,"[712, 152, 816, 806, 807]",0.0016821140809769718,0.33443694836579013,0.48859934853420195,0.20358306188925082,96.96543097496033,7.152557373046875e-07,1131.8912374973297,work/runs/A_baleen_Region6_s0_r3/converge/th_0.812348/ml-ap-0.812348_6_lru_366.475GB/full_0_0.1_cache_perf.txt.lzma,,2026-10-01T21:40:09,,,,,,,
B_baleen_Region7_s0.2_r2,base,B,baleen,Region7_s0.2,2,meta+block+chunk+load,,,Region7,0.2,B_baleen_Region7_s0.2_r2,,0.636489,0.6727672195993364,3,True,35.60723434229525,37.13421069671683,32.96051476300818,35.872494172487535,21.44531475589929,657,"[657, 613, 296, 660, 295]",0.07241866707842881,0.3266423728331566,0.1259259259259259,0.2765432098765432,101.33960461616516,50.186769247055054,10977.91027379036,work/runs/B_baleen_Region7_s0.2_r2/converge/th_0.636489/ml-ap-0.636489_6_lru_366.475GB/full_0.2_0.1_cache_perf.txt.lzma,,2026-10-01T21:45:28,,,,,,,
D_F1PT_Region6_s0_r1,screen,D,F1PT,Region6_s0,1,meta+block+chunk+load,,,Region6,0.0,D_F1PT_Region6_s0_r1,labels/Region6_s0_F1PT_s1.npz,0.528074,0.522392054554075,2,True,35.49282530418836,40.462768712729854,34.467462444940224,38.882109557114,21.98129770666992,712,"[712, 816, 152, 806, 817]",0.00299416306413901,0.33210355125570873,0.48859934853420195,0.28501628664495116,78.37374711036682,1.1920928955078125e-06,4081.0812418460846,work/runs/D_F1PT_Region6_s0_r1/converge/th_0.528074/ml-ap-0.528074_6_lru_366.475GB/full_0_0.1_cache_perf.txt.lzma,,2026-10-01T21:45:34,915,915,0.46148738379814075,20.283087283087383,25.926783864283887,0,0.9037671063825657
D_P0_Region6_s0.1_r1,screen,D,P0,Region6_s0.1,1,meta+block+chunk+load,,,Region6,0.1,D_P0_Region6_s0.1_r1,labels/Region6_s0.1_P0_s1.npz,0.57637,0.5947512998245656,2,True,35.54571555731051,39.89301670561771,33.04730963479706,37.92382478637019,20.535678481236477,359,"[359, 280, 219, 284, 293]",0.027409767974792325,0.3979283556322831,0.3163841807909605,0.1016949152542373,78.35908341407776,103.37052345275879,1838.6478176116943,work/runs/D_P0_Region6_s0.1_r1/converge/th_0.576370/ml-ap-0.57637_6_lru_366.475GB/full_0.1_0.1_cache_perf.txt.lzma,,2026-10-01T21:45:35,1594,1588,0.3415597235932873,21.856206293706343,27.090504403004452,667,0.8801269560367334
B_baleen_Region7_s0.3_r3,base,B,baleen,Region7_s0.3,3,meta+block+chunk+load,,,Region7,0.3,B_baleen_Region7_s0.3_r3,,0.558745,0.5587450251914561,1,True,35.77407345436292,38.378480316027805,30.720837218347228,35.46010424760303,20.827315220918987,362,"[362, 636, 622, 252, 635]",0.11447316398141742,0.37566600623158986,0.2465331278890601,0.4036979969183359,141.65477442741394,70.13578200340271,2137.4041526317596,work/runs/B_baleen_Region7_s0.3_r3/converge/th_0.558745/ml-ap-0.558745_6_lru_366.475GB/full_0.3_0.1_cache_perf.txt.lzma,,2026-10-01T21:47:57,,,,,,,
D_F1EIM_Region6_s0.1_r1,screen,D,F1EIM,Region6_s0.1,1,meta+block+chunk+load,,,Region6,0.1,D_F1EIM_Region6_s0.1_r1,labels/Region6_s0.1_F1EIM_s1.npz,0.487033,0.4623193019069731,2,True,35.62979149168276,36.00637788134395,30.71560670810287,33.89860139860487,20.582427610486878,283,"[283, 808, 280, 150, 817]",0.0037775708965912345,0.3946729144830137,0.06060606060606061,0.4090909090909091,70.13571119308472,27.5337176322937,2365.9116220474243,work/runs/D_F1EIM_Region6_s0.1_r1/converge/th_0.487033/ml-ap-0.487033_6_lru_366.475GB/full_0.1_0.1_cache_perf.txt.lzma,,2026-10-01T21:52:07,566,566,0.28810975609756095,21.385246697746744,27.090504403004452,0,0.8805950479366648
D_F1PT_Region6_s0.2_r1,screen,D,F1PT,Region6_s0.2,1,meta+block+chunk+load,,,Region6,0.2,D_F1PT_Region6_s0.2_r1,labels/Region6_s0.2_F1PT_s1.npz,0.572607,0.5726065714843571,1,True,35.51784456464817,36.751926314378935,32.105594405597074,34.73066563064699,22.59078845310267,457,"[457, 153, 814, 453, 815]",0.00260459595793083,0.2983455271034253,0.39766081871345027,0.22660818713450293,79.02471685409546,1.9073486328125e-06,1560.4853734970093,work/runs/D_F1PT_Region6_s0.2_r1/converge/th_0.572607/ml-ap-0.572607_6_lru_366.475GB/full_0.2_0.1_cache_perf.txt.lzma,,2026-10-01T21:57:38,818,818,0.383448275862069,22.62218337218338,30.957362082362117,0,0.8504267501811432
A_baleen_Region6_s0.2_r3,base,A,baleen,Region6_s0.2,3,meta+block+chunk,,,Region6,0.2,A_baleen_Region6_s0.2_r3,,0.762338,0.7623376953415573,1,True,35.636426301973096,36.069525381980874,32.322702020205305,35.19408184406519,22.307220137002858,457,"[457, 814, 153, 788, 453]",0.0026375655270185617,0.3247464250083139,0.39766081871345027,0.2821637426900585,75.00573229789734,7.152557373046875e-07,1190.802325963974,work/runs/A_baleen_Region6_s0.2_r3/converge/th_0.762338/ml-ap-0.762338_6_lru_366.475GB/full_0.2_0.1_cache_perf.txt.lzma,,2026-10-01T22:05:18,,,,,,,
D_F1CPSAT_Region6_s0.1_r1,screen,D,F1CPSAT,Region6_s0.1,1,meta+block+chunk+load,,,Region6,0.1,D_F1CPSAT_Region6_s0.1_r1,labels/Region6_s0.1_F1CPSAT_s1.npz,0.582223,0.59968446707353,2,True,35.71742287601602,43.887221574853655,32.33609621861222,38.666300828842274,20.566972308983306,293,"[293, 280, 219, 284, 808]",0.007214981380693211,0.38308568140247035,0.3955094991364421,0.09153713298791019,82.0010278224945,3.0994415283203125e-06,2346.0379548072815,work/runs/D_F1CPSAT_Region6_s0.1_r1/converge/th_0.582223/ml-ap-0.582223_6_lru_366.475GB/full_0.1_0.1_cache_perf.txt.lzma,,2026-10-01T22:08:35,826,826,0.44124168514412415,21.385246697746744,27.090504403004452,0,0.8775568213143038
A_baleen_Region6_s0.1_r3,base,A,baleen,Region6_s0.1,3,meta+block+chunk,,,Region6,0.1,A_baleen_Region6_s0.1_r3,,0.784178,0.779264213051647,2,True,35.54048695442666,40.78532116035713,32.10644392642983,38.207054519571045,20.421332144146778,280,"[280, 284, 219, 283, 293]",0.003061443712403323,0.39541278747148406,0.3933333333333333,0.2088888888888889,74.74664306640625,1.9073486328125e-06,1759.811737537384,work/runs/A_baleen_Region6_s0.1_r3/converge/th_0.784178/ml-ap-0.784178_6_lru_366.475GB/full_0.1_0.1_cache_perf.txt.lzma,,2026-10-01T22:08:54,,,,,,,
B_baleen_Region6_s0.2_r3,base,B,baleen,Region6_s0.2,3,meta+block+chunk+load,,,Region6,0.2,B_baleen_Region6_s0.2_r3,,0.746715,0.7467145933769643,1,True,35.847029140573106,36.289740352239505,32.628771691289344,35.177515539999774,22.26570532555858,814,"[814, 457, 153, 788, 453]",0.003000230786983614,0.3263593282341204,0.07164179104477612,0.32238805970149254,77.86775588989258,101.0131733417511,1398.5803468227386,work/runs/B_baleen_Region6_s0.2_r3/converge/th_0.746715/ml-ap-0.746715_6_lru_366.475GB/full_0.2_0.1_cache_perf.txt.lzma,,2026-10-01T22:11:16,,,,,,,
D_F1CPSAT_Region6_s0.2_r1,screen,D,F1CPSAT,Region6_s0.2,1,meta+block+chunk+load,,,Region6,0.2,D_F1CPSAT_Region6_s0.2_r1,labels/Region6_s0.2_F1CPSAT_s1.npz,0.565211,0.5652110739611089,1,True,35.4136934091141,36.61837930583176,32.46307886560434,35.02970409218564,22.660030487174375,457,"[457, 153, 814, 788, 453]",0.0020770828525271175,0.28182573994013965,0.39766081871345027,0.2675438596491228,65.80223393440247,11.834396362304688,961.4960789680481,work/runs/D_F1CPSAT_Region6_s0.2_r1/converge/th_0.565211/ml-ap-0.565211_6_lru_366.475GB/full_0.2_0.1_cache_perf.txt.lzma,,2026-10-01T22:13:39,806,806,0.3789764868603043,22.62218337218338,30.957362082362117,0,0.8506756857206119
D_T2_Region6_s0.1_r1,screen,D,T2,Region6_s0.1,1,meta+block+chunk+load,,,Region6,0.1,D_T2_Region6_s0.1_r1,labels/Region6_s0.1_T2_s1.npz,0.671742,0.7067528017796576,3,True,35.50409587835509,40.98261460766842,32.4174397824544,38.01044418545163,20.546360514998607,284,"[284, 280, 219, 283, 808]",0.015271412202807219,0.4107445999547855,0.4214417744916821,0.25693160813308685,86.49798202514648,1.6689300537109375e-06,2705.949329853058,work/runs/D_T2_Region6_s0.1_r1/converge/th_0.671742/ml-ap-0.671742_6_lru_366.475GB/full_0.1_0.1_cache_perf.txt.lzma,,2026-10-01T22:13:44,1258,1256,0.6680672268907563,21.854684667184717,27.090504403004452,147,0.9343319097687345
D_F1EIM_Region6_s0.2_r1,screen,D,F1EIM,Region6_s0.2,1,meta+block+chunk+load,,,Region6,0.2,D_F1EIM_Region6_s0.2_r1,labels/Region6_s0.2_F1EIM_s1.npz,0.510904,0.48461191775277257,2,True,35.379394635002484,36.34976366220985,32.276656954174065,35.05557174306133,22.703654552852623,457,"[457, 153, 788, 814, 815]",0.0007747848735617025,0.28749168606584635,0.39766081871345027,0.1871345029239766,62.43457508087158,68.89292669296265,1888.2389841079712,work/runs/D_F1EIM_Region6_s0.2_r1/converge/th_0.510904/ml-ap-0.510904_6_lru_366.475GB/full_0.2_0.1_cache_perf.txt.lzma,,2026-10-01T22:17:02,614,614,0.2862241256245539,22.72272403522404,30.957362082362117,0,0.8439206349619188
D_P0_Region6_s0.2_r1,screen,D,P0,Region6_s0.2,1,meta+block+chunk+load,,,Region6,0.2,D_P0_Region6_s0.2_r1,labels/Region6_s0.2_P0_s1.npz,0.535279,0.5352788115851581,1,True,35.548587978028706,42.08119658112621,32.55575692826204,36.7541310541088,22.590830430578066,457,"[457, 453, 153, 788, 814]",0.05614717615640764,0.312292151646159,0.39766081871345027,0.2046783625730994,63.064754247665405,49.97323656082153,2216.868099927902,work/runs/D_P0_Region6_s0.2_r1/converge/th_0.535279/ml-ap-0.535279_6_lru_366.475GB/full_0.2_0.1_cache_perf.txt.lzma,,2026-10-01T22:22:32,1657,1655,0.32079851439182916,23.633271820771828,30.957362082362117,684,0.8301737117289818
A_baleen_Region6_s0.3_r3,base,A,baleen,Region6_s0.3,3,meta+block+chunk,,,Region6,0.3,A_baleen_Region6_s0.3_r3,,0.794454,0.7944538616575301,1,True,35.30879402408638,36.74399443151641,33.267112308969736,35.744314944315434,21.079696139038468,775,"[775, 264, 815, 811, 807]",0.0026089493829491426,0.37264580082908977,0.0547945205479452,0.2219178082191781,55.50164294242859,66.63480305671692,1167.787014245987,work/runs/A_baleen_Region6_s0.3_r3/converge/th_0.794454/ml-ap-0.794454_6_lru_366.475GB/full_0.3_0.1_cache_perf.txt.lzma,,2026-10-01T22:24:46,,,,,,,
D_F1PT_Region6_s0.3_r1,screen,D,F1PT,Region6_s0.3,1,meta+block+chunk+load,,,Region6,0.3,D_F1PT_Region6_s0.3_r1,labels/Region6_s0.3_F1PT_s1.npz,0.586686,0.5725323199294508,2,True,35.53637137947018,36.592883967898615,33.172897079795575,35.2108618233699,21.283947710366952,815,"[815, 775, 796, 808, 264]",0.004102229621873981,0.358608084242766,0.04419889502762431,0.3756906077348066,59.789145708084106,59.748302936553955,1790.448369026184,work/runs/D_F1PT_Region6_s0.3_r1/converge/th_0.586686/ml-ap-0.586686_6_lru_366.475GB/full_0.3_0.1_cache_perf.txt.lzma,,2026-10-01T22:38:25,873,873,0.49551569506726456,19.897743460243472,25.20313714063721,0,0.925608808616284
B_baleen_Region6_s0.3_r3,base,B,baleen,Region6_s0.3,3,meta+block+chunk+load,,,Region6,0.3,B_baleen_Region6_s0.3_r3,,0.794258,0.797539837192744,2,True,35.52047443185146,36.54383579379328,32.954422105679164,35.28744819995011,21.06863734856374,264,"[264, 775, 815, 811, 807]",0.0022999948507577968,0.369224879279754,0.029197080291970802,0.1386861313868613,72.60897564888,100.38924193382263,1839.211275100708,work/runs/B_baleen_Region6_s0.3_r3/converge/th_0.794258/ml-ap-0.794258_6_lru_366.475GB/full_0.3_0.1_cache_perf.txt.lzma,,2026-10-01T22:39:33,,,,,,,
A_baleen_Region7_s0.1_r3,base,A,baleen,Region7_s0.1,3,meta+block+chunk,,,Region7,0.1,A_baleen_Region7_s0.1_r3,,0.568362,0.561751511413604,2,True,35.37538544938002,36.35178710183279,32.18987762237029,34.86531662782428,21.059417786843216,621,"[621, 616, 299, 647, 661]",0.10060701711788272,0.36110459709699594,0.0774818401937046,0.35351089588377727,135.7921621799469,1.430511474609375e-06,7440.549041032791,work/runs/A_baleen_Region7_s0.1_r3/converge/th_0.568362/ml-ap-0.568362_6_lru_366.475GB/full_0.1_0.1_cache_perf.txt.lzma,,2026-10-01T22:46:14,,,,,,,
D_T2_Region6_s0.2_r1,screen,D,T2,Region6_s0.2,1,meta+block+chunk+load,,,Region6,0.2,D_T2_Region6_s0.2_r1,labels/Region6_s0.2_T2_s1.npz,0.636395,0.6703355866484344,3,True,35.43837179536515,36.01885845634929,32.642915047942076,34.67535612534104,22.452549968367084,153,"[153, 457, 814, 788, 270]",0.007467607398371303,0.31691885600266045,0.04199475065616798,0.3779527559055118,70.37887287139893,172.16155552864075,3395.017975091934,work/runs/D_T2_Region6_s0.2_r1/converge/th_0.636395/ml-ap-0.636395_6_lru_366.475GB/full_0.2_0.1_cache_perf.txt.lzma,,2026-10-01T22:48:42,1326,1323,0.6303501945525292,23.633271820771824,30.957362082362117,152,0.899763329074739
D_F1EIM_Region6_s0.3_r1,screen,D,F1EIM,Region6_s0.3,1,meta+block+chunk+load,,,Region6,0.3,D_F1EIM_Region6_s0.3_r1,labels/Region6_s0.3_F1EIM_s1.npz,0.528817,0.5149090006016195,2,True,35.32531848279532,36.638144263174915,34.46017547268091,36.17919580420944,21.31566131551026,796,"[796, 794, 775, 808, 815]",0.0050290932184480185,0.35958372612867767,0.01507537688442211,0.34673366834170855,60.18466567993164,212.66196155548096,2130.9961655139923,work/runs/D_F1EIM_Region6_s0.3_r1/converge/th_0.528817/ml-ap-0.528817_6_lru_366.475GB/full_0.3_0.1_cache_perf.txt.lzma,,2026-10-01T22:49:10,702,702,0.40661029976940816,19.93198005698012,25.20313714063721,0,0.9196205808692751
D_T2_Region6_s0.3_r1,screen,D,T2,Region6_s0.3,1,meta+block+chunk+load,,,Region6,0.3,D_T2_Region6_s0.3_r1,labels/Region6_s0.3_T2_s1.npz,0.624495,0.6711035543121397,2,True,35.79888018554248,36.62893356644864,33.02510845638025,35.27701372701636,21.099849406698045,815,"[815, 775, 264, 811, 808]",0.008976845574226327,0.3788577991659703,0.04419889502762431,0.4143646408839779,54.9125292301178,189.22336173057556,2176.445454120636,work/runs/D_T2_Region6_s0.3_r1/converge/th_0.624495/ml-ap-0.624495_6_lru_366.475GB/full_0.3_0.1_cache_perf.txt.lzma,,2026-10-01T22:53:18,1277,1275,0.673625608907446,20.88429163429165,25.20313714063721,149,0.94533416083795
D_F1EIM_Region6_s0_r1,screen,D,F1EIM,Region6_s0,1,meta+block+chunk+load,,,Region6,0.0,D_F1EIM_Region6_s0_r1,labels/Region6_s0_F1EIM_s1.npz,0.5273,0.4782059513963759,3,True,35.45078607091705,39.36752136753216,34.163666148698496,38.05786713286467,22.090253373142286,816,"[816, 152, 712, 806, 176]",0.0007233090548200979,0.27151841345633926,0.031578947368421054,0.4,67.02923464775085,9.5367431640625e-07,7863.228307723999,work/runs/D_F1EIM_Region6_s0_r1/converge/th_0.527300/ml-ap-0.5273_6_lru_366.475GB/full_0_0.1_cache_perf.txt.lzma,,2026-10-01T23:00:54,716,716,0.3778389538885065,20.350848225848235,25.926783864283887,0,0.8991903191713999
D_F1PT_Region6_s0.1_r1,screen,D,F1PT,Region6_s0.1,1,meta+block+chunk+load,,,Region6,0.1,D_F1PT_Region6_s0.1_r1,labels/Region6_s0.1_F1PT_s1.npz,0.470511,0.4401170169003308,2,True,35.52333713696764,36.47052253303737,31.966868686899527,34.81288526288472,20.52799184012198,280,"[280, 283, 219, 284, 808]",0.001306932111142939,0.375103273937974,0.3933333333333333,0.42,56.168339014053345,1.430511474609375e-06,6907.017422676086,work/runs/D_F1PT_Region6_s0.1_r1/converge/th_0.470511/ml-ap-0.470511_6_lru_366.475GB/full_0.1_0.1_cache_perf.txt.lzma,,2026-10-01T23:02:05,563,563,0.27996965098634297,21.385246697746744,27.090504403004452,0,0.8799595009283856
B_baleen_Region6_s0_r3,base,B,baleen,Region6_s0,3,meta+block+chunk+load,,,Region6,0.0,B_baleen_Region6_s0_r3,,0.808754,0.8087540012784302,1,True,35.29078600398891,42.773876586343924,34.87298174048285,39.091100103606394,21.892207329699083,712,"[712, 152, 816, 806, 817]",0.0018671466298844387,0.33629201986507057,0.48859934853420195,0.20195439739413681,88.17807102203369,1.1920928955078125e-06,5247.079530000687,work/runs/B_baleen_Region6_s0_r3/converge/th_0.808754/ml-ap-0.808754_6_lru_366.475GB/full_0_0.1_cache_perf.txt.lzma,,2026-10-01T23:02:39,,,,,,,
D_F1CPSAT_Region6_s0.3_r1,screen,D,F1CPSAT,Region6_s0.3,1,meta+block+chunk+load,,,Region6,0.3,D_F1CPSAT_Region6_s0.3_r1,labels/Region6_s0.3_F1CPSAT_s1.npz,0.558001,0.5946298190392554,2,True,35.908903796693096,36.14861758612902,33.81099731285692,35.577939652954335,21.26131307887087,815,"[815, 775, 794, 796, 808]",0.005423868454025849,0.36808045546421203,0.04419889502762431,0.3674033149171271,72.57008075714111,364.34496903419495,2466.32080078125,work/runs/D_F1CPSAT_Region6_s0.3_r1/converge/th_0.558001/ml-ap-0.558001_6_lru_366.475GB/full_0.3_0.1_cache_perf.txt.lzma,,2026-10-01T23:03:39,820,820,0.470188679245283,19.89470020720026,25.20313714063721,0,0.9221962655930639
A_baleen_Region7_s0.3_r3,base,A,baleen,Region7_s0.3,3,meta+block+chunk,,,Region7,0.3,A_baleen_Region7_s0.3_r3,,0.574434,0.5864389673806727,2,True,35.47519451183803,36.413251100784514,30.7741070966098,35.68751618751241,20.921987159743146,362,"[362, 636, 252, 622, 635]",0.10309380251062568,0.3674976803737333,0.2465331278890601,0.4699537750385208,121.76524066925049,1.1920928955078125e-06,7091.759806394577,work/runs/A_baleen_Region7_s0.3_r3/converge/th_0.574434/ml-ap-0.574434_6_lru_366.475GB/full_0.3_0.1_cache_perf.txt.lzma,,2026-10-01T23:09:18,,,,,,,
D_P0_Region6_s0.3_r1,screen,D,P0,Region6_s0.3,1,meta+block+chunk+load,,,Region6,0.3,D_P0_Region6_s0.3_r1,labels/Region6_s0.3_P0_s1.npz,0.562516,0.5625158525072038,1,True,35.53469801656294,35.906290468812195,33.809838934236986,35.40010683762341,21.203732354843947,775,"[775, 808, 815, 796, 811]",0.011963406052076003,0.37707941395620725,0.0547945205479452,0.24383561643835616,73.66705369949341,213.6371111869812,3500.9407889842987,work/runs/D_P0_Region6_s0.3_r1/converge/th_0.562516/ml-ap-0.562516_6_lru_366.475GB/full_0.3_0.1_cache_perf.txt.lzma,,2026-10-01T23:12:05,1567,1561,0.37150127226463103,20.42699430199437,25.20313714063721,596,0.9132158534256655
A_baleen_Region7_s0.2_r3,base,A,baleen,Region7_s0.2,3,meta+block+chunk,,,Region7,0.2,A_baleen_Region7_s0.2_r3,,0.606922,0.612128131557256,2,True,35.3328386402689,36.73104441855281,33.02902033151206,35.08231999481509,21.38296351784511,657,"[657, 613, 620, 660, 296]",0.09251582710741053,0.3339020852884182,0.1259259259259259,0.3160493827160494,130.43376684188843,2.4580838680267334,7877.478177547455,work/runs/A_baleen_Region7_s0.2_r3/converge/th_0.606922/ml-ap-0.606922_6_lru_366.475GB/full_0.2_0.1_cache_perf.txt.lzma,,2026-10-01T23:15:12,,,,,,,
B_baleen_Region6_s0.1_r3,base,B,baleen,Region6_s0.1,3,meta+block+chunk+load,,,Region6,0.1,B_baleen_Region6_s0.1_r3,,0.802669,0.8102365829981863,2,True,35.352884682954254,40.13618557373922,32.078455063463615,37.426832426839525,20.320817897311496,284,"[284, 280, 219, 283, 808]",0.002882411916356345,0.3997739276979674,0.4214417744916821,0.16820702402957485,91.4413001537323,3.5762786865234375e-06,6053.162368297577,work/runs/B_baleen_Region6_s0.1_r3/converge/th_0.802669/ml-ap-0.802669_6_lru_366.475GB/full_0.1_0.1_cache_perf.txt.lzma,,2026-10-01T23:21:02,,,,,,,
D_F1PT_Region6_s0.2_r2,confirm,D,F1PT,Region6_s0.2,2,meta+block+chunk+load,,,Region6,0.2,D_F1PT_Region6_s0.2_r2,labels/Region6_s0.2_F1PT_s2.npz,0.580203,0.5883872066624463,2,True,35.70795179432782,35.426961926915546,32.12870240871468,34.295480445463134,22.737110296449558,457,"[457, 153, 788, 814, 453]",0.0022584154825096435,0.31346441636182243,0.39766081871345027,0.28654970760233917,23.87170910835266,0.00010037422180175781,1129.3983182907104,work/runs/D_F1PT_Region6_s0.2_r2/converge/th_0.580203/ml-ap-0.580203_6_lru_366.475GB/full_0.2_0.1_cache_perf.txt.lzma,,2026-10-03T00:31:36,832,832,0.39792387543252594,22.62218337218338,30.957362082362117,0,0.8501575237336074
D_F1PT_Region7_s0_r2,confirm,D,F1PT,Region7_s0,2,meta+block+chunk+load,,,Region7,0.0,D_F1PT_Region7_s0_r2,labels/Region7_s0_F1PT_s2.npz,0.443915,0.48194073094055057,3,True,35.60391202135047,40.23468660962921,34.406688034166145,37.1357064232067,22.104758298545025,646,"[646, 660, 592, 613, 282]",0.018491782766669074,0.2649233208230879,0.17130620985010706,0.37687366167023556,22.4679434299469,2.0742416381835938e-05,1478.357491493225,work/runs/D_F1PT_Region7_s0_r2/converge/th_0.443915/ml-ap-0.443915_6_lru_366.475GB/full_0_0.1_cache_perf.txt.lzma,,2026-10-03T00:37:25,1450,1450,0.4568042813455658,22.136039886039896,28.904849779849823,0,0.8495720393587782
D_F1PT_Region7_s0.2_r2,confirm,D,F1PT,Region7_s0.2,2,meta+block+chunk+load,,,Region7,0.2,D_F1PT_Region7_s0.2_r2,labels/Region7_s0.2_F1PT_s2.npz,0.42183,0.40231220005080104,3,True,35.537798844526385,37.43026418027494,31.930129500126522,34.89383903133342,22.02321690238053,657,"[657, 613, 620, 255, 296]",0.03711798173201411,0.2703359292797569,0.1259259259259259,0.36790123456790125,26.64325213432312,3.5762786865234375e-06,1514.9750022888184,work/runs/D_F1PT_Region7_s0.2_r2/converge/th_0.421830/ml-ap-0.42183_6_lru_366.475GB/full_0.2_0.1_cache_perf.txt.lzma,,2026-10-03T00:38:02,1600,1600,0.47217235188509876,21.68769425019431,28.05181623931616,0,0.840929990423584
D_F1PT_Region7_s0.1_r2,confirm,D,F1PT,Region7_s0.1,2,meta+block+chunk+load,,,Region7,0.1,D_F1PT_Region7_s0.1_r2,labels/Region7_s0.1_F1PT_s2.npz,0.454161,0.5014875014312565,3,True,35.48894975396492,35.09131377885693,31.47186480188819,33.97356578609603,21.62597692513168,621,"[621, 299, 647, 616, 386]",0.03341022216826515,0.27223951805280394,0.0774818401937046,0.513317191283293,33.511693477630615,2.6226043701171875e-06,1542.505870103836,work/runs/D_F1PT_Region7_s0.1_r2/converge/th_0.454161/ml-ap-0.454161_6_lru_366.475GB/full_0.1_0.1_cache_perf.txt.lzma,,2026-10-03T00:38:29,1557,1557,0.49638920562523753,21.860042735042764,27.310266122766112,0,0.8616832255442333
D_F1PT_Region7_s0.3_r2,confirm,D,F1PT,Region7_s0.3,2,meta+block+chunk+load,,,Region7,0.3,D_F1PT_Region7_s0.3_r2,labels/Region7_s0.3_F1PT_s2.npz,0.383283,0.40721415868029,3,True,35.49778298335146,42.28175990682867,31.097872312839684,36.538098938102074,21.644160420892636,362,"[362, 252, 636, 622, 635]",0.018780270831274093,0.2841896704712589,0.2465331278890601,0.31741140215716485,43.27584195137024,2.86102294921875e-06,1587.5007739067078,work/runs/D_F1PT_Region7_s0.3_r2/converge/th_0.383283/ml-ap-0.383283_6_lru_366.475GB/full_0.3_0.1_cache_perf.txt.lzma,,2026-10-03T00:39:14,1245,1245,0.37066666666666664,22.183712121212103,31.676443926443902,0,0.8352140562233947
D_F1PT_Region6_s0.1_r2,confirm,D,F1PT,Region6_s0.1,2,meta+block+chunk+load,,,Region6,0.1,D_F1PT_Region6_s0.1_r2,labels/Region6_s0.1_F1PT_s2.npz,0.560467,0.5604665125720203,1,True,35.411026747022625,40.46550440303433,32.954409479414245,36.16357161358697,20.641247768661618,280,"[280, 219, 284, 283, 293]",0.0016291893440274993,0.3621472758287605,0.3933333333333333,0.25555555555555554,62.697426080703735,3.0994415283203125e-06,1606.1871228218079,work/runs/D_F1PT_Region6_s0.1_r2/converge/th_0.560467/ml-ap-0.560467_6_lru_366.475GB/full_0.1_0.1_cache_perf.txt.lzma,,2026-10-03T00:39:33,573,573,0.27978883861236803,21.385246697746744,27.090504403004452,0,0.8809399891886385
D_F1PT_Region6_s0_r2,confirm,D,F1PT,Region6_s0,2,meta+block+chunk+load,,,Region6,0.0,D_F1PT_Region6_s0_r2,labels/Region6_s0_F1PT_s2.npz,0.553884,0.5250098123215139,3,True,35.582969132745255,42.80283605279927,34.683369593375225,39.54637075887276,21.920557022101857,712,"[712, 816, 152, 807, 817]",0.003044626486568319,0.32810225353752986,0.48859934853420195,0.20521172638436483,59.38313674926758,2.6226043701171875e-06,1730.215609073639,work/runs/D_F1PT_Region6_s0_r2/converge/th_0.553884/ml-ap-0.553884_6_lru_366.475GB/full_0_0.1_cache_perf.txt.lzma,,2026-10-03T00:41:37,937,937,0.4810126582278481,20.286470473970518,25.926783864283887,0,0.9078769079857482
D_F1PT_Region6_s0.3_r2,confirm,D,F1PT,Region6_s0.3,2,meta+block+chunk+load,,,Region6,0.3,D_F1PT_Region6_s0.3_r2,labels/Region6_s0.3_F1PT_s2.npz,0.582456,0.5824556373991072,1,True,35.48993555879444,37.68843887595115,33.80840358713565,35.81829513080947,21.3006811942363,815,"[815, 775, 808, 794, 796]",0.0035014846981685863,0.3596907585718579,0.04419889502762431,0.30939226519337015,75.41138291358948,4.5299530029296875e-06,2009.4932577610016,work/runs/D_F1PT_Region6_s0.3_r2/converge/th_0.582456/ml-ap-0.582456_6_lru_366.475GB/full_0.3_0.1_cache_perf.txt.lzma,,2026-10-03T00:46:16,853,853,0.48389513108614235,19.904574592074667,25.20313714063721,0,0.9230585222137528
D_F1PT_Region6_s0_r3,confirm,D,F1PT,Region6_s0,3,meta+block+chunk+load,,,Region6,0.0,D_F1PT_Region6_s0_r3,labels/Region6_s0_F1PT_s3.npz,0.547302,0.5473018405027688,1,True,35.71828945078774,42.38626651122903,34.2618311318348,38.638665501169775,21.944749445326664,712,"[712, 152, 816, 806, 817]",0.003515618429241871,0.33853391120612925,0.48859934853420195,0.2280130293159609,53.69377064704895,3.5762786865234375e-06,671.3416941165924,work/runs/D_F1PT_Region6_s0_r3/converge/th_0.547302/ml-ap-0.547302_6_lru_366.475GB/full_0_0.1_cache_perf.txt.lzma,,2026-10-03T00:50:26,915,915,0.4634308510638298,20.290549728049783,25.926783864283887,0,0.9029982197277594
D_F1PT_Region7_s0_r3,confirm,D,F1PT,Region7_s0,3,meta+block+chunk+load,,,Region7,0.0,D_F1PT_Region7_s0_r3,labels/Region7_s0_F1PT_s3.npz,0.448129,0.4644081979058683,2,True,35.88919843719934,40.23000841743851,34.1657821807878,37.32688422687442,22.11348006774486,646,"[646, 674, 660, 613, 282]",0.014052311172068625,0.2634107674388508,0.17130620985010706,0.3533190578158458,103.0640983581543,3.0994415283203125e-06,1278.7523486614227,work/runs/D_F1PT_Region7_s0_r3/converge/th_0.448129/ml-ap-0.448129_6_lru_366.475GB/full_0_0.1_cache_perf.txt.lzma,,2026-10-03T00:52:55,1491,1491,0.4679878048780488,22.136039886039896,28.904849779849823,0,0.8499374919711081
D_F1PT_Region6_s0.2_r3,confirm,D,F1PT,Region6_s0.2,3,meta+block+chunk+load,,,Region6,0.2,D_F1PT_Region6_s0.2_r3,labels/Region6_s0.2_F1PT_s3.npz,0.565512,0.5655116164125502,1,True,35.934449186784434,35.66666666666749,32.35898148151986,34.97491906240005,22.590659636150537,788,"[788, 457, 153, 814, 453]",0.0011044805644390228,0.3056451612903226,0.02631578947368421,0.46271929824561403,74.61874580383301,4.5299530029296875e-06,802.6821615695953,work/runs/D_F1PT_Region6_s0.2_r3/converge/th_0.565512/ml-ap-0.565512_6_lru_366.475GB/full_0.2_0.1_cache_perf.txt.lzma,,2026-10-03T00:55:00,819,819,0.3812801101169993,22.62720150220155,30.957362082362117,0,0.8480631984164713
D_F1PT_Region7_s0.2_r3,confirm,D,F1PT,Region7_s0.2,3,meta+block+chunk+load,,,Region7,0.2,D_F1PT_Region7_s0.2_r3,labels/Region7_s0.2_F1PT_s3.npz,0.466613,0.4471982237882912,2,True,35.355635234415914,37.618314555817065,31.890556850552628,35.25370046619316,22.117837697763022,657,"[657, 613, 620, 255, 660]",0.024681973132520102,0.2570271335307715,0.1259259259259259,0.34814814814814815,67.90624237060547,0.0001239776611328125,1138.69837474823,work/runs/D_F1PT_Region7_s0.2_r3/converge/th_0.466613/ml-ap-0.466613_6_lru_366.475GB/full_0.2_0.1_cache_perf.txt.lzma,,2026-10-03T00:57:01,1610,1610,0.4725904693658187,21.68769425019431,28.05181623931616,0,0.8424972662401031
D_F1PT_Region7_s0.3_r3,confirm,D,F1PT,Region7_s0.3,3,meta+block+chunk+load,,,Region7,0.3,D_F1PT_Region7_s0.3_r3,labels/Region7_s0.3_F1PT_s3.npz,0.398266,0.4053210406564176,2,True,35.760478540952064,36.20342851590513,30.26964452206105,35.263254338248636,21.68623648179871,252,"[252, 362, 636, 635, 622]",0.021239003657210636,0.27802696033742963,0.08616187989556136,0.206266318537859,85.76626896858215,3.0994415283203125e-06,1157.7219760417938,work/runs/D_F1PT_Region7_s0.3_r3/converge/th_0.398266/ml-ap-0.398266_6_lru_366.475GB/full_0.3_0.1_cache_perf.txt.lzma,,2026-10-03T00:57:47,1262,1262,0.36312217194570134,22.239737114737096,31.676443926443902,0,0.8347322722666695
D_F1PT_Region7_s0.1_r3,confirm,D,F1PT,Region7_s0.1,3,meta+block+chunk+load,,,Region7,0.1,D_F1PT_Region7_s0.1_r3,labels/Region7_s0.1_F1PT_s3.npz,0.456046,0.4394230186007917,3,True,35.60439633984129,36.319509194637725,31.70533281533279,34.57353017356602,21.6021459408672,386,"[386, 621, 647, 616, 299]",0.02419570231880539,0.281490316581086,0.3586744639376218,0.10526315789473684,90.16138243675232,9.5367431640625e-07,1575.6147801876068,work/runs/D_F1PT_Region7_s0.1_r3/converge/th_0.456046/ml-ap-0.456046_6_lru_366.475GB/full_0.1_0.1_cache_perf.txt.lzma,,2026-10-03T01:03:41,1523,1523,0.4936854190585534,21.863344988344995,27.310266122766112,0,0.8599269516785246
D_F1PT_Region6_s0.3_r3,confirm,D,F1PT,Region6_s0.3,3,meta+block+chunk+load,,,Region6,0.3,D_F1PT_Region6_s0.3_r3,labels/Region6_s0.3_F1PT_s3.npz,0.57395,0.564417811576277,2,True,35.33201193442425,36.863393550910814,33.43452327767704,35.51715552967303,21.224537493019312,815,"[815, 775, 808, 807, 796]",0.004891780093029642,0.3590156308533367,0.04419889502762431,0.34806629834254144,78.60957384109497,2.384185791015625e-06,1325.0783519744873,work/runs/D_F1PT_Region6_s0.3_r3/converge/th_0.573950/ml-ap-0.57395_6_lru_366.475GB/full_0.3_0.1_cache_perf.txt.lzma,,2026-10-03T01:08:21,846,846,0.4842105263157895,19.897743460243472,25.20313714063721,0,0.9229201996789801
D_F1PT_Region6_s0.1_r3,confirm,D,F1PT,Region6_s0.1,3,meta+block+chunk+load,,,Region6,0.1,D_F1PT_Region6_s0.1_r3,labels/Region6_s0.1_F1PT_s3.npz,0.528953,0.5451281038112938,3,True,35.699645626210945,40.20813908317783,32.6586260036502,37.23693343694179,20.619128201481107,280,"[280, 284, 219, 283, 808]",0.0024527356058435977,0.3815155065047167,0.3933333333333333,0.2,68.95802426338196,0.0001609325408935547,2144.25493144989,work/runs/D_F1PT_Region6_s0.1_r3/converge/th_0.528953/ml-ap-0.528953_6_lru_366.475GB/full_0.1_0.1_cache_perf.txt.lzma,,2026-10-03T01:15:17,606,606,0.291044776119403,21.385246697746744,27.090504403004452,0,0.8755348450210243
C_F1PT_Region7_s0.2_r1,screen,C,F1PT,Region7_s0.2,1,meta+block+chunk,,,Region7,0.2,C_F1PT_Region7_s0.2_r1,labels/Region7_s0.2_F1PT_s1.npz,0.426092,0.4588778358884156,3,True,35.43845588838118,37.57290857289406,33.84816498315613,36.65669191918591,21.830559347178532,613,"[613, 657, 660, 296, 620]",0.011473910513000202,0.29031943547305944,0.05955334987593052,0.2456575682382134,93.67229771614075,1.430511474609375e-06,1256.2839949131012,work/runs/C_F1PT_Region7_s0.2_r1/converge/th_0.426092/ml-ap-0.426092_6_lru_366.475GB/full_0.2_0.1_cache_perf.txt.lzma,,2026-10-03T01:15:56,1593,1593,0.47124370956146655,21.68086311836318,28.05181623931616,0,0.8403462278166008
C_F1PT_Region7_s0.1_r1,screen,C,F1PT,Region7_s0.1,1,meta+block+chunk,,,Region7,0.1,C_F1PT_Region7_s0.1_r1,labels/Region7_s0.1_F1PT_s1.npz,0.417822,0.4934489098377526,4,True,35.36220948033978,39.068602693698004,32.98356384360095,36.372432659959486,21.47313957805414,315,"[315, 621, 616, 647, 299]",0.021451984945975475,0.32696801843690615,0.31186440677966104,0.35423728813559324,96.6800889968872,1.1920928955078125e-06,1771.961685180664,work/runs/C_F1PT_Region7_s0.1_r1/converge/th_0.417822/ml-ap-0.417822_6_lru_366.475GB/full_0.1_0.1_cache_perf.txt.lzma,,2026-10-03T01:22:27,1527,1527,0.49407265774378584,21.83843240093241,27.310266122766112,0,0.8580588664421159
C_F1PT_Region7_s0.3_r1,screen,C,F1PT,Region7_s0.3,1,meta+block+chunk,,,Region7,0.3,C_F1PT_Region7_s0.3_r1,labels/Region7_s0.3_F1PT_s1.npz,0.365759,0.4067791965790093,3,True,35.53396636827575,41.937402874969656,31.438124838134303,37.14380989380983,21.460459439272213,362,"[362, 636, 252, 635, 622]",0.014381733715528318,0.30978051676005947,0.2465331278890601,0.24036979969183359,86.14758443832397,1.6689300537109375e-06,1590.5655858516693,work/runs/C_F1PT_Region7_s0.3_r1/converge/th_0.365759/ml-ap-0.365759_6_lru_366.475GB/full_0.3_0.1_cache_perf.txt.lzma,,2026-10-03T01:23:31,1214,1214,0.3537001897533207,22.183712121212103,31.676443926443902,0,0.8418664967340678
C_F1PT_Region6_s0.2_r1,screen,C,F1PT,Region6_s0.2,1,meta+block+chunk,,,Region6,0.2,C_F1PT_Region6_s0.2_r1,labels/Region6_s0.2_F1PT_s1.npz,0.466673,0.4609198202379048,2,True,35.44610993342692,36.554260554211204,32.37604506602717,34.73858132606227,22.49610503309687,457,"[457, 153, 814, 788, 453]",0.001417691470772477,0.30702527435982707,0.39766081871345027,0.28362573099415206,58.73353171348572,2.384185791015625e-06,989.6159591674805,work/runs/C_F1PT_Region6_s0.2_r1/converge/th_0.466673/ml-ap-0.466673_6_lru_366.475GB/full_0.2_0.1_cache_perf.txt.lzma,,2026-10-03T01:24:51,818,818,0.383448275862069,22.62218337218338,30.957362082362117,0,0.8504267501811432
C_F1PT_Region6_s0.1_r1,screen,C,F1PT,Region6_s0.1,1,meta+block+chunk,,,Region6,0.1,C_F1PT_Region6_s0.1_r1,labels/Region6_s0.1_F1PT_s1.npz,0.420372,0.43807627772912383,2,True,35.52752001927472,36.49300699297513,31.30477143223989,34.53490028490215,20.468661158429164,283,"[283, 280, 284, 150, 808]",0.002524348324262389,0.38936638099348503,0.06060606060606061,0.3606060606060606,48.55459547042847,1.6689300537109375e-06,1571.0310654640198,work/runs/C_F1PT_Region6_s0.1_r1/converge/th_0.420372/ml-ap-0.420372_6_lru_366.475GB/full_0.1_0.1_cache_perf.txt.lzma,,2026-10-03T01:29:52,563,563,0.27996965098634297,21.385246697746744,27.090504403004452,0,0.8799595009283856
C_F1PT_Region6_s0.3_r1,screen,C,F1PT,Region6_s0.3,1,meta+block+chunk,,,Region6,0.3,C_F1PT_Region6_s0.3_r1,labels/Region6_s0.3_F1PT_s1.npz,0.536687,0.5524228704161942,2,True,35.421118509234454,36.56544612795608,33.04690170942249,35.39138176638874,21.09663800867962,815,"[815, 775, 264, 777, 808]",0.0030895453219134585,0.3677470082373815,0.04419889502762431,0.40331491712707185,18.031163454055786,9.5367431640625e-07,941.9314920902252,work/runs/C_F1PT_Region6_s0.3_r1/converge/th_0.536687/ml-ap-0.536687_6_lru_366.475GB/full_0.3_0.1_cache_perf.txt.lzma,,2026-10-03T01:30:59,873,873,0.49551569506726456,19.897743460243472,25.20313714063721,0,0.925608808616284
C_F1PT_Region6_s0_r1,screen,C,F1PT,Region6_s0,1,meta+block+chunk,,,Region6,0.0,C_F1PT_Region6_s0_r1,labels/Region6_s0_F1PT_s1.npz,0.505622,0.5321039599366486,3,True,35.72958357315914,43.179195804161395,34.79259129757298,39.37074268324404,22.017923831294127,712,"[712, 152, 816, 806, 807]",0.0042893909064912784,0.3302235236376039,0.48859934853420195,0.19381107491856678,61.192678689956665,3.0994415283203125e-06,2068.354706764221,work/runs/C_F1PT_Region6_s0_r1/converge/th_0.505622/ml-ap-0.505622_6_lru_366.475GB/full_0_0.1_cache_perf.txt.lzma,,2026-10-03T01:32:15,915,915,0.46148738379814075,20.283087283087383,25.926783864283887,0,0.9037671063825657
C_F1PT_Region7_s0_r1,screen,C,F1PT,Region7_s0,1,meta+block+chunk,,,Region7,0.0,C_F1PT_Region7_s0_r1,labels/Region7_s0_F1PT_s1.npz,0.401094,0.4316343697719276,7,False,36.050456374603655,40.206989769429846,34.32024281274818,37.95509259257815,21.89631132998772,646,"[646, 660, 636, 282, 674]",0.009239875839168412,0.285051604762521,0.17130620985010706,0.291220556745182,81.52107977867126,1.6689300537109375e-06,3148.304844856262,work/runs/C_F1PT_Region7_s0_r1/converge/th_0.401094/ml-ap-0.401094_6_lru_366.475GB/full_0_0.1_cache_perf.txt.lzma,,2026-10-03T01:42:54,1493,1493,0.46539923954372625,22.14395558145561,28.904849779849823,0,0.8512404154815807
D_F1EIM_Region7_s0.1_r2,confirm,D,F1EIM,Region7_s0.1,2,meta+block+chunk+load,,,Region7,0.1,D_F1EIM_Region7_s0.1_r2,labels/Region7_s0.1_F1EIM_s2.npz,0.424603,0.48500180104747415,3,True,35.47765606621615,35.1112891738273,31.945285547785424,34.14709595961022,21.79798213215862,621,"[621, 647, 299, 616, 658]",0.009433046011897536,0.25504791169692315,0.0774818401937046,0.4915254237288136,72.75210189819336,1.6689300537109375e-06,1454.6739852428436,work/runs/D_F1EIM_Region7_s0.1_r2/converge/th_0.424603/ml-ap-0.424603_6_lru_366.475GB/full_0.1_0.1_cache_perf.txt.lzma,,2026-10-03T01:46:42,1137,1137,0.373291682936353,22.03320059570062,27.310266122766112,0,0.8456061295678353
D_F1EIM_Region6_s0_r2,confirm,D,F1EIM,Region6_s0,2,meta+block+chunk+load,,,Region6,0.0,D_F1EIM_Region6_s0_r2,labels/Region6_s0_F1EIM_s2.npz,0.533255,0.5533911134116352,2,True,35.69737440935923,41.437548562505015,34.421208883712836,38.71186544936472,21.991158029469243,712,"[712, 816, 152, 807, 806]",0.0020185368971723664,0.3150710001580554,0.48859934853420195,0.2736156351791531,60.88507056236267,1.430511474609375e-06,1060.5329382419586,work/runs/D_F1EIM_Region6_s0_r2/converge/th_0.533255/ml-ap-0.533255_6_lru_366.475GB/full_0_0.1_cache_perf.txt.lzma,,2026-10-03T01:47:32,725,725,0.37363387978142076,20.357792670292806,25.926783864283887,0,0.8955558844564702
D_F1EIM_Region7_s0.2_r2,confirm,D,F1EIM,Region7_s0.2,2,meta+block+chunk+load,,,Region7,0.2,D_F1EIM_Region7_s0.2_r2,labels/Region7_s0.2_F1EIM_s2.npz,0.421797,0.4121677749790251,2,True,35.55620343429645,37.18214193214972,31.75969891219756,35.12633061382434,21.934193457847417,657,"[657, 613, 620, 255, 296]",0.03737929232340749,0.26405934520399915,0.1259259259259259,0.3432098765432099,93.60494613647461,4.291534423828125e-06,1477.4160108566284,work/runs/D_F1EIM_Region7_s0.2_r2/converge/th_0.421797/ml-ap-0.421797_6_lru_366.475GB/full_0.2_0.1_cache_perf.txt.lzma,,2026-10-03T01:48:09,1727,1727,0.5053418803418803,21.80468142968144,28.05181623931616,0,0.8435063711903541
D_F1EIM_Region7_s0.3_r2,confirm,D,F1EIM,Region7_s0.3,2,meta+block+chunk+load,,,Region7,0.3,D_F1EIM_Region7_s0.3_r2,labels/Region7_s0.3_F1EIM_s2.npz,0.405499,0.4503244780935347,3,True,35.7040073621685,44.600961538544986,31.449670422173067,37.53493265993842,21.97846403735909,362,"[362, 636, 252, 635, 622]",0.009130671147573391,0.238036198325007,0.2465331278890601,0.11864406779661017,71.50839757919312,3.5762786865234375e-06,1634.2768020629883,work/runs/D_F1EIM_Region7_s0.3_r2/converge/th_0.405499/ml-ap-0.405499_6_lru_366.475GB/full_0.3_0.1_cache_perf.txt.lzma,,2026-10-03T01:52:05,886,886,0.2573757763975155,22.239737114737096,31.676443926443902,0,0.8257651927970473
D_F1EIM_Region7_s0_r2,confirm,D,F1EIM,Region7_s0,2,meta+block+chunk+load,,,Region7,0.0,D_F1EIM_Region7_s0_r2,labels/Region7_s0_F1EIM_s2.npz,0.456159,0.5424368972890079,4,True,35.51523061349128,40.21382090125926,33.54706358455701,36.953969178958864,22.038062942211358,646,"[646, 674, 660, 613, 282]",0.016482591015183234,0.27014041672059014,0.17130620985010706,0.3404710920770878,37.176650524139404,1.9073486328125e-06,2301.90105175972,work/runs/D_F1EIM_Region7_s0_r2/converge/th_0.456159/ml-ap-0.456159_6_lru_366.475GB/full_0_0.1_cache_perf.txt.lzma,,2026-10-03T01:54:18,1583,1583,0.4945054945054945,22.353502978503005,28.904849779849823,0,0.8545758449154891
D_F1EIM_Region6_s0.3_r2,confirm,D,F1EIM,Region6_s0.3,2,meta+block+chunk+load,,,Region6,0.3,D_F1EIM_Region6_s0.3_r2,labels/Region6_s0.3_F1EIM_s2.npz,0.558457,0.5584569317288697,1,True,35.882339160540766,37.66694185445742,33.59562062937898,35.43478373478423,21.247900809736237,815,"[815, 775, 264, 794, 808]",0.0026776059456583307,0.34162285883655735,0.04419889502762431,0.3314917127071823,80.76477575302124,1.6689300537109375e-06,806.9962751865387,work/runs/D_F1EIM_Region6_s0.3_r2/converge/th_0.558457/ml-ap-0.558457_6_lru_366.475GB/full_0.3_0.1_cache_perf.txt.lzma,,2026-10-03T01:56:21,665,665,0.3792307692307692,19.983990546490546,25.20313714063721,0,0.9135238203604266
D_F1EIM_Region7_s0.1_r3,confirm,D,F1EIM,Region7_s0.1,3,meta+block+chunk+load,,,Region7,0.1,D_F1EIM_Region7_s0.1_r3,labels/Region7_s0.1_F1EIM_s3.npz,0.441142,0.4411423304118216,1,True,35.38437857110589,35.196273633817796,32.07571225072662,33.98190235692313,21.805097465915093,621,"[621, 299, 616, 629, 658]",0.011266237707903363,0.2536894028221405,0.0774818401937046,0.48668280871670705,86.04013228416443,4.5299530029296875e-06,861.8050971031189,work/runs/D_F1EIM_Region7_s0.1_r3/converge/th_0.441142/ml-ap-0.441142_6_lru_366.475GB/full_0.1_0.1_cache_perf.txt.lzma,,2026-10-03T02:01:54,1136,1136,0.3707602339181287,22.022176897176895,27.310266122766112,0,0.8429836415359849
D_F1EIM_Region6_s0.1_r2,confirm,D,F1EIM,Region6_s0.1,2,meta+block+chunk+load,,,Region6,0.1,D_F1EIM_Region6_s0.1_r2,labels/Region6_s0.1_F1EIM_s2.npz,0.455815,0.4613155503757298,2,True,35.63041892402882,39.294952732481754,32.310161875186374,35.513694638718285,20.537911409611215,280,"[280, 283, 293, 284, 808]",0.002703380120309367,0.36990361099122426,0.3933333333333333,0.2866666666666667,52.274686336517334,1.6689300537109375e-06,1894.8131322860718,work/runs/D_F1EIM_Region6_s0.1_r2/converge/th_0.455815/ml-ap-0.455815_6_lru_366.475GB/full_0.1_0.1_cache_perf.txt.lzma,,2026-10-03T02:02:34,565,565,0.2863670982482864,21.385246697746744,27.090504403004452,0,0.8802821384893212
D_F1EIM_Region7_s0_r3,confirm,D,F1EIM,Region7_s0,3,meta+block+chunk+load,,,Region7,0.0,D_F1EIM_Region7_s0_r3,labels/Region7_s0_F1EIM_s3.npz,0.442396,0.4305306985042989,2,True,35.489086330513935,40.197002071939394,33.65823815073251,36.69623802122525,21.96693600187295,646,"[646, 613, 660, 674, 282]",0.020982218051444932,0.26878154523100817,0.17130620985010706,0.35974304068522484,98.8457887172699,9.5367431640625e-07,1057.8859384059906,work/runs/D_F1EIM_Region7_s0_r3/converge/th_0.442396/ml-ap-0.442396_6_lru_366.475GB/full_0_0.1_cache_perf.txt.lzma,,2026-10-03T02:04:20,1579,1579,0.4935557240333586,22.372507122507084,28.904849779849823,0,0.8522241157728478
D_F1EIM_Region7_s0.2_r3,confirm,D,F1EIM,Region7_s0.2,3,meta+block+chunk+load,,,Region7,0.2,D_F1EIM_Region7_s0.2_r3,labels/Region7_s0.2_F1EIM_s3.npz,0.4369,0.42947724973782897,2,True,35.54700113941142,37.25966394717016,31.706388241390904,34.903804066295535,21.90031864166007,657,"[657, 613, 620, 255, 295]",0.039469777054554525,0.2710712443074023,0.1259259259259259,0.345679012345679,118.96363973617554,3.337860107421875e-06,1208.3535571098328,work/runs/D_F1EIM_Region7_s0.2_r3/converge/th_0.436900/ml-ap-0.4369_6_lru_366.475GB/full_0.2_0.1_cache_perf.txt.lzma,,2026-10-03T02:08:17,1724,1724,0.5042735042735043,21.80468142968144,28.05181623931616,0,0.8416922906862608
D_F1EIM_Region6_s0.2_r2,confirm,D,F1EIM,Region6_s0.2,2,meta+block+chunk+load,,,Region6,0.2,D_F1EIM_Region6_s0.2_r2,labels/Region6_s0.2_F1EIM_s2.npz,0.526752,0.5494651417247951,3,True,35.52600098044301,35.99431818180729,32.20441789693311,35.08119981868024,22.64417146559975,153,"[153, 457, 788, 814, 453]",0.0008736935808248986,0.2984536082474227,0.04199475065616798,0.3438320209973753,65.84261226654053,3.5762786865234375e-06,2198.6050910949707,work/runs/D_F1EIM_Region6_s0.2_r2/converge/th_0.526752/ml-ap-0.526752_6_lru_366.475GB/full_0.2_0.1_cache_perf.txt.lzma,,2026-10-03T02:08:54,638,638,0.2950354609929078,22.686933436933444,30.957362082362117,0,0.8440634809306806
D_F1EIM_Region6_s0.2_r3,confirm,D,F1EIM,Region6_s0.2,3,meta+block+chunk+load,,,Region6,0.2,D_F1EIM_Region6_s0.2_r3,labels/Region6_s0.2_F1EIM_s3.npz,0.542082,0.541264386381954,1,True,35.59041575133556,41.62605218847922,32.58760360012258,36.06254532501952,22.69780391386888,457,"[457, 453, 814, 153, 788]",0.0006099370281230425,0.2763136015962754,0.39766081871345027,0.1915204678362573,55.48341155052185,1.9073486328125e-06,20.048835039138794,work/runs/D_F1EIM_Region6_s0.2_r3/converge/th_0.542082/ml-ap-0.542082_6_lru_366.475GB/full_0.2_0.1_cache_perf.txt.lzma,,2026-10-03T02:14:40,629,629,0.2886524822695035,22.70248963998965,30.957362082362117,0,0.8386291102232384
D_F1EIM_Region6_s0_r3,confirm,D,F1EIM,Region6_s0,3,meta+block+chunk+load,,,Region6,0.0,D_F1EIM_Region6_s0_r3,labels/Region6_s0_F1EIM_s3.npz,0.54374,0.5419531133957207,2,True,35.48550503968838,40.92637917633341,34.27362017612573,38.6126392126377,21.976222834947464,712,"[712, 816, 152, 807, 806]",0.0003364228161953944,0.3126377785726764,0.48859934853420195,0.23778501628664495,65.61901545524597,1.9073486328125e-06,130.9963836669922,work/runs/D_F1EIM_Region6_s0_r3/converge/th_0.543740/ml-ap-0.54374_6_lru_366.475GB/full_0_0.1_cache_perf.txt.lzma,,2026-10-03T02:16:31,705,705,0.3581173260572988,20.379888629888512,25.926783864283887,0,0.8958171537897032
D_F1EIM_Region6_s0.1_r3,confirm,D,F1EIM,Region6_s0.1,3,meta+block+chunk+load,,,Region6,0.1,D_F1EIM_Region6_s0.1_r3,labels/Region6_s0.1_F1EIM_s3.npz,0.529018,0.5271811406128109,2,True,35.72348805536128,35.2235981611081,31.67934343432468,33.98787878788375,20.578488939197094,280,"[280, 283, 150, 808, 817]",0.0020230592953308507,0.36415315370861334,0.3933333333333333,0.5044444444444445,66.46395254135132,2.1457672119140625e-06,135.3399670124054,work/runs/D_F1EIM_Region6_s0.1_r3/converge/th_0.529018/ml-ap-0.529018_6_lru_366.475GB/full_0.1_0.1_cache_perf.txt.lzma,,2026-10-03T02:16:35,538,538,0.26100151745068284,21.385246697746744,27.090504403004452,0,0.8724158421672078
D_F1EIM_Region7_s0.3_r3,confirm,D,F1EIM,Region7_s0.3,3,meta+block+chunk+load,,,Region7,0.3,D_F1EIM_Region7_s0.3_r3,labels/Region7_s0.3_F1EIM_s3.npz,0.408551,0.4024684471078217,3,True,35.468710783903624,38.23026741781211,31.423611758609947,36.154208754205506,21.945078755952213,362,"[362, 636, 252, 635, 622]",0.008129880399327863,0.24660159557873157,0.2465331278890601,0.41602465331278893,95.7834415435791,1.1920928955078125e-06,186.63787245750427,work/runs/D_F1EIM_Region7_s0.3_r3/converge/th_0.408551/ml-ap-0.408551_6_lru_366.475GB/full_0.3_0.1_cache_perf.txt.lzma,,2026-10-03T02:17:26,859,859,0.24544397053121364,22.346218596218577,31.676443926443902,0,0.8239085333770302
D_F1EIM_Region6_s0.3_r3,confirm,D,F1EIM,Region6_s0.3,3,meta+block+chunk+load,,,Region6,0.3,D_F1EIM_Region6_s0.3_r3,labels/Region6_s0.3_F1EIM_s3.npz,0.565079,0.5624839323572814,2,True,35.54285566073571,36.66598679099782,32.88803969179261,35.241520979027044,21.23573655630162,815,"[815, 775, 777, 808, 264]",0.004291035169324248,0.350881165171643,0.04419889502762431,0.39226519337016574,76.98192119598389,0.000152587890625,328.81362557411194,work/runs/D_F1EIM_Region6_s0.3_r3/converge/th_0.565079/ml-ap-0.565079_6_lru_366.475GB/full_0.3_0.1_cache_perf.txt.lzma,,2026-10-03T02:19:49,689,689,0.3976923076923077,19.987406112406127,25.20313714063721,0,0.9171256955791134
C_F1PT_Region7_s0.1_r2,confirm,C,F1PT,Region7_s0.1,2,meta+block+chunk,,,Region7,0.1,C_F1PT_Region7_s0.1_r2,labels/Region7_s0.1_F1PT_s2.npz,0.423645,0.40689413202926517,2,True,35.65312651105359,37.159382284423145,32.73328671332163,35.6853082103294,21.42445766316432,621,"[621, 315, 647, 616, 299]",0.01646230423697948,0.324077143896818,0.0774818401937046,0.324455205811138,66.15010666847229,1.9073486328125e-06,412.31240725517273,work/runs/C_F1PT_Region7_s0.1_r2/converge/th_0.423645/ml-ap-0.423645_6_lru_366.475GB/full_0.1_0.1_cache_perf.txt.lzma,,2026-10-03T02:21:12,1557,1557,0.49638920562523753,21.860042735042764,27.310266122766112,0,0.8616832255442333
C_F1PT_Region7_s0.2_r2,confirm,C,F1PT,Region7_s0.2,2,meta+block+chunk,,,Region7,0.2,C_F1PT_Region7_s0.2_r2,labels/Region7_s0.2_F1PT_s2.npz,0.413078,0.4060283568687737,2,True,35.39620898913627,37.20363895364977,33.81165760165115,36.02574138823483,21.75977925236591,657,"[657, 613, 660, 296, 295]",0.02401681889988241,0.3034941682612034,0.1259259259259259,0.3037037037037037,24.708904027938843,0.00012540817260742188,429.92787313461304,work/runs/C_F1PT_Region7_s0.2_r2/converge/th_0.413078/ml-ap-0.413078_6_lru_366.475GB/full_0.2_0.1_cache_perf.txt.lzma,,2026-10-03T02:21:30,1600,1600,0.47217235188509876,21.68769425019431,28.05181623931616,0,0.840929990423584
C_F1PT_Region6_s0.2_r2,confirm,C,F1PT,Region6_s0.2,2,meta+block+chunk,,,Region6,0.2,C_F1PT_Region6_s0.2_r2,labels/Region6_s0.2_F1PT_s2.npz,0.458402,0.45840216474607587,1,True,35.45133840509027,36.59730315979249,32.10269748770013,35.47207653455947,22.595762688952956,153,"[153, 457, 814, 453, 788]",0.0019287197916323235,0.3214333222480878,0.04199475065616798,0.3674540682414698,24.036827564239502,0.0001628398895263672,511.7411081790924,work/runs/C_F1PT_Region6_s0.2_r2/converge/th_0.458402/ml-ap-0.458402_6_lru_366.475GB/full_0.2_0.1_cache_perf.txt.lzma,,2026-10-03T02:22:52,832,832,0.39792387543252594,22.62218337218338,30.957362082362117,0,0.8501575237336074
C_F1PT_Region7_s0_r2,confirm,C,F1PT,Region7_s0,2,meta+block+chunk,,,Region7,0.0,C_F1PT_Region7_s0_r2,labels/Region7_s0_F1PT_s2.npz,0.413939,0.4030442894436419,3,True,35.60914087794594,40.659349909284856,35.06633255634875,37.998569023552925,22.0286309908085,646,"[646, 660, 636, 282, 674]",0.00834957530258187,0.2713051637116604,0.17130620985010706,0.2698072805139186,79.66603708267212,1.1920928955078125e-06,900.234875202179,work/runs/C_F1PT_Region7_s0_r2/converge/th_0.413939/ml-ap-0.413939_6_lru_366.475GB/full_0_0.1_cache_perf.txt.lzma,,2026-10-03T02:29:20,1450,1450,0.4568042813455658,22.136039886039896,28.904849779849823,0,0.8495720393587782
C_F1PT_Region6_s0.1_r3,confirm,C,F1PT,Region6_s0.1,3,meta+block+chunk,,,Region6,0.1,C_F1PT_Region6_s0.1_r3,labels/Region6_s0.1_F1PT_s3.npz,0.42101,0.40291590010747313,2,True,35.51559880469955,38.0830743331086,31.554044936512113,36.21777713027898,20.514660538103993,284,"[284, 280, 283, 219, 808]",0.004046118590661701,0.3924943995725178,0.4214417744916821,0.4417744916820702,26.143601417541504,9.775161743164062e-06,945.6139535903931,work/runs/C_F1PT_Region6_s0.1_r3/converge/th_0.421010/ml-ap-0.42101_6_lru_366.475GB/full_0.1_0.1_cache_perf.txt.lzma,,2026-10-03T02:32:21,606,606,0.291044776119403,21.385246697746744,27.090504403004452,0,0.8755348450210243
C_F1PT_Region6_s0.1_r2,confirm,C,F1PT,Region6_s0.1,2,meta+block+chunk,,,Region6,0.1,C_F1PT_Region6_s0.1_r2,labels/Region6_s0.1_F1PT_s2.npz,0.410323,0.3920549717731774,3,True,35.50555988716257,36.61141867394656,31.871004273496613,35.48315203315113,20.45962036421899,284,"[284, 283, 280, 219, 808]",0.0030972500716127185,0.38653842201533184,0.4214417744916821,0.5138632162661737,19.387860774993896,0.0002148151397705078,1197.9039738178253,work/runs/C_F1PT_Region6_s0.1_r2/converge/th_0.410323/ml-ap-0.410323_6_lru_366.475GB/full_0.1_0.1_cache_perf.txt.lzma,,2026-10-03T02:34:18,573,573,0.27978883861236803,21.385246697746744,27.090504403004452,0,0.8809399891886385
C_F1PT_Region7_s0.3_r2,confirm,C,F1PT,Region7_s0.3,2,meta+block+chunk,,,Region7,0.3,C_F1PT_Region7_s0.3_r2,labels/Region7_s0.3_F1PT_s2.npz,0.374959,0.3542059422470629,3,True,35.58416297163892,41.03951372707642,31.110843045857433,36.828813778812155,21.483167260412053,362,"[362, 636, 252, 622, 635]",0.01196006721360087,0.3039216877965374,0.2465331278890601,0.2696456086286595,25.543997526168823,2.1457672119140625e-06,1204.691815853119,work/runs/C_F1PT_Region7_s0.3_r2/converge/th_0.374959/ml-ap-0.374959_6_lru_366.475GB/full_0.3_0.1_cache_perf.txt.lzma,,2026-10-03T02:34:24,1245,1245,0.37066666666666664,22.183712121212103,31.676443926443902,0,0.8352140562233947
C_F1PT_Region6_s0.2_r3,confirm,C,F1PT,Region6_s0.2,3,meta+block+chunk,,,Region6,0.2,C_F1PT_Region6_s0.2_r3,labels/Region6_s0.2_F1PT_s3.npz,0.463018,0.4673226778395474,2,True,35.95306254590598,35.829027454017,32.55876133126675,35.056287231270744,22.43684513620512,153,"[153, 457, 814, 788, 453]",0.0010550262108074248,0.31950033255736615,0.04199475065616798,0.3779527559055118,30.47368597984314,2.384185791015625e-06,1032.7289955615997,work/runs/C_F1PT_Region6_s0.2_r3/converge/th_0.463018/ml-ap-0.463018_6_lru_366.475GB/full_0.2_0.1_cache_perf.txt.lzma,,2026-10-03T02:34:39,819,819,0.3812801101169993,22.62720150220155,30.957362082362117,0,0.8480631984164713
C_F1PT_Region7_s0_r3,confirm,C,F1PT,Region7_s0,3,meta+block+chunk,,,Region7,0.0,C_F1PT_Region7_s0_r3,labels/Region7_s0_F1PT_s3.npz,0.422154,0.43191334838047624,3,True,35.56605509959926,40.554131054060846,34.51649507900272,38.12776482773988,22.0268024846573,646,"[646, 660, 674, 636, 613]",0.007760051974301596,0.2744718195936327,0.17130620985010706,0.284796573875803,31.904998302459717,0.0001575946807861328,1297.5659201145172,work/runs/C_F1PT_Region7_s0_r3/converge/th_0.422154/ml-ap-0.422154_6_lru_366.475GB/full_0_0.1_cache_perf.txt.lzma,,2026-10-03T02:35:57,1491,1491,0.4679878048780488,22.136039886039896,28.904849779849823,0,0.8499374919711081
C_F1PT_Region6_s0_r2,confirm,C,F1PT,Region6_s0,2,meta+block+chunk,,,Region6,0.0,C_F1PT_Region6_s0_r2,labels/Region6_s0_F1PT_s2.npz,0.523885,0.5017403024248779,3,True,35.520433158874,43.183242683209365,34.826602564103794,39.21708754208895,21.99352431033833,712,"[712, 152, 816, 807, 806]",0.0033810493027637135,0.3264343529294324,0.48859934853420195,0.18403908794788273,21.852417469024658,2.1457672119140625e-05,1301.8173048496246,work/runs/C_F1PT_Region6_s0_r2/converge/th_0.523885/ml-ap-0.523885_6_lru_366.475GB/full_0_0.1_cache_perf.txt.lzma,,2026-10-03T02:36:02,937,937,0.4810126582278481,20.286470473970518,25.926783864283887,0,0.9078769079857482
Ea-0.5_F1PT_Region7_s0.1_r1,screen,Ea-0.5,F1PT,Region7_s0.1,1,meta+block+chunk+load,,-0.5,Region7,0.1,D_F1PT_Region7_s0.1_r1,labels/Region7_s0.1_F1PT_s1.npz,0.614661,0.539842230733484,2,True,35.53182393893712,36.6849909351193,31.660874773380435,34.793401968450205,21.672562774912553,386,"[386, 621, 315, 616, 647]",0.03009590870462547,0.2666761007560749,0.3586744639376218,0.13450292397660818,61.74394655227661,104.48285245895386,894.1432793140411,work/runs/Ea-0.5_F1PT_Region7_s0.1_r1/converge/th_0.614661/ml-ap-0.614661_6_lru_366.475GB/full_0.1_0.1_cache_perf.txt.lzma,,2026-10-03T02:36:24,1527,1527,0.49407265774378584,21.83843240093241,27.310266122766112,0,0.8580588664421159
C_F1PT_Region7_s0.2_r3,confirm,C,F1PT,Region7_s0.2,3,meta+block+chunk,,,Region7,0.2,C_F1PT_Region7_s0.2_r3,labels/Region7_s0.2_F1PT_s3.npz,0.438047,0.4002451612614095,3,True,35.74443219330842,37.46858003108645,33.73201890701273,36.3126327376251,21.86444532193472,657,"[657, 613, 660, 296, 291]",0.016118112387309806,0.2909653751934772,0.1259259259259259,0.29876543209876544,34.28840970993042,0.00010585784912109375,1364.4974131584167,work/runs/C_F1PT_Region7_s0.2_r3/converge/th_0.438047/ml-ap-0.438047_6_lru_366.475GB/full_0.2_0.1_cache_perf.txt.lzma,,2026-10-03T02:37:04,1610,1610,0.4725904693658187,21.68769425019431,28.05181623931616,0,0.8424972662401031
C_F1PT_Region7_s0.3_r3,confirm,C,F1PT,Region7_s0.3,3,meta+block+chunk,,,Region7,0.3,C_F1PT_Region7_s0.3_r3,labels/Region7_s0.3_F1PT_s3.npz,0.374895,0.3551539951004088,3,True,35.421233163222624,41.6158054908709,31.45429875679917,36.985528360524874,21.52206971417325,362,"[362, 636, 635, 252, 622]",0.012417218543046357,0.3037839283326648,0.2465331278890601,0.21571648690292758,40.36034607887268,4.0531158447265625e-06,1386.68114900589,work/runs/C_F1PT_Region7_s0.3_r3/converge/th_0.374895/ml-ap-0.374895_6_lru_366.475GB/full_0.3_0.1_cache_perf.txt.lzma,,2026-10-03T02:37:47,1262,1262,0.36312217194570134,22.239737114737096,31.676443926443902,0,0.8347322722666695
C_F1PT_Region6_s0.3_r2,confirm,C,F1PT,Region6_s0.3,2,meta+block+chunk,,,Region6,0.3,C_F1PT_Region6_s0.3_r2,labels/Region6_s0.3_F1PT_s2.npz,0.55786,0.5291236019693315,3,True,35.58468973341655,36.89918414919559,33.20765086765799,36.03917378918131,21.215221539454387,815,"[815, 775, 264, 777, 807]",0.003312679150718319,0.35850105179958586,0.04419889502762431,0.4005524861878453,24.824227571487427,7.486343383789062e-05,1443.5390441417694,work/runs/C_F1PT_Region6_s0.3_r2/converge/th_0.557860/ml-ap-0.55786_6_lru_366.475GB/full_0.3_0.1_cache_perf.txt.lzma,,2026-10-03T02:38:23,853,853,0.48389513108614235,19.904574592074667,25.20313714063721,0,0.9230585222137528
C_F1PT_Region6_s0_r3,confirm,C,F1PT,Region6_s0,3,meta+block+chunk,,,Region6,0.0,C_F1PT_Region6_s0_r3,labels/Region6_s0_F1PT_s3.npz,0.500271,0.48215600522235036,3,True,35.61726980068802,43.03566109812799,34.662963610493456,39.06854118104745,22.0144510112914,712,"[712, 816, 152, 806, 817]",0.004928594257262528,0.3402891582301121,0.48859934853420195,0.18403908794788273,26.473724365234375,0.000102996826171875,1410.8031618595123,work/runs/C_F1PT_Region6_s0_r3/converge/th_0.500271/ml-ap-0.500271_6_lru_366.475GB/full_0_0.1_cache_perf.txt.lzma,,2026-10-03T02:40:02,915,915,0.4634308510638298,20.290549728049783,25.926783864283887,0,0.9029982197277594
Ea-0.5_F1PT_Region7_s0_r1,screen,Ea-0.5,F1PT,Region7_s0,1,meta+block+chunk+load,,-0.5,Region7,0.0,D_F1PT_Region7_s0_r1,labels/Region7_s0_F1PT_s1.npz,0.597123,0.5719418819062412,3,True,35.57379380736056,40.06408637654128,33.59962962964082,36.738309375796995,22.130673278446057,646,"[646, 613, 660, 592, 674]",0.0146177723236844,0.2523780251067685,0.17130620985010706,0.3811563169164882,60.81318259239197,63.13601112365723,1270.20419049263,work/runs/Ea-0.5_F1PT_Region7_s0_r1/converge/th_0.597123/ml-ap-0.597123_6_lru_366.475GB/full_0_0.1_cache_perf.txt.lzma,,2026-10-03T02:42:22,1493,1493,0.46539923954372625,22.14395558145561,28.904849779849823,0,0.8512404154815807
Ea-0.5_F1PT_Region6_s0.1_r1,screen,Ea-0.5,F1PT,Region6_s0.1,1,meta+block+chunk+load,,-0.5,Region6,0.1,D_F1PT_Region6_s0.1_r1,labels/Region6_s0.1_F1PT_s1.npz,0.603703,0.598636279348284,2,True,35.53358519861998,35.126732064238944,30.73272015020815,33.88650608651059,20.542286081115982,280,"[280, 283, 817, 808, 150]",0.0019693497565167572,0.3710545245288448,0.3933333333333333,0.5311111111111111,56.168339014053345,1.430511474609375e-06,864.4698579311371,work/runs/Ea-0.5_F1PT_Region6_s0.1_r1/converge/th_0.603703/ml-ap-0.603703_6_lru_366.475GB/full_0.1_0.1_cache_perf.txt.lzma,,2026-10-03T02:48:42,563,563,0.27996965098634297,21.385246697746744,27.090504403004452,0,0.8799595009283856
C_F1PT_Region6_s0.3_r3,confirm,C,F1PT,Region6_s0.3,3,meta+block+chunk,,,Region6,0.3,C_F1PT_Region6_s0.3_r3,labels/Region6_s0.3_F1PT_s3.npz,0.521186,0.5127337989397347,2,True,35.775871445568015,36.26066757317613,32.89756928259123,35.314565527065675,21.148964705739147,815,"[815, 775, 264, 807, 811]",0.0054753608760577405,0.370431052581746,0.04419889502762431,0.4143646408839779,37.381113052368164,0.0005447864532470703,1816.5531837940216,work/runs/C_F1PT_Region6_s0.3_r3/converge/th_0.521186/ml-ap-0.521186_6_lru_366.475GB/full_0.3_0.1_cache_perf.txt.lzma,,2026-10-03T02:50:05,846,846,0.4842105263157895,19.897743460243472,25.20313714063721,0,0.9229201996789801
Ea-0.5_F1PT_Region6_s0.3_r1,screen,Ea-0.5,F1PT,Region6_s0.3,1,meta+block+chunk+load,,-0.5,Region6,0.3,D_F1PT_Region6_s0.3_r1,labels/Region6_s0.3_F1PT_s1.npz,0.742112,0.7318299277685583,2,True,35.43178619776807,35.780610593121764,32.6017030885923,34.89015475265639,21.27653327696952,815,"[815, 775, 264, 808, 807]",0.0032268584473318343,0.35363930889974765,0.04419889502762431,0.40331491712707185,59.789145708084106,59.748302936553955,934.4403636455536,work/runs/Ea-0.5_F1PT_Region6_s0.3_r1/converge/th_0.742112/ml-ap-0.742112_6_lru_366.475GB/full_0.3_0.1_cache_perf.txt.lzma,,2026-10-03T02:50:14,873,873,0.49551569506726456,19.897743460243472,25.20313714063721,0,0.925608808616284
Ea-0.5_F1PT_Region6_s0.2_r1,screen,Ea-0.5,F1PT,Region6_s0.2,1,meta+block+chunk+load,,-0.5,Region6,0.2,D_F1PT_Region6_s0.2_r1,labels/Region6_s0.2_F1PT_s1.npz,0.747929,0.7298675267957151,2,True,35.27126984100427,36.661632349086574,32.09688293189077,34.42280173529226,22.690426220896768,457,"[457, 153, 814, 815, 788]",0.0023902937588605715,0.2864898570003326,0.39766081871345027,0.3055555555555556,79.02471685409546,1.9073486328125e-06,1132.732366323471,work/runs/Ea-0.5_F1PT_Region6_s0.2_r1/converge/th_0.747929/ml-ap-0.747929_6_lru_366.475GB/full_0.2_0.1_cache_perf.txt.lzma,,2026-10-03T02:53:17,818,818,0.383448275862069,22.62218337218338,30.957362082362117,0,0.8504267501811432
Ea-0.5_F1PT_Region7_s0.3_r1,screen,Ea-0.5,F1PT,Region7_s0.3,1,meta+block+chunk+load,,-0.5,Region7,0.3,D_F1PT_Region7_s0.3_r1,labels/Region7_s0.3_F1PT_s1.npz,0.550573,0.5176332169212401,3,True,35.61490839119886,38.74269943024601,30.850540015536463,35.70475912975607,21.81518439496365,362,"[362, 252, 622, 636, 635]",0.01792774537906494,0.2632299732179395,0.2465331278890601,0.38366718027734975,125.15259456634521,1.6689300537109375e-06,1497.4996542930603,work/runs/Ea-0.5_F1PT_Region7_s0.3_r1/converge/th_0.550573/ml-ap-0.550573_6_lru_366.475GB/full_0.3_0.1_cache_perf.txt.lzma,,2026-10-03T02:54:18,1214,1214,0.3537001897533207,22.183712121212103,31.676443926443902,0,0.8418664967340678
Ea-0.5_F1PT_Region6_s0_r1,screen,Ea-0.5,F1PT,Region6_s0,1,meta+block+chunk+load,,-0.5,Region6,0.0,D_F1PT_Region6_s0_r1,labels/Region6_s0_F1PT_s1.npz,0.683394,0.7214098428376019,3,True,35.66621099763074,39.51978114477636,34.21258223258363,37.87431688681641,22.042240270249987,152,"[152, 712, 816, 176, 817]",0.0032801224579050953,0.32644683098884464,0.042134831460674156,0.39325842696629215,78.37374711036682,1.1920928955078125e-06,1439.8707110881805,work/runs/Ea-0.5_F1PT_Region6_s0_r1/converge/th_0.683394/ml-ap-0.683394_6_lru_366.475GB/full_0_0.1_cache_perf.txt.lzma,,2026-10-03T02:56:21,915,915,0.46148738379814075,20.283087283087383,25.926783864283887,0,0.9037671063825657
D2_F1PT_Region6_s0_r1,screen,D2,F1PT,Region6_s0,1,meta+block+chunk+load+tod,,,Region6,0.0,D2_F1PT_Region6_s0_r1,labels/Region6_s0_F1PT_s1.npz,0.536018,0.5127823888324201,2,True,35.493452755431214,43.878156565622504,34.6880477855533,39.46700012950333,22.1504414808103,712,"[712, 816, 152, 806, 776]",0.002254032868509142,0.31574065601317686,0.48859934853420195,0.18078175895765472,42.67791676521301,0.0001468658447265625,1125.7254173755646,work/runs/D2_F1PT_Region6_s0_r1/converge/th_0.536018/ml-ap-0.536018_6_lru_366.475GB/full_0_0.1_cache_perf.txt.lzma,,2026-10-03T02:56:32,915,915,0.46148738379814075,20.283087283087383,25.926783864283887,0,0.9037671063825657
D2_F1PT_Region6_s0.1_r1,screen,D2,F1PT,Region6_s0.1,1,meta+block+chunk+load+tod,,,Region6,0.1,D2_F1PT_Region6_s0.1_r1,labels/Region6_s0.1_F1PT_s1.npz,0.46319,0.445683712605387,2,True,35.43068629386588,40.0185670811271,32.54137075886747,37.511632349142594,20.580918698661314,284,"[284, 280, 219, 283, 808]",0.0031867659696362075,0.3670962040405286,0.4214417744916821,0.16820702402957485,49.18726301193237,0.00019884109497070312,1185.917209148407,work/runs/D2_F1PT_Region6_s0.1_r1/converge/th_0.463190/ml-ap-0.46319_6_lru_366.475GB/full_0.1_0.1_cache_perf.txt.lzma,,2026-10-03T02:58:09,563,563,0.27996965098634297,21.385246697746744,27.090504403004452,0,0.8799595009283856
D2_F1PT_Region7_s0_r1,screen,D2,F1PT,Region7_s0,1,meta+block+chunk+load+tod,,,Region7,0.0,D2_F1PT_Region7_s0_r1,labels/Region7_s0_F1PT_s1.npz,0.404535,0.357341434340924,3,True,35.46817090413205,39.84986078729999,34.01489186739878,37.014283864272734,21.894580613134504,646,"[646, 674, 660, 592, 252]",0.030270218243942347,0.2852538177818041,0.17130620985010706,0.3426124197002141,57.066651582717896,1.1920928955078125e-06,1470.416121006012,work/runs/D2_F1PT_Region7_s0_r1/converge/th_0.404535/ml-ap-0.404535_6_lru_366.475GB/full_0_0.1_cache_perf.txt.lzma,,2026-10-03T03:00:28,1493,1493,0.46539923954372625,22.14395558145561,28.904849779849823,0,0.8512404154815807
Ea-0.5_F1PT_Region7_s0.2_r1,screen,Ea-0.5,F1PT,Region7_s0.2,1,meta+block+chunk+load,,-0.5,Region7,0.2,D_F1PT_Region7_s0.2_r1,labels/Region7_s0.2_F1PT_s1.npz,0.515586,0.48335769725963473,3,True,35.53528912773956,37.21514827765935,32.39266252266125,34.94965682465152,22.05873422958852,657,"[657, 613, 620, 660, 255]",0.036179639153828796,0.2644696591144532,0.1259259259259259,0.3333333333333333,115.64710736274719,41.59089016914368,2296.3245096206665,work/runs/Ea-0.5_F1PT_Region7_s0.2_r1/converge/th_0.515586/ml-ap-0.515586_6_lru_366.475GB/full_0.2_0.1_cache_perf.txt.lzma,,2026-10-03T03:01:08,1593,1593,0.47124370956146655,21.68086311836318,28.05181623931616,0,0.8403462278166008
Epf_F1PT_Region7_s0.2_r1,screen,Epf,F1PT,Region7_s0.2,1,meta+block+chunk+load,meta+load,,Region7,0.2,Epf_F1PT_Region7_s0.2_r1,labels/Region7_s0.2_F1PT_s1.npz,0.430375,0.43037530640140176,1,True,35.81721398012639,37.18682012432568,31.82786260036125,34.65373607872821,22.01367928616051,657,"[657, 613, 620, 255, 295]",0.030894038555189986,0.26325496743895055,0.1259259259259259,0.3432098765432099,80.19368124008179,3.814697265625e-06,663.9480447769165,work/runs/Epf_F1PT_Region7_s0.2_r1/converge/th_0.430375/ml-ap-0.430375_6_lru_366.475GB/full_0.2_0.1_cache_perf.txt.lzma,,2026-10-03T03:01:18,1593,1593,0.47124370956146655,21.68086311836318,28.05181623931616,0,0.8403462278166008
D2_F1PT_Region7_s0.1_r1,screen,D2,F1PT,Region7_s0.1,1,meta+block+chunk+load+tod,,,Region7,0.1,D2_F1PT_Region7_s0.1_r1,labels/Region7_s0.1_F1PT_s1.npz,0.411859,0.37910939240828156,3,True,35.508818278708134,39.113749676345236,31.91883708885363,35.80851787107088,21.47500505171014,315,"[315, 386, 299, 621, 616]",0.03991744567196795,0.2995471637084058,0.31186440677966104,0.37457627118644066,59.58849382400513,0.00015020370483398438,1613.174878358841,work/runs/D2_F1PT_Region7_s0.1_r1/converge/th_0.411859/ml-ap-0.411859_6_lru_366.475GB/full_0.1_0.1_cache_perf.txt.lzma,,2026-10-03T03:02:55,1527,1527,0.49407265774378584,21.83843240093241,27.310266122766112,0,0.8580588664421159
D2_F1PT_Region7_s0.2_r1,screen,D2,F1PT,Region7_s0.2,1,meta+block+chunk+load+tod,,,Region7,0.2,D2_F1PT_Region7_s0.2_r1,labels/Region7_s0.2_F1PT_s1.npz,0.417955,0.3919243379496038,3,True,35.47547421098687,37.46668609169614,32.344309116798414,34.69678192177315,21.913577147297833,657,"[657, 613, 620, 255, 295]",0.034077276668527515,0.2706649929109131,0.1259259259259259,0.31851851851851853,56.66232132911682,2.86102294921875e-06,1676.3137080669403,work/runs/D2_F1PT_Region7_s0.2_r1/converge/th_0.417955/ml-ap-0.417955_6_lru_366.475GB/full_0.2_0.1_cache_perf.txt.lzma,,2026-10-03T03:04:20,1593,1593,0.47124370956146655,21.68086311836318,28.05181623931616,0,0.8403462278166008
C_F1PT_Region7_s0.1_r3,confirm,C,F1PT,Region7_s0.1,3,meta+block+chunk,,,Region7,0.1,C_F1PT_Region7_s0.1_r3,labels/Region7_s0.1_F1PT_s3.npz,0.417435,0.39034535409882665,7,False,34.896867716617116,36.23353729608004,33.027566692584365,35.51012367266884,21.482898733622143,621,"[621, 386, 315, 647, 616]",0.01848974141070778,0.32131969433550317,0.0774818401937046,0.35351089588377727,32.13467502593994,1.621246337890625e-05,3025.1262006759644,work/runs/C_F1PT_Region7_s0.1_r3/converge/th_0.417435/ml-ap-0.417435_6_lru_366.475GB/full_0.1_0.1_cache_perf.txt.lzma,,2026-10-03T03:04:45,1523,1523,0.4936854190585534,21.863344988344995,27.310266122766112,0,0.8599269516785246
D2_F1PT_Region6_s0.3_r1,screen,D2,F1PT,Region6_s0.3,1,meta+block+chunk+load+tod,,,Region6,0.3,D2_F1PT_Region6_s0.3_r1,labels/Region6_s0.3_F1PT_s1.npz,0.55161,0.5563573990948498,2,True,35.60288755503272,47.37744431493608,34.59492408055448,38.737752525254876,21.415771641412984,251,"[251, 264, 815, 796, 775]",0.005011929077770721,0.3633751445967141,0.005319148936170213,0.17553191489361702,51.97829055786133,1.430511474609375e-06,1371.734449148178,work/runs/D2_F1PT_Region6_s0.3_r1/converge/th_0.551610/ml-ap-0.55161_6_lru_366.475GB/full_0.3_0.1_cache_perf.txt.lzma,,2026-10-03T03:05:14,873,873,0.49551569506726456,19.897743460243472,25.20313714063721,0,0.925608808616284
D2_F1PT_Region7_s0.3_r1,screen,D2,F1PT,Region7_s0.3,1,meta+block+chunk+load+tod,,,Region7,0.3,D2_F1PT_Region7_s0.3_r1,labels/Region7_s0.3_F1PT_s1.npz,0.420326,0.3600927353836596,3,True,35.32502300677654,37.62249093503029,31.444103211602197,35.74889601139283,21.744117953806626,362,"[362, 252, 636, 635, 622]",0.01724819610556489,0.2753892717791635,0.2465331278890601,0.5007704160246533,61.956220865249634,0.00014853477478027344,1691.825602054596,work/runs/D2_F1PT_Region7_s0.3_r1/converge/th_0.420326/ml-ap-0.420326_6_lru_366.475GB/full_0.3_0.1_cache_perf.txt.lzma,,2026-10-03T03:05:16,1214,1214,0.3537001897533207,22.183712121212103,31.676443926443902,0,0.8418664967340678
D2_F1PT_Region6_s0.2_r1,screen,D2,F1PT,Region6_s0.2,1,meta+block+chunk+load+tod,,,Region6,0.2,D2_F1PT_Region6_s0.2_r1,labels/Region6_s0.2_F1PT_s1.npz,0.557202,0.5318584092892706,2,True,35.40679182651847,36.76575045325012,33.65726236728775,35.26257770006732,22.785961164981007,814,"[814, 457, 788, 260, 813]",0.0036266525996505226,0.2891835716661124,0.07164179104477612,0.16417910447761194,51.457988023757935,0.0001671314239501953,1653.864277124405,work/runs/D2_F1PT_Region6_s0.2_r1/converge/th_0.557202/ml-ap-0.557202_6_lru_366.475GB/full_0.2_0.1_cache_perf.txt.lzma,,2026-10-03T03:07:35,818,818,0.383448275862069,22.62218337218338,30.957362082362117,0,0.8504267501811432
D_F1CPSAT_Region7_s0.1_r2,confirm,D,F1CPSAT,Region7_s0.1,2,meta+block+chunk+load,,,Region7,0.1,D_F1CPSAT_Region7_s0.1_r2,labels/Region7_s0.1_F1CPSAT_s2.npz,0.448355,0.4594648224301636,2,True,35.726535481420626,36.66538785301588,31.803401968419685,34.7982582233065,21.60440437454425,386,"[386, 621, 647, 315, 616]",0.021961879324996963,0.2758743379290826,0.3586744639376218,0.13255360623781676,67.82070446014404,2.1457672119140625e-06,981.9070568084717,work/runs/D_F1CPSAT_Region7_s0.1_r2/converge/th_0.448355/ml-ap-0.448355_6_lru_366.475GB/full_0.1_0.1_cache_perf.txt.lzma,,2026-10-03T03:12:43,1526,1526,0.5017301038062284,21.892045454545475,27.310266122766112,0,0.8581108615062641
Epf_F1PT_Region7_s0_r1,screen,Epf,F1PT,Region7_s0,1,meta+block+chunk+load,meta+load,,Region7,0.0,Epf_F1PT_Region7_s0_r1,labels/Region7_s0_F1PT_s1.npz,0.448786,0.4137405282817781,3,True,35.41002601879042,40.30069930065059,34.25483877234523,36.82964905464174,22.056052510390746,646,"[646, 660, 613, 636, 592]",0.01819100555836281,0.2664844053319529,0.17130620985010706,0.3854389721627409,77.00258731842041,2.1457672119140625e-06,1452.797173500061,work/runs/Epf_F1PT_Region7_s0_r1/converge/th_0.448786/ml-ap-0.448786_6_lru_366.475GB/full_0_0.1_cache_perf.txt.lzma,,2026-10-03T03:12:55,1493,1493,0.46539923954372625,22.14395558145561,28.904849779849823,0,0.8512404154815807
Epf_F1PT_Region7_s0.3_r1,screen,Epf,F1PT,Region7_s0.3,1,meta+block+chunk+load,meta+load,,Region7,0.3,Epf_F1PT_Region7_s0.3_r1,labels/Region7_s0.3_F1PT_s1.npz,0.398899,0.3913688720203936,2,True,35.3306701246549,41.52892709149114,30.665077052544977,36.30204286454441,21.68300290683295,362,"[362, 252, 636, 635, 622]",0.018001878027083126,0.2736551232339439,0.2465331278890601,0.26810477657935283,77.57287621498108,9.5367431640625e-07,1181.820752620697,work/runs/Epf_F1PT_Region7_s0.3_r1/converge/th_0.398899/ml-ap-0.398899_6_lru_366.475GB/full_0.3_0.1_cache_perf.txt.lzma,,2026-10-03T03:12:59,1214,1214,0.3537001897533207,22.183712121212103,31.676443926443902,0,0.8418664967340678
D_F1CPSAT_Region7_s0.3_r2,confirm,D,F1CPSAT,Region7_s0.3,2,meta+block+chunk+load,,,Region7,0.3,D_F1CPSAT_Region7_s0.3_r2,labels/Region7_s0.3_F1CPSAT_s2.npz,0.404797,0.42637173971161246,2,True,35.72387685099975,42.67152292159279,30.544111629084686,36.761360398863694,21.448372355675872,362,"[362, 252, 636, 622, 635]",0.03584313531679351,0.3071711904443553,0.2465331278890601,0.2650231124807396,77.13948798179626,3.814697265625e-06,1066.495974779129,work/runs/D_F1CPSAT_Region7_s0.3_r2/converge/th_0.404797/ml-ap-0.404797_6_lru_366.475GB/full_0.3_0.1_cache_perf.txt.lzma,,2026-10-03T03:15:56,1624,1624,0.5249233128834356,22.119593369593353,31.676443926443902,0,0.8577020130616844
D_F1CPSAT_Region6_s0_r2,confirm,D,F1CPSAT,Region6_s0,2,meta+block+chunk+load,,,Region6,0.0,D_F1CPSAT_Region6_s0_r2,labels/Region6_s0_F1CPSAT_s2.npz,0.547112,0.5192273710854352,2,True,35.38302133668866,41.06308275053741,34.364078606580236,38.79947228696441,22.01045958350136,712,"[712, 152, 816, 176, 807]",0.0010597318710154923,0.31506684080491804,0.48859934853420195,0.23127035830618892,48.01241946220398,2.6226043701171875e-06,991.1025497913361,work/runs/D_F1CPSAT_Region6_s0_r2/converge/th_0.547112/ml-ap-0.547112_6_lru_366.475GB/full_0_0.1_cache_perf.txt.lzma,,2026-10-03T03:16:59,848,848,0.44286680189317107,20.283087283087326,25.926783864283887,0,0.9062270537979469
D_F1CPSAT_Region7_s0.2_r2,confirm,D,F1CPSAT,Region7_s0.2,2,meta+block+chunk+load,,,Region7,0.2,D_F1CPSAT_Region7_s0.2_r2,labels/Region7_s0.2_F1CPSAT_s2.npz,0.436079,0.4468802106566727,2,True,35.57084344888627,37.00407925408542,31.84688616938017,34.79220732970155,22.023249524116046,657,"[657, 613, 620, 255, 660]",0.02984879618961647,0.2598749558201606,0.1259259259259259,0.3530864197530864,83.44709300994873,0.0001544952392578125,1236.9264571666718,work/runs/D_F1CPSAT_Region7_s0.2_r2/converge/th_0.436079/ml-ap-0.436079_6_lru_366.475GB/full_0.2_0.1_cache_perf.txt.lzma,,2026-10-03T03:17:09,1665,1665,0.4843193157519601,21.755940818440784,28.05181623931616,0,0.8401301197838998
Epf_F1PT_Region7_s0.1_r1,screen,Epf,F1PT,Region7_s0.1,1,meta+block+chunk+load,meta+load,,Region7,0.1,Epf_F1PT_Region7_s0.1_r1,labels/Region7_s0.1_F1PT_s1.npz,0.43889,0.3865784904919565,3,True,35.55587531099469,37.425974488562126,31.639992877494816,35.30370370375417,21.50763504220944,315,"[315, 386, 621, 616, 647]",0.0319291004006313,0.2881656087009259,0.31186440677966104,0.45932203389830506,79.78957557678223,1.430511474609375e-06,1722.6352875232697,work/runs/Epf_F1PT_Region7_s0.1_r1/converge/th_0.438890/ml-ap-0.43889_6_lru_366.475GB/full_0.1_0.1_cache_perf.txt.lzma,,2026-10-03T03:18:48,1527,1527,0.49407265774378584,21.83843240093241,27.310266122766112,0,0.8580588664421159
D_F1CPSAT_Region7_s0_r2,confirm,D,F1CPSAT,Region7_s0,2,meta+block+chunk+load,,,Region7,0.0,D_F1CPSAT_Region7_s0_r2,labels/Region7_s0_F1CPSAT_s2.npz,0.473131,0.5030289744026959,3,True,35.655363970249894,39.943311318268115,33.79145881895347,36.70433501683074,22.15126603834156,646,"[646, 660, 613, 620, 647]",0.011622031328954016,0.26520641905008413,0.17130620985010706,0.5438972162740899,70.20063376426697,2.86102294921875e-06,1478.5326299667358,work/runs/D_F1CPSAT_Region7_s0_r2/converge/th_0.473131/ml-ap-0.473131_6_lru_366.475GB/full_0_0.1_cache_perf.txt.lzma,,2026-10-03T03:18:56,1451,1451,0.46728252501924555,22.1244981869982,28.904849779849823,0,0.8616609393904705
D_F1CPSAT_Region6_s0.2_r2,confirm,D,F1CPSAT,Region6_s0.2,2,meta+block+chunk+load,,,Region6,0.2,D_F1CPSAT_Region6_s0.2_r2,labels/Region6_s0.2_F1CPSAT_s2.npz,0.55572,0.5508552906103432,2,True,35.509688148853336,35.462121212070215,32.44497992746498,34.78967236466311,22.636625559095013,457,"[457, 788, 153, 814, 815]",0.0037915004450891827,0.3098977386099102,0.39766081871345027,0.32748538011695905,50.41733169555664,6.4373016357421875e-06,1175.4876375198364,work/runs/D_F1CPSAT_Region6_s0.2_r2/converge/th_0.555720/ml-ap-0.55572_6_lru_366.475GB/full_0.2_0.1_cache_perf.txt.lzma,,2026-10-03T03:20:53,811,811,0.38147892190739463,22.692242942242988,30.957362082362117,0,0.8367477837799622
D_F1CPSAT_Region6_s0.3_r2,confirm,D,F1CPSAT,Region6_s0.3,2,meta+block+chunk+load,,,Region6,0.3,D_F1CPSAT_Region6_s0.3_r2,labels/Region6_s0.3_F1CPSAT_s2.npz,0.56001,0.542780454736203,2,True,35.84615268767183,36.21853146855376,33.17283929034698,34.9118913494151,21.19036473437504,775,"[775, 815, 796, 807, 777]",0.0051320780625118,0.35979367438260806,0.0547945205479452,0.2493150684931507,52.95348525047302,2.1457672119140625e-06,1112.8915905952454,work/runs/D_F1CPSAT_Region6_s0.3_r2/converge/th_0.560010/ml-ap-0.56001_6_lru_366.475GB/full_0.3_0.1_cache_perf.txt.lzma,,2026-10-03T03:21:28,878,878,0.5026217228464419,20.01751489251493,25.20313714063721,0,0.9233410334762082
D_F1CPSAT_Region7_s0.1_r3,confirm,D,F1CPSAT,Region7_s0.1,3,meta+block+chunk+load,,,Region7,0.1,D_F1CPSAT_Region7_s0.1_r3,labels/Region7_s0.1_F1CPSAT_s3.npz,0.452088,0.46239783661440015,2,True,35.679478449134066,34.759469697014026,31.478119658120665,33.65009712512687,21.522195703532024,621,"[621, 299, 616, 647, 386]",0.03926186718465461,0.2905470424129705,0.0774818401937046,0.5230024213075061,53.504008531570435,3.337860107421875e-06,1008.3229739665985,work/runs/D_F1CPSAT_Region7_s0.1_r3/converge/th_0.452088/ml-ap-0.452088_6_lru_366.475GB/full_0.1_0.1_cache_perf.txt.lzma,,2026-10-03T03:21:33,1627,1627,0.5423402617397999,21.90114283864288,27.310266122766112,0,0.8681121479618009
D_F1CPSAT_Region7_s0.2_r3,confirm,D,F1CPSAT,Region7_s0.2,3,meta+block+chunk+load,,,Region7,0.2,D_F1CPSAT_Region7_s0.2_r3,labels/Region7_s0.2_F1CPSAT_s3.npz,0.400579,0.4102504444308579,2,True,35.70344015245693,37.24410774411471,32.123488085982636,35.107640507632176,22.02162654059094,657,"[657, 613, 255, 620, 295]",0.03626278343290851,0.2625968401766381,0.1259259259259259,0.35555555555555557,75.6240668296814,3.337860107421875e-06,1144.3358552455902,work/runs/D_F1CPSAT_Region7_s0.2_r3/converge/th_0.400579/ml-ap-0.400579_6_lru_366.475GB/full_0.2_0.1_cache_perf.txt.lzma,,2026-10-03T03:24:18,1552,1552,0.46599131693198265,21.70146982646985,28.05181623931616,0,0.8436146379114614
D_F1CPSAT_Region6_s0.2_r3,confirm,D,F1CPSAT,Region6_s0.2,3,meta+block+chunk+load,,,Region6,0.2,D_F1CPSAT_Region6_s0.2_r3,labels/Region6_s0.2_F1CPSAT_s3.npz,0.552267,0.5522669819183648,1,True,35.84598344624044,36.344130406634854,32.59293123541144,35.13069476818591,22.662206351234953,788,"[788, 457, 153, 814, 815]",0.001417691470772477,0.30385350848021286,0.02631578947368421,0.4298245614035088,49.000850439071655,3.0994415283203125e-06,747.0947775840759,work/runs/D_F1CPSAT_Region6_s0.2_r3/converge/th_0.552267/ml-ap-0.552267_6_lru_366.475GB/full_0.2_0.1_cache_perf.txt.lzma,,2026-10-03T03:25:22,751,751,0.34559333795975017,22.744965682465732,30.957362082362117,0,0.8350963771074474
D_F1CPSAT_Region6_s0.1_r2,confirm,D,F1CPSAT,Region6_s0.1,2,meta+block+chunk+load,,,Region6,0.1,D_F1CPSAT_Region6_s0.1_r2,labels/Region6_s0.1_F1CPSAT_s2.npz,0.573869,0.5315893986262381,3,True,35.62519032114497,40.33207070710782,32.5171924372005,37.32333592336995,20.67948201769661,280,"[280, 293, 219, 284, 808]",0.0033299914064737896,0.36539038576155536,0.3933333333333333,0.20666666666666667,45.48444199562073,4.0531158447265625e-06,1464.4540090560913,work/runs/D_F1CPSAT_Region6_s0.1_r2/converge/th_0.573869/ml-ap-0.573869_6_lru_366.475GB/full_0.1_0.1_cache_perf.txt.lzma,,2026-10-03T03:25:32,657,657,0.3421250941974378,21.385246697746744,27.090504403004452,0,0.8574773976714531
D_F1CPSAT_Region7_s0_r3,confirm,D,F1CPSAT,Region7_s0,3,meta+block+chunk+load,,,Region7,0.0,D_F1CPSAT_Region7_s0_r3,labels/Region7_s0_F1CPSAT_s3.npz,0.435486,0.4572006384842098,3,True,35.51125668247873,39.894117456575025,34.16887464386129,37.08582944833321,22.22195287939796,646,"[646, 660, 613, 592, 282]",0.0191414615366106,0.2603411738061343,0.17130620985010706,0.5610278372591007,62.52027177810669,3.0994415283203125e-06,1426.2228593826294,work/runs/D_F1CPSAT_Region7_s0_r3/converge/th_0.435486/ml-ap-0.435486_6_lru_366.475GB/full_0_0.1_cache_perf.txt.lzma,,2026-10-03T03:28:06,1434,1434,0.45458029896512075,22.113992488992523,28.904849779849823,0,0.8474212740696517
C_F1EIM_Region6_s0_r1,screen,C,F1EIM,Region6_s0,1,meta+block+chunk,,,Region6,0.0,C_F1EIM_Region6_s0_r1,labels/Region6_s0_F1EIM_s1.npz,0.483991,0.4839914017356932,1,True,35.925139210515745,43.546571484036434,34.95375291372429,39.16662457912928,22.069721681743175,712,"[712, 152, 816, 817, 806]",0.001127016434254571,0.2805858032958714,0.48859934853420195,0.1758957654723127,35.722994327545166,2.86102294921875e-06,563.9985618591309,work/runs/C_F1EIM_Region6_s0_r1/converge/th_0.483991/ml-ap-0.483991_6_lru_366.475GB/full_0_0.1_cache_perf.txt.lzma,,2026-10-03T03:28:20,716,716,0.3778389538885065,20.350848225848235,25.926783864283887,0,0.8991903191713999
D_F1CPSAT_Region6_s0.1_r3,confirm,D,F1CPSAT,Region6_s0.1,3,meta+block+chunk+load,,,Region6,0.1,D_F1CPSAT_Region6_s0.1_r3,labels/Region6_s0.1_F1CPSAT_s3.npz,0.548516,0.5678011937998235,2,True,35.864032900879074,36.55691530692424,32.20276223779019,34.58841945091924,20.57102156017465,280,"[280, 283, 808, 284, 219]",0.005639501575479805,0.3913804796843209,0.3933333333333333,0.5066666666666667,41.53093862533569,1.430511474609375e-06,938.6513547897339,work/runs/D_F1CPSAT_Region6_s0.1_r3/converge/th_0.548516/ml-ap-0.548516_6_lru_366.475GB/full_0.1_0.1_cache_perf.txt.lzma,,2026-10-03T03:28:21,818,818,0.42584434654919234,21.385246697746744,27.090504403004452,0,0.865978946735064
D_F1CPSAT_Region6_s0_r3,confirm,D,F1CPSAT,Region6_s0,3,meta+block+chunk+load,,,Region6,0.0,D_F1CPSAT_Region6_s0_r3,labels/Region6_s0_F1CPSAT_s3.npz,0.542806,0.5551264728419483,2,True,35.85528297214451,40.79150479149973,34.4886363636413,39.072290209793756,21.98507987333317,152,"[152, 816, 712, 807, 817]",0.0031960167538562464,0.3372902646180466,0.042134831460674156,0.34269662921348315,53.54938745498657,3.0994415283203125e-06,1316.5706553459167,work/runs/D_F1CPSAT_Region6_s0_r3/converge/th_0.542806/ml-ap-0.542806_6_lru_366.475GB/full_0_0.1_cache_perf.txt.lzma,,2026-10-03T03:29:32,898,898,0.4766734279918864,20.294191919191885,25.926783864283887,0,0.909184004468239
D_F1CPSAT_Region7_s0.3_r3,confirm,D,F1CPSAT,Region7_s0.3,3,meta+block+chunk+load,,,Region7,0.3,D_F1CPSAT_Region7_s0.3_r3,labels/Region7_s0.3_F1CPSAT_s3.npz,0.409605,0.42797178821638227,3,True,35.49673722078139,43.46267158774708,30.362047397034925,37.067728567732445,21.425191244203273,362,"[362, 636, 252, 622, 635]",0.04554215676583968,0.310975782696601,0.2465331278890601,0.18335901386748846,69.21467232704163,3.337860107421875e-06,1778.9164218902588,work/runs/D_F1CPSAT_Region7_s0.3_r3/converge/th_0.409605/ml-ap-0.409605_6_lru_366.475GB/full_0.3_0.1_cache_perf.txt.lzma,,2026-10-03T03:34:55,1670,1670,0.5296577946768061,22.119593369593353,31.676443926443902,0,0.8649854729175565
C_F1EIM_Region6_s0.1_r1,screen,C,F1EIM,Region6_s0.1,1,meta+block+chunk,,,Region6,0.1,C_F1EIM_Region6_s0.1_r1,labels/Region6_s0.1_F1EIM_s1.npz,0.410673,0.4399572550319135,2,True,35.94894541171274,37.51686739183221,31.182419709913077,34.458229733233885,20.61560744517566,283,"[283, 808, 280, 817, 284]",0.004314666284732168,0.39866822862075346,0.06060606060606061,0.3696969696969697,33.13315272331238,1.9073486328125e-06,860.241574048996,work/runs/C_F1EIM_Region6_s0.1_r1/converge/th_0.410673/ml-ap-0.410673_6_lru_366.475GB/full_0.1_0.1_cache_perf.txt.lzma,,2026-10-03T03:35:13,566,566,0.28810975609756095,21.385246697746744,27.090504403004452,0,0.8805950479366648
C_F1EIM_Region6_s0_r2,confirm,C,F1EIM,Region6_s0,2,meta+block+chunk,,,Region6,0.0,C_F1EIM_Region6_s0_r2,labels/Region6_s0_F1EIM_s2.npz,0.487783,0.4877830813638866,1,True,35.82662936538744,43.20069282566145,34.865663688146434,39.09436674436917,22.010139116225904,712,"[712, 152, 816, 807, 806]",0.001379333546401117,0.31105722438046435,0.48859934853420195,0.1775244299674267,30.947346687316895,3.337860107421875e-06,483.3706605434418,work/runs/C_F1EIM_Region6_s0_r2/converge/th_0.487783/ml-ap-0.487783_6_lru_366.475GB/full_0_0.1_cache_perf.txt.lzma,,2026-10-03T03:36:23,725,725,0.37363387978142076,20.357792670292806,25.926783864283887,0,0.8955558844564702
C_F1EIM_Region7_s0.2_r1,screen,C,F1EIM,Region7_s0.2,1,meta+block+chunk,,,Region7,0.2,C_F1EIM_Region7_s0.2_r1,labels/Region7_s0.2_F1EIM_s1.npz,0.42164,0.4723543473519385,3,True,35.33534835705573,37.076923076934115,33.73358003107354,35.95532569281868,21.72312995663146,657,"[657, 613, 660, 296, 295]",0.025822237531327577,0.3047941727299688,0.1259259259259259,0.3111111111111111,57.95710253715515,2.384185791015625e-06,1282.5612905025482,work/runs/C_F1EIM_Region7_s0.2_r1/converge/th_0.421640/ml-ap-0.42164_6_lru_366.475GB/full_0.2_0.1_cache_perf.txt.lzma,,2026-10-03T03:38:32,1724,1724,0.5042735042735043,21.80468142968144,28.05181623931616,0,0.841930005044237
C_F1EIM_Region7_s0.1_r1,screen,C,F1EIM,Region7_s0.1,1,meta+block+chunk,,,Region7,0.1,C_F1EIM_Region7_s0.1_r1,labels/Region7_s0.1_F1EIM_s1.npz,0.425638,0.40919396048411727,3,True,35.62593800351024,37.82318376072537,33.41697746700952,36.18758417511466,21.775655505201332,621,"[621, 386, 647, 616, 299]",0.007320626441665655,0.278114260300004,0.0774818401937046,0.29782082324455206,51.22191667556763,1.430511474609375e-06,1306.9699611663818,work/runs/C_F1EIM_Region7_s0.1_r1/converge/th_0.425638/ml-ap-0.425638_6_lru_366.475GB/full_0.1_0.1_cache_perf.txt.lzma,,2026-10-03T03:38:46,1114,1114,0.36377829820452773,22.022176897176895,27.310266122766112,0,0.8438016787000993
D_F1CPSAT_Region6_s0.3_r3,confirm,D,F1CPSAT,Region6_s0.3,3,meta+block+chunk+load,,,Region6,0.3,D_F1CPSAT_Region6_s0.3_r3,labels/Region6_s0.3_F1CPSAT_s3.npz,0.582611,0.5593017372302711,3,True,35.543692342189324,36.242958430469336,33.58295891609274,35.38905076406612,21.20330551360095,815,"[815, 775, 777, 807, 808]",0.0047029745455793755,0.3593202616531572,0.04419889502762431,0.35911602209944754,58.20063495635986,3.5762786865234375e-06,1647.1694383621216,work/runs/D_F1CPSAT_Region6_s0.3_r3/converge/th_0.582611/ml-ap-0.582611_6_lru_366.475GB/full_0.3_0.1_cache_perf.txt.lzma,,2026-10-03T03:40:26,844,844,0.5041952707856598,19.908249158249184,25.20313714063721,0,0.9292563516551935
C_F1EIM_Region7_s0.3_r1,screen,C,F1EIM,Region7_s0.3,1,meta+block+chunk,,,Region7,0.3,C_F1EIM_Region7_s0.3_r1,labels/Region7_s0.3_F1EIM_s1.npz,0.348623,0.32741645025089383,3,True,35.54777043420062,42.29857873614854,31.81419839415397,37.42258482258552,21.72858854649715,362,"[362, 636, 635, 252, 622]",0.007240288623109618,0.2755189277451612,0.2465331278890601,0.20955315870570107,39.96679878234863,2.384185791015625e-06,1323.8440117835999,work/runs/C_F1EIM_Region7_s0.3_r1/converge/th_0.348623/ml-ap-0.348623_6_lru_366.475GB/full_0.3_0.1_cache_perf.txt.lzma,,2026-10-03T03:40:52,840,840,0.24483430799220274,22.346218596218577,31.676443926443902,0,0.8332229061012384
C_F1EIM_Region6_s0.2_r2,confirm,C,F1EIM,Region6_s0.2,2,meta+block+chunk,,,Region6,0.2,C_F1EIM_Region6_s0.2_r2,labels/Region6_s0.2_F1EIM_s2.npz,0.423759,0.42375910049304366,1,True,35.39026985606227,36.22031209530132,32.692646335169684,34.81936998185107,22.544664070884497,153,"[153, 457, 814, 788, 453]",0.0011704197026144868,0.30774027269704024,0.04199475065616798,0.3805774278215223,30.489075899124146,0.00015211105346679688,787.5383117198944,work/runs/C_F1EIM_Region6_s0.2_r2/converge/th_0.423759/ml-ap-0.423759_6_lru_366.475GB/full_0.2_0.1_cache_perf.txt.lzma,,2026-10-03T03:42:40,638,638,0.2950354609929078,22.686933436933444,30.957362082362117,0,0.8440634809306806
C_F1EIM_Region7_s0_r2,confirm,C,F1EIM,Region7_s0,2,meta+block+chunk,,,Region7,0.0,C_F1EIM_Region7_s0_r2,labels/Region7_s0_F1EIM_s2.npz,0.417534,0.5028778039850295,3,True,35.66791322607903,40.4893809893165,34.44649378400001,37.93877881376468,21.92037580921062,646,"[646, 660, 636, 674, 282]",0.012873264515508073,0.28859033259997413,0.17130620985010706,0.2955032119914347,42.73601770401001,9.5367431640625e-07,1254.466946363449,work/runs/C_F1EIM_Region7_s0_r2/converge/th_0.417534/ml-ap-0.417534_6_lru_366.475GB/full_0_0.1_cache_perf.txt.lzma,,2026-10-03T03:45:13,1583,1583,0.4945054945054945,22.353502978503005,28.904849779849823,0,0.8545758449154891
C_F1EIM_Region7_s0.1_r2,confirm,C,F1EIM,Region7_s0.1,2,meta+block+chunk,,,Region7,0.1,C_F1EIM_Region7_s0.1_r2,labels/Region7_s0.1_F1EIM_s2.npz,0.406775,0.4301962754689157,3,True,35.783422204895935,37.7686803937199,33.255290080298984,35.83981481482081,21.72734823737491,621,"[621, 647, 616, 299, 661]",0.0061430132329731695,0.28235151417135,0.0774818401937046,0.2784503631961259,39.751351833343506,1.9073486328125e-06,1305.678858757019,work/runs/C_F1EIM_Region7_s0.1_r2/converge/th_0.406775/ml-ap-0.406775_6_lru_366.475GB/full_0.1_0.1_cache_perf.txt.lzma,,2026-10-03T03:47:08,1137,1137,0.373291682936353,22.03320059570062,27.310266122766112,0,0.8456061295678353
C_F1EIM_Region7_s0.3_r2,confirm,C,F1EIM,Region7_s0.3,2,meta+block+chunk,,,Region7,0.3,C_F1EIM_Region7_s0.3_r2,labels/Region7_s0.3_F1EIM_s2.npz,0.360803,0.40128282690420747,3,True,35.92278089182632,44.12090455848745,31.978867521333,37.895023957525424,21.725816761705495,362,"[362, 636, 622, 635, 252]",0.0059059009587822476,0.2686512132962193,0.2465331278890601,0.12480739599383667,34.66710591316223,1.9073486328125e-06,1152.1417553424835,work/runs/C_F1EIM_Region7_s0.3_r2/converge/th_0.360803/ml-ap-0.360803_6_lru_366.475GB/full_0.3_0.1_cache_perf.txt.lzma,,2026-10-03T03:47:19,886,886,0.2573757763975155,22.239737114737096,31.676443926443902,0,0.8257651927970473
C_F1EIM_Region6_s0.2_r1,screen,C,F1EIM,Region6_s0.2,1,meta+block+chunk,,,Region6,0.2,C_F1EIM_Region6_s0.2_r1,labels/Region6_s0.2_F1EIM_s1.npz,0.404937,0.39492953987792134,3,True,35.58309589100686,36.15109427604929,32.61115449366925,35.2325822325816,22.533169852693586,457,"[457, 788, 153, 814, 312]",0.001285813194421549,0.3026272031925507,0.39766081871345027,0.2543859649122807,34.2452073097229,4.76837158203125e-06,1560.88298869133,work/runs/C_F1EIM_Region6_s0.2_r1/converge/th_0.404937/ml-ap-0.404937_6_lru_366.475GB/full_0.2_0.1_cache_perf.txt.lzma,,2026-10-03T03:47:29,614,614,0.2862241256245539,22.72272403522404,30.957362082362117,0,0.8439206349619188
C_F1EIM_Region6_s0_r3,confirm,C,F1EIM,Region6_s0,3,meta+block+chunk,,,Region6,0.0,C_F1EIM_Region6_s0_r3,labels/Region6_s0_F1EIM_s3.npz,0.514917,0.5149172977544367,1,True,35.89355749795869,43.31868363115105,34.74414400412513,38.91781921782154,22.045598373329355,712,"[712, 816, 152, 807, 817]",0.00048781308348332184,0.3125046792722796,0.48859934853420195,0.16938110749185667,28.228804349899292,1.1920928955078125e-06,442.7968192100525,work/runs/C_F1EIM_Region6_s0_r3/converge/th_0.514917/ml-ap-0.514917_6_lru_366.475GB/full_0_0.1_cache_perf.txt.lzma,,2026-10-03T03:47:49,705,705,0.3581173260572988,20.379888629888512,25.926783864283887,0,0.8958171537897032
C_F1EIM_Region7_s0.2_r2,confirm,C,F1EIM,Region7_s0.2,2,meta+block+chunk,,,Region7,0.2,C_F1EIM_Region7_s0.2_r2,labels/Region7_s0.2_F1EIM_s2.npz,0.414609,0.35380197735503316,3,True,35.486767936527585,37.01963545714509,33.78190235689452,35.655328930322284,21.72713952658478,657,"[657, 613, 660, 296, 295]",0.027687044933543965,0.304599172059654,0.1259259259259259,0.291358024691358,52.86748480796814,3.337860107421875e-06,1355.622050523758,work/runs/C_F1EIM_Region7_s0.2_r2/converge/th_0.414609/ml-ap-0.414609_6_lru_366.475GB/full_0.2_0.1_cache_perf.txt.lzma,,2026-10-03T03:48:08,1727,1727,0.5053418803418803,21.80468142968144,28.05181623931616,0,0.8435063711903541
C_F1EIM_Region6_s0.3_r2,confirm,C,F1EIM,Region6_s0.3,2,meta+block+chunk,,,Region6,0.3,C_F1EIM_Region6_s0.3_r2,labels/Region6_s0.3_F1EIM_s2.npz,0.517949,0.5292448992840946,2,True,35.480732062804655,37.04914529916753,32.57624449626286,35.91536195286919,21.118105828048947,775,"[775, 815, 777, 264, 807]",0.0023514872727896877,0.34788014013016794,0.0547945205479452,0.23013698630136986,33.43663716316223,9.5367431640625e-07,1093.0260410308838,work/runs/C_F1EIM_Region6_s0.3_r2/converge/th_0.517949/ml-ap-0.517949_6_lru_366.475GB/full_0.3_0.1_cache_perf.txt.lzma,,2026-10-03T03:53:08,665,665,0.3792307692307692,19.983990546490546,25.20313714063721,0,0.9135238203604266
C_F1EIM_Region7_s0.3_r3,confirm,C,F1EIM,Region7_s0.3,3,meta+block+chunk,,,Region7,0.3,C_F1EIM_Region7_s0.3_r3,labels/Region7_s0.3_F1EIM_s3.npz,0.344508,0.35334480041638017,2,True,35.88199615159374,42.497248122320684,31.921903651871933,37.21439717689875,21.699747212848624,362,"[362, 636, 252, 635, 622]",0.007017890679055056,0.2742021093404968,0.2465331278890601,0.2295839753466872,43.787036418914795,2.384185791015625e-06,870.4772861003876,work/runs/C_F1EIM_Region7_s0.3_r3/converge/th_0.344508/ml-ap-0.344508_6_lru_366.475GB/full_0.3_0.1_cache_perf.txt.lzma,,2026-10-03T03:53:16,859,859,0.24544397053121364,22.346218596218577,31.676443926443902,0,0.8239085333770302
C_F1EIM_Region6_s0.1_r2,confirm,C,F1EIM,Region6_s0.1,2,meta+block+chunk,,,Region6,0.1,C_F1EIM_Region6_s0.1_r2,labels/Region6_s0.1_F1EIM_s2.npz,0.400037,0.3682911270298064,3,True,35.4723059728213,39.946241258771,32.38409738409872,37.57289886040298,20.515863727906506,280,"[280, 284, 219, 283, 808]",0.004064021770266399,0.3761144336888834,0.3933333333333333,0.24444444444444444,31.915648698806763,4.291534423828125e-06,1617.3228418827057,work/runs/C_F1EIM_Region6_s0.1_r2/converge/th_0.400037/ml-ap-0.400037_6_lru_366.475GB/full_0.1_0.1_cache_perf.txt.lzma,,2026-10-03T03:55:19,565,565,0.2863670982482864,21.385246697746744,27.090504403004452,0,0.8802821384893212
C_F1EIM_Region7_s0.2_r3,confirm,C,F1EIM,Region7_s0.2,3,meta+block+chunk,,,Region7,0.2,C_F1EIM_Region7_s0.2_r3,labels/Region7_s0.2_F1EIM_s3.npz,0.432562,0.41090398048982024,2,True,35.25838370892639,37.308339808324334,33.97873219373112,36.16522921522236,21.77300893170071,613,"[613, 657, 660, 296, 620]",0.01975270515850863,0.300544783122692,0.05955334987593052,0.2506203473945409,52.516398906707764,1.430511474609375e-06,1008.9536588191986,work/runs/C_F1EIM_Region7_s0.2_r3/converge/th_0.432562/ml-ap-0.432562_6_lru_366.475GB/full_0.2_0.1_cache_perf.txt.lzma,,2026-10-03T03:55:21,1724,1724,0.5042735042735043,21.80468142968144,28.05181623931616,0,0.8416922906862608
C_F1EIM_Region7_s0_r3,confirm,C,F1EIM,Region7_s0,3,meta+block+chunk,,,Region7,0.0,C_F1EIM_Region7_s0_r3,labels/Region7_s0_F1EIM_s3.npz,0.425378,0.41680095391348004,3,True,35.351044516393515,40.64873089866851,34.82524410773967,38.083048433034286,22.055760072378213,646,"[646, 660, 636, 674, 282]",0.010803917322360981,0.2771248544066261,0.17130620985010706,0.2890792291220557,47.79302930831909,0.00014257431030273438,1270.4895339012146,work/runs/C_F1EIM_Region7_s0_r3/converge/th_0.425378/ml-ap-0.425378_6_lru_366.475GB/full_0_0.1_cache_perf.txt.lzma,,2026-10-03T03:56:24,1579,1579,0.4935557240333586,22.372507122507084,28.904849779849823,0,0.8522241157728478
C_F1EIM_Region6_s0.3_r3,confirm,C,F1EIM,Region6_s0.3,3,meta+block+chunk,,,Region6,0.3,C_F1EIM_Region6_s0.3_r3,labels/Region6_s0.3_F1EIM_s3.npz,0.523534,0.5235343924723566,1,True,35.586990607414,36.79585923337241,33.387546458190286,35.67837024087782,21.156839837366924,815,"[815, 775, 777, 264, 807]",0.0030037246185269733,0.3475796259627774,0.04419889502762431,0.36187845303867405,32.343790769577026,1.9073486328125e-06,899.047385931015,work/runs/C_F1EIM_Region6_s0.3_r3/converge/th_0.523534/ml-ap-0.523534_6_lru_366.475GB/full_0.3_0.1_cache_perf.txt.lzma,,2026-10-03T04:00:12,689,689,0.3976923076923077,19.987406112406127,25.20313714063721,0,0.9171256955791134
C_F1EIM_Region6_s0.2_r3,confirm,C,F1EIM,Region6_s0.2,3,meta+block+chunk,,,Region6,0.2,C_F1EIM_Region6_s0.2_r3,labels/Region6_s0.2_F1EIM_s3.npz,0.414296,0.420863043051213,2,True,35.72070926518641,36.09848484843833,32.55445286194652,35.13542799790986,22.579673208765882,457,"[457, 788, 153, 814, 453]",0.0008572087962810326,0.29777186564682406,0.39766081871345027,0.2149122807017544,28.211320161819458,1.6689300537109375e-06,1091.2559015750885,work/runs/C_F1EIM_Region6_s0.2_r3/converge/th_0.414296/ml-ap-0.414296_6_lru_366.475GB/full_0.2_0.1_cache_perf.txt.lzma,,2026-10-03T04:00:51,629,629,0.2886524822695035,22.70248963998965,30.957362082362117,0,0.8386291102232384
C_F1EIM_Region7_s0_r1,screen,C,F1EIM,Region7_s0,1,meta+block+chunk,,,Region7,0.0,C_F1EIM_Region7_s0_r1,labels/Region7_s0_F1EIM_s1.npz,0.438059,0.43041451135650277,7,True,35.24834977285847,40.905950530882535,35.07000259000182,38.3637237762175,22.33788158889035,646,"[646, 660, 636, 282, 592]",0.0036333886763396618,0.2438001488287822,0.17130620985010706,0.26124197002141325,41.42771506309509,1.9073486328125e-06,2726.8184452056885,work/runs/C_F1EIM_Region7_s0_r1/converge/th_0.438059/ml-ap-0.438059_6_lru_366.475GB/full_0_0.1_cache_perf.txt.lzma,,2026-10-03T04:01:23,1058,1058,0.3282828282828283,22.311026936026977,28.904849779849823,0,0.840024628683306
Ea-1.0_F1PT_Region6_s0.3_r1,screen,Ea-1.0,F1PT,Region6_s0.3,1,meta+block+chunk+load,,-1.0,Region6,0.3,D_F1PT_Region6_s0.3_r1,labels/Region6_s0.3_F1PT_s1.npz,0.929291,0.9292907170020044,1,True,35.72232383253653,35.90884809635865,32.84883061383128,34.910389147895806,21.299766238582727,815,"[815, 775, 264, 808, 777]",0.003999244777810199,0.34329832823557016,0.04419889502762431,0.4558011049723757,59.789145708084106,59.748302936553955,430.329962015152,work/runs/Ea-1.0_F1PT_Region6_s0.3_r1/converge/th_0.929291/ml-ap-0.929291_6_lru_366.475GB/full_0.3_0.1_cache_perf.txt.lzma,,2026-10-03T04:02:29,873,873,0.49551569506726456,19.897743460243472,25.20313714063721,0,0.925608808616284
C_F1EIM_Region7_s0.1_r3,confirm,C,F1EIM,Region7_s0.1,3,meta+block+chunk,,,Region7,0.1,C_F1EIM_Region7_s0.1_r3,labels/Region7_s0.1_F1EIM_s3.npz,0.423804,0.4344130656681955,4,True,35.56695985637776,37.17998899252995,33.31272792024189,36.08304843307863,21.692091618369496,621,"[621, 386, 616, 647, 299]",0.00849823965035814,0.2777948489871831,0.0774818401937046,0.29539951573849876,39.1837317943573,9.5367431640625e-07,1648.1099393367767,work/runs/C_F1EIM_Region7_s0.1_r3/converge/th_0.423804/ml-ap-0.423804_6_lru_366.475GB/full_0.1_0.1_cache_perf.txt.lzma,,2026-10-03T04:03:52,1136,1136,0.3707602339181287,22.022176897176895,27.310266122766112,0,0.8429836415359849
C_F1EIM_Region6_s0.1_r3,confirm,C,F1EIM,Region6_s0.1,3,meta+block+chunk,,,Region6,0.1,C_F1EIM_Region6_s0.1_r3,labels/Region6_s0.1_F1EIM_s3.npz,0.416795,0.40149314096197486,3,True,35.40956273821514,35.36292411289171,30.587118622119423,33.73781080031475,20.466784431317873,283,"[283, 808, 817, 280, 150]",0.0023632197078201087,0.37974803214337094,0.06060606060606061,0.38484848484848483,30.72392749786377,4.267692565917969e-05,1404.8768079280853,work/runs/C_F1EIM_Region6_s0.1_r3/converge/th_0.416795/ml-ap-0.416795_6_lru_366.475GB/full_0.1_0.1_cache_perf.txt.lzma,,2026-10-03T04:04:17,538,538,0.26100151745068284,21.385246697746744,27.090504403004452,0,0.8724158421672078
Ea-1.0_F1PT_Region6_s0.1_r1,screen,Ea-1.0,F1PT,Region6_s0.1,1,meta+block+chunk+load,,-1.0,Region6,0.1,D_F1PT_Region6_s0.1_r1,labels/Region6_s0.1_F1PT_s1.npz,0.788991,0.7722805230878294,2,True,35.564538527692356,34.60173853920668,30.46931753433228,33.76234459984807,20.614088779090565,283,"[283, 280, 808, 817, 150]",0.0030972500716127185,0.35679141747333376,0.06060606060606061,0.4212121212121212,56.168339014053345,1.430511474609375e-06,770.4387085437775,work/runs/Ea-1.0_F1PT_Region6_s0.1_r1/converge/th_0.788991/ml-ap-0.788991_6_lru_366.475GB/full_0.1_0.1_cache_perf.txt.lzma,,2026-10-03T04:05:59,563,563,0.27996965098634297,21.385246697746744,27.090504403004452,0,0.8799595009283856
Ea-1.0_F1PT_Region7_s0_r1,screen,Ea-1.0,F1PT,Region7_s0,1,meta+block+chunk+load,,-1.0,Region7,0.0,D_F1PT_Region7_s0_r1,labels/Region7_s0_F1PT_s1.npz,0.775452,0.6604379578493536,3,True,35.32218122798651,39.90904234650037,33.459345376863304,36.70456811705788,22.204953767072837,646,"[646, 613, 660, 674, 592]",0.017625544406747035,0.24179015141710883,0.17130620985010706,0.43897216274089934,60.81318259239197,63.13601112365723,1191.1305735111237,work/runs/Ea-1.0_F1PT_Region7_s0_r1/converge/th_0.775452/ml-ap-0.775452_6_lru_366.475GB/full_0_0.1_cache_perf.txt.lzma,,2026-10-03T04:06:59,1493,1493,0.46539923954372625,22.14395558145561,28.904849779849823,0,0.8512404154815807
Ea-1.0_F1PT_Region7_s0.1_r1,screen,Ea-1.0,F1PT,Region7_s0.1,1,meta+block+chunk+load,,-1.0,Region7,0.1,D_F1PT_Region7_s0.1_r1,labels/Region7_s0.1_F1PT_s1.npz,0.799307,0.6778283934108913,3,True,35.50484457375949,36.33190883203321,31.57928451180098,34.519557757104636,21.794771424670568,386,"[386, 621, 315, 616, 647]",0.033385941483549834,0.2510694214207739,0.3586744639376218,0.18908382066276802,61.74394655227661,104.48285245895386,1264.45907664299,work/runs/Ea-1.0_F1PT_Region7_s0.1_r1/converge/th_0.799307/ml-ap-0.799307_6_lru_366.475GB/full_0.1_0.1_cache_perf.txt.lzma,,2026-10-03T04:08:23,1527,1527,0.49407265774378584,21.83843240093241,27.310266122766112,0,0.8580588664421159
Ea-1.0_F1PT_Region6_s0_r1,screen,Ea-1.0,F1PT,Region6_s0,1,meta+block+chunk+load,,-1.0,Region6,0.0,D_F1PT_Region6_s0_r1,labels/Region6_s0_F1PT_s1.npz,0.895644,0.9320814707316458,3,True,35.716407097059175,39.20159932659493,34.19541569539774,37.891647241645344,22.154045091389012,152,"[152, 816, 712, 176, 806]",0.00417164292082289,0.3084409912570397,0.042134831460674156,0.44662921348314605,78.37374711036682,1.1920928955078125e-06,1262.5561990737915,work/runs/Ea-1.0_F1PT_Region6_s0_r1/converge/th_0.895644/ml-ap-0.895644_6_lru_366.475GB/full_0_0.1_cache_perf.txt.lzma,,2026-10-03T04:09:11,915,915,0.46148738379814075,20.283087283087383,25.926783864283887,0,0.9037671063825657
Ea-1.0_F1PT_Region7_s0.2_r1,screen,Ea-1.0,F1PT,Region7_s0.2,1,meta+block+chunk+load,,-1.0,Region7,0.2,D_F1PT_Region7_s0.2_r1,labels/Region7_s0.2_F1PT_s1.npz,0.667133,0.5499628069810569,3,True,35.39641813220184,37.190867003373654,32.22941271691113,34.76367845117247,22.115059479715175,657,"[657, 613, 620, 255, 660]",0.03926785523393237,0.25365930945387627,0.1259259259259259,0.34814814814814815,115.64710736274719,41.59089016914368,1306.6110322475433,work/runs/Ea-1.0_F1PT_Region7_s0.2_r1/converge/th_0.667133/ml-ap-0.667133_6_lru_366.475GB/full_0.2_0.1_cache_perf.txt.lzma,,2026-10-03T04:09:15,1593,1593,0.47124370956146655,21.68086311836318,28.05181623931616,0,0.8403462278166008
Ea-1.0_F1PT_Region6_s0.2_r1,screen,Ea-1.0,F1PT,Region6_s0.2,1,meta+block+chunk+load,,-1.0,Region6,0.2,D_F1PT_Region6_s0.2_r1,labels/Region6_s0.2_F1PT_s1.npz,0.971746,0.9828855753876269,2,True,35.62262313678184,34.16159997408965,31.828364413374278,33.34577505827457,22.764393225842447,153,"[153, 788, 814, 815, 822]",0.003082654709702944,0.26970402394413034,0.04199475065616798,0.4068241469816273,79.02471685409546,1.9073486328125e-06,1026.585867881775,work/runs/Ea-1.0_F1PT_Region6_s0.2_r1/converge/th_0.971746/ml-ap-0.971746_6_lru_366.475GB/full_0.2_0.1_cache_perf.txt.lzma,,2026-10-03T04:10:23,818,818,0.383448275862069,22.62218337218338,30.957362082362117,0,0.8504267501811432
C_F1EIM_Region6_s0.3_r1,screen,C,F1EIM,Region6_s0.3,1,meta+block+chunk,,,Region6,0.3,C_F1EIM_Region6_s0.3_r1,labels/Region6_s0.3_F1EIM_s1.npz,0.498293,0.4948069010861218,7,False,34.943373399219205,36.573539886049915,32.816130698025596,35.467479279986314,21.151676855678016,815,"[815, 775, 264, 777, 807]",0.003999244777810199,0.35695319800590325,0.04419889502762431,0.4005524861878453,35.9800591468811,3.814697265625e-06,2971.4896035194397,work/runs/C_F1EIM_Region6_s0.3_r1/converge/th_0.498293/ml-ap-0.498293_6_lru_366.475GB/full_0.3_0.1_cache_perf.txt.lzma,,2026-10-03T04:11:05,702,702,0.40661029976940816,19.93198005698012,25.20313714063721,0,0.9196205808692751
Ea-1.0_F1PT_Region7_s0.3_r1,screen,Ea-1.0,F1PT,Region7_s0.3,1,meta+block+chunk+load,,-1.0,Region7,0.3,D_F1PT_Region7_s0.3_r1,labels/Region7_s0.3_F1PT_s1.npz,0.73234,0.6850488265044987,3,True,35.593156529741485,39.2542411292909,30.795581455581594,35.81665371665121,21.938798815690674,362,"[362, 252, 636, 622, 635]",0.020423544529010577,0.25197826641869964,0.2465331278890601,0.386748844375963,125.15259456634521,1.6689300537109375e-06,1609.3438937664032,work/runs/Ea-1.0_F1PT_Region7_s0.3_r1/converge/th_0.732340/ml-ap-0.73234_6_lru_366.475GB/full_0.3_0.1_cache_perf.txt.lzma,,2026-10-03T04:14:38,1214,1214,0.3537001897533207,22.183712121212103,31.676443926443902,0,0.8418664967340678
Ea-1.0_F1PT_Region6_s0.1_r3,confirm,Ea-1.0,F1PT,Region6_s0.1,3,meta+block+chunk+load,,-1.0,Region6,0.1,D_F1PT_Region6_s0.1_r3,labels/Region6_s0.1_F1PT_s3.npz,0.882862,0.8828619117848575,1,True,35.30310838350003,38.883061383091686,32.44629435382026,35.53515281017875,20.70429305833379,280,"[280, 219, 284, 808, 293]",0.004046118590661701,0.3571531331565859,0.3933333333333333,0.3022222222222222,68.95802426338196,0.0001609325408935547,467.3934135437012,work/runs/Ea-1.0_F1PT_Region6_s0.1_r3/converge/th_0.882862/ml-ap-0.882862_6_lru_366.475GB/full_0.1_0.1_cache_perf.txt.lzma,,2026-10-04T05:27:29,606,606,0.291044776119403,21.385246697746744,27.090504403004452,0,0.8755348450210243
Ea-1.0_F1PT_Region6_s0.1_r2,confirm,Ea-1.0,F1PT,Region6_s0.1,2,meta+block+chunk+load,,-1.0,Region6,0.1,D_F1PT_Region6_s0.1_r2,labels/Region6_s0.1_F1PT_s2.npz,0.931841,0.9055670364759862,2,True,35.45180984951663,39.18568699821923,32.15182595179722,35.96215358717328,20.794021048852414,280,"[280, 293, 219, 808, 150]",0.003902893153824119,0.32921059662535707,0.3933333333333333,0.2911111111111111,62.697426080703735,3.0994415283203125e-06,897.9479994773865,work/runs/Ea-1.0_F1PT_Region6_s0.1_r2/converge/th_0.931841/ml-ap-0.931841_6_lru_366.475GB/full_0.1_0.1_cache_perf.txt.lzma,,2026-10-04T05:34:39,573,573,0.27978883861236803,21.385246697746744,27.090504403004452,0,0.8809399891886385
Ea-1.0_F1PT_Region6_s0_r3,confirm,Ea-1.0,F1PT,Region6_s0,3,meta+block+chunk+load,,-1.0,Region6,0.0,D_F1PT_Region6_s0_r3,labels/Region6_s0_F1PT_s3.npz,0.94146,0.8870722143910825,2,True,35.26129579557471,39.12344599844175,33.88014827767641,37.34845894844078,22.11926903096834,152,"[152, 712, 816, 176, 320]",0.0038688623862470355,0.3123798986781576,0.042134831460674156,0.449438202247191,53.69377064704895,3.5762786865234375e-06,928.6803023815155,work/runs/Ea-1.0_F1PT_Region6_s0_r3/converge/th_0.941460/ml-ap-0.94146_6_lru_366.475GB/full_0_0.1_cache_perf.txt.lzma,,2026-10-04T05:35:10,915,915,0.4634308510638298,20.290549728049783,25.926783864283887,0,0.9029982197277594
Ea-1.0_F1PT_Region6_s0_r2,confirm,Ea-1.0,F1PT,Region6_s0,2,meta+block+chunk+load,,-1.0,Region6,0.0,D_F1PT_Region6_s0_r2,labels/Region6_s0_F1PT_s2.npz,0.946571,0.8834629454649985,2,True,35.47567497021698,39.552156177151154,34.05906889407866,37.695726495720514,22.0584702573181,152,"[152, 816, 712, 817, 176]",0.00299416306413901,0.29901173769455375,0.042134831460674156,0.4101123595505618,59.38313674926758,2.6226043701171875e-06,941.011061668396,work/runs/Ea-1.0_F1PT_Region6_s0_r2/converge/th_0.946571/ml-ap-0.946571_6_lru_366.475GB/full_0_0.1_cache_perf.txt.lzma,,2026-10-04T05:35:22,937,937,0.4810126582278481,20.286470473970518,25.926783864283887,0,0.9078769079857482
Ea-1.0_F1PT_Region6_s0.3_r2,confirm,Ea-1.0,F1PT,Region6_s0.3,2,meta+block+chunk+load,,-1.0,Region6,0.3,D_F1PT_Region6_s0.3_r2,labels/Region6_s0.3_F1PT_s2.npz,0.930628,0.9205466997809708,2,True,35.50646001750337,35.97270784772238,33.049008190879974,34.84098355350196,21.29746947322815,815,"[815, 777, 808, 775, 807]",0.005320883609962067,0.3486293672324292,0.04419889502762431,0.40607734806629836,75.41138291358948,4.5299530029296875e-06,952.9677691459656,work/runs/Ea-1.0_F1PT_Region6_s0.3_r2/converge/th_0.930628/ml-ap-0.930628_6_lru_366.475GB/full_0.3_0.1_cache_perf.txt.lzma,,2026-10-04T05:35:34,853,853,0.48389513108614235,19.904574592074667,25.20313714063721,0,0.9230585222137528
Ea-1.0_F1PT_Region7_s0.2_r3,confirm,Ea-1.0,F1PT,Region7_s0.2,3,meta+block+chunk+load,,-1.0,Region7,0.2,D_F1PT_Region7_s0.2_r3,labels/Region7_s0.2_F1PT_s3.npz,0.778968,0.7902904232032597,2,True,35.6754149816707,37.76337088837594,31.637285677280765,35.06547202796608,22.215612933360187,657,"[657, 613, 255, 620, 660]",0.031309759950588545,0.23703956482350408,0.1259259259259259,0.3851851851851852,67.90624237060547,0.0001239776611328125,962.573249578476,work/runs/Ea-1.0_F1PT_Region7_s0.2_r3/converge/th_0.778968/ml-ap-0.778968_6_lru_366.475GB/full_0.2_0.1_cache_perf.txt.lzma,,2026-10-04T05:35:44,1610,1610,0.4725904693658187,21.68769425019431,28.05181623931616,0,0.8424972662401031
Ea-1.0_F1PT_Region6_s0.2_r3,confirm,Ea-1.0,F1PT,Region6_s0.2,3,meta+block+chunk+load,,-1.0,Region6,0.2,D_F1PT_Region6_s0.2_r3,labels/Region6_s0.2_F1PT_s3.npz,0.954684,0.9756141542457044,2,True,35.631406969176275,34.140734265724966,31.824503366977584,33.5356740481821,22.716385645302616,153,"[153, 814, 788, 815, 803]",0.001401206686228611,0.2806617891586299,0.04199475065616798,0.4199475065616798,74.61874580383301,4.5299530029296875e-06,984.9650557041168,work/runs/Ea-1.0_F1PT_Region6_s0.2_r3/converge/th_0.954684/ml-ap-0.954684_6_lru_366.475GB/full_0.2_0.1_cache_perf.txt.lzma,,2026-10-04T05:36:06,819,819,0.3812801101169993,22.62720150220155,30.957362082362117,0,0.8480631984164713
Ea-1.0_F1PT_Region6_s0.2_r2,confirm,Ea-1.0,F1PT,Region6_s0.2,2,meta+block+chunk+load,,-1.0,Region6,0.2,D_F1PT_Region6_s0.2_r2,labels/Region6_s0.2_F1PT_s2.npz,0.974662,0.9997733240015805,2,True,35.801018589935566,34.39950789951523,32.08998769749593,33.80185185184288,22.85639380699896,788,"[788, 153, 457, 814, 822]",0.0025221720352115,0.2898237445959428,0.02631578947368421,0.5526315789473685,23.87170910835266,0.00010037422180175781,991.5772099494934,work/runs/Ea-1.0_F1PT_Region6_s0.2_r2/converge/th_0.974662/ml-ap-0.974662_6_lru_366.475GB/full_0.2_0.1_cache_perf.txt.lzma,,2026-10-04T05:36:13,832,832,0.39792387543252594,22.62218337218338,30.957362082362117,0,0.8501575237336074
Ea-1.0_F1PT_Region7_s0.1_r2,confirm,Ea-1.0,F1PT,Region7_s0.1,2,meta+block+chunk+load,,-1.0,Region7,0.1,D_F1PT_Region7_s0.1_r2,labels/Region7_s0.1_F1PT_s2.npz,0.743598,0.8177736015059054,3,True,35.51781140043401,34.37716912721153,31.175912975928377,33.39175731678644,21.754969017121827,621,"[621, 299, 616, 647, 386]",0.04048804176277771,0.24833623094650872,0.0774818401937046,0.559322033898305,33.511693477630615,2.6226043701171875e-06,1308.0906856060028,work/runs/Ea-1.0_F1PT_Region7_s0.1_r2/converge/th_0.743598/ml-ap-0.743598_6_lru_366.475GB/full_0.1_0.1_cache_perf.txt.lzma,,2026-10-04T05:41:29,1557,1557,0.49638920562523753,21.860042735042764,27.310266122766112,0,0.8616832255442333
Ea-1.0_F1PT_Region7_s0.3_r2,confirm,Ea-1.0,F1PT,Region7_s0.3,2,meta+block+chunk+load,,-1.0,Region7,0.3,D_F1PT_Region7_s0.3_r2,labels/Region7_s0.3_F1PT_s2.npz,0.648076,0.6899054772220552,3,True,35.617627373881035,39.35983229738609,30.7514044289021,35.82231934732027,21.80555631462975,362,"[362, 252, 636, 635, 622]",0.02288227735494712,0.26769905229592356,0.2465331278890601,0.514637904468413,43.27584195137024,2.86102294921875e-06,1314.7838442325592,work/runs/Ea-1.0_F1PT_Region7_s0.3_r2/converge/th_0.648076/ml-ap-0.648076_6_lru_366.475GB/full_0.3_0.1_cache_perf.txt.lzma,,2026-10-04T05:41:36,1245,1245,0.37066666666666664,22.183712121212103,31.676443926443902,0,0.8352140562233947
Ea-1.0_F1PT_Region7_s0_r3,confirm,Ea-1.0,F1PT,Region7_s0,3,meta+block+chunk+load,,-1.0,Region7,0.0,D_F1PT_Region7_s0_r3,labels/Region7_s0_F1PT_s3.npz,0.756234,0.7949822819791734,3,True,35.45102025449891,39.79383579376696,33.31007575758173,36.94168609167551,22.301812956252924,646,"[646, 613, 674, 660, 592]",0.018985057388291343,0.24236848065225833,0.17130620985010706,0.4089935760171306,103.0640983581543,3.0994415283203125e-06,1330.0379705429077,work/runs/Ea-1.0_F1PT_Region7_s0_r3/converge/th_0.756234/ml-ap-0.756234_6_lru_366.475GB/full_0_0.1_cache_perf.txt.lzma,,2026-10-04T05:41:51,1491,1491,0.4679878048780488,22.136039886039896,28.904849779849823,0,0.8499374919711081
Ea-1.0_F1PT_Region7_s0_r2,confirm,Ea-1.0,F1PT,Region7_s0,2,meta+block+chunk+load,,-1.0,Region7,0.0,D_F1PT_Region7_s0_r2,labels/Region7_s0_F1PT_s2.npz,0.744777,0.788632754702121,3,True,35.56103539726761,40.006167443611616,34.00639989641293,36.83289303289206,22.243784601038435,646,"[646, 613, 660, 592, 620]",0.02182439423470247,0.2474925585608904,0.17130620985010706,0.41755888650963596,22.4679434299469,2.0742416381835938e-05,1358.5169672966003,work/runs/Ea-1.0_F1PT_Region7_s0_r2/converge/th_0.744777/ml-ap-0.744777_6_lru_366.475GB/full_0_0.1_cache_perf.txt.lzma,,2026-10-04T05:42:20,1450,1450,0.4568042813455658,22.136039886039896,28.904849779849823,0,0.8495720393587782
Ea-1.0_F1PT_Region7_s0.3_r3,confirm,Ea-1.0,F1PT,Region7_s0.3,3,meta+block+chunk+load,,-1.0,Region7,0.3,D_F1PT_Region7_s0.3_r3,labels/Region7_s0.3_F1PT_s3.npz,0.698641,0.7434367774985731,3,True,35.58604534426504,36.16700660448394,30.60919580419354,35.110712898207375,21.879999892956004,252,"[252, 362, 636, 635, 622]",0.024673816348719978,0.25850158220796005,0.08616187989556136,0.206266318537859,85.76626896858215,3.0994415283203125e-06,1374.078623533249,work/runs/Ea-1.0_F1PT_Region7_s0.3_r3/converge/th_0.698641/ml-ap-0.698641_6_lru_366.475GB/full_0.3_0.1_cache_perf.txt.lzma,,2026-10-04T05:42:35,1262,1262,0.36312217194570134,22.239737114737096,31.676443926443902,0,0.8347322722666695
Ea-1.0_F1PT_Region7_s0.1_r3,confirm,Ea-1.0,F1PT,Region7_s0.1,3,meta+block+chunk+load,,-1.0,Region7,0.1,D_F1PT_Region7_s0.1_r3,labels/Region7_s0.1_F1PT_s3.npz,0.773924,0.8266150453127921,3,True,35.58159982197802,34.57748964010282,31.69051864803688,33.821908184441966,21.797000956135147,386,"[386, 621, 647, 299, 616]",0.02982882117275707,0.2552985889297699,0.3586744639376218,0.2807017543859649,90.16138243675232,9.5367431640625e-07,1413.1358320713043,work/runs/Ea-1.0_F1PT_Region7_s0.1_r3/converge/th_0.773924/ml-ap-0.773924_6_lru_366.475GB/full_0.1_0.1_cache_perf.txt.lzma,,2026-10-04T05:43:14,1523,1523,0.4936854190585534,21.863344988344995,27.310266122766112,0,0.8599269516785246
Ea-0.5_F1PT_Region6_s0.3_r2,confirm,Ea-0.5,F1PT,Region6_s0.3,2,meta+block+chunk+load,,-0.5,Region6,0.3,D_F1PT_Region6_s0.3_r2,labels/Region6_s0.3_F1PT_s2.npz,0.733991,0.733990743290633,1,True,35.67400547859016,36.383967883980226,33.322989186725145,35.19518583270248,21.288148693807653,815,"[815, 775, 808, 777, 794]",0.004016408918487496,0.35713432983282356,0.04419889502762431,0.3729281767955801,75.41138291358948,4.5299530029296875e-06,466.16112518310547,work/runs/Ea-0.5_F1PT_Region6_s0.3_r2/converge/th_0.733991/ml-ap-0.733991_6_lru_366.475GB/full_0.3_0.1_cache_perf.txt.lzma,,2026-10-04T05:43:59,853,853,0.48389513108614235,19.904574592074667,25.20313714063721,0,0.9230585222137528
Ea-0.5_F1PT_Region7_s0_r3,confirm,Ea-0.5,F1PT,Region7_s0,3,meta+block+chunk+load,,-0.5,Region7,0.0,D_F1PT_Region7_s0_r3,labels/Region7_s0_F1PT_s3.npz,0.58092,0.5809196536429226,1,True,35.40270561955676,39.99807368550306,33.54305167055779,36.99748122247011,22.197501209210003,646,"[646, 674, 613, 660, 592]",0.015616352655261194,0.2534659311505112,0.17130620985010706,0.39400428265524623,103.0640983581543,3.0994415283203125e-06,431.10814142227173,work/runs/Ea-0.5_F1PT_Region7_s0_r3/converge/th_0.580920/ml-ap-0.58092_6_lru_366.475GB/full_0_0.1_cache_perf.txt.lzma,,2026-10-04T05:48:40,1491,1491,0.4679878048780488,22.136039886039896,28.904849779849823,0,0.8499374919711081
Ea-0.5_F1PT_Region7_s0_r2,confirm,Ea-0.5,F1PT,Region7_s0,2,meta+block+chunk+load,,-0.5,Region7,0.0,D_F1PT_Region7_s0_r2,labels/Region7_s0_F1PT_s2.npz,0.571521,0.5812537712045014,3,True,35.68736457261418,40.17335211079432,34.41249158250318,36.93133255633087,22.154250784804827,646,"[646, 660, 613, 592, 620]",0.02001973098486489,0.25735650964151674,0.17130620985010706,0.39828693790149894,22.4679434299469,2.0742416381835938e-05,1350.5497789382935,work/runs/Ea-0.5_F1PT_Region7_s0_r2/converge/th_0.571521/ml-ap-0.571521_6_lru_366.475GB/full_0_0.1_cache_perf.txt.lzma,,2026-10-04T05:49:59,1450,1450,0.4568042813455658,22.136039886039896,28.904849779849823,0,0.8495720393587782
Ea-0.5_F1PT_Region7_s0.2_r2,confirm,Ea-0.5,F1PT,Region7_s0.2,2,meta+block+chunk+load,,-0.5,Region7,0.2,D_F1PT_Region7_s0.2_r2,labels/Region7_s0.2_F1PT_s2.npz,0.540314,0.5458503332920372,2,True,35.676669840064115,37.36488280239419,31.853545713543102,34.77969437968837,22.085170663850732,657,"[657, 613, 620, 255, 295]",0.03910156667577294,0.26099214716050584,0.1259259259259259,0.39012345679012345,26.64325213432312,3.5762786865234375e-06,901.3438534736633,work/runs/Ea-0.5_F1PT_Region7_s0.2_r2/converge/th_0.540314/ml-ap-0.540314_6_lru_366.475GB/full_0.2_0.1_cache_perf.txt.lzma,,2026-10-04T05:50:11,1600,1600,0.47217235188509876,21.68769425019431,28.05181623931616,0,0.840929990423584
Ea-0.5_F1PT_Region6_s0.1_r2,confirm,Ea-0.5,F1PT,Region6_s0.1,2,meta+block+chunk+load,,-0.5,Region6,0.1,D_F1PT_Region6_s0.1_r2,labels/Region6_s0.1_F1PT_s2.npz,0.720533,0.696674422826618,2,True,35.52814745162078,39.718353405884564,32.492423594909155,35.853441465947505,20.702904974075935,280,"[280, 219, 284, 283, 808]",0.0021841879117731307,0.3504367305834721,0.3933333333333333,0.28,62.697426080703735,3.0994415283203125e-06,878.8827133178711,work/runs/Ea-0.5_F1PT_Region6_s0.1_r2/converge/th_0.720533/ml-ap-0.720533_6_lru_366.475GB/full_0.1_0.1_cache_perf.txt.lzma,,2026-10-04T05:50:23,573,573,0.27978883861236803,21.385246697746744,27.090504403004452,0,0.8809399891886385
Ea-0.5_F1PT_Region6_s0.2_r2,confirm,Ea-0.5,F1PT,Region6_s0.2,2,meta+block+chunk+load,,-0.5,Region6,0.2,D_F1PT_Region6_s0.2_r2,labels/Region6_s0.2_F1PT_s2.npz,0.74985,0.7723971433006227,2,True,35.86564249969466,35.89918414913713,32.1417547267605,34.27102434601602,22.81091884212201,457,"[457, 153, 788, 814, 815]",0.0022584154825096435,0.3056493182573994,0.39766081871345027,0.34210526315789475,23.87170910835266,0.00010037422180175781,970.3242747783661,work/runs/Ea-0.5_F1PT_Region6_s0.2_r2/converge/th_0.749850/ml-ap-0.74985_6_lru_366.475GB/full_0.2_0.1_cache_perf.txt.lzma,,2026-10-04T05:52:16,832,832,0.39792387543252594,22.62218337218338,30.957362082362117,0,0.8501575237336074
Ea-0.5_F1PT_Region7_s0.1_r3,confirm,Ea-0.5,F1PT,Region7_s0.1,3,meta+block+chunk+load,,-0.5,Region7,0.1,D_F1PT_Region7_s0.1_r3,labels/Region7_s0.1_F1PT_s3.npz,0.587577,0.6412116358987987,2,True,35.83800836234835,36.09592722105082,31.635749805752937,34.33299663303202,21.672332449139954,386,"[386, 647, 621, 616, 299]",0.027679980575452227,0.2714349249989892,0.3586744639376218,0.18128654970760233,90.16138243675232,9.5367431640625e-07,912.8144066333771,work/runs/Ea-0.5_F1PT_Region7_s0.1_r3/converge/th_0.587577/ml-ap-0.587577_6_lru_366.475GB/full_0.1_0.1_cache_perf.txt.lzma,,2026-10-04T05:56:49,1523,1523,0.4936854190585534,21.863344988344995,27.310266122766112,0,0.8599269516785246
Ea-0.5_F1PT_Region7_s0.3_r2,confirm,Ea-0.5,F1PT,Region7_s0.3,2,meta+block+chunk+load,,-0.5,Region7,0.3,D_F1PT_Region7_s0.3_r2,labels/Region7_s0.3_F1PT_s2.npz,0.496844,0.5211270726285875,3,True,35.547352129172594,41.59620240876851,30.938650608609095,36.30123348873629,21.709989564828255,362,"[362, 252, 636, 635, 622]",0.020065236730256005,0.2767304006774524,0.2465331278890601,0.36363636363636365,43.27584195137024,2.86102294921875e-06,1307.1081795692444,work/runs/Ea-0.5_F1PT_Region7_s0.3_r2/converge/th_0.496844/ml-ap-0.496844_6_lru_366.475GB/full_0.3_0.1_cache_perf.txt.lzma,,2026-10-04T05:57:09,1245,1245,0.37066666666666664,22.183712121212103,31.676443926443902,0,0.8352140562233947
Ea-0.5_F1PT_Region6_s0_r3,confirm,Ea-0.5,F1PT,Region6_s0,3,meta+block+chunk+load,,-0.5,Region6,0.0,D_F1PT_Region6_s0_r3,labels/Region6_s0_F1PT_s3.npz,0.715204,0.6692774896509945,2,True,35.460197839559875,40.99176055421628,34.27478114478393,37.95302706552218,22.019793574810862,712,"[712, 152, 816, 176, 806]",0.0034315127251930227,0.3309514104366489,0.48859934853420195,0.30456026058631924,53.69377064704895,3.5762786865234375e-06,893.0886359214783,work/runs/Ea-0.5_F1PT_Region6_s0_r3/converge/th_0.715204/ml-ap-0.715204_6_lru_366.475GB/full_0_0.1_cache_perf.txt.lzma,,2026-10-04T05:57:28,915,915,0.4634308510638298,20.290549728049783,25.926783864283887,0,0.9029982197277594
Ea-0.5_F1PT_Region7_s0.2_r3,confirm,Ea-0.5,F1PT,Region7_s0.2,3,meta+block+chunk+load,,-0.5,Region7,0.2,D_F1PT_Region7_s0.2_r3,labels/Region7_s0.2_F1PT_s3.npz,0.601474,0.5884842681698501,2,True,35.37885011469405,37.618314555817065,31.67978826728573,35.016478891471756,22.156881417492325,657,"[657, 613, 620, 255, 660]",0.02832844365787317,0.24817897811523726,0.1259259259259259,0.35555555555555557,67.90624237060547,0.0001239776611328125,939.2546269893646,work/runs/Ea-0.5_F1PT_Region7_s0.2_r3/converge/th_0.601474/ml-ap-0.601474_6_lru_366.475GB/full_0.2_0.1_cache_perf.txt.lzma,,2026-10-04T05:57:30,1610,1610,0.4725904693658187,21.68769425019431,28.05181623931616,0,0.8424972662401031
Ea-0.5_F1PT_Region6_s0.1_r3,confirm,Ea-0.5,F1PT,Region6_s0.1,3,meta+block+chunk+load,,-0.5,Region6,0.1,D_F1PT_Region6_s0.1_r3,labels/Region6_s0.1_F1PT_s3.npz,0.670499,0.6862363782711327,2,True,35.94246194413677,39.36716524219614,32.416967754480496,36.26521302771898,20.607922493030483,280,"[280, 284, 219, 283, 808]",0.0031688627900315096,0.37651725342705056,0.3933333333333333,0.2866666666666667,68.95802426338196,0.0001609325408935547,871.004777431488,work/runs/Ea-0.5_F1PT_Region6_s0.1_r3/converge/th_0.670499/ml-ap-0.670499_6_lru_366.475GB/full_0.1_0.1_cache_perf.txt.lzma,,2026-10-04T05:57:45,606,606,0.291044776119403,21.385246697746744,27.090504403004452,0,0.8755348450210243
Ea-1.0_F1PT_Region6_s0.3_r3,confirm,Ea-1.0,F1PT,Region6_s0.3,3,meta+block+chunk+load,,-1.0,Region6,0.3,D_F1PT_Region6_s0.3_r3,labels/Region6_s0.3_F1PT_s3.npz,0.935508,0.9052878939546645,2,True,35.27616344739533,35.60771173273578,32.72209450272593,34.70644910646738,21.304546875698712,775,"[775, 815, 808, 777, 807]",0.004634317982870188,0.3448544152941128,0.0547945205479452,0.3232876712328767,78.60957384109497,2.384185791015625e-06,2318.5287828445435,work/runs/Ea-1.0_F1PT_Region6_s0.3_r3/converge/th_0.935508/ml-ap-0.935508_6_lru_366.475GB/full_0.3_0.1_cache_perf.txt.lzma,,2026-10-04T05:58:20,846,846,0.4842105263157895,19.897743460243472,25.20313714063721,0,0.9229201996789801
Ea-0.5_F1PT_Region6_s0_r2,confirm,Ea-0.5,F1PT,Region6_s0,2,meta+block+chunk+load,,-0.5,Region6,0.0,D_F1PT_Region6_s0_r2,labels/Region6_s0_F1PT_s2.npz,0.719754,0.668785476591438,3,True,35.45936123790273,39.711247086241606,34.26144651642881,38.30831390831058,21.942722039577273,152,"[152, 816, 712, 817, 176]",0.0029605207825194706,0.3197710692033175,0.042134831460674156,0.3848314606741573,59.38313674926758,2.6226043701171875e-06,1392.6230506896973,work/runs/Ea-0.5_F1PT_Region6_s0_r2/converge/th_0.719754/ml-ap-0.719754_6_lru_366.475GB/full_0_0.1_cache_perf.txt.lzma,,2026-10-04T05:58:47,937,937,0.4810126582278481,20.286470473970518,25.926783864283887,0,0.9078769079857482
Ea-0.5_F1PT_Region7_s0.3_r3,confirm,Ea-0.5,F1PT,Region7_s0.3,3,meta+block+chunk+load,,-0.5,Region7,0.3,D_F1PT_Region7_s0.3_r3,labels/Region7_s0.3_F1PT_s3.npz,0.52447,0.5505137671716511,3,True,35.68664770350539,36.23238798236574,30.694823232283603,35.18866550116062,21.76888811764486,252,"[252, 362, 636, 635, 622]",0.022598102204210734,0.2688456972452159,0.08616187989556136,0.206266318537859,85.76626896858215,3.0994415283203125e-06,1343.7054550647736,work/runs/Ea-0.5_F1PT_Region7_s0.3_r3/converge/th_0.524470/ml-ap-0.52447_6_lru_366.475GB/full_0.3_0.1_cache_perf.txt.lzma,,2026-10-04T06:04:43,1262,1262,0.36312217194570134,22.239737114737096,31.676443926443902,0,0.8347322722666695
Ea-0.5_F1PT_Region6_s0.3_r3,confirm,Ea-0.5,F1PT,Region6_s0.3,3,meta+block+chunk+load,,-0.5,Region6,0.3,D_F1PT_Region6_s0.3_r3,labels/Region6_s0.3_F1PT_s3.npz,0.728344,0.7156373127363622,2,True,35.64304826480633,36.30176767678381,32.95957070709863,35.10321484073688,21.22544786980987,815,"[815, 775, 796, 808, 777]",0.004617153842192891,0.3559240398984015,0.04419889502762431,0.3839779005524862,78.60957384109497,2.384185791015625e-06,993.8925566673279,work/runs/Ea-0.5_F1PT_Region6_s0.3_r3/converge/th_0.728344/ml-ap-0.728344_6_lru_366.475GB/full_0.3_0.1_cache_perf.txt.lzma,,2026-10-04T06:05:14,846,846,0.4842105263157895,19.897743460243472,25.20313714063721,0,0.9229201996789801
Ea-0.5_F1PT_Region6_s0.2_r3,confirm,Ea-0.5,F1PT,Region6_s0.2,3,meta+block+chunk+load,,-0.5,Region6,0.2,D_F1PT_Region6_s0.2_r3,labels/Region6_s0.2_F1PT_s3.npz,0.735302,0.7520726970396936,3,True,35.534366535104375,36.01060282305836,32.073690753694855,34.81641090390368,22.66591473470579,457,"[457, 788, 153, 814, 815]",0.0009726022880880946,0.2954398071167276,0.39766081871345027,0.34649122807017546,74.61874580383301,4.5299530029296875e-06,1432.1564602851868,work/runs/Ea-0.5_F1PT_Region6_s0.2_r3/converge/th_0.735302/ml-ap-0.735302_6_lru_366.475GB/full_0.2_0.1_cache_perf.txt.lzma,,2026-10-04T06:07:51,819,819,0.3812801101169993,22.62720150220155,30.957362082362117,0,0.8480631984164713
Ba-1.0_baleen_Region7_s0.1_r1,control,Ba-1.0,baleen,Region7_s0.1,1,meta+block+chunk+load,,-1.0,Region7,0.1,B_baleen_Region7_s0.1_r1,,0.837761,0.72045575408265,3,True,35.50400800429662,34.895800958348964,31.112149054668873,33.606617456636016,21.077805457853763,621,"[621, 299, 647, 616, 629]",0.08867306058030837,0.3451906359923988,0.0774818401937046,0.4358353510895884,110.81605505943298,370.70896649360657,1359.5581908226013,work/runs/Ba-1.0_baleen_Region7_s0.1_r1/converge/th_0.837761/ml-ap-0.837761_6_lru_366.475GB/full_0.1_0.1_cache_perf.txt.lzma,,2026-10-04T06:12:51,,,,,,,
Ba-1.0_baleen_Region6_s0.1_r1,control,Ba-1.0,baleen,Region6_s0.1,1,meta+block+chunk+load,,-1.0,Region6,0.1,B_baleen_Region6_s0.1_r1,,1.0001,0.9999999995343387,7,False,51.86627659894859,38.13817663821392,30.734756539755015,35.264911939942984,20.10347680900132,280,"[280, 219, 284, 293, 817]",0.023399455743340018,0.42924964547752636,0.3933333333333333,0.27555555555555555,85.96489524841309,104.38955187797546,953.1822288036346,work/runs/Ba-1.0_baleen_Region6_s0.1_r1/converge/th_1.000100/ml-ap-1.0001_6_lru_366.475GB/full_0.1_0.1_cache_perf.txt.lzma,,2026-10-04T06:13:02,,,,,,,
Ba-1.0_baleen_Region6_s0_r1,control,Ba-1.0,baleen,Region6_s0,1,meta+block+chunk+load,,-1.0,Region6,0.0,B_baleen_Region6_s0_r1,,0.9999,0.9999999995343387,7,False,54.038192538851774,42.2595506345176,33.78588966591898,38.28400997151275,21.55856791377815,712,"[712, 152, 816, 776, 806]",0.017679018991067975,0.3804185972997479,0.48859934853420195,0.249185667752443,79.71825885772705,97.03247666358948,977.9314711093903,work/runs/Ba-1.0_baleen_Region6_s0_r1/converge/th_0.999900/ml-ap-0.9999_6_lru_366.475GB/full_0_0.1_cache_perf.txt.lzma,,2026-10-04T06:13:07,,,,,,,
Ba-1.0_baleen_Region7_s0_r1,control,Ba-1.0,baleen,Region7_s0,1,meta+block+chunk+load,,-1.0,Region7,0.0,B_baleen_Region7_s0_r1,,0.902874,0.8559494600631297,3,True,35.51230245379782,39.51422882667649,33.65498445999304,36.21407666406303,21.463666749851512,646,"[646, 660, 613, 281, 636]",0.07814191871796723,0.3226834476510936,0.17130620985010706,0.41113490364025695,79.61210560798645,4.5299530029296875e-06,1389.30974817276,work/runs/Ba-1.0_baleen_Region7_s0_r1/converge/th_0.902874/ml-ap-0.902874_6_lru_366.475GB/full_0_0.1_cache_perf.txt.lzma,,2026-10-04T06:13:08,,,,,,,
Ba-1.0_baleen_Region7_s0.2_r1,control,Ba-1.0,baleen,Region7_s0.2,1,meta+block+chunk+load,,-1.0,Region7,0.2,B_baleen_Region7_s0.2_r1,,0.961565,0.8806435135193169,3,True,35.74610533783297,37.00875744626349,32.10513856513751,34.92216718466436,21.50195166789944,657,"[657, 613, 620, 660, 295]",0.06651542326376929,0.3077923080360589,0.1259259259259259,0.38271604938271603,124.61757612228394,78.17474508285522,1426.6183512210846,work/runs/Ba-1.0_baleen_Region7_s0.2_r1/converge/th_0.961565/ml-ap-0.961565_6_lru_366.475GB/full_0.2_0.1_cache_perf.txt.lzma,,2026-10-04T06:14:09,,,,,,,
Ba-1.0_baleen_Region6_s0.3_r1,control,Ba-1.0,baleen,Region6_s0.3,1,meta+block+chunk+load,,-1.0,Region6,0.3,B_baleen_Region6_s0.3_r1,,1.0001,0.9999999995343387,7,False,55.314475091156446,35.865854053364885,32.20082216394662,34.33231675733716,20.709131936463123,815,"[815, 775, 807, 777, 810]",0.02157532483136232,0.4157881086955627,0.04419889502762431,0.5441988950276243,98.67040944099426,25.12748074531555,1024.7928411960602,work/runs/Ba-1.0_baleen_Region6_s0.3_r1/converge/th_1.000100/ml-ap-1.0001_6_lru_366.475GB/full_0.3_0.1_cache_perf.txt.lzma,,2026-10-04T06:14:35,,,,,,,
Ba-1.0_baleen_Region6_s0.2_r1,control,Ba-1.0,baleen,Region6_s0.2,1,meta+block+chunk+load,,-1.0,Region6,0.2,B_baleen_Region6_s0.2_r1,,0.9999,0.9999999995343387,7,False,48.03125036599302,36.017174954635166,32.08799339549648,33.59265086764177,22.00825050941498,457,"[457, 453, 788, 813, 814]",0.01615508885298869,0.35664699035583636,0.39766081871345027,0.37719298245614036,105.68980431556702,6.4373016357421875e-06,1104.1924984455109,work/runs/Ba-1.0_baleen_Region6_s0.2_r1/converge/th_0.999900/ml-ap-0.9999_6_lru_366.475GB/full_0.2_0.1_cache_perf.txt.lzma,,2026-10-04T06:15:52,,,,,,,
Ea-0.5_F1PT_Region7_s0.1_r2,confirm,Ea-0.5,F1PT,Region7_s0.1,2,meta+block+chunk+load,,-0.5,Region7,0.1,D_F1PT_Region7_s0.1_r2,labels/Region7_s0.1_F1PT_s2.npz,0.57814,0.6396189439110458,3,True,35.53809820990866,34.90452602957079,31.208873996406084,33.61360075112997,21.673540554025895,621,"[621, 299, 616, 647, 386]",0.036955202136700255,0.2613269720616181,0.0774818401937046,0.5302663438256658,33.511693477630615,2.6226043701171875e-06,2717.0193824768066,work/runs/Ea-0.5_F1PT_Region7_s0.1_r2/converge/th_0.578140/ml-ap-0.57814_6_lru_366.475GB/full_0.1_0.1_cache_perf.txt.lzma,,2026-10-04T06:19:56,1557,1557,0.49638920562523753,21.860042735042764,27.310266122766112,0,0.8616832255442333
Ea-1.0_F1PT_Region7_s0.2_r2,confirm,Ea-1.0,F1PT,Region7_s0.2,2,meta+block+chunk+load,,-1.0,Region7,0.2,D_F1PT_Region7_s0.2_r2,labels/Region7_s0.2_F1PT_s2.npz,0.697041,0.7295877267606556,2,True,35.61936464009825,37.3035483035614,31.789743589743342,34.59346348095832,22.14527703689675,657,"[657, 613, 620, 255, 295]",0.04127519568599969,0.24969835833810677,0.1259259259259259,0.4049382716049383,26.64325213432312,3.5762786865234375e-06,3670.8680436611176,work/runs/Ea-1.0_F1PT_Region7_s0.2_r2/converge/th_0.697041/ml-ap-0.697041_6_lru_366.475GB/full_0.2_0.1_cache_perf.txt.lzma,,2026-10-04T06:20:52,1600,1600,0.47217235188509876,21.68769425019431,28.05181623931616,0,0.840929990423584
Ba-1.0_baleen_Region7_s0_r2,control,Ba-1.0,baleen,Region7_s0,2,meta+block+chunk+load,,-1.0,Region7,0.0,B_baleen_Region7_s0_r2,,0.919155,0.9741722927428782,3,True,35.54053827941336,39.90993265986836,33.659864024889686,36.70267417765495,21.51704803542757,646,"[646, 660, 613, 674, 636]",0.0639211723092471,0.3138871813122816,0.17130620985010706,0.3554603854389722,133.9529640674591,138.51433086395264,1390.7332735061646,work/runs/Ba-1.0_baleen_Region7_s0_r2/converge/th_0.919155/ml-ap-0.919155_6_lru_366.475GB/full_0_0.1_cache_perf.txt.lzma,,2026-10-04T06:20:56,,,,,,,
Ba-1.0_baleen_Region6_s0_r2,control,Ba-1.0,baleen,Region6_s0,2,meta+block+chunk+load,,-1.0,Region6,0.0,B_baleen_Region6_s0_r2,,1.0001,0.9999999995343387,7,False,52.6950285783126,40.15735884482402,34.125602823116054,37.73306138306425,21.588532524413804,712,"[712, 152, 816, 776, 806]",0.01808272637050245,0.3786675096289025,0.48859934853420195,0.3534201954397394,83.19310569763184,213.77292704582214,971.4871327877045,work/runs/Ba-1.0_baleen_Region6_s0_r2/converge/th_1.000100/ml-ap-1.0001_6_lru_366.475GB/full_0_0.1_cache_perf.txt.lzma,,2026-10-04T06:21:26,,,,,,,
Ba-1.0_baleen_Region7_s0.2_r2,control,Ba-1.0,baleen,Region7_s0.2,2,meta+block+chunk+load,,-1.0,Region7,0.2,B_baleen_Region7_s0.2_r2,,0.94445,0.9999999995343387,3,True,35.73564818455453,37.21641090391745,32.27400220149854,35.20248640248163,21.56063245782232,657,"[657, 613, 620, 295, 660]",0.061491133256523854,0.3097545022811016,0.1259259259259259,0.31851851851851853,101.33960461616516,50.186769247055054,1375.5336344242096,work/runs/Ba-1.0_baleen_Region7_s0.2_r2/converge/th_0.944450/ml-ap-0.94445_6_lru_366.475GB/full_0.2_0.1_cache_perf.txt.lzma,,2026-10-04T06:21:42,,,,,,,
Ba-1.0_baleen_Region7_s0.3_r1,control,Ba-1.0,baleen,Region7_s0.3,1,meta+block+chunk+load,,-1.0,Region7,0.3,B_baleen_Region7_s0.3_r1,,0.858031,0.6722090705297887,4,True,35.56220195766753,37.850751100795264,30.37350751102175,35.23482258482191,20.95079678255883,362,"[362, 636, 252, 635, 622]",0.0890827320351883,0.35554907275725567,0.2465331278890601,0.4514637904468413,131.71693658828735,138.45530533790588,1820.648324728012,work/runs/Ba-1.0_baleen_Region7_s0.3_r1/converge/th_0.858031/ml-ap-0.858031_6_lru_366.475GB/full_0.3_0.1_cache_perf.txt.lzma,,2026-10-04T06:22:37,,,,,,,
Ba-1.0_baleen_Region7_s0.3_r2,control,Ba-1.0,baleen,Region7_s0.3,2,meta+block+chunk+load,,-1.0,Region7,0.3,B_baleen_Region7_s0.3_r2,,0.862997,0.9999999995343387,3,True,35.30996402576759,38.47155853410476,30.184077959090533,35.12823750323495,20.943025237639286,362,"[362, 252, 636, 635, 622]",0.09327122664821587,0.3580408983537744,0.2465331278890601,0.45454545454545453,116.85169434547424,2.1457672119140625e-06,1344.7904016971588,work/runs/Ba-1.0_baleen_Region7_s0.3_r2/converge/th_0.862997/ml-ap-0.862997_6_lru_366.475GB/full_0.3_0.1_cache_perf.txt.lzma,,2026-10-04T06:27:08,,,,,,,
Ba-1.0_baleen_Region6_s0.1_r2,control,Ba-1.0,baleen,Region6_s0.1,2,meta+block+chunk+load,,-1.0,Region6,0.1,B_baleen_Region6_s0.1_r2,,1.0001,0.9999999995343387,7,False,50.62730685959235,38.41804260558017,31.236039238524558,35.49316563068696,20.137367452138648,280,"[280, 219, 284, 808, 817]",0.021698653680893725,0.4257722424317159,0.3933333333333333,0.28,94.27023768424988,2.86102294921875e-06,1232.487072944641,work/runs/Ba-1.0_baleen_Region6_s0.1_r2/converge/th_1.000100/ml-ap-1.0001_6_lru_366.475GB/full_0.1_0.1_cache_perf.txt.lzma,,2026-10-04T06:28:24,,,,,,,
Ba-1.0_baleen_Region7_s0.1_r3,control,Ba-1.0,baleen,Region7_s0.1,3,meta+block+chunk+load,,-1.0,Region7,0.1,B_baleen_Region7_s0.1_r3,,0.821593,0.8679739129729569,2,True,35.74284858594664,35.28556397311098,31.369674307174577,34.38065591817323,21.09034419782488,621,"[621, 647, 299, 616, 658]",0.08583222046861722,0.3453968382323212,0.0774818401937046,0.4043583535108959,110.25876092910767,74.65692043304443,954.7002120018005,work/runs/Ba-1.0_baleen_Region7_s0.1_r3/converge/th_0.821593/ml-ap-0.821593_6_lru_366.475GB/full_0.1_0.1_cache_perf.txt.lzma,,2026-10-04T06:29:03,,,,,,,
Ba-1.0_baleen_Region7_s0_r3,control,Ba-1.0,baleen,Region7_s0,3,meta+block+chunk+load,,-1.0,Region7,0.0,B_baleen_Region7_s0_r3,,0.922018,0.8956052395515144,2,True,35.59345430815953,39.41179422423602,33.69236272988929,36.79322066820566,21.467469905252027,646,"[646, 660, 613, 674, 281]",0.07823816742462524,0.32073006988481945,0.17130620985010706,0.39400428265524623,156.06460452079773,53.793960094451904,965.3338503837585,work/runs/Ba-1.0_baleen_Region7_s0_r3/converge/th_0.922018/ml-ap-0.922018_6_lru_366.475GB/full_0_0.1_cache_perf.txt.lzma,,2026-10-04T06:29:12,,,,,,,
Ba-1.0_baleen_Region7_s0.1_r2,control,Ba-1.0,baleen,Region7_s0.1,2,meta+block+chunk+load,,-1.0,Region7,0.1,B_baleen_Region7_s0.1_r2,,0.83242,0.9840623498894274,3,True,35.51111884473104,35.38205775710266,31.0894819995023,33.89050764052547,21.089411451508052,621,"[621, 299, 647, 616, 658]",0.08113390797620493,0.346274208547285,0.0774818401937046,0.41404358353510895,102.38234782218933,156.18826937675476,1917.2833988666534,work/runs/Ba-1.0_baleen_Region7_s0.1_r2/converge/th_0.832420/ml-ap-0.83242_6_lru_366.475GB/full_0.1_0.1_cache_perf.txt.lzma,,2026-10-04T06:30:17,,,,,,,
Ba-1.0_baleen_Region6_s0.2_r2,control,Ba-1.0,baleen,Region6_s0.2,2,meta+block+chunk+load,,-1.0,Region6,0.2,B_baleen_Region6_s0.2_r2,,1.0001,0.9999999995343387,7,False,48.8404086406141,35.87490287486195,32.010965423466466,33.653917378915644,22.033145030572612,457,"[457, 453, 788, 813, 803]",0.015940786653918432,0.35737445959428,0.39766081871345027,0.36988304093567254,108.2329831123352,112.42064237594604,1065.4077892303467,work/runs/Ba-1.0_baleen_Region6_s0.2_r2/converge/th_1.000100/ml-ap-1.0001_6_lru_366.475GB/full_0.2_0.1_cache_perf.txt.lzma,,2026-10-04T06:30:36,,,,,,,
Ba-1.0_baleen_Region6_s0_r3,control,Ba-1.0,baleen,Region6_s0,3,meta+block+chunk+load,,-1.0,Region6,0.0,B_baleen_Region6_s0_r3,,1.0001,0.9999999995343387,7,False,53.456336086310515,39.86965811962708,34.0650550375597,37.640666278168965,21.585280750353025,712,"[712, 152, 816, 776, 806]",0.018234116637790374,0.38112152797996857,0.48859934853420195,0.3534201954397394,88.17807102203369,1.1920928955078125e-06,980.607782125473,work/runs/Ba-1.0_baleen_Region6_s0_r3/converge/th_1.000100/ml-ap-1.0001_6_lru_366.475GB/full_0_0.1_cache_perf.txt.lzma,,2026-10-04T06:32:13,,,,,,,
Ba-1.0_baleen_Region6_s0.1_r3,control,Ba-1.0,baleen,Region6_s0.1,3,meta+block+chunk+load,,-1.0,Region6,0.1,B_baleen_Region6_s0.1_r3,,1.0001,0.9999999995343387,7,False,51.52202538507614,38.125404687942016,31.106948329422764,35.295415695446756,20.117880491268362,280,"[280, 219, 284, 817, 293]",0.02182397593812661,0.42851799330003904,0.3933333333333333,0.2777777777777778,91.4413001537323,3.5762786865234375e-06,953.6483318805695,work/runs/Ba-1.0_baleen_Region6_s0.1_r3/converge/th_1.000100/ml-ap-1.0001_6_lru_366.475GB/full_0.1_0.1_cache_perf.txt.lzma,,2026-10-04T06:35:50,,,,,,,
Ea-2.0_F1PT_Region7_s0_r1,screen,Ea-2.0,F1PT,Region7_s0,1,meta+block+chunk+load,,-2.0,Region7,0.0,D_F1PT_Region7_s0_r1,labels/Region7_s0_F1PT_s1.npz,1.0001,0.9999999995343387,7,False,48.202319102477226,39.43644781140131,32.593360528350054,36.145376845372446,22.17566149818537,646,"[646, 613, 660, 592, 252]",0.049471835222214204,0.2696389284327682,0.17130620985010706,0.5674518201284796,60.81318259239197,63.13601112365723,872.9706773757935,work/runs/Ea-2.0_F1PT_Region7_s0_r1/converge/th_1.000100/ml-ap-1.0001_6_lru_366.475GB/full_0_0.1_cache_perf.txt.lzma,,2026-10-04T06:35:59,1493,1493,0.46539923954372625,22.14395558145561,28.904849779849823,0,0.8512404154815807
Ba-1.0_baleen_Region6_s0.3_r3,control,Ba-1.0,baleen,Region6_s0.3,3,meta+block+chunk+load,,-1.0,Region6,0.3,B_baleen_Region6_s0.3_r3,,1.0001,0.9999999995343387,7,False,51.479963989230235,35.72142903394454,32.229852207981814,34.3253593628813,20.775203525715085,815,"[815, 775, 807, 777, 810]",0.017249961380683475,0.40648451940374697,0.04419889502762431,0.5027624309392266,72.60897564888,100.38924193382263,934.1385476589203,work/runs/Ba-1.0_baleen_Region6_s0.3_r3/converge/th_1.000100/ml-ap-1.0001_6_lru_366.475GB/full_0.3_0.1_cache_perf.txt.lzma,,2026-10-04T06:36:30,,,,,,,
Ba-1.0_baleen_Region7_s0.3_r3,control,Ba-1.0,baleen,Region7_s0.3,3,meta+block+chunk+load,,-1.0,Region7,0.3,B_baleen_Region7_s0.3_r3,,0.852708,0.8294407804496586,3,True,35.64209821802058,36.50076081329543,30.292173012155295,34.79440235690066,20.92600236591247,362,"[362, 636, 252, 622, 635]",0.09594000197687061,0.3605813449375423,0.2465331278890601,0.5331278890600925,141.65477442741394,70.13578200340271,1398.1845366954803,work/runs/Ba-1.0_baleen_Region7_s0.3_r3/converge/th_0.852708/ml-ap-0.852708_6_lru_366.475GB/full_0.3_0.1_cache_perf.txt.lzma,,2026-10-04T06:37:53,,,,,,,
Ba-1.0_baleen_Region6_s0.2_r3,control,Ba-1.0,baleen,Region6_s0.2,3,meta+block+chunk+load,,-1.0,Region6,0.2,B_baleen_Region6_s0.2_r3,,1.0001,0.9999999995343387,7,False,46.14586348418659,36.017174954635166,32.061309893825154,33.480626780627496,22.043851563846506,457,"[457, 788, 153, 814, 803]",0.02146318947611355,0.3534419687396076,0.39766081871345027,0.3684210526315789,77.86775588989258,101.0131733417511,1022.24795794487,work/runs/Ba-1.0_baleen_Region6_s0.2_r3/converge/th_1.000100/ml-ap-1.0001_6_lru_366.475GB/full_0.2_0.1_cache_perf.txt.lzma,,2026-10-04T06:37:54,,,,,,,
Ba-1.0_baleen_Region6_s0.3_r2,control,Ba-1.0,baleen,Region6_s0.3,2,meta+block+chunk+load,,-1.0,Region6,0.3,B_baleen_Region6_s0.3_r2,,1.0001,0.9999999995343387,7,False,54.44788227557275,35.95425407926693,32.430309505309125,34.3920389795585,20.73502628153276,815,"[815, 775, 807, 777, 808]",0.020545476390724498,0.4133510622969986,0.04419889502762431,0.5359116022099447,92.0426893234253,1.1920928955078125e-06,1493.6440885066986,work/runs/Ba-1.0_baleen_Region6_s0.3_r2/converge/th_1.000100/ml-ap-1.0001_6_lru_366.475GB/full_0.3_0.1_cache_perf.txt.lzma,,2026-10-04T06:37:56,,,,,,,
Ea-2.0_F1PT_Region7_s0.2_r1,screen,Ea-2.0,F1PT,Region7_s0.2,1,meta+block+chunk+load,,-2.0,Region7,0.2,D_F1PT_Region7_s0.2_r1,labels/Region7_s0.2_F1PT_s1.npz,1.0001,0.9999999995343387,7,False,39.497086218810495,37.12143874644493,31.447527842533507,34.55517029266275,22.183399036038015,657,"[657, 613, 620, 255, 295]",0.05466142461783326,0.24977148358947485,0.1259259259259259,0.37037037037037035,115.64710736274719,41.59089016914368,981.0411243438721,work/runs/Ea-2.0_F1PT_Region7_s0.2_r1/converge/th_1.000100/ml-ap-1.0001_6_lru_366.475GB/full_0.2_0.1_cache_perf.txt.lzma,,2026-10-04T06:38:58,1593,1593,0.47124370956146655,21.68086311836318,28.05181623931616,0,0.8403462278166008
Ea-2.0_F1PT_Region6_s0.1_r1,screen,Ea-2.0,F1PT,Region6_s0.1,1,meta+block+chunk+load,,-2.0,Region6,0.1,D_F1PT_Region6_s0.1_r1,labels/Region6_s0.1_F1PT_s1.npz,1.0001,0.9999999995343387,7,False,49.17731070784407,33.57498057499907,30.006413493914454,32.55665630665736,20.476263711752964,808,"[808, 280, 810, 150, 283]",0.005370953881409338,0.38364058614382307,0.07664233576642336,0.33211678832116787,56.168339014053345,1.430511474609375e-06,855.0731635093689,work/runs/Ea-2.0_F1PT_Region6_s0.1_r1/converge/th_1.000100/ml-ap-1.0001_6_lru_366.475GB/full_0.1_0.1_cache_perf.txt.lzma,,2026-10-04T06:43:18,563,563,0.27996965098634297,21.385246697746744,27.090504403004452,0,0.8799595009283856
Ea-2.0_F1PT_Region7_s0.3_r1,screen,Ea-2.0,F1PT,Region7_s0.3,1,meta+block+chunk+load,,-2.0,Region7,0.3,D_F1PT_Region7_s0.3_r1,labels/Region7_s0.3_F1PT_s1.npz,1.0001,0.9999999995343387,7,False,42.652472182715634,38.7757057757525,30.231947034452684,35.59005762755599,21.917700162704655,362,"[362, 252, 636, 635, 622]",0.032247701887911435,0.2611230637704765,0.2465331278890601,0.4252696456086287,125.15259456634521,1.6689300537109375e-06,991.4215075969696,work/runs/Ea-2.0_F1PT_Region7_s0.3_r1/converge/th_1.000100/ml-ap-1.0001_6_lru_366.475GB/full_0.3_0.1_cache_perf.txt.lzma,,2026-10-04T06:43:40,1214,1214,0.3537001897533207,22.183712121212103,31.676443926443902,0,0.8418664967340678
Ea-2.0_F1PT_Region7_s0.1_r1,screen,Ea-2.0,F1PT,Region7_s0.1,1,meta+block+chunk+load,,-2.0,Region7,0.1,D_F1PT_Region7_s0.1_r1,labels/Region7_s0.1_F1PT_s1.npz,1.0001,0.9999999995343387,7,False,47.617115541954796,35.9751521627766,31.019908054912335,33.65158637663154,21.754309390070073,386,"[386, 621, 616, 299, 315]",0.06661405851645016,0.276707233251122,0.3586744639376218,0.22807017543859648,61.74394655227661,104.48285245895386,1335.573154449463,work/runs/Ea-2.0_F1PT_Region7_s0.1_r1/converge/th_1.000100/ml-ap-1.0001_6_lru_366.475GB/full_0.1_0.1_cache_perf.txt.lzma,,2026-10-04T06:43:58,1527,1527,0.49407265774378584,21.83843240093241,27.310266122766112,0,0.8580588664421159
Ea-2.0_F1PT_Region6_s0.3_r1,screen,Ea-2.0,F1PT,Region6_s0.3,1,meta+block+chunk+load,,-2.0,Region6,0.3,D_F1PT_Region6_s0.3_r1,labels/Region6_s0.3_F1PT_s1.npz,0.9999,0.9999999995343387,7,False,59.680278916129375,35.36960955712074,32.38827554386596,34.11849909351211,20.934638742514327,815,"[815, 775, 807, 808, 810]",0.015550711453631074,0.4031294639732913,0.04419889502762431,0.5165745856353591,59.789145708084106,59.748302936553955,916.7017369270325,work/runs/Ea-2.0_F1PT_Region6_s0.3_r1/converge/th_0.999900/ml-ap-0.9999_6_lru_366.475GB/full_0.3_0.1_cache_perf.txt.lzma,,2026-10-04T06:45:34,873,873,0.49551569506726456,19.897743460243472,25.20313714063721,0,0.925608808616284
Ea-1.0_F1EIM_Region6_s0.3_r1,screen,Ea-1.0,F1EIM,Region6_s0.3,1,meta+block+chunk+load,,-1.0,Region6,0.3,D_F1EIM_Region6_s0.3_r1,labels/Region6_s0.3_F1EIM_s1.npz,0.835338,0.8353375527076423,1,True,35.487634684796994,36.21399896401187,33.2441898148172,35.017615255139,21.295983318646243,815,"[815, 775, 777, 796, 807]",0.004994764937093424,0.3558622904119514,0.04419889502762431,0.3784530386740331,60.18466567993164,212.66196155548096,466.67390394210815,work/runs/Ea-1.0_F1EIM_Region6_s0.3_r1/converge/th_0.835338/ml-ap-0.835338_6_lru_366.475GB/full_0.3_0.1_cache_perf.txt.lzma,,2026-10-04T06:45:43,702,702,0.40661029976940816,19.93198005698012,25.20313714063721,0,0.9196205808692751
Ea-2.0_F1PT_Region6_s0.2_r1,screen,Ea-2.0,F1PT,Region6_s0.2,1,meta+block+chunk+load,,-2.0,Region6,0.2,D_F1PT_Region6_s0.2_r1,labels/Region6_s0.2_F1PT_s1.npz,1.0001,0.9999999995343387,7,False,68.74791906827798,33.20174501423562,31.371202408701837,32.60573685574507,22.25492077718609,153,"[153, 788, 814, 799, 813]",0.025056872506676337,0.3658962421017626,0.04199475065616798,0.5590551181102362,79.02471685409546,1.9073486328125e-06,1011.4892807006836,work/runs/Ea-2.0_F1PT_Region6_s0.2_r1/converge/th_1.000100/ml-ap-1.0001_6_lru_366.475GB/full_0.2_0.1_cache_perf.txt.lzma,,2026-10-04T06:46:03,818,818,0.383448275862069,22.62218337218338,30.957362082362117,0,0.8504267501811432
Ba-1.0_baleen_Region7_s0.2_r3,control,Ba-1.0,baleen,Region7_s0.2,3,meta+block+chunk+load,,-1.0,Region7,0.2,B_baleen_Region7_s0.2_r3,,0.935137,0.9556483277119696,2,True,35.777685940733875,37.10246697747161,32.482603600089625,35.02103729603303,21.46803654422754,657,"[657, 613, 620, 660, 295]",0.07194355691225902,0.3149138950165141,0.1259259259259259,0.36049382716049383,128.84281492233276,40.52285814285278,2222.6958377361298,work/runs/Ba-1.0_baleen_Region7_s0.2_r3/converge/th_0.935137/ml-ap-0.935137_6_lru_366.475GB/full_0.2_0.1_cache_perf.txt.lzma,,2026-10-04T06:51:12,,,,,,,
Ea-1.0_F1EIM_Region7_s0_r1,screen,Ea-1.0,F1EIM,Region7_s0,1,meta+block+chunk+load,,-1.0,Region7,0.0,D_F1EIM_Region7_s0_r1,labels/Region7_s0_F1EIM_s1.npz,0.820153,0.7648027897812426,3,True,35.5798592810113,40.504937192365645,33.95657795907466,37.17532698781859,22.49347386904317,646,"[646, 613, 660, 592, 620]",0.00855410380423013,0.21965187006600234,0.17130620985010706,0.39186295503211993,52.54940414428711,118.069260597229,1312.502713918686,work/runs/Ea-1.0_F1EIM_Region7_s0_r1/converge/th_0.820153/ml-ap-0.820153_6_lru_366.475GB/full_0_0.1_cache_perf.txt.lzma,,2026-10-04T06:52:29,1058,1058,0.3282828282828283,22.311026936026977,28.904849779849823,0,0.840024628683306
Ea-1.0_F1EIM_Region6_s0.1_r1,screen,Ea-1.0,F1EIM,Region6_s0.1,1,meta+block+chunk+load,,-1.0,Region6,0.1,D_F1EIM_Region6_s0.1_r1,labels/Region6_s0.1_F1EIM_s1.npz,0.822792,0.8375632562674582,2,True,35.49322038435669,35.439183501650895,30.524371276890264,33.74380341880333,20.677076928538547,283,"[283, 808, 150, 280, 810]",0.004547407619593239,0.3732535914667982,0.06060606060606061,0.4212121212121212,70.13571119308472,27.5337176322937,883.0538334846497,work/runs/Ea-1.0_F1EIM_Region6_s0.1_r1/converge/th_0.822792/ml-ap-0.822792_6_lru_366.475GB/full_0.1_0.1_cache_perf.txt.lzma,,2026-10-04T06:52:36,566,566,0.28810975609756095,21.385246697746744,27.090504403004452,0,0.8805950479366648
Ea-2.0_F1PT_Region6_s0_r1,screen,Ea-2.0,F1PT,Region6_s0,1,meta+block+chunk+load,,-2.0,Region6,0.0,D_F1PT_Region6_s0_r1,labels/Region6_s0_F1PT_s1.npz,1.0001,0.9999999995343387,7,False,64.2861445379951,39.35374579125268,33.95718531469053,36.48631507381362,21.77789566387845,816,"[816, 152, 712, 776, 817]",0.018957425692610472,0.38148755105605975,0.031578947368421054,0.5657894736842105,78.37374711036682,1.1920928955078125e-06,1509.9075648784637,work/runs/Ea-2.0_F1PT_Region6_s0_r1/converge/th_1.000100/ml-ap-1.0001_6_lru_366.475GB/full_0_0.1_cache_perf.txt.lzma,,2026-10-04T06:53:33,915,915,0.46148738379814075,20.283087283087383,25.926783864283887,0,0.9037671063825657
Ba-0.5_baleen_Region6_s0_r1,control,Ba-0.5,baleen,Region6_s0,1,meta+block+chunk+load,,-0.5,Region6,0.0,B_baleen_Region6_s0_r1,,0.9999,0.9999999995343387,1,True,35.89397579878726,43.038445350911545,34.62317728570044,38.562635975138505,21.870756954057644,712,"[712, 152, 816, 806, 807]",0.002809130515231543,0.32823951219106406,0.48859934853420195,0.2182410423452769,79.71825885772705,97.03247666358948,482.56306648254395,work/runs/Ba-0.5_baleen_Region6_s0_r1/converge/th_0.999900/ml-ap-0.9999_6_lru_366.475GB/full_0_0.1_cache_perf.txt.lzma,,2026-10-04T06:53:36,,,,,,,
Ea-1.0_F1EIM_Region7_s0.1_r1,screen,Ea-1.0,F1EIM,Region7_s0.1,1,meta+block+chunk+load,,-1.0,Region7,0.1,D_F1EIM_Region7_s0.1_r1,labels/Region7_s0.1_F1EIM_s1.npz,0.72821,0.6257510152645409,3,True,35.44461157243269,34.37501618755597,31.70872895624488,33.51859621860971,21.976212530347613,621,"[621, 647, 299, 616, 658]",0.012431710574238194,0.23215946306553997,0.0774818401937046,0.5036319612590799,58.54659295082092,99.95038652420044,1295.7531378269196,work/runs/Ea-1.0_F1EIM_Region7_s0.1_r1/converge/th_0.728210/ml-ap-0.72821_6_lru_366.475GB/full_0.1_0.1_cache_perf.txt.lzma,,2026-10-04T06:53:49,1114,1114,0.36377829820452773,22.022176897176895,27.310266122766112,0,0.8438016787000993
Ea-1.0_F1EIM_Region7_s0.3_r1,screen,Ea-1.0,F1EIM,Region7_s0.3,1,meta+block+chunk+load,,-1.0,Region7,0.3,D_F1EIM_Region7_s0.3_r1,labels/Region7_s0.3_F1EIM_s1.npz,0.690503,0.5920893852598965,3,True,35.4952731531833,44.082847707926476,31.16215876714991,37.18505892256556,22.137526082192235,362,"[362, 252, 636, 635, 622]",0.011638825738855392,0.2301555466417079,0.2465331278890601,0.1802773497688752,77.91000556945801,0.00014448165893554688,1230.9625585079193,work/runs/Ea-1.0_F1EIM_Region7_s0.3_r1/converge/th_0.690503/ml-ap-0.690503_6_lru_366.475GB/full_0.3_0.1_cache_perf.txt.lzma,,2026-10-04T06:56:30,840,840,0.24483430799220274,22.346218596218577,31.676443926443902,0,0.8332229061012384
Ea-1.0_F1EIM_Region7_s0.2_r1,screen,Ea-1.0,F1EIM,Region7_s0.2,1,meta+block+chunk+load,,-1.0,Region7,0.2,D_F1EIM_Region7_s0.2_r1,labels/Region7_s0.2_F1EIM_s1.npz,0.774101,0.7675347491167486,2,True,35.514793107313814,37.25383644131886,31.447386039872654,34.72958754207916,22.092806939584943,613,"[613, 657, 255, 620, 296]",0.04207100521433407,0.24177239359260297,0.05955334987593052,0.2729528535980149,113.04457497596741,98.52843451499939,1358.700279712677,work/runs/Ea-1.0_F1EIM_Region7_s0.2_r1/converge/th_0.774101/ml-ap-0.774101_6_lru_366.475GB/full_0.2_0.1_cache_perf.txt.lzma,,2026-10-04T06:58:28,1724,1724,0.5042735042735043,21.80468142968144,28.05181623931616,0,0.841930005044237
Ea-1.0_F1EIM_Region6_s0_r1,screen,Ea-1.0,F1EIM,Region6_s0,1,meta+block+chunk+load,,-1.0,Region6,0.0,D_F1EIM_Region6_s0_r1,labels/Region6_s0_F1EIM_s1.npz,0.903889,0.8708472712896764,3,True,35.61685149985945,39.4680620305697,33.94597643100649,37.57746050244295,22.275923880178055,816,"[816, 152, 712, 176, 320]",0.0014466181096401958,0.2384806714859705,0.031578947368421054,0.46578947368421053,67.02923464775085,9.5367431640625e-07,1351.3917000293732,work/runs/Ea-1.0_F1EIM_Region6_s0_r1/converge/th_0.903889/ml-ap-0.903889_6_lru_366.475GB/full_0_0.1_cache_perf.txt.lzma,,2026-10-04T06:59:02,716,716,0.3778389538885065,20.350848225848235,25.926783864283887,0,0.8991903191713999
Ba-0.5_baleen_Region7_s0.2_r2,control,Ba-0.5,baleen,Region7_s0.2,2,meta+block+chunk+load,,-0.5,Region7,0.2,B_baleen_Region7_s0.2_r2,,0.781562,0.781561631243676,1,True,35.38407869133328,37.04050116550871,32.539102564087365,35.36838578087916,21.505634185503023,657,"[657, 613, 296, 620, 295]",0.0592343599672174,0.3171279651273801,0.1259259259259259,0.2962962962962963,101.33960461616516,50.186769247055054,458.03442192077637,work/runs/Ba-0.5_baleen_Region7_s0.2_r2/converge/th_0.781562/ml-ap-0.781562_6_lru_366.475GB/full_0.2_0.1_cache_perf.txt.lzma,,2026-10-04T07:01:11,,,,,,,
Ba-0.5_baleen_Region6_s0.1_r1,control,Ba-0.5,baleen,Region6_s0.1,1,meta+block+chunk+load,,-0.5,Region6,0.1,B_baleen_Region6_s0.1_r1,,0.994217,0.9871878805570304,2,True,35.50263186954761,38.84144327897982,31.84408249159926,36.31962574464382,20.355857208874706,280,"[280, 284, 219, 293, 283]",0.005263534803781151,0.38927595207267196,0.3933333333333333,0.26,85.96489524841309,104.38955187797546,945.2329535484314,work/runs/Ba-0.5_baleen_Region6_s0.1_r1/converge/th_0.994217/ml-ap-0.994217_6_lru_366.475GB/full_0.1_0.1_cache_perf.txt.lzma,,2026-10-04T07:01:28,,,,,,,
Ba-0.5_baleen_Region6_s0_r2,control,Ba-0.5,baleen,Region6_s0,2,meta+block+chunk+load,,-0.5,Region6,0.0,B_baleen_Region6_s0_r2,,0.9999,0.9999999995343387,1,True,35.45036777008848,42.98520461017259,34.495942760924876,38.43601722352427,21.888954910414995,712,"[712, 152, 816, 806, 817]",0.002809130515231543,0.3257979718994102,0.48859934853420195,0.21986970684039087,83.19310569763184,213.77292704582214,483.6291301250458,work/runs/Ba-0.5_baleen_Region6_s0_r2/converge/th_0.999900/ml-ap-0.9999_6_lru_366.475GB/full_0_0.1_cache_perf.txt.lzma,,2026-10-04T07:01:52,,,,,,,
Ba-0.5_baleen_Region6_s0.2_r1,control,Ba-0.5,baleen,Region6_s0.2,1,meta+block+chunk+load,,-0.5,Region6,0.2,B_baleen_Region6_s0.2_r1,,0.954824,0.949261233676225,2,True,35.60421891652682,35.840374902833176,32.24941789692754,34.63779461277833,22.239846233389724,457,"[457, 814, 153, 788, 453]",0.0023902937588605715,0.32016544728965746,0.39766081871345027,0.30116959064327486,105.68980431556702,6.4373016357421875e-06,1041.3324620723724,work/runs/Ba-0.5_baleen_Region6_s0.2_r1/converge/th_0.954824/ml-ap-0.954824_6_lru_366.475GB/full_0.2_0.1_cache_perf.txt.lzma,,2026-10-04T07:03:25,,,,,,,
Ba-0.5_baleen_Region6_s0.1_r2,control,Ba-0.5,baleen,Region6_s0.1,2,meta+block+chunk+load,,-0.5,Region6,0.1,B_baleen_Region6_s0.1_r2,,0.986603,0.9866026188246906,1,True,35.642340138603984,39.44164400418042,32.01668673919084,36.92275964777844,20.362639170888162,280,"[280, 284, 219, 283, 293]",0.004368375823546261,0.38639044741763773,0.3933333333333333,0.25555555555555554,94.27023768424988,2.86102294921875e-06,461.5214900970459,work/runs/Ba-0.5_baleen_Region6_s0.1_r2/converge/th_0.986603/ml-ap-0.986603_6_lru_366.475GB/full_0.1_0.1_cache_perf.txt.lzma,,2026-10-04T07:04:11,,,,,,,
Ba-0.5_baleen_Region7_s0.1_r1,control,Ba-0.5,baleen,Region7_s0.1,1,meta+block+chunk+load,,-0.5,Region7,0.1,B_baleen_Region7_s0.1_r1,,0.675576,0.6550057944841683,3,True,35.68094244569409,35.005698005746844,31.376736596756867,33.923892773903475,21.00406207974362,621,"[621, 299, 647, 661, 616]",0.10451620735704747,0.35714632272672137,0.0774818401937046,0.4188861985472155,110.81605505943298,370.70896649360657,1353.220187664032,work/runs/Ba-0.5_baleen_Region7_s0.1_r1/converge/th_0.675576/ml-ap-0.675576_6_lru_366.475GB/full_0.1_0.1_cache_perf.txt.lzma,,2026-10-04T07:05:51,,,,,,,
Ba-0.5_baleen_Region7_s0.3_r1,control,Ba-0.5,baleen,Region7_s0.3,1,meta+block+chunk+load,,-0.5,Region7,0.3,B_baleen_Region7_s0.3_r1,,0.70113,0.7352481526322663,3,True,35.51597925207061,38.13718919973515,30.58216459466545,35.44204545454476,20.918259172867305,362,"[362, 636, 252, 622, 635]",0.09250518928536128,0.36260721940625673,0.2465331278890601,0.4283513097072419,131.71693658828735,138.45530533790588,1356.6036467552185,work/runs/Ba-0.5_baleen_Region7_s0.3_r1/converge/th_0.701130/ml-ap-0.70113_6_lru_366.475GB/full_0.3_0.1_cache_perf.txt.lzma,,2026-10-04T07:06:34,,,,,,,
Ba-0.5_baleen_Region6_s0.2_r2,control,Ba-0.5,baleen,Region6_s0.2,2,meta+block+chunk+load,,-0.5,Region6,0.2,B_baleen_Region6_s0.2_r2,,0.967331,0.9673307067714632,1,True,35.45175668282334,35.95368751614682,32.20609686610268,34.40636493134937,22.27956825369473,457,"[457, 814, 788, 153, 453]",0.002818898157001088,0.3182075157964749,0.39766081871345027,0.2997076023391813,108.2329831123352,112.42064237594604,535.259712934494,work/runs/Ba-0.5_baleen_Region6_s0.2_r2/converge/th_0.967331/ml-ap-0.967331_6_lru_366.475GB/full_0.2_0.1_cache_perf.txt.lzma,,2026-10-04T07:07:24,,,,,,,
Ba-0.5_baleen_Region7_s0.1_r2,control,Ba-0.5,baleen,Region7_s0.1,2,meta+block+chunk+load,,-0.5,Region7,0.1,B_baleen_Region7_s0.1_r2,,0.672299,0.7015283401124179,2,True,35.89803222130943,35.94709919714332,31.399589484611823,34.32298951050741,21.02312121955265,621,"[621, 299, 647, 616, 658]",0.09252154910768484,0.3569320341244491,0.0774818401937046,0.3898305084745763,102.38234782218933,156.18826937675476,898.1918115615845,work/runs/Ba-0.5_baleen_Region7_s0.1_r2/converge/th_0.672299/ml-ap-0.672299_6_lru_366.475GB/full_0.1_0.1_cache_perf.txt.lzma,,2026-10-04T07:07:35,,,,,,,
Ba-0.5_baleen_Region7_s0_r2,control,Ba-0.5,baleen,Region7_s0,2,meta+block+chunk+load,,-0.5,Region7,0.0,B_baleen_Region7_s0_r2,,0.753683,0.7413416900672019,2,True,35.3131875946423,39.8566919191273,34.09012043514572,36.9688552188357,21.47861845450096,646,"[646, 660, 613, 674, 636]",0.062393224091051275,0.32000210301540055,0.17130620985010706,0.34475374732334046,133.9529640674591,138.51433086395264,926.2384960651398,work/runs/Ba-0.5_baleen_Region7_s0_r2/converge/th_0.753683/ml-ap-0.753683_6_lru_366.475GB/full_0_0.1_cache_perf.txt.lzma,,2026-10-04T07:07:55,,,,,,,
Ba-0.5_baleen_Region6_s0.3_r1,control,Ba-0.5,baleen,Region6_s0.3,1,meta+block+chunk+load,,-0.5,Region6,0.3,B_baleen_Region6_s0.3_r1,,1.0001,0.9999999995343387,7,False,37.85251481344513,36.18210955713258,32.05575870887934,34.75346736597236,20.990317433389613,775,"[775, 815, 264, 807, 810]",0.0063335679099225895,0.3708385991923167,0.0547945205479452,0.27123287671232876,98.67040944099426,25.12748074531555,1026.0677852630615,work/runs/Ba-0.5_baleen_Region6_s0.3_r1/converge/th_1.000100/ml-ap-1.0001_6_lru_366.475GB/full_0.3_0.1_cache_perf.txt.lzma,,2026-10-04T07:08:18,,,,,,,
Ba-0.5_baleen_Region7_s0.1_r3,control,Ba-0.5,baleen,Region7_s0.1,3,meta+block+chunk+load,,-0.5,Region7,0.1,B_baleen_Region7_s0.1_r3,,0.67744,0.6774396044202149,1,True,35.345268948716615,35.896642709192115,31.195591168113623,34.668259518268215,21.045594862556815,621,"[621, 647, 299, 616, 661]",0.09170814616972199,0.35096025552905025,0.0774818401937046,0.3728813559322034,110.25876092910767,74.65692043304443,451.206298828125,work/runs/Ba-0.5_baleen_Region7_s0.1_r3/converge/th_0.677440/ml-ap-0.67744_6_lru_366.475GB/full_0.1_0.1_cache_perf.txt.lzma,,2026-10-04T07:08:59,,,,,,,
Ea-1.0_F1EIM_Region6_s0.2_r1,screen,Ea-1.0,F1EIM,Region6_s0.2,1,meta+block+chunk+load,,-1.0,Region6,0.2,D_F1EIM_Region6_s0.2_r1,labels/Region6_s0.2_F1EIM_s1.npz,0.861249,0.8224087520502508,3,True,35.67595354774807,36.82324851070007,32.378306785804284,34.49435379434436,22.820406263757118,457,"[457, 153, 815, 788, 814]",0.0006099370281230425,0.2664823744595943,0.39766081871345027,0.28362573099415206,62.43457508087158,68.89292669296265,1901.9189314842224,work/runs/Ea-1.0_F1EIM_Region6_s0.2_r1/converge/th_0.861249/ml-ap-0.861249_6_lru_366.475GB/full_0.2_0.1_cache_perf.txt.lzma,,2026-10-04T07:09:36,614,614,0.2862241256245539,22.72272403522404,30.957362082362117,0,0.8439206349619188
Ba-0.5_baleen_Region7_s0.2_r3,control,Ba-0.5,baleen,Region7_s0.2,3,meta+block+chunk+load,,-0.5,Region7,0.2,B_baleen_Region7_s0.2_r3,,0.780491,0.7804913143627346,1,True,35.26695857461471,37.16784835535236,32.84747668996109,35.21773828023221,21.42854090244624,657,"[657, 613, 620, 660, 295]",0.0731907210984547,0.32175110601942697,0.1259259259259259,0.3432098765432099,128.84281492233276,40.52285814285278,474.98088574409485,work/runs/Ba-0.5_baleen_Region7_s0.2_r3/converge/th_0.780491/ml-ap-0.780491_6_lru_366.475GB/full_0.2_0.1_cache_perf.txt.lzma,,2026-10-04T07:09:47,,,,,,,
Ba-0.5_baleen_Region7_s0_r1,control,Ba-0.5,baleen,Region7_s0,1,meta+block+chunk+load,,-0.5,Region7,0.0,B_baleen_Region7_s0_r1,,0.737021,0.7495011580176651,2,True,35.70242367960913,39.40028490023275,34.03704351204305,36.391925666920656,21.421330910622494,646,"[646, 660, 613, 282, 281]",0.08017517264611757,0.32996311634528275,0.17130620985010706,0.39828693790149894,79.61210560798645,4.5299530029296875e-06,1932.6482059955597,work/runs/Ba-0.5_baleen_Region7_s0_r1/converge/th_0.737021/ml-ap-0.737021_6_lru_366.475GB/full_0_0.1_cache_perf.txt.lzma,,2026-10-04T07:11:11,,,,,,,
Ba-0.5_baleen_Region7_s0.2_r1,control,Ba-0.5,baleen,Region7_s0.2,1,meta+block+chunk+load,,-0.5,Region7,0.2,B_baleen_Region7_s0.2_r1,,0.782711,0.7827113228850067,1,True,35.7264458896695,37.09842009842363,32.57039497538008,35.197934472929376,21.422180916528898,657,"[657, 613, 620, 660, 295]",0.07397465287263484,0.3212148541760612,0.1259259259259259,0.362962962962963,124.61757612228394,78.17474508285522,1711.2181770801544,work/runs/Ba-0.5_baleen_Region7_s0.2_r1/converge/th_0.782711/ml-ap-0.782711_6_lru_366.475GB/full_0.2_0.1_cache_perf.txt.lzma,,2026-10-04T07:12:11,,,,,,,
Ba-0.5_baleen_Region6_s0.2_r3,control,Ba-0.5,baleen,Region6_s0.2,3,meta+block+chunk+load,,-0.5,Region6,0.2,B_baleen_Region6_s0.2_r3,,0.937916,0.9379163742996752,1,True,35.483754929403084,35.437208624669154,32.228440170928465,34.44458041957559,22.25877744817373,457,"[457, 814, 153, 788, 813]",0.00487949622498434,0.32180744928500166,0.39766081871345027,0.2982456140350877,77.86775588989258,101.0131733417511,516.0590422153473,work/runs/Ba-0.5_baleen_Region6_s0.2_r3/converge/th_0.937916/ml-ap-0.937916_6_lru_366.475GB/full_0.2_0.1_cache_perf.txt.lzma,,2026-10-04T07:15:10,,,,,,,
Ba-0.5_baleen_Region6_s0.3_r3,control,Ba-0.5,baleen,Region6_s0.3,3,meta+block+chunk+load,,-0.5,Region6,0.3,B_baleen_Region6_s0.3_r3,,0.9999,0.9999999995343387,1,True,35.25336387778427,36.40873478375986,32.819563908322415,35.35991323491884,21.096170622649012,775,"[775, 264, 815, 807, 810]",0.004188050325260466,0.3563809860981323,0.0547945205479452,0.2602739726027397,72.60897564888,100.38924193382263,471.1598207950592,work/runs/Ba-0.5_baleen_Region6_s0.3_r3/converge/th_0.999900/ml-ap-0.9999_6_lru_366.475GB/full_0.3_0.1_cache_perf.txt.lzma,,2026-10-04T07:15:15,,,,,,,
Ba-0.5_baleen_Region6_s0.3_r2,control,Ba-0.5,baleen,Region6_s0.3,2,meta+block+chunk+load,,-0.5,Region6,0.3,B_baleen_Region6_s0.3_r2,,1.0001,0.9999999995343387,7,False,37.075237743035046,36.40873478375986,32.262740384610645,35.16303418803995,21.019909086954165,775,"[775, 815, 264, 807, 810]",0.0053552118913166614,0.36410378853682535,0.0547945205479452,0.2602739726027397,92.0426893234253,1.1920928955078125e-06,986.6323432922363,work/runs/Ba-0.5_baleen_Region6_s0.3_r2/converge/th_1.000100/ml-ap-1.0001_6_lru_366.475GB/full_0.3_0.1_cache_perf.txt.lzma,,2026-10-04T07:15:28,,,,,,,
Ba-0.5_baleen_Region7_s0.3_r2,control,Ba-0.5,baleen,Region7_s0.3,2,meta+block+chunk+load,,-0.5,Region7,0.3,B_baleen_Region7_s0.3_r2,,0.699373,0.6487514027394354,3,True,35.51660670961265,38.764827764875115,30.482294742295114,35.469386169384514,20.897392306895366,362,"[362, 636, 252, 635, 622]",0.10077097953938914,0.3672424201906753,0.2465331278890601,0.4252696456086287,116.85169434547424,2.1457672119140625e-06,1348.9687089920044,work/runs/Ba-0.5_baleen_Region7_s0.3_r2/converge/th_0.699373/ml-ap-0.699373_6_lru_366.475GB/full_0.3_0.1_cache_perf.txt.lzma,,2026-10-04T07:16:05,,,,,,,
Ba-0.5_baleen_Region7_s0_r3,control,Ba-0.5,baleen,Region7_s0,3,meta+block+chunk+load,,-0.5,Region7,0.0,B_baleen_Region7_s0_r3,,0.76228,0.7485379814170301,2,True,35.47214483514461,39.22779072773344,33.95301476304238,36.970564620556246,21.44652261408195,646,"[646, 674, 660, 613, 282]",0.07559132799153011,0.3253405267244726,0.17130620985010706,0.3618843683083512,156.06460452079773,53.793960094451904,972.7049827575684,work/runs/Ba-0.5_baleen_Region7_s0_r3/converge/th_0.762280/ml-ap-0.76228_6_lru_366.475GB/full_0_0.1_cache_perf.txt.lzma,,2026-10-04T07:17:24,,,,,,,
Ea-1.0_F1CPSAT_Region6_s0.1_r1,screen,Ea-1.0,F1CPSAT,Region6_s0.1,1,meta+block+chunk+load,,-1.0,Region6,0.1,D_F1CPSAT_Region6_s0.1_r1,labels/Region6_s0.1_F1CPSAT_s1.npz,0.9999,0.9999999995343387,1,True,35.3499566653393,43.52831196594572,32.13437192439044,39.018149443205736,20.792710049814204,293,"[293, 280, 359, 219, 284]",0.0073044972787167,0.34496989127977473,0.3955094991364421,0.08117443868739206,82.0010278224945,3.0994415283203125e-06,484.44852566719055,work/runs/Ea-1.0_F1CPSAT_Region6_s0.1_r1/converge/th_0.999900/ml-ap-0.9999_6_lru_366.475GB/full_0.1_0.1_cache_perf.txt.lzma,,2026-10-04T07:17:52,826,826,0.44124168514412415,21.385246697746744,27.090504403004452,0,0.8775568213143038
Ba-0.5_baleen_Region6_s0_r3,control,Ba-0.5,baleen,Region6_s0,3,meta+block+chunk+load,,-0.5,Region6,0.0,B_baleen_Region6_s0_r3,,1.0001,0.9999999995343387,7,False,36.09538764774385,42.956876456843126,34.389911939912004,38.526110463617115,21.88878495098356,712,"[712, 152, 816, 806, 817]",0.0033642281619539437,0.32960378002013124,0.48859934853420195,0.21986970684039087,88.17807102203369,1.1920928955078125e-06,1082.1913874149323,work/runs/Ba-0.5_baleen_Region6_s0_r3/converge/th_1.000100/ml-ap-1.0001_6_lru_366.475GB/full_0_0.1_cache_perf.txt.lzma,,2026-10-04T07:22:13,,,,,,,
Ea-1.0_F1CPSAT_Region7_s0.2_r1,screen,Ea-1.0,F1CPSAT,Region7_s0.2,1,meta+block+chunk+load,,-1.0,Region7,0.2,D_F1CPSAT_Region7_s0.2_r1,labels/Region7_s0.2_F1CPSAT_s1.npz,0.759785,0.7709142160601914,2,True,35.39495413074286,37.2683890183941,31.82037619787438,34.93554778553971,22.25875596602481,657,"[657, 613, 620, 255, 296]",0.02512145003622715,0.23276173761847307,0.1259259259259259,0.34814814814814815,81.4604377746582,2.1457672119140625e-06,900.8578996658325,work/runs/Ea-1.0_F1CPSAT_Region7_s0.2_r1/converge/th_0.759785/ml-ap-0.759785_6_lru_366.475GB/full_0.2_0.1_cache_perf.txt.lzma,,2026-10-04T07:23:19,1491,1491,0.4539162112932605,21.660628723128735,28.05181623931616,0,0.844124390458136
Ba-0.5_baleen_Region7_s0.3_r3,control,Ba-0.5,baleen,Region7_s0.3,3,meta+block+chunk+load,,-0.5,Region7,0.3,B_baleen_Region7_s0.3_r3,,0.695245,0.6865975237451494,2,True,35.4858612900527,37.96937321941813,30.379160191642697,35.32248769748733,20.89509286357871,362,"[362, 636, 252, 622, 635]",0.09993080952851637,0.3668372452969324,0.2465331278890601,0.4437596302003082,141.65477442741394,70.13578200340271,1296.1497433185577,work/runs/Ba-0.5_baleen_Region7_s0.3_r3/converge/th_0.695245/ml-ap-0.695245_6_lru_366.475GB/full_0.3_0.1_cache_perf.txt.lzma,,2026-10-04T07:25:01,,,,,,,
Ba-0.5_baleen_Region6_s0.1_r3,control,Ba-0.5,baleen,Region6_s0.1,3,meta+block+chunk+load,,-0.5,Region6,0.1,B_baleen_Region6_s0.1_r3,,0.9999,0.9999999995343387,1,True,35.31314730103702,38.81311512565246,32.19795907797603,36.44139795390609,20.382669049285496,280,"[280, 284, 219, 283, 808]",0.005138212546548267,0.38667406539655136,0.3933333333333333,0.26,91.4413001537323,3.5762786865234375e-06,1193.9925446510315,work/runs/Ba-0.5_baleen_Region6_s0.1_r3/converge/th_0.999900/ml-ap-0.9999_6_lru_366.475GB/full_0.1_0.1_cache_perf.txt.lzma,,2026-10-04T07:25:45,,,,,,,
Ea-1.0_F1CPSAT_Region6_s0.2_r1,screen,Ea-1.0,F1CPSAT,Region6_s0.2,1,meta+block+chunk+load,,-1.0,Region6,0.2,D_F1CPSAT_Region6_s0.2_r1,labels/Region6_s0.2_F1CPSAT_s1.npz,0.947101,0.9936462859623134,2,True,35.86125058349744,34.730056980046584,32.24918350163896,33.52477337476805,22.77618762472643,153,"[153, 814, 270, 788, 815]",0.0023902937588605715,0.254730628533422,0.04199475065616798,0.4225721784776903,65.80223393440247,11.834396362304688,1009.2812793254852,work/runs/Ea-1.0_F1CPSAT_Region6_s0.2_r1/converge/th_0.947101/ml-ap-0.947101_6_lru_366.475GB/full_0.2_0.1_cache_perf.txt.lzma,,2026-10-04T07:28:00,806,806,0.3789764868603043,22.62218337218338,30.957362082362117,0,0.8506756857206119
Ea-1.0_F1CPSAT_Region6_s0.3_r1,screen,Ea-1.0,F1CPSAT,Region6_s0.3,1,meta+block+chunk+load,,-1.0,Region6,0.3,D_F1CPSAT_Region6_s0.3_r1,labels/Region6_s0.3_F1CPSAT_s1.npz,0.93425,0.9692178326658905,2,True,35.64367577589655,35.90098096350612,33.110126262607025,34.74891543642031,21.358361304293357,775,"[775, 815, 807, 811, 264]",0.006848492130241499,0.3503501195881721,0.0547945205479452,0.26575342465753427,72.57008075714111,364.34496903419495,988.0906252861023,work/runs/Ea-1.0_F1CPSAT_Region6_s0.3_r1/converge/th_0.934250/ml-ap-0.93425_6_lru_366.475GB/full_0.3_0.1_cache_perf.txt.lzma,,2026-10-04T07:28:39,820,820,0.470188679245283,19.89470020720026,25.20313714063721,0,0.9221962655930639
Ea-1.0_F1CPSAT_Region7_s0_r1,screen,Ea-1.0,F1CPSAT,Region7_s0,1,meta+block+chunk+load,,-1.0,Region7,0.0,D_F1CPSAT_Region7_s0_r1,labels/Region7_s0_F1CPSAT_s1.npz,0.797943,0.8822584939189255,3,True,35.53008056622242,40.08216783212346,33.205229862714496,36.643447293447146,22.288512226436676,646,"[646, 613, 660, 592, 620]",0.016205875983541472,0.2368885078296881,0.17130620985010706,0.550321199143469,60.368104696273804,271.9401433467865,1363.7294895648956,work/runs/Ea-1.0_F1CPSAT_Region7_s0_r1/converge/th_0.797943/ml-ap-0.797943_6_lru_366.475GB/full_0_0.1_cache_perf.txt.lzma,,2026-10-04T07:30:18,1432,1432,0.45996920708237105,22.108602046102092,28.904849779849823,0,0.8524434264494611
Ea-1.0_F1CPSAT_Region7_s0.1_r1,screen,Ea-1.0,F1CPSAT,Region7_s0.1,1,meta+block+chunk+load,,-1.0,Region7,0.1,D_F1CPSAT_Region7_s0.1_r1,labels/Region7_s0.1_F1CPSAT_s1.npz,0.761422,0.8592236223630607,3,True,35.5385164946401,34.05089355094206,31.31971315724816,32.92689717691435,21.75611400397985,621,"[621, 647, 299, 616, 629]",0.037950710210027924,0.2505963692233049,0.0774818401937046,0.576271186440678,97.7761869430542,4.291534423828125e-06,1374.6715342998505,work/runs/Ea-1.0_F1CPSAT_Region7_s0.1_r1/converge/th_0.761422/ml-ap-0.761422_6_lru_366.475GB/full_0.1_0.1_cache_perf.txt.lzma,,2026-10-04T07:30:50,1545,1545,0.5067178502879078,21.776984589484574,27.310266122766112,0,0.8652783938259574
Ea-1.0_F1CPSAT_Region7_s0.2_r2,confirm,Ea-1.0,F1CPSAT,Region7_s0.2,2,meta+block+chunk+load,,-1.0,Region7,0.2,D_F1CPSAT_Region7_s0.2_r2,labels/Region7_s0.2_F1CPSAT_s2.npz,0.723367,0.7418665350414813,2,True,35.39997356431651,37.00407925408542,31.409069541579548,34.62289886039515,22.11981428268255,657,"[657, 613, 620, 255, 660]",0.036880426648929224,0.2397939492917007,0.1259259259259259,0.36790123456790125,83.44709300994873,0.0001544952392578125,929.5273888111115,work/runs/Ea-1.0_F1CPSAT_Region7_s0.2_r2/converge/th_0.723367/ml-ap-0.723367_6_lru_366.475GB/full_0.2_0.1_cache_perf.txt.lzma,,2026-10-04T07:30:58,1665,1665,0.4843193157519601,21.755940818440784,28.05181623931616,0,0.8401301197838998
Ea-1.0_F1CPSAT_Region6_s0.3_r2,confirm,Ea-1.0,F1CPSAT,Region6_s0.3,2,meta+block+chunk+load,,-1.0,Region6,0.3,D_F1CPSAT_Region6_s0.3_r2,labels/Region6_s0.3_F1CPSAT_s2.npz,0.936318,0.9363180254586041,1,True,35.741358335606314,36.82128982130397,32.481097351742534,34.82188552188976,21.33301478884973,815,"[815, 775, 807, 264, 810]",0.0068656562709187964,0.3405813508317656,0.04419889502762431,0.4530386740331492,52.95348525047302,2.1457672119140625e-06,487.51486253738403,work/runs/Ea-1.0_F1CPSAT_Region6_s0.3_r2/converge/th_0.936318/ml-ap-0.936318_6_lru_366.475GB/full_0.3_0.1_cache_perf.txt.lzma,,2026-10-04T07:31:26,878,878,0.5026217228464419,20.01751489251493,25.20313714063721,0,0.9233410334762082
Ea-1.0_F1CPSAT_Region6_s0_r2,confirm,Ea-1.0,F1CPSAT,Region6_s0,2,meta+block+chunk+load,,-1.0,Region6,0.0,D_F1CPSAT_Region6_s0_r2,labels/Region6_s0_F1CPSAT_s2.npz,0.941709,0.9259682022966444,2,True,35.50056386951691,39.31980056976441,34.261413493942406,37.74696969695203,22.18784054509929,712,"[712, 152, 816, 176, 320]",0.0017830409258355901,0.2854272903478051,0.48859934853420195,0.36807817589576547,48.01241946220398,2.6226043701171875e-06,914.2233090400696,work/runs/Ea-1.0_F1CPSAT_Region6_s0_r2/converge/th_0.941709/ml-ap-0.941709_6_lru_366.475GB/full_0_0.1_cache_perf.txt.lzma,,2026-10-04T07:32:38,848,848,0.44286680189317107,20.283087283087326,25.926783864283887,0,0.9062270537979469
Ea-1.0_F1CPSAT_Region7_s0.3_r1,screen,Ea-1.0,F1CPSAT,Region7_s0.3,1,meta+block+chunk+load,,-1.0,Region7,0.3,D_F1CPSAT_Region7_s0.3_r1,labels/Region7_s0.3_F1CPSAT_s1.npz,0.689281,0.770387499127537,3,True,35.36978164477537,42.86829836837148,30.71813714058862,36.67878140378501,21.733464025217593,362,"[362, 252, 636, 622, 635]",0.03723930018780271,0.26893888747077677,0.2465331278890601,0.3574730354391371,120.90339231491089,2.6226043701171875e-06,1420.4949810504913,work/runs/Ea-1.0_F1CPSAT_Region7_s0.3_r1/converge/th_0.689281/ml-ap-0.689281_6_lru_366.475GB/full_0.3_0.1_cache_perf.txt.lzma,,2026-10-04T07:32:40,1525,1525,0.4818494459304547,22.119593369593353,31.676443926443902,0,0.8477694068177555
Ea-1.0_F1CPSAT_Region7_s0.1_r2,confirm,Ea-1.0,F1CPSAT,Region7_s0.1,2,meta+block+chunk+load,,-1.0,Region7,0.1,D_F1CPSAT_Region7_s0.1_r2,labels/Region7_s0.1_F1CPSAT_s2.npz,0.755257,0.8630127613432705,3,True,35.52429481377127,36.72672235185077,31.233594923614362,34.08613701117309,21.77880294284623,386,"[386, 621, 299, 647, 616]",0.0300352069928372,0.24421218614806128,0.3586744639376218,0.1617933723196881,67.82070446014404,2.1457672119140625e-06,1271.467308998108,work/runs/Ea-1.0_F1CPSAT_Region7_s0.1_r2/converge/th_0.755257/ml-ap-0.755257_6_lru_366.475GB/full_0.1_0.1_cache_perf.txt.lzma,,2026-10-04T07:36:26,1526,1526,0.5017301038062284,21.892045454545475,27.310266122766112,0,0.8581108615062641
Ea-1.0_F1CPSAT_Region7_s0_r2,confirm,Ea-1.0,F1CPSAT,Region7_s0,2,meta+block+chunk+load,,-1.0,Region7,0.0,D_F1CPSAT_Region7_s0_r2,labels/Region7_s0_F1CPSAT_s2.npz,0.804355,0.887871069367975,3,True,35.39224790636582,39.73502654748615,33.29929163430036,36.62337477337123,22.33507748600072,646,"[646, 613, 660, 647, 620]",0.015399793065280686,0.24589507570855443,0.17130620985010706,0.563169164882227,70.20063376426697,2.86102294921875e-06,1310.3185811042786,work/runs/Ea-1.0_F1CPSAT_Region7_s0_r2/converge/th_0.804355/ml-ap-0.804355_6_lru_366.475GB/full_0_0.1_cache_perf.txt.lzma,,2026-10-04T07:37:01,1451,1451,0.46728252501924555,22.1244981869982,28.904849779849823,0,0.8616609393904705
Ea-1.0_F1CPSAT_Region7_s0.3_r2,confirm,Ea-1.0,F1CPSAT,Region7_s0.3,2,meta+block+chunk+load,,-1.0,Region7,0.3,D_F1CPSAT_Region7_s0.3_r2,labels/Region7_s0.3_F1CPSAT_s2.npz,0.71698,0.7890288629569113,3,True,35.490462645361,41.128545066107506,30.6109913234665,36.17780691530869,21.622695527726762,362,"[362, 252, 636, 635, 622]",0.03353266778689335,0.28117922101074927,0.2465331278890601,0.386748844375963,77.13948798179626,3.814697265625e-06,1355.442463874817,work/runs/Ea-1.0_F1CPSAT_Region7_s0.3_r2/converge/th_0.716980/ml-ap-0.71698_6_lru_366.475GB/full_0.3_0.1_cache_perf.txt.lzma,,2026-10-04T07:38:41,1624,1624,0.5249233128834356,22.119593369593353,31.676443926443902,0,0.8577020130616844
Ea-1.0_F1CPSAT_Region7_s0.1_r3,confirm,Ea-1.0,F1CPSAT,Region7_s0.1,3,meta+block+chunk+load,,-1.0,Region7,0.1,D_F1CPSAT_Region7_s0.1_r3,labels/Region7_s0.1_F1CPSAT_s3.npz,0.769906,0.7579652308486402,2,True,35.4481669926499,34.37653781408564,31.213800181319076,33.16991064492851,21.728105501909464,621,"[621, 299, 616, 647, 629]",0.04192060216098094,0.25717462499494603,0.0774818401937046,0.5447941888619855,53.504008531570435,3.337860107421875e-06,902.5439786911011,work/runs/Ea-1.0_F1CPSAT_Region7_s0.1_r3/converge/th_0.769906/ml-ap-0.769906_6_lru_366.475GB/full_0.1_0.1_cache_perf.txt.lzma,,2026-10-04T07:40:48,1627,1627,0.5423402617397999,21.90114283864288,27.310266122766112,0,0.8681121479618009
Ea-1.0_F1CPSAT_Region7_s0.3_r3,confirm,Ea-1.0,F1CPSAT,Region7_s0.3,3,meta+block+chunk+load,,-1.0,Region7,0.3,D_F1CPSAT_Region7_s0.3_r3,labels/Region7_s0.3_F1CPSAT_s3.npz,0.690821,0.7045639450661838,2,True,35.76340667614825,43.59874384882202,30.630756280764096,36.85408249158715,21.567738967201894,362,"[362, 252, 636, 635, 622]",0.047358406642285265,0.2928968789377935,0.2465331278890601,0.22650231124807396,69.21467232704163,3.337860107421875e-06,893.4864089488983,work/runs/Ea-1.0_F1CPSAT_Region7_s0.3_r3/converge/th_0.690821/ml-ap-0.690821_6_lru_366.475GB/full_0.3_0.1_cache_perf.txt.lzma,,2026-10-04T07:43:32,1670,1670,0.5296577946768061,22.119593369593353,31.676443926443902,0,0.8649854729175565
Ea-1.0_F1CPSAT_Region7_s0.2_r3,confirm,Ea-1.0,F1CPSAT,Region7_s0.2,3,meta+block+chunk+load,,-1.0,Region7,0.2,D_F1CPSAT_Region7_s0.2_r3,labels/Region7_s0.2_F1CPSAT_s3.npz,0.670471,0.678965502884239,2,True,35.694865286768604,37.17872636623396,31.663047785550674,34.788597513589906,22.1360297712013,657,"[657, 613, 255, 620, 295]",0.042106638476796805,0.24477459141265798,0.1259259259259259,0.36790123456790125,75.6240668296814,3.337860107421875e-06,976.5870752334595,work/runs/Ea-1.0_F1CPSAT_Region7_s0.2_r3/converge/th_0.670471/ml-ap-0.670471_6_lru_366.475GB/full_0.2_0.1_cache_perf.txt.lzma,,2026-10-04T07:44:17,1552,1552,0.46599131693198265,21.70146982646985,28.05181623931616,0,0.8436146379114614
Ea-1.0_F1CPSAT_Region6_s0.1_r2,confirm,Ea-1.0,F1CPSAT,Region6_s0.1,2,meta+block+chunk+load,,-1.0,Region6,0.1,D_F1CPSAT_Region6_s0.1_r2,labels/Region6_s0.1_F1CPSAT_s2.npz,1.0001,0.9542255806736648,7,False,36.701027650525205,44.31782569295811,32.165211732737625,37.46632672885413,21.044774290226602,293,"[293, 280, 219, 808, 150]",0.006695789172156975,0.3272417123949278,0.3955094991364421,0.07426597582037997,45.48444199562073,4.0531158447265625e-06,1595.6397869586945,work/runs/Ea-1.0_F1CPSAT_Region6_s0.1_r2/converge/th_1.000100/ml-ap-1.0001_6_lru_366.475GB/full_0.1_0.1_cache_perf.txt.lzma,,2026-10-04T07:44:28,657,657,0.3421250941974378,21.385246697746744,27.090504403004452,0,0.8574773976714531
Ea-1.0_F1CPSAT_Region6_s0.1_r3,confirm,Ea-1.0,F1CPSAT,Region6_s0.1,3,meta+block+chunk+load,,-1.0,Region6,0.1,D_F1CPSAT_Region6_s0.1_r3,labels/Region6_s0.1_F1CPSAT_s3.npz,0.948706,0.9702999633736908,2,True,35.604694197840296,35.51612276612769,30.832016964506813,33.67296361046951,20.83921126146696,280,"[280, 808, 150, 283, 817]",0.008468203953022056,0.35339211213186184,0.3933333333333333,0.58,41.53093862533569,1.430511474609375e-06,884.1918485164642,work/runs/Ea-1.0_F1CPSAT_Region6_s0.1_r3/converge/th_0.948706/ml-ap-0.948706_6_lru_366.475GB/full_0.1_0.1_cache_perf.txt.lzma,,2026-10-04T07:45:34,818,818,0.42584434654919234,21.385246697746744,27.090504403004452,0,0.865978946735064
Ea-1.0_F1CPSAT_Region6_s0_r1,screen,Ea-1.0,F1CPSAT,Region6_s0,1,meta+block+chunk+load,,-1.0,Region6,0.0,D_F1CPSAT_Region6_s0_r1,labels/Region6_s0_F1CPSAT_s1.npz,0.851647,0.8602035990916193,2,True,35.503073674488334,42.46378852624949,34.57535483039274,38.71036648536361,22.137904429805864,712,"[712, 152, 816, 176, 806]",0.0053154804958872315,0.2892372578216636,0.48859934853420195,0.2996742671009772,57.78333044052124,7.152557373046875e-07,2209.918368577957,work/runs/Ea-1.0_F1CPSAT_Region6_s0_r1/converge/th_0.851647/ml-ap-0.851647_6_lru_366.475GB/full_0_0.1_cache_perf.txt.lzma,,2026-10-04T07:46:26,847,847,0.4334677419354839,20.285207847707845,25.926783864283887,0,0.8998487495500583
Ea-1.0_F1CPSAT_Region6_s0.2_r3,confirm,Ea-1.0,F1CPSAT,Region6_s0.2,3,meta+block+chunk+load,,-1.0,Region6,0.2,D_F1CPSAT_Region6_s0.2_r3,labels/Region6_s0.2_F1CPSAT_s3.npz,0.939422,0.92405617935583,2,True,35.39654402205829,36.188147500598475,32.61097966847227,34.530523180515715,22.806367758951158,457,"[457, 153, 814, 788, 813]",0.0010715109953512907,0.2771242101762554,0.39766081871345027,0.31140350877192985,49.000850439071655,3.0994415283203125e-06,980.912627696991,work/runs/Ea-1.0_F1CPSAT_Region6_s0.2_r3/converge/th_0.939422/ml-ap-0.939422_6_lru_366.475GB/full_0.2_0.1_cache_perf.txt.lzma,,2026-10-04T07:47:19,751,751,0.34559333795975017,22.744965682465732,30.957362082362117,0,0.8350963771074474
Ea-1.0_F1CPSAT_Region7_s0_r3,confirm,Ea-1.0,F1CPSAT,Region7_s0,3,meta+block+chunk+load,,-1.0,Region7,0.0,D_F1CPSAT_Region7_s0_r3,labels/Region7_s0_F1CPSAT_s3.npz,0.73394,0.7133520911447704,3,True,35.548904449966116,39.72693278939442,33.6674352499423,36.78962703963166,22.394361445929473,646,"[646, 613, 660, 592, 282]",0.022570321711302004,0.24044341270868383,0.17130620985010706,0.5995717344753747,62.52027177810669,3.0994415283203125e-06,1340.8308930397034,work/runs/Ea-1.0_F1CPSAT_Region7_s0_r3/converge/th_0.733940/ml-ap-0.73394_6_lru_366.475GB/full_0_0.1_cache_perf.txt.lzma,,2026-10-04T07:47:22,1434,1434,0.45458029896512075,22.113992488992523,28.904849779849823,0,0.8474212740696517
Ea-1.0_F1CPSAT_Region6_s0.2_r2,confirm,Ea-1.0,F1CPSAT,Region6_s0.2,2,meta+block+chunk+load,,-1.0,Region6,0.2,D_F1CPSAT_Region6_s0.2_r2,labels/Region6_s0.2_F1CPSAT_s2.npz,0.939597,0.9340931349433959,2,True,35.62868816391133,34.606125356116074,31.856916601930738,33.65540986791754,22.73447157949359,153,"[153, 788, 814, 815, 803]",0.004104711351422637,0.2892833388759561,0.04199475065616798,0.4304461942257218,50.41733169555664,6.4373016357421875e-06,1597.023626089096,work/runs/Ea-1.0_F1CPSAT_Region6_s0.2_r2/converge/th_0.939597/ml-ap-0.939597_6_lru_366.475GB/full_0.2_0.1_cache_perf.txt.lzma,,2026-10-04T07:48:50,811,811,0.38147892190739463,22.692242942242988,30.957362082362117,0,0.8367477837799622
Ea-1.0_F1CPSAT_Region6_s0.3_r3,confirm,Ea-1.0,F1CPSAT,Region6_s0.3,3,meta+block+chunk+load,,-1.0,Region6,0.3,D_F1CPSAT_Region6_s0.3_r3,labels/Region6_s0.3_F1CPSAT_s3.npz,0.957691,0.938253867905587,2,True,35.5920106961357,36.29441854443864,32.811182012431274,34.991721704241435,21.276943151718903,775,"[775, 815, 777, 810, 807]",0.004805959389643157,0.343784090862311,0.0547945205479452,0.3095890410958904,58.20063495635986,3.5762786865234375e-06,1070.0287120342255,work/runs/Ea-1.0_F1CPSAT_Region6_s0.3_r3/converge/th_0.957691/ml-ap-0.957691_6_lru_366.475GB/full_0.3_0.1_cache_perf.txt.lzma,,2026-10-04T07:49:16,844,844,0.5041952707856598,19.908249158249184,25.20313714063721,0,0.9292563516551935
Ea-1.0_F1CPSAT_Region6_s0_r3,confirm,Ea-1.0,F1CPSAT,Region6_s0,3,meta+block+chunk+load,,-1.0,Region6,0.0,D_F1CPSAT_Region6_s0_r3,labels/Region6_s0_F1CPSAT_s3.npz,0.926821,0.9535363209433854,3,True,35.562263241731024,39.64928127427661,34.33711214708886,37.81968725718185,22.10539251518683,152,"[152, 816, 712, 176, 807]",0.003700650978149338,0.31690111553851147,0.042134831460674156,0.4101123595505618,53.54938745498657,3.0994415283203125e-06,1479.714424610138,work/runs/Ea-1.0_F1CPSAT_Region6_s0_r3/converge/th_0.926821/ml-ap-0.926821_6_lru_366.475GB/full_0_0.1_cache_perf.txt.lzma,,2026-10-04T07:54:58,898,898,0.4766734279918864,20.294191919191885,25.926783864283887,0,0.909184004468239
C_F1EIM_Region6_s0.3_r4,confirm,C,F1EIM,Region6_s0.3,4,meta+block+chunk,,,Region6,0.3,C_F1EIM_Region6_s0.3_r4,labels/Region6_s0.3_F1EIM_s4.npz,0.530562,0.5136809968389571,2,True,35.49872071405742,37.9112762237873,32.69880131443537,35.56245143745926,21.17375624776907,815,"[815, 775, 777, 264, 807]",0.0031925301659772405,0.3483288530650387,0.04419889502762431,0.36187845303867405,44.2168447971344,2.1457672119140625e-06,1115.2671947479248,work/runs/C_F1EIM_Region6_s0.3_r4/converge/th_0.530562/ml-ap-0.530562_6_lru_366.475GB/full_0.3_0.1_cache_perf.txt.lzma,,2026-10-04T07:55:02,653,653,0.3774168600154679,19.91975848225847,25.20313714063721,0,0.9154863896090522
Aa-1.0_baleen_Region7_s0.2_r1,control,Aa-1.0,baleen,Region7_s0.2,1,meta+block+chunk,,-1.0,Region7,0.2,A_baleen_Region7_s0.2_r1,,0.95583,0.9999999995343387,2,True,35.78333280350423,36.890135327635356,32.55578800827998,34.92732776482006,21.60041533787457,657,"[657, 613, 620, 660, 295]",0.05938877077122258,0.3052654243498962,0.1259259259259259,0.37037037037037035,119.88416123390198,3.337860107421875e-06,944.3700535297394,work/runs/Aa-1.0_baleen_Region7_s0.2_r1/converge/th_0.955830/ml-ap-0.95583_6_lru_366.475GB/full_0.2_0.1_cache_perf.txt.lzma,,2026-10-04T07:56:32,,,,,,,
Aa-1.0_baleen_Region7_s0_r1,control,Aa-1.0,baleen,Region7_s0,1,meta+block+chunk,,-1.0,Region7,0.0,A_baleen_Region7_s0_r1,,0.892228,0.9728827863000333,3,True,35.66582168344084,39.5715164464613,34.35299145299866,36.58563519812429,21.569337546099472,646,"[646, 660, 613, 282, 674]",0.07163309993021968,0.31718729778698074,0.17130620985010706,0.4004282655246253,66.2702648639679,32.51969003677368,1350.2283420562744,work/runs/Aa-1.0_baleen_Region7_s0_r1/converge/th_0.892228/ml-ap-0.892228_6_lru_366.475GB/full_0_0.1_cache_perf.txt.lzma,,2026-10-04T07:59:31,,,,,,,
Aa-1.0_baleen_Region6_s0.1_r1,control,Aa-1.0,baleen,Region6_s0.1,1,meta+block+chunk,,-1.0,Region6,0.1,A_baleen_Region6_s0.1_r1,,0.9999,0.9999999995343387,7,False,48.22946957706041,38.68108974362865,31.00317922816418,35.84584304587248,20.21423458439827,280,"[280, 219, 284, 293, 808]",0.02003365797765683,0.4210288344945229,0.3933333333333333,0.2733333333333333,70.6331901550293,109.19250845909119,942.1702170372009,work/runs/Aa-1.0_baleen_Region6_s0.1_r1/converge/th_0.999900/ml-ap-0.9999_6_lru_366.475GB/full_0.1_0.1_cache_perf.txt.lzma,,2026-10-04T08:00:10,,,,,,,
Aa-1.0_baleen_Region6_s0_r1,control,Aa-1.0,baleen,Region6_s0,1,meta+block+chunk,,-1.0,Region6,0.0,A_baleen_Region6_s0_r1,,1.0001,0.9999999995343387,7,False,51.78731578031509,42.50110075107024,34.24057951309579,37.973365060868765,21.692656416564734,712,"[712, 152, 816, 776, 806]",0.021194637420309845,0.3722246716190698,0.48859934853420195,0.249185667752443,80.2290301322937,78.36364412307739,964.375025510788,work/runs/Aa-1.0_baleen_Region6_s0_r1/converge/th_1.000100/ml-ap-1.0001_6_lru_366.475GB/full_0_0.1_cache_perf.txt.lzma,,2026-10-04T08:00:21,,,,,,,
Aa-1.0_baleen_Region7_s0.3_r1,control,Aa-1.0,baleen,Region7_s0.3,1,meta+block+chunk,,-1.0,Region7,0.3,A_baleen_Region7_s0.3_r1,,0.808843,0.9419793230481446,2,True,35.40972977495189,36.33977596480888,30.237092722105718,35.34909997409798,20.950535979470256,362,"[362, 636, 252, 622, 635]",0.10529307106849857,0.36481542257715543,0.2465331278890601,0.5254237288135594,118.06697273254395,60.81491041183472,1040.5456159114838,work/runs/Aa-1.0_baleen_Region7_s0.3_r1/converge/th_0.808843/ml-ap-0.808843_6_lru_366.475GB/full_0.3_0.1_cache_perf.txt.lzma,,2026-10-04T08:00:53,,,,,,,
Aa-1.0_baleen_Region7_s0.1_r1,control,Aa-1.0,baleen,Region7_s0.1,1,meta+block+chunk,,-1.0,Region7,0.1,A_baleen_Region7_s0.1_r1,,0.804615,0.9186260900460184,2,True,35.595821502846846,35.47981416736295,31.50205581455495,34.229176379185404,21.115304797448537,621,"[621, 616, 299, 647, 661]",0.0949860386062887,0.35435652771600695,0.0774818401937046,0.41404358353510895,84.2323350906372,3.0994415283203125e-06,1371.686193704605,work/runs/Aa-1.0_baleen_Region7_s0.1_r1/converge/th_0.804615/ml-ap-0.804615_6_lru_366.475GB/full_0.1_0.1_cache_perf.txt.lzma,,2026-10-04T08:01:32,,,,,,,
Aa-1.0_baleen_Region6_s0.3_r1,control,Aa-1.0,baleen,Region6_s0.3,1,meta+block+chunk,,-1.0,Region6,0.3,A_baleen_Region6_s0.3_r1,,1.0001,0.9999999995343387,7,False,50.86521229118522,35.819444444457446,32.17238474488928,34.71876780627794,20.810768847738427,815,"[815, 775, 807, 264, 777]",0.016803693723073755,0.40729961262488834,0.04419889502762431,0.511049723756906,67.74190306663513,79.63809204101562,989.0892386436462,work/runs/Aa-1.0_baleen_Region6_s0.3_r1/converge/th_1.000100/ml-ap-1.0001_6_lru_366.475GB/full_0.3_0.1_cache_perf.txt.lzma,,2026-10-04T08:02:55,,,,,,,
Aa-1.0_baleen_Region7_s0.2_r2,control,Aa-1.0,baleen,Region7_s0.2,2,meta+block+chunk,,-1.0,Region7,0.2,A_baleen_Region7_s0.2_r2,,0.919364,0.9025477296672761,2,True,35.52483197446112,36.882672882675834,32.5778399378313,34.85018453767831,21.52241403573831,657,"[657, 613, 620, 660, 295]",0.06911665142354884,0.3150235828935662,0.1259259259259259,0.3654320987654321,99.49443769454956,141.50310349464417,968.4363853931427,work/runs/Aa-1.0_baleen_Region7_s0.2_r2/converge/th_0.919364/ml-ap-0.919364_6_lru_366.475GB/full_0.2_0.1_cache_perf.txt.lzma,,2026-10-04T08:04:59,,,,,,,
Aa-1.0_baleen_Region7_s0.3_r2,control,Aa-1.0,baleen,Region7_s0.3,2,meta+block+chunk,,-1.0,Region7,0.3,A_baleen_Region7_s0.3_r2,,0.816737,0.9565634583123028,2,True,35.340500292813516,36.00539044286413,30.036267806281266,35.07019878269522,20.93634844703841,252,"[252, 636, 362, 622, 635]",0.10439112385094396,0.36331627547030676,0.08616187989556136,0.28720626631853785,137.67855739593506,5.7220458984375e-06,959.8519852161407,work/runs/Aa-1.0_baleen_Region7_s0.3_r2/converge/th_0.816737/ml-ap-0.816737_6_lru_366.475GB/full_0.3_0.1_cache_perf.txt.lzma,,2026-10-04T08:05:16,,,,,,,
Aa-1.0_baleen_Region7_s0_r3,control,Aa-1.0,baleen,Region7_s0,3,meta+block+chunk,,-1.0,Region7,0.0,A_baleen_Region7_s0_r3,,0.890985,0.8909849910996854,1,True,35.45562164830292,39.57897889142714,34.21880147632081,36.60716783216016,21.57992748371151,646,"[646, 660, 613, 636, 282]",0.0663514521523617,0.3141783680600492,0.17130620985010706,0.3875802997858672,121.83273983001709,1.430511474609375e-06,458.5019109249115,work/runs/Aa-1.0_baleen_Region7_s0_r3/converge/th_0.890985/ml-ap-0.890985_6_lru_366.475GB/full_0_0.1_cache_perf.txt.lzma,,2026-10-04T08:07:48,,,,,,,
Aa-1.0_baleen_Region7_s0_r2,control,Aa-1.0,baleen,Region7_s0,2,meta+block+chunk,,-1.0,Region7,0.0,A_baleen_Region7_s0_r2,,0.897214,0.7948272856883705,3,True,35.56689171665454,39.790679228124866,34.277205387237345,36.77983359232342,21.594009996548202,646,"[646, 660, 613, 282, 674]",0.061154021992829474,0.31209557396143395,0.17130620985010706,0.3897216274089936,106.3312497138977,122.8308334350586,1355.2270290851593,work/runs/Aa-1.0_baleen_Region7_s0_r2/converge/th_0.897214/ml-ap-0.897214_6_lru_366.475GB/full_0_0.1_cache_perf.txt.lzma,,2026-10-04T08:09:54,,,,,,,
Aa-1.0_baleen_Region6_s0.1_r2,control,Aa-1.0,baleen,Region6_s0.1,2,meta+block+chunk,,-1.0,Region6,0.1,A_baleen_Region6_s0.1_r2,,1.0001,0.9999999995343387,7,False,47.42175500356382,38.05003561257397,31.353223258207,34.92602628855103,20.216347444292328,280,"[280, 219, 293, 808, 284]",0.01851188771125752,0.42026840947859506,0.3933333333333333,0.2822222222222222,79.4698097705841,1.430511474609375e-06,929.1450221538544,work/runs/Aa-1.0_baleen_Region6_s0.1_r2/converge/th_1.000100/ml-ap-1.0001_6_lru_366.475GB/full_0.1_0.1_cache_perf.txt.lzma,,2026-10-04T08:10:31,,,,,,,
C_F1PT_Region7_s0_r4,confirm,C,F1PT,Region7_s0,4,meta+block+chunk,,,Region7,0.0,C_F1PT_Region7_s0_r4,labels/Region7_s0_F1PT_s4.npz,0.423536,0.4064830611459911,4,True,35.94044123183495,41.06251618745521,34.55166407667186,37.927774540264004,22.05110201496518,646,"[646, 660, 282, 636, 613]",0.008421761832575375,0.2776586967775333,0.17130620985010706,0.29336188436830835,53.362610816955566,2.86102294921875e-06,2285.763261318207,work/runs/C_F1PT_Region7_s0_r4/converge/th_0.423536/ml-ap-0.423536_6_lru_366.475GB/full_0_0.1_cache_perf.txt.lzma,,2026-10-04T08:10:44,1464,1464,0.4588100686498856,22.128027065527064,28.904849779849823,0,0.8514815467998358
Aa-1.0_baleen_Region6_s0_r2,control,Aa-1.0,baleen,Region6_s0,2,meta+block+chunk,,-1.0,Region6,0.0,A_baleen_Region6_s0_r2,,1.0001,0.9999999995343387,7,False,52.723473034655385,42.310897435866245,34.21546814298516,37.88258870759203,21.686302522315188,712,"[712, 152, 816, 776, 806]",0.018065905229692678,0.3739757592899152,0.48859934853420195,0.249185667752443,75.72715711593628,159.14802598953247,974.2335674762726,work/runs/Aa-1.0_baleen_Region6_s0_r2/converge/th_1.000100/ml-ap-1.0001_6_lru_366.475GB/full_0_0.1_cache_perf.txt.lzma,,2026-10-04T08:11:12,,,,,,,
Aa-1.0_baleen_Region6_s0.3_r2,control,Aa-1.0,baleen,Region6_s0.3,2,meta+block+chunk,,-1.0,Region6,0.3,A_baleen_Region6_s0.3_r2,,1.0001,0.9999999995343387,7,False,51.17248355502603,36.219421781940696,32.37028862342007,34.92642126394222,20.803896012153743,775,"[775, 815, 807, 777, 810]",0.016288769502754846,0.4056776594474656,0.0547945205479452,0.3424657534246575,86.6409900188446,3.0994415283203125e-06,941.1025235652924,work/runs/Aa-1.0_baleen_Region6_s0.3_r2/converge/th_1.000100/ml-ap-1.0001_6_lru_366.475GB/full_0.3_0.1_cache_perf.txt.lzma,,2026-10-04T08:15:12,,,,,,,
Aa-1.0_baleen_Region6_s0.2_r2,control,Aa-1.0,baleen,Region6_s0.2,2,meta+block+chunk,,-1.0,Region6,0.2,A_baleen_Region6_s0.2_r2,,1.0001,0.9999999995343387,7,False,48.64130843967347,33.62491906243029,31.71669645170006,33.1076987827112,22.057964667862702,788,"[788, 153, 813, 814, 803]",0.018545382611849265,0.36126538077818426,0.02631578947368421,0.6228070175438597,88.56366872787476,1.430511474609375e-06,1270.28684258461,work/runs/Aa-1.0_baleen_Region6_s0.2_r2/converge/th_1.000100/ml-ap-1.0001_6_lru_366.475GB/full_0.2_0.1_cache_perf.txt.lzma,,2026-10-04T08:17:43,,,,,,,
Aa-1.0_baleen_Region7_s0.2_r3,control,Aa-1.0,baleen,Region7_s0.2,3,meta+block+chunk,,-1.0,Region7,0.2,A_baleen_Region7_s0.2_r3,,0.889485,0.9220668287016451,2,True,35.8190962677165,36.84157277908079,32.49075563324773,34.79962444962039,21.459035260460713,657,"[657, 613, 660, 620, 295]",0.08116069413595277,0.32303079791836786,0.1259259259259259,0.35802469135802467,130.43376684188843,2.4580838680267334,1013.2746591567993,work/runs/Aa-1.0_baleen_Region7_s0.2_r3/converge/th_0.889485/ml-ap-0.889485_6_lru_366.475GB/full_0.2_0.1_cache_perf.txt.lzma,,2026-10-04T08:17:46,,,,,,,
Aa-1.0_baleen_Region7_s0.1_r2,control,Aa-1.0,baleen,Region7_s0.1,2,meta+block+chunk,,-1.0,Region7,0.1,A_baleen_Region7_s0.1_r2,,0.793693,0.9329961114563048,3,True,35.586410096389535,36.23442760947539,31.241585081583526,34.33141025641972,21.095870441261834,621,"[621, 299, 647, 616, 661]",0.10562097851159402,0.3595722314316905,0.0774818401937046,0.41646489104116224,112.98929214477539,71.95230507850647,1879.2937874794006,work/runs/Aa-1.0_baleen_Region7_s0.1_r2/converge/th_0.793693/ml-ap-0.793693_6_lru_366.475GB/full_0.1_0.1_cache_perf.txt.lzma,,2026-10-04T08:18:41,,,,,,,
Aa-1.0_baleen_Region6_s0.1_r3,control,Aa-1.0,baleen,Region6_s0.1,3,meta+block+chunk,,-1.0,Region6,0.1,A_baleen_Region6_s0.1_r3,,1.0001,0.9999999995343387,7,False,47.64721235991527,36.734573297100795,31.152185962170844,34.6044256669486,20.213542772085535,280,"[280, 219, 293, 808, 817]",0.020821397880263534,0.4221838584376349,0.3933333333333333,0.3711111111111111,74.74664306640625,1.9073486328125e-06,857.8803853988647,work/runs/Aa-1.0_baleen_Region6_s0.1_r3/converge/th_1.000100/ml-ap-1.0001_6_lru_366.475GB/full_0.1_0.1_cache_perf.txt.lzma,,2026-10-04T08:19:17,,,,,,,
Aa-1.0_baleen_Region6_s0_r3,control,Aa-1.0,baleen,Region6_s0,3,meta+block+chunk,,-1.0,Region6,0.0,A_baleen_Region6_s0_r3,,1.0001,0.9999999995343387,7,False,53.01419211051173,42.44507575754353,33.97950336701359,37.95879629629966,21.645871420483296,712,"[712, 152, 816, 776, 806]",0.023583239415297146,0.3770204057864921,0.48859934853420195,0.247557003257329,96.96543097496033,7.152557373046875e-07,1031.0491609573364,work/runs/Aa-1.0_baleen_Region6_s0_r3/converge/th_1.000100/ml-ap-1.0001_6_lru_366.475GB/full_0_0.1_cache_perf.txt.lzma,,2026-10-04T08:20:06,,,,,,,
Aa-1.0_baleen_Region7_s0.1_r3,control,Aa-1.0,baleen,Region7_s0.1,3,meta+block+chunk,,-1.0,Region7,0.1,A_baleen_Region7_s0.1_r3,,0.807429,0.7203250513412058,3,True,35.53977134883441,35.96265540020298,31.304949494948758,34.24280950531806,21.12044663956289,621,"[621, 299, 647, 616, 661]",0.09395410950588806,0.3557271661343145,0.0774818401937046,0.4067796610169492,135.7921621799469,1.430511474609375e-06,1264.8568406105042,work/runs/Aa-1.0_baleen_Region7_s0.1_r3/converge/th_0.807429/ml-ap-0.807429_6_lru_366.475GB/full_0.1_0.1_cache_perf.txt.lzma,,2026-10-04T08:21:26,,,,,,,
C_F1PT_Region7_s0.1_r4,confirm,C,F1PT,Region7_s0.1,4,meta+block+chunk,,,Region7,0.1,C_F1PT_Region7_s0.1_r4,labels/Region7_s0.1_F1PT_s4.npz,0.418672,0.43245903635397553,7,False,36.02665477622603,36.71422558926872,32.92751813005309,35.354247604254844,21.474687032488152,621,"[621, 616, 647, 299, 661]",0.01723928614786937,0.3259855254113937,0.0774818401937046,0.3414043583535109,57.41381096839905,2.6226043701171875e-06,2951.8818180561066,work/runs/C_F1PT_Region7_s0.1_r4/converge/th_0.418672/ml-ap-0.418672_6_lru_366.475GB/full_0.1_0.1_cache_perf.txt.lzma,,2026-10-04T08:21:52,1539,1539,0.49580152671755723,21.829594017094024,27.310266122766112,0,0.8631351188697528
Aa-1.0_baleen_Region6_s0.3_r3,control,Aa-1.0,baleen,Region6_s0.3,3,meta+block+chunk,,-1.0,Region6,0.3,A_baleen_Region6_s0.3_r3,,0.9999,0.9999999995343387,7,False,51.653993731582545,36.060104247616835,32.325204610188024,34.78146853149029,20.817970335500345,815,"[815, 775, 807, 777, 810]",0.01888055474502669,0.4054882943556853,0.04419889502762431,0.5027624309392266,55.50164294242859,66.63480305671692,847.1960093975067,work/runs/Aa-1.0_baleen_Region6_s0.3_r3/converge/th_0.999900/ml-ap-0.9999_6_lru_366.475GB/full_0.3_0.1_cache_perf.txt.lzma,,2026-10-04T08:21:55,,,,,,,
Aa-1.0_baleen_Region7_s0.3_r3,control,Aa-1.0,baleen,Region7_s0.3,3,meta+block+chunk,,-1.0,Region7,0.3,A_baleen_Region7_s0.3_r3,,0.82558,0.742257562931627,3,True,35.41642265540032,35.688471250944495,30.176680911688862,34.74448005697426,20.96119374144675,252,"[252, 636, 622, 635, 362]",0.10027676188593457,0.3622830794912624,0.08616187989556136,0.2924281984334204,121.76524066925049,1.1920928955078125e-06,1249.4507443904877,work/runs/Aa-1.0_baleen_Region7_s0.3_r3/converge/th_0.825580/ml-ap-0.82558_6_lru_366.475GB/full_0.3_0.1_cache_perf.txt.lzma,,2026-10-04T08:22:22,,,,,,,
Aa-1.0_baleen_Region6_s0.2_r1,control,Aa-1.0,baleen,Region6_s0.2,1,meta+block+chunk,,-1.0,Region6,0.2,A_baleen_Region6_s0.2_r1,,1.0001,0.9999999995343387,7,False,47.97791995502678,35.85682141928188,31.791950271937267,33.58357290857399,22.075282957015652,457,"[457, 788, 153, 814, 803]",0.01831459562823514,0.35786913867642167,0.39766081871345027,0.4064327485380117,83.49990701675415,98.14491367340088,2306.930264234543,work/runs/Aa-1.0_baleen_Region6_s0.2_r1/converge/th_1.000100/ml-ap-1.0001_6_lru_366.475GB/full_0.2_0.1_cache_perf.txt.lzma,,2026-10-04T08:24:01,,,,,,,
Aa-1.0_baleen_Region6_s0.2_r3,control,Aa-1.0,baleen,Region6_s0.2,3,meta+block+chunk,,-1.0,Region6,0.2,A_baleen_Region6_s0.2_r3,,1.0001,0.9999999995343387,7,False,48.3558338868542,35.767158767119625,31.947342009838795,33.73603664852619,22.094058445237234,457,"[457, 788, 153, 453, 813]",0.022007187366061127,0.35774442966411707,0.39766081871345027,0.39766081871345027,75.00573229789734,7.152557373046875e-07,1145.4959752559662,work/runs/Aa-1.0_baleen_Region6_s0.2_r3/converge/th_1.000100/ml-ap-1.0001_6_lru_366.475GB/full_0.2_0.1_cache_perf.txt.lzma,,2026-10-04T08:24:22,,,,,,,
Bx-1.0_baleen_Region6_s0.1_r2,control,Bx-1.0,baleen,Region6_s0.1,2,meta+block+chunk+load,,-1.0,Region6,0.1,B_baleen_Region6_s0.1_r2,,1.237775,1.3023553807288408,2,True,35.82074006900083,42.46361046374621,31.79306980058131,37.70676638180837,20.577169001917305,293,"[293, 280, 219, 284, 808]",0.00941707247207104,0.34607147995149723,0.3955094991364421,0.10880829015544041,94.27023768424988,2.86102294921875e-06,933.0931060314178,work/runs/Bx-1.0_baleen_Region6_s0.1_r2/converge/th_1.237775/ml-ap-1.23778_6_lru_366.475GB/full_0.1_0.1_cache_perf.txt.lzma,,2026-10-04T08:41:59,,,,,,,
Bx-1.0_baleen_Region6_s0.3_r3,control,Bx-1.0,baleen,Region6_s0.3,3,meta+block+chunk+load,,-1.0,Region6,0.3,B_baleen_Region6_s0.3_r3,,1.24104,1.3205390069633722,2,True,35.93651428466246,36.818505568520415,32.52113603988815,35.15443537944562,21.17259194356842,815,"[815, 775, 264, 777, 810]",0.00724326736581933,0.32370315786873705,0.04419889502762431,0.46685082872928174,72.60897564888,100.38924193382263,954.6293385028839,work/runs/Bx-1.0_baleen_Region6_s0.3_r3/converge/th_1.241040/ml-ap-1.24104_6_lru_366.475GB/full_0.3_0.1_cache_perf.txt.lzma,,2026-10-04T08:42:20,,,,,,,
Bx-1.0_baleen_Region6_s0.1_r1,control,Bx-1.0,baleen,Region6_s0.1,1,meta+block+chunk+load,,-1.0,Region6,0.1,B_baleen_Region6_s0.1_r1,,1.245531,1.3075576778501272,2,True,35.7134491378243,42.81695156708808,31.75321419322109,37.56904623158815,20.55672940666831,293,"[293, 280, 219, 284, 808]",0.009954167860211974,0.34799926012701154,0.3955094991364421,0.10189982728842832,85.96489524841309,104.38955187797546,965.7762401103973,work/runs/Bx-1.0_baleen_Region6_s0.1_r1/converge/th_1.245531/ml-ap-1.24553_6_lru_366.475GB/full_0.1_0.1_cache_perf.txt.lzma,,2026-10-04T08:42:31,,,,,,,
Bx-1.0_baleen_Region6_s0.3_r2,control,Bx-1.0,baleen,Region6_s0.3,2,meta+block+chunk+load,,-1.0,Region6,0.3,B_baleen_Region6_s0.3_r2,,1.279776,1.352651322260499,2,True,35.83548499913822,36.122927997949034,32.447865190349056,35.06459466460388,21.190535919258824,775,"[775, 815, 264, 807, 777]",0.008118638540361477,0.31539579362498305,0.0547945205479452,0.28493150684931506,92.0426893234253,1.1920928955078125e-06,994.2366139888763,work/runs/Bx-1.0_baleen_Region6_s0.3_r2/converge/th_1.279776/ml-ap-1.27978_6_lru_366.475GB/full_0.3_0.1_cache_perf.txt.lzma,,2026-10-04T08:43:00,,,,,,,
Ax-1.0_baleen_Region6_s0.3_r1,control,Ax-1.0,baleen,Region6_s0.3,1,meta+block+chunk,,-1.0,Region6,0.3,A_baleen_Region6_s0.3_r1,,1.242602,1.3577634897083044,2,True,35.713957018000364,36.29694379696326,32.310509421131854,35.2226754726846,21.17832302727776,775,"[775, 815, 264, 777, 807]",0.00724326736581933,0.3282067537471647,0.0547945205479452,0.29041095890410956,67.74190306663513,79.63809204101562,1001.3260922431946,work/runs/Ax-1.0_baleen_Region6_s0.3_r1/converge/th_1.242602/ml-ap-1.2426_6_lru_366.475GB/full_0.3_0.1_cache_perf.txt.lzma,,2026-10-04T08:43:07,,,,,,,
Bx-1.0_baleen_Region6_s0.2_r1,control,Bx-1.0,baleen,Region6_s0.2,1,meta+block+chunk+load,,-1.0,Region6,0.2,B_baleen_Region6_s0.2_r1,,1.198433,1.2847100254148245,2,True,35.91855463292783,36.07446257442209,32.05962315463079,34.158469308465556,22.306100902150103,457,"[457, 814, 788, 153, 813]",0.005489433253107382,0.29955520452278017,0.39766081871345027,0.34502923976608185,105.68980431556702,6.4373016357421875e-06,1054.504324913025,work/runs/Bx-1.0_baleen_Region6_s0.2_r1/converge/th_1.198433/ml-ap-1.19843_6_lru_366.475GB/full_0.2_0.1_cache_perf.txt.lzma,,2026-10-04T08:44:00,,,,,,,
Ax-1.0_baleen_Region6_s0.1_r2,control,Ax-1.0,baleen,Region6_s0.1,2,meta+block+chunk,,-1.0,Region6,0.1,A_baleen_Region6_s0.1_r2,,1.200371,1.2003714982420206,1,True,35.45954818178472,38.921749546788035,31.606205646215013,36.52280173532166,20.549037205248055,280,"[280, 219, 284, 293, 283]",0.008396591234603266,0.3578313500626837,0.3933333333333333,0.25555555555555554,79.4698097705841,1.430511474609375e-06,456.33465552330017,work/runs/Ax-1.0_baleen_Region6_s0.1_r2/converge/th_1.200371/ml-ap-1.20037_6_lru_366.475GB/full_0.1_0.1_cache_perf.txt.lzma,,2026-10-04T08:49:57,,,,,,,
Ax-1.0_baleen_Region6_s0.1_r1,control,Ax-1.0,baleen,Region6_s0.1,1,meta+block+chunk,,-1.0,Region6,0.1,A_baleen_Region6_s0.1_r1,,1.211716,1.2962744925171137,3,True,35.42733998802022,38.99117780371677,31.544200984185462,36.49583980835998,20.559530909689528,280,"[280, 219, 284, 293, 283]",0.008629332569464337,0.3559816675915079,0.3933333333333333,0.2577777777777778,70.6331901550293,109.19250845909119,1430.7531530857086,work/runs/Ax-1.0_baleen_Region6_s0.1_r1/converge/th_1.211716/ml-ap-1.21172_6_lru_366.475GB/full_0.1_0.1_cache_perf.txt.lzma,,2026-10-04T08:50:16,,,,,,,
Bx-1.0_baleen_Region6_s0.1_r3,control,Bx-1.0,baleen,Region6_s0.1,3,meta+block+chunk+load,,-1.0,Region6,0.1,B_baleen_Region6_s0.1_r3,,1.253212,1.322330778464675,3,True,35.64443157975752,42.89447358210959,31.958085988091494,37.571014633558484,20.579305602236783,293,"[293, 280, 219, 284, 817]",0.00925594385562876,0.34547958156072095,0.3955094991364421,0.09844559585492228,91.4413001537323,3.5762786865234375e-06,1438.1191625595093,work/runs/Bx-1.0_baleen_Region6_s0.1_r3/converge/th_1.253212/ml-ap-1.25321_6_lru_366.475GB/full_0.1_0.1_cache_perf.txt.lzma,,2026-10-04T08:50:24,,,,,,,
Bx-1.0_baleen_Region6_s0_r2,control,Bx-1.0,baleen,Region6_s0,2,meta+block+chunk+load,,-1.0,Region6,0.0,B_baleen_Region6_s0_r2,,1.258984,1.3735640551894903,3,True,35.476302421459835,42.86038267284934,33.99754791505716,38.31291763792189,21.98615642855685,712,"[712, 152, 816, 776, 817]",0.006106074113946408,0.29211137083960703,0.48859934853420195,0.23452768729641693,83.19310569763184,213.77292704582214,1455.4939544200897,work/runs/Bx-1.0_baleen_Region6_s0_r2/converge/th_1.258984/ml-ap-1.25898_6_lru_366.475GB/full_0_0.1_cache_perf.txt.lzma,,2026-10-04T08:50:41,,,,,,,
Ax-1.0_baleen_Region6_s0_r1,control,Ax-1.0,baleen,Region6_s0,1,meta+block+chunk,,-1.0,Region6,0.0,A_baleen_Region6_s0_r1,,1.264037,1.3972078617662191,3,True,35.58004102694526,42.91767029263626,34.35207200209496,38.41047332297645,22.054193887493856,712,"[712, 152, 816, 806, 776]",0.006408854648522263,0.28792290223024514,0.48859934853420195,0.2296416938110749,80.2290301322937,78.36364412307739,1457.101356267929,work/runs/Ax-1.0_baleen_Region6_s0_r1/converge/th_1.264037/ml-ap-1.26404_6_lru_366.475GB/full_0_0.1_cache_perf.txt.lzma,,2026-10-04T08:50:43,,,,,,,
Bx-1.0_baleen_Region6_s0_r1,control,Bx-1.0,baleen,Region6_s0,1,meta+block+chunk+load,,-1.0,Region6,0.0,B_baleen_Region6_s0_r1,,1.269361,1.3778244610875845,3,True,35.562681542559595,42.77476689973295,34.4872267547356,38.46558534058843,22.008472845802796,712,"[712, 152, 816, 806, 776]",0.005231374791838383,0.28995266656129637,0.48859934853420195,0.23289902280130292,79.71825885772705,97.03247666358948,1465.026254415512,work/runs/Bx-1.0_baleen_Region6_s0_r1/converge/th_1.269361/ml-ap-1.26936_6_lru_366.475GB/full_0_0.1_cache_perf.txt.lzma,,2026-10-04T08:50:51,,,,,,,
Bx-1.0_baleen_Region6_s0_r3,control,Bx-1.0,baleen,Region6_s0,3,meta+block+chunk+load,,-1.0,Region6,0.0,B_baleen_Region6_s0_r3,,1.271547,1.3800725024193525,3,True,35.565818798773876,42.43824462570989,34.20773051024003,38.276822714320346,22.02446544759545,712,"[712, 152, 816, 806, 176]",0.006106074113946408,0.2903935579938608,0.48859934853420195,0.23778501628664495,88.17807102203369,1.1920928955078125e-06,1485.7264082431793,work/runs/Bx-1.0_baleen_Region6_s0_r3/converge/th_1.271547/ml-ap-1.27155_6_lru_366.475GB/full_0_0.1_cache_perf.txt.lzma,,2026-10-04T08:51:11,,,,,,,
Ax-1.0_baleen_Region6_s0.1_r3,control,Ax-1.0,baleen,Region6_s0.1,3,meta+block+chunk,,-1.0,Region6,0.1,A_baleen_Region6_s0.1_r3,,1.208172,1.2081723231822252,1,True,35.530866325120385,38.970312095349975,31.6654131053973,36.086985237002345,20.565141051143716,280,"[280, 219, 284, 293, 283]",0.009757232884560298,0.3560186612409314,0.3933333333333333,0.25333333333333335,74.74664306640625,1.9073486328125e-06,461.21513056755066,work/runs/Ax-1.0_baleen_Region6_s0.1_r3/converge/th_1.208172/ml-ap-1.20817_6_lru_366.475GB/full_0.1_0.1_cache_perf.txt.lzma,,2026-10-04T08:51:41,,,,,,,
Bx-1.0_baleen_Region6_s0.2_r3,control,Bx-1.0,baleen,Region6_s0.2,3,meta+block+chunk+load,,-1.0,Region6,0.2,B_baleen_Region6_s0.2_r3,,1.18163,1.259508641436696,3,True,35.57431205861242,36.017174954635166,32.14291116292173,34.03848096347744,22.325631548439194,457,"[457, 814, 788, 813, 153]",0.008094029211038212,0.3013634852011972,0.39766081871345027,0.33187134502923976,77.86775588989258,101.0131733417511,1553.4076707363129,work/runs/Bx-1.0_baleen_Region6_s0.2_r3/converge/th_1.181630/ml-ap-1.18163_6_lru_366.475GB/full_0.2_0.1_cache_perf.txt.lzma,,2026-10-04T08:52:19,,,,,,,
Bx-1.0_baleen_Region6_s0.2_r2,control,Bx-1.0,baleen,Region6_s0.2,2,meta+block+chunk+load,,-1.0,Region6,0.2,B_baleen_Region6_s0.2_r2,,1.217325,1.2989784460514784,3,True,35.614675859853534,36.13175019420902,32.115736855728564,34.02871665371232,22.337305138732173,457,"[457, 814, 788, 813, 153]",0.0052751310540371235,0.2950448952444297,0.39766081871345027,0.35526315789473684,108.2329831123352,112.42064237594604,1594.2134895324707,work/runs/Bx-1.0_baleen_Region6_s0.2_r2/converge/th_1.217325/ml-ap-1.21732_6_lru_366.475GB/full_0.2_0.1_cache_perf.txt.lzma,,2026-10-04T08:53:00,,,,,,,
Ax-1.0_baleen_Region6_s0_r2,control,Ax-1.0,baleen,Region6_s0,2,meta+block+chunk,,-1.0,Region6,0.0,A_baleen_Region6_s0_r2,,1.279345,1.2604468744248152,2,True,35.59530900718808,42.80309505306242,34.48239186739197,38.365326340329766,22.07668794992046,712,"[712, 152, 816, 776, 806]",0.005197732510218843,0.2841004566969745,0.48859934853420195,0.23289902280130292,75.72715711593628,159.14802598953247,953.8221781253815,work/runs/Ax-1.0_baleen_Region6_s0_r2/converge/th_1.279345/ml-ap-1.27934_6_lru_366.475GB/full_0_0.1_cache_perf.txt.lzma,,2026-10-04T08:57:53,,,,,,,
Ax-1.0_baleen_Region6_s0.3_r3,control,Ax-1.0,baleen,Region6_s0.3,3,meta+block+chunk,,-1.0,Region6,0.3,A_baleen_Region6_s0.3_r3,,1.244133,1.2441328559070826,1,True,35.883803353084595,36.35423141675018,32.44774297462461,35.24943667444392,21.179043048757787,775,"[775, 815, 264, 777, 811]",0.007363416350560409,0.326066104883561,0.0547945205479452,0.2958904109589041,55.50164294242859,66.63480305671692,471.6285140514374,work/runs/Ax-1.0_baleen_Region6_s0.3_r3/converge/th_1.244133/ml-ap-1.24413_6_lru_366.475GB/full_0.3_0.1_cache_perf.txt.lzma,,2026-10-04T08:58:08,,,,,,,
Bx-0.5_baleen_Region6_s0_r3,control,Bx-0.5,baleen,Region6_s0,3,meta+block+chunk+load,,-0.5,Region6,0.0,B_baleen_Region6_s0_r3,,1.004645,1.0046452041715384,1,True,35.68126982745927,43.095732970698464,34.48246762496723,38.61321872572498,21.89440107024272,712,"[712, 152, 816, 806, 817]",0.003229659035475786,0.3274367570355458,0.48859934853420195,0.2182410423452769,88.17807102203369,1.1920928955078125e-06,466.72455048561096,work/runs/Bx-0.5_baleen_Region6_s0_r3/converge/th_1.004645/ml-ap-1.00465_6_lru_366.475GB/full_0_0.1_cache_perf.txt.lzma,,2026-10-04T08:58:30,,,,,,,
Ax-1.0_baleen_Region6_s0.3_r2,control,Ax-1.0,baleen,Region6_s0.3,2,meta+block+chunk,,-1.0,Region6,0.3,A_baleen_Region6_s0.3_r2,,1.253544,1.2384326364845037,2,True,35.24583374470171,36.64219114221025,32.484673821532766,35.333864283870746,21.202860223909994,775,"[775, 815, 264, 811, 777]",0.006058941659085838,0.3202493032599612,0.0547945205479452,0.2876712328767123,86.6409900188446,3.0994415283203125e-06,938.9092397689819,work/runs/Ax-1.0_baleen_Region6_s0.3_r2/converge/th_1.253544/ml-ap-1.25354_6_lru_366.475GB/full_0.3_0.1_cache_perf.txt.lzma,,2026-10-04T08:58:39,,,,,,,
Ax-1.0_baleen_Region6_s0_r3,control,Ax-1.0,baleen,Region6_s0,3,meta+block+chunk,,-1.0,Region6,0.0,A_baleen_Region6_s0_r3,,1.287394,1.2735469434410334,2,True,35.54783186314535,42.98709854956499,34.44189782439786,38.43781403781768,22.079281918736665,712,"[712, 152, 816, 776, 817]",0.007300375111440058,0.28380098327108166,0.48859934853420195,0.23289902280130292,96.96543097496033,7.152557373046875e-07,950.9878323078156,work/runs/Ax-1.0_baleen_Region6_s0_r3/converge/th_1.287394/ml-ap-1.28739_6_lru_366.475GB/full_0_0.1_cache_perf.txt.lzma,,2026-10-04T08:58:58,,,,,,,
Ax-1.0_baleen_Region6_s0.2_r2,control,Ax-1.0,baleen,Region6_s0.2,2,meta+block+chunk,,-1.0,Region6,0.2,A_baleen_Region6_s0.2_r2,,1.219296,1.2264216523617506,2,True,35.59794475053079,35.968612406070065,32.07994366742978,34.18096024345989,22.35690345756833,457,"[457, 153, 788, 814, 803]",0.006462035541195477,0.2986115729963419,0.39766081871345027,0.3845029239766082,88.56366872787476,1.430511474609375e-06,1016.0876309871674,work/runs/Ax-1.0_baleen_Region6_s0.2_r2/converge/th_1.219296/ml-ap-1.2193_6_lru_366.475GB/full_0.2_0.1_cache_perf.txt.lzma,,2026-10-04T08:59:28,,,,,,,
Ex-1.0_F1CPSAT_Region6_s0.1_r2,confirm,Ex-1.0,F1CPSAT,Region6_s0.1,2,meta+block+chunk+load,,-1.0,Region6,0.1,D_F1CPSAT_Region6_s0.1_r2,labels/Region6_s0.1_F1CPSAT_s2.npz,1.018494,1.0115183498710394,2,True,35.58085176868995,44.325919451051945,32.165211732737625,37.67891414145365,21.086344856562455,293,"[293, 280, 219, 808, 359]",0.00640933829848181,0.3214049365969953,0.3955094991364421,0.06735751295336788,45.48444199562073,4.0531158447265625e-06,781.1393492221832,work/runs/Ex-1.0_F1CPSAT_Region6_s0.1_r2/converge/th_1.018494/ml-ap-1.01849_6_lru_366.475GB/full_0.1_0.1_cache_perf.txt.lzma,,2026-10-04T09:03:52,657,657,0.3421250941974378,21.385246697746744,27.090504403004452,0,0.8574773976714531
C_F1PT_Region7_s0.1_r5,confirm,C,F1PT,Region7_s0.1,5,meta+block+chunk,,,Region7,0.1,C_F1PT_Region7_s0.1_r5,labels/Region7_s0.1_F1PT_s5.npz,0.408526,0.4317825181115885,2,True,35.65354479578503,36.79794742298849,32.72447099198947,35.4683695933764,21.472689781443133,621,"[621, 616, 647, 299, 661]",0.016158795678038122,0.3210649739214814,0.0774818401937046,0.33171912832929784,52.621463775634766,1.9073486328125e-06,763.8293287754059,work/runs/C_F1PT_Region7_s0.1_r5/converge/th_0.408526/ml-ap-0.408526_6_lru_366.475GB/full_0.1_0.1_cache_perf.txt.lzma,,2026-10-04T09:03:55,1519,1519,0.48533333333333334,21.862454674954673,27.310266122766112,0,0.8698144714527604
Bx-0.5_baleen_Region6_s0.3_r2,control,Bx-0.5,baleen,Region6_s0.3,2,meta+block+chunk+load,,-0.5,Region6,0.3,B_baleen_Region6_s0.3_r2,,1.018571,1.0016217473894358,2,True,35.71374784763696,36.20980639733193,32.262740384610645,35.07306721057282,21.063012376682757,775,"[775, 815, 264, 807, 810]",0.004840287670997752,0.35564822552559106,0.0547945205479452,0.2602739726027397,92.0426893234253,1.1920928955078125e-06,841.7935435771942,work/runs/Bx-0.5_baleen_Region6_s0.3_r2/converge/th_1.018571/ml-ap-1.01857_6_lru_366.475GB/full_0.3_0.1_cache_perf.txt.lzma,,2026-10-04T09:04:43,,,,,,,
Bx-0.5_baleen_Region6_s0.3_r1,control,Bx-0.5,baleen,Region6_s0.3,1,meta+block+chunk+load,,-0.5,Region6,0.3,B_baleen_Region6_s0.3_r1,,1.0286,1.0061006899923086,2,True,35.65999106424207,35.71950271952607,32.38241032114049,34.91890701891238,21.049623552847983,775,"[775, 815, 264, 807, 810]",0.005458196735380443,0.3590403306479168,0.0547945205479452,0.2602739726027397,98.67040944099426,25.12748074531555,883.0584642887115,work/runs/Bx-0.5_baleen_Region6_s0.3_r1/converge/th_1.028600/ml-ap-1.0286_6_lru_366.475GB/full_0.3_0.1_cache_perf.txt.lzma,,2026-10-04T09:05:07,,,,,,,
Ax-1.0_baleen_Region6_s0.2_r1,control,Ax-1.0,baleen,Region6_s0.2,1,meta+block+chunk,,-1.0,Region6,0.2,A_baleen_Region6_s0.2_r1,,1.204091,1.2956731002777815,2,True,35.711298016192366,36.358375420834186,32.31391996891686,34.13730574980531,22.37020230864566,457,"[457, 153, 788, 814, 803]",0.0063796116184761465,0.29963002993016297,0.39766081871345027,0.39035087719298245,83.49990701675415,98.14491367340088,2366.933777332306,work/runs/Ax-1.0_baleen_Region6_s0.2_r1/converge/th_1.204091/ml-ap-1.20409_6_lru_366.475GB/full_0.2_0.1_cache_perf.txt.lzma,,2026-10-04T09:05:53,,,,,,,
Bx-1.0_baleen_Region6_s0.3_r1,control,Bx-1.0,baleen,Region6_s0.3,1,meta+block+chunk+load,,-1.0,Region6,0.3,B_baleen_Region6_s0.3_r1,,1.291644,1.355849014595151,2,True,35.68258146348973,36.27369852371118,32.11360301734822,34.98191206942204,21.173445835047225,815,"[815, 775, 264, 807, 777]",0.008599234479325793,0.31658138376482503,0.04419889502762431,0.48342541436464087,98.67040944099426,25.12748074531555,2377.5803275108337,work/runs/Bx-1.0_baleen_Region6_s0.3_r1/converge/th_1.291644/ml-ap-1.29164_6_lru_366.475GB/full_0.3_0.1_cache_perf.txt.lzma,,2026-10-04T09:06:03,,,,,,,
Ax-1.0_baleen_Region6_s0.2_r3,control,Ax-1.0,baleen,Region6_s0.2,3,meta+block+chunk,,-1.0,Region6,0.2,A_baleen_Region6_s0.2_r3,,1.210096,1.2331082057207823,3,True,35.75166181743348,36.56071937317999,32.45440818440861,34.21786130534675,22.377716447387797,457,"[457, 153, 788, 814, 453]",0.008291846625564604,0.29748503491852346,0.39766081871345027,0.36257309941520466,75.00573229789734,7.152557373046875e-07,1227.3920304775238,work/runs/Ax-1.0_baleen_Region6_s0.2_r3/converge/th_1.210096/ml-ap-1.2101_6_lru_366.475GB/full_0.2_0.1_cache_perf.txt.lzma,,2026-10-04T09:10:24,,,,,,,
