key,ts,phase,instance,solver,family,cfg_hash,cfg,budget,seed,block_h,step_h,n_blocks,full_peak_util,full_use,B,block_peaks,block_walls,block_n,block_B,block_start,seg_peaks,n_over_budget,max_block_wall,status,tag
3f71c2605f60c80f,2026-10-01T22:21:25,roll,full_Region7_s0,greedy,classical,bf21a9e8fb,{},1.0,0,6.0,3.0,49,34.54286454286461,170203.0,170204.0,"[27.315090002590043, 27.155367780367822, 30.37750906500914, 30.27102758352766, 26.791002978503048, 26.656824656824725, 28.388111888111993, 31.760764698264804, 29.685379435379357, 29.82360463610456, 26.390620953120983, 26.90784447034452, 26.657828282828337, 24.631118881118965, 28.8810865060866, 27.770606708106808, 26.03705322455321, 26.22447228697227, 24.413736726236714, 25.328817016317096, 25.363085988086066, 23.840083527583587, 23.512545325045384, 27.19643550893561, 30.235754985755005, 30.342236467236486, 31.544871794871725, 33.55550699300692, 34.54286454286461, 34.11188811188808, 25.583543771043793, 23.828865578865578, 24.005778943278994, 23.792815980316032, 27.63438875938884, 27.474666537166613, 24.326825951825988, 22.443683631183667, 28.107015669515707, 28.107015669515704, 29.067615255115257, 28.717058404558408, 24.930474617974614, 23.203606578606582, 23.032375032375032, 23.584013209013243, 23.039465164465202, 21.36268130018133, 16.958187645687676]","[0.015, 0.0, 0.0, 0.0, 0.0, 0.0, 0.0, 0.0, 0.0, 0.0, 0.0, 0.0, 0.0, 0.0, 0.0, 0.0, 0.0, 0.0, 0.0, 0.0, 0.0, 0.0, 0.0, 0.0, 0.0, 0.0, 0.0, 0.0, 0.0, 0.0, 0.0, 0.0, 0.0, 0.0, 0.0, 0.0, 0.0, 0.0, 0.0, 0.0, 0.0, 0.0, 0.0, 0.0, 0.0, 0.0, 0.0, 0.0, 0.0]","[3096, 3238, 3212, 3177, 3145, 3100, 3118, 3366, 3790, 3595, 3107, 3093, 3115, 3089, 3074, 2977, 3069, 3327, 3381, 3356, 3178, 2964, 2907, 2921, 3218, 3349, 3493, 3895, 3912, 3528, 3192, 3074, 3076, 3076, 3037, 2957, 2766, 2825, 3210, 3451, 3518, 3326, 2900, 2703, 2586, 2636, 2767, 1818, 416]","[6209.7, 7006.4, 6113.2, 5986.9, 6213.7, 5875.4, 6188.2, 6976.9, 6910.7, 6835.4, 5605.1, 4879.9, 6100.6, 6046.4, 5821.1, 6373.9, 5663.6, 5861.4, 6112.1, 6086.8, 5974.6, 6226.3, 6389.1, 6033.8, 6201.6, 6928.3, 6334.1, 6995.8, 6669.5, 6572.3, 5842.0, 5470.8, 5230.5, 6399.3, 5984.0, 5887.7, 6199.5, 6142.2, 6017.0, 6943.7, 6479.5, 6789.2, 5800.0, 5986.7, 5837.4, 5810.2, 5820.9, 3761.0, 704.0]","[126, 144, 162, 180, 198, 216, 234, 252, 270, 288, 306, 324, 342, 360, 378, 396, 414, 432, 450, 468, 486, 504, 522, 540, 558, 576, 594, 612, 630, 648, 666, 684, 702, 720, 738, 756, 774, 792, 810, 828, 846, 864, 882, 900, 918, 936, 954, 972, 990]","[27.155367780367822, 22.571289821289827, 30.271027583527662, 23.447422947423057, 26.656824656824725, 24.84003496503484, 31.7607646982648, 29.645169645169652, 29.82360463610456, 26.390620953120983, 23.903570966070973, 26.657828282828333, 23.863879176379175, 24.958025770525857, 27.770606708106808, 23.166440041440072, 26.224472286972272, 24.413736726236714, 23.672380859880924, 25.363085988086066, 21.632786195286204, 23.512545325045384, 22.534576534576583, 27.754645817145924, 30.342236467236486, 25.665598290598357, 33.55550699300692, 34.54286454286462, 34.11188811188807, 25.583543771043793, 23.828865578865575, 23.083980833980906, 23.792815980316032, 21.894052706552777, 27.474666537166616, 24.326825951825988, 20.146464646464636, 23.22421328671331, 28.107015669515707, 25.70001295001295, 28.717058404558408, 24.930474617974614, 23.103697228697264, 23.032375032375032, 21.182805620305643, 23.0394651644652, 21.362681300181332, 16.958187645687676]",0,0.015,ok,roll_greedy_b1
630067a0b350cf15,2026-10-01T22:21:25,roll,full_Region7_s0.1,greedy,classical,bf21a9e8fb,{},1.0,0,6.0,3.0,49,33.92053548303541,170213.0,170214.0,"[25.46781921781921, 26.78316822066832, 26.78316822066832, 26.425407925407974, 25.45025576275582, 23.096866096866165, 24.087202149702165, 24.761622636622693, 32.53222934472934, 30.985317922817913, 26.473452473452575, 25.255859880859926, 25.313147500647545, 24.155335405335425, 22.53854247604253, 22.404364154364206, 24.791245791245824, 24.61938293188297, 24.285385910385973, 27.344421781921714, 27.36781274281279, 27.36781274281279, 22.889617327117314, 24.14300051800056, 26.478907666407736, 26.629904817404885, 33.92053548303541, 33.9205354830354, 31.811998186998046, 31.187516187516042, 25.753885003885017, 22.220619658119706, 25.742003367003417, 25.464257964257992, 27.5727952602953, 27.5727952602953, 21.819832944832935, 24.639212639212687, 25.706698394198447, 26.477240352240404, 26.93189911939905, 25.990125615125542, 24.827894327894423, 21.06180393680395, 20.35474941724945, 18.254192566692584, 20.783864283864304, 20.624142061642086, 19.020687645687655]","[0.0, 0.0, 0.0, 0.0, 0.0, 0.0, 0.0, 0.0, 0.0, 0.0, 0.0, 0.0, 0.0, 0.0, 0.0, 0.0, 0.0, 0.0, 0.003, 0.0, 0.0, 0.0, 0.0, 0.0, 0.002, 0.0, 0.0, 0.0, 0.0, 0.0, 0.0, 0.0, 0.0, 0.0, 0.0, 0.0, 0.0, 0.001, 0.0, 0.0, 0.0, 0.0, 0.0, 0.0, 0.0, 0.0, 0.0, 0.0, 0.0]","[3191, 3391, 3274, 3145, 3000, 2894, 3005, 3181, 3545, 3668, 3271, 3151, 3192, 3163, 3067, 2869, 3023, 3323, 3274, 3253, 3167, 2963, 3044, 3045, 3089, 3251, 3660, 3994, 3853, 3601, 3165, 2909, 2944, 2941, 2938, 2846, 2577, 2656, 3028, 3248, 3376, 3203, 2820, 2614, 2497, 2498, 2572, 1754, 443]","[6210.8, 7248.5, 6225.3, 6349.0, 5561.8, 6353.5, 6120.3, 6862.0, 6702.8, 7305.5, 5756.3, 5186.0, 5589.8, 6139.5, 5898.3, 6433.0, 6005.8, 6599.5, 6121.3, 5705.0, 6584.8, 6276.5, 6121.3, 5981.0, 6187.8, 7002.5, 5751.3, 6716.0, 6652.8, 6335.5, 5697.3, 5216.0, 5239.8, 6687.5, 5999.3, 6276.0, 6154.8, 5831.5, 6206.3, 7033.0, 6407.8, 7105.5, 5380.3, 5961.0, 5837.8, 5695.5, 5386.3, 4124.0, 608.0]","[126, 144, 162, 180, 198, 216, 234, 252, 270, 288, 306, 324, 342, 360, 378, 396, 414, 432, 450, 468, 486, 504, 522, 540, 558, 576, 594, 612, 630, 648, 666, 684, 702, 720, 738, 756, 774, 792, 810, 828, 846, 864, 882, 900, 918, 936, 954, 972, 990]","[25.787376974876917, 26.78316822066832, 26.425407925407978, 25.450255762755816, 23.078784641284685, 23.640782828282894, 24.761622636622693, 24.349876974877017, 30.985317922817917, 26.473452473452575, 23.238879176379207, 25.31314750064755, 24.155335405335425, 22.338205775705802, 22.404364154364202, 22.228308728308768, 24.61938293188297, 24.285385910385973, 22.551800051800143, 27.344421781921714, 27.36781274281279, 21.638581326081397, 22.889617327117314, 24.75508288008292, 26.62990481740489, 24.361013986014008, 33.92053548303541, 31.661405723905634, 31.187516187516046, 25.753885003885017, 22.220619658119706, 22.260942760942783, 25.46425796425799, 20.70860852110846, 27.5727952602953, 21.819832944832935, 21.387075887075902, 25.06198199948205, 26.477240352240404, 25.34251165501166, 25.990125615125542, 24.827894327894423, 21.06180393680395, 20.35474941724945, 18.254192566692584, 18.172364672364672, 20.624142061642086, 19.020687645687655]",0,0.003,ok,roll_greedy_b1
2c5649cd06220f7f,2026-10-01T22:21:25,roll,full_Region7_s0.2,greedy,classical,bf21a9e8fb,{},1.0,0,6.0,3.0,49,34.77112470862464,170212.0,170213.0,"[28.18034511784513, 28.915355477855556, 28.968596218596296, 26.639261201761265, 25.479182854182927, 25.479182854182923, 32.21163558663565, 31.999303936804, 31.2010651385651, 30.033556721056684, 25.682303807303825, 26.948572261072353, 26.59738409738419, 23.1900576275577, 22.759599197099263, 24.954901579901602, 25.601997539497514, 25.548756798756774, 24.11340973840975, 24.63051994301996, 24.785563973063987, 23.191093628593663, 22.10084822584826, 22.132219632219627, 25.220959595959624, 25.556219243719312, 32.64717689717687, 32.18204480704478, 35.34741647241641, 34.77112470862464, 25.435703185703176, 23.77384421134428, 23.98907342657347, 23.714775964776006, 28.3892612017612, 28.16011072261072, 23.34145946645949, 24.403376715876735, 25.12283087283089, 24.540970603470633, 27.47822779072775, 27.18154299404295, 25.178742553742488, 21.972351722351718, 23.228114478114566, 23.10949235949245, 20.93683631183632, 21.03841297591304, 17.995969308469302]","[0.0, 0.0, 0.0, 0.0, 0.0, 0.003, 0.0, 0.0, 0.0, 0.0, 0.0, 0.003, 0.0, 0.0, 0.0, 0.0, 0.0, 0.003, 0.0, 0.0, 0.0, 0.0, 0.0, 0.0, 0.0, 0.0, 0.0, 0.0, 0.0, 0.0, 0.0, 0.0, 0.0, 0.0, 0.0, 0.0, 0.0, 0.0, 0.0, 0.0, 0.0, 0.0, 0.0, 0.0, 0.0, 0.0, 0.0, 0.0, 0.0]","[3221, 3547, 3469, 3296, 3117, 3033, 3150, 3420, 3716, 3691, 3245, 3109, 3175, 3094, 2888, 2794, 3110, 3292, 3292, 3347, 3154, 2967, 2890, 2859, 3185, 3311, 3564, 4035, 4033, 3566, 3194, 3125, 3103, 3065, 3101, 3080, 2796, 2896, 3238, 3445, 3595, 3403, 2927, 2646, 2603, 2709, 2722, 1767, 426]","[6161.7, 7183.4, 6575.2, 5808.9, 5521.6, 6540.4, 6331.1, 6694.9, 6587.6, 7024.4, 5797.1, 5538.8, 6151.6, 5593.3, 5701.1, 6727.8, 6106.6, 6378.3, 6062.0, 6142.8, 5952.5, 6194.3, 6748.0, 5540.8, 6409.5, 6638.2, 6124.0, 6705.7, 6795.5, 6477.2, 5196.9, 5628.7, 5461.4, 6614.2, 5825.9, 6030.7, 6395.4, 5765.1, 6245.9, 6973.6, 6108.4, 6604.1, 5691.9, 5768.6, 5611.3, 5817.1, 5360.8, 3876.0, 264.0]","[126, 144, 162, 180, 198, 216, 234, 252, 270, 288, 306, 324, 342, 360, 378, 396, 414, 432, 450, 468, 486, 504, 522, 540, 558, 576, 594, 612, 630, 648, 666, 684, 702, 720, 738, 756, 774, 792, 810, 828, 846, 864, 882, 900, 918, 936, 954, 972, 990]","[28.588820901320915, 28.968596218596296, 26.639261201761265, 23.047040922040935, 25.479182854182927, 24.251602564102612, 31.999303936804, 26.275155400155455, 30.033556721056684, 25.682303807303825, 25.142660580160634, 26.59738409738419, 23.1900576275577, 22.615659803159858, 22.812839937840003, 25.180005180005203, 25.548756798756774, 24.11340973840975, 22.79702473452476, 24.78556397306399, 22.228422040922112, 22.10084822584826, 20.509712509712514, 22.693214193214185, 25.527000777000804, 26.048416860916927, 32.18204480704478, 31.974763662263637, 34.77112470862464, 25.435703185703176, 23.77384421134428, 22.03862341362343, 23.714775964776006, 20.420017482517505, 28.16011072261072, 23.341459466459497, 19.993201243201234, 25.12283087283089, 22.910078347578338, 25.025705775705806, 27.18154299404295, 25.178742553742488, 21.972351722351718, 18.487503237503244, 23.10949235949245, 20.93683631183632, 21.03841297591304, 17.995969308469302]",0,0.003,ok,roll_greedy_b1
50efb32ef95dda95,2026-10-01T22:21:25,roll,full_Region7_s0.3,greedy,classical,bf21a9e8fb,{},1.0,0,6.0,3.0,49,32.8302900802901,170205.0,170205.0,"[25.405853405853424, 25.128771691271705, 27.008789821289902, 27.008789821289902, 24.760764698264744, 23.386201761201818, 29.457232582232642, 31.02411939911946, 26.68355024605019, 26.200304325304252, 24.239720927220976, 26.73850686350695, 26.464209401709486, 24.104247604247128, 22.956228956229026, 22.34340196840204, 25.275203962704072, 25.387253949754058, 23.898892773892822, 24.73407148407157, 25.198199948200003, 23.7793803418804, 23.416083916083963, 21.610803548303572, 24.229474229474302, 25.872911810411825, 30.250420875420886, 31.45550051800049, 32.8302900802901, 27.227175602175613, 27.039125226625234, 23.34108715358719, 27.563066563066627, 27.25171587671595, 26.156274281274314, 22.972044159544232, 21.916699041699115, 21.85840779590779, 24.137658637658735, 24.386412198912293, 25.994803807303747, 24.454982517482453, 25.43151061901062, 25.126100751100754, 19.932352369852428, 19.134890572390592, 24.789983164983198, 24.093806656306693, 18.01932789432792]","[0.0, 0.0, 0.0, 0.0, 0.0, 0.0, 0.0, 0.0, 0.0, 0.0, 0.0, 0.0, 0.0, 0.003, 0.0, 0.0, 0.0, 0.0, 0.0, 0.0, 0.0, 0.0, 0.0, 0.0, 0.0, 0.0, 0.003, 0.0, 0.0, 0.0, 0.0, 0.0, 0.003, 0.0, 0.0, 0.0, 0.0, 0.0, 0.0, 0.0, 0.0, 0.0, 0.0, 0.0, 0.0, 0.0, 0.0, 0.0, 0.0]","[2967, 3146, 3185, 3142, 2972, 2911, 3058, 3251, 3560, 3482, 2997, 3004, 3107, 3011, 2886, 2813, 2981, 3183, 3193, 3284, 3216, 2913, 2853, 2753, 2934, 3201, 3459, 3872, 3940, 3645, 3175, 2942, 3006, 3061, 2973, 2792, 2615, 2711, 2930, 3116, 3356, 3262, 2783, 2560, 2475, 2498, 2669, 1803, 435]","[6207.6, 6948.4, 6489.1, 6211.8, 5995.6, 6325.3, 6060.0, 6937.8, 6745.5, 6789.3, 5611.0, 5384.7, 5746.5, 6109.2, 5989.9, 6596.7, 5734.4, 6387.2, 6250.9, 5846.6, 6510.4, 6437.1, 6195.8, 5999.6, 6254.3, 6456.0, 5982.8, 6906.5, 6550.3, 6673.0, 5608.7, 5335.5, 5392.2, 6216.9, 5970.7, 5723.4, 6631.1, 5749.9, 6016.6, 6649.4, 6624.1, 6526.8, 5420.6, 6024.3, 5644.0, 5666.8, 5945.5, 3743.0, 725.0]","[126, 144, 162, 180, 198, 216, 234, 252, 270, 288, 306, 324, 342, 360, 378, 396, 414, 432, 450, 468, 486, 504, 522, 540, 558, 576, 594, 612, 630, 648, 666, 684, 702, 720, 738, 756, 774, 792, 810, 828, 846, 864, 882, 900, 918, 936, 954, 972, 990]","[25.128771691271705, 22.05960243460249, 27.008789821289902, 24.760764698264744, 23.386201761201818, 22.367828930328944, 31.024119399119456, 26.68274087024087, 26.200304325304252, 24.239720927220983, 21.880018130018122, 26.464209401709486, 24.10424760424713, 22.956228956229022, 22.343401968402045, 21.315494690494717, 25.387253949754058, 23.898892773892822, 23.75450012950021, 25.1981999482, 23.779380341880405, 23.416083916083963, 21.14110657860665, 21.553515928515953, 24.289319476819546, 26.778004403004417, 30.364996114996128, 32.8302900802901, 27.22717560217558, 27.039125226625234, 23.34108715358719, 23.19981869981874, 27.251715876715945, 26.156274281274314, 22.881636881636833, 21.916699041699115, 20.416974229474288, 22.12323556073557, 24.386412198912296, 23.595409220409227, 24.454982517482453, 24.300569800569775, 25.126100751100754, 19.932352369852428, 18.462218337218342, 19.294612794612817, 24.093806656306693, 18.01932789432792]",0,0.003,ok,roll_greedy_b1
7431eb6dc9e2c2d5,2026-10-01T22:21:25,roll,full_Region6_s0,greedy,classical,bf21a9e8fb,{},1.0,0,6.0,3.0,49,33.30974812224806,170205.0,170207.0,"[30.85685379435377, 30.198734136234123, 25.685233747733825, 27.694055944055982, 27.694055944055982, 26.397112147112175, 27.590310152810247, 27.42312548562557, 26.669661357161363, 30.324446386946292, 28.716200466200377, 26.191465941466014, 24.77316433566437, 23.860091297591364, 22.008660321160352, 21.70566239316238, 22.17294742294747, 26.4278198653199, 24.89457070707074, 22.246794871794915, 24.28323297073304, 27.951858326858314, 27.775948588448575, 23.442777130277154, 25.965472027972, 26.10091297591296, 23.01722351722354, 25.153198653198523, 27.945626133126044, 27.94562613312604, 22.503642191142184, 24.50012950012954, 25.517045454545485, 27.884696322196326, 27.886962574462622, 31.705808080808012, 33.30974812224806, 33.95991970991973, 32.350670163170186, 26.719454156954196, 21.377978502978532, 23.14227207977211, 22.731012043512074, 21.767223517223496, 21.665420227920208, 19.302447552447536, 18.990206552706532, 16.953250453250448, 16.42474423724422]","[0.003, 0.0, 0.0, 0.0, 0.0, 0.0, 0.0, 0.002, 0.0, 0.0, 0.0, 0.0, 0.0, 0.0, 0.0, 0.0, 0.0, 0.0, 0.0, 0.0, 0.0, 0.003, 0.0, 0.0, 0.0, 0.0, 0.0, 0.0, 0.003, 0.0, 0.0, 0.0, 0.0, 0.0, 0.0, 0.0, 0.0, 0.0, 0.0, 0.0, 0.0, 0.0, 0.0, 0.0, 0.0, 0.0, 0.0, 0.0, 0.0]","[2356, 2478, 2529, 2540, 2332, 2222, 2215, 2089, 2094, 2240, 2203, 2106, 2213, 2263, 2175, 2083, 2181, 2355, 2322, 2289, 2250, 2251, 2293, 2200, 2202, 2238, 2211, 2276, 2346, 2277, 2214, 2213, 2415, 2555, 2580, 2760, 2860, 2801, 2443, 2003, 1983, 2057, 1971, 1935, 1854, 1703, 1654, 1126, 287]","[6161.7, 7144.4, 5647.2, 5540.9, 5615.6, 5857.4, 7618.1, 6962.9, 6507.6, 5433.4, 5600.1, 5177.8, 6313.6, 5692.3, 5620.1, 6506.8, 6313.5, 6164.3, 6303.0, 5813.8, 6038.5, 6158.3, 6439.0, 6507.7, 6106.5, 6155.2, 5948.0, 5594.7, 5670.5, 6168.2, 6288.9, 6152.7, 6371.4, 6785.2, 5618.9, 6223.6, 6566.4, 7138.1, 6028.9, 5715.6, 5343.4, 6538.1, 5478.8, 5906.6, 5602.3, 5945.1, 5792.8, 3777.0, 559.0]","[126, 144, 162, 180, 198, 216, 234, 252, 270, 288, 306, 324, 342, 360, 378, 396, 414, 432, 450, 468, 486, 504, 522, 540, 558, 576, 594, 612, 630, 648, 666, 684, 702, 720, 738, 756, 774, 792, 810, 828, 846, 864, 882, 900, 918, 936, 954, 972, 990]","[30.19873413623412, 25.462169774669686, 25.525883838383912, 27.694055944055982, 22.22529785029786, 27.12276612276615, 27.42312548562557, 26.669661357161363, 25.707362082362117, 28.716200466200373, 26.191465941466014, 22.101738539238422, 23.860091297591364, 22.008660321160352, 21.70566239316238, 19.84131377881383, 22.426379176379218, 24.89457070707074, 22.178256928256964, 22.246794871794915, 25.488943926444, 27.775948588448575, 23.44277713027715, 23.22194703444708, 26.10091297591296, 23.017223517223545, 21.65531921781923, 25.257527195027063, 27.94562613312604, 22.50364219114218, 23.153036778036817, 24.97435897435931, 25.421814296814325, 27.886962574462622, 26.35641673141672, 33.30974812224806, 32.124417249417164, 32.350670163170186, 26.719454156954196, 18.70592139342138, 21.33346283346286, 22.731012043512074, 19.64186739186736, 21.665420227920208, 19.280205905205904, 18.990206552706532, 16.953250453250444, 16.42474423724422]",0,0.003,ok,roll_greedy_b1
512822ab7c5996f0,2026-10-01T22:21:25,roll,full_Region6_s0.1,greedy,classical,bf21a9e8fb,{},1.0,0,6.0,3.0,49,30.75229862729855,170211.0,170212.0,"[27.05207523957518, 26.982646982646926, 22.874805749805738, 23.769651644651663, 23.76965164465167, 24.590310152810176, 27.322293447293415, 32.14353470603463, 30.75229862729855, 28.076162263662265, 21.371924371924294, 20.444298756798794, 21.794062419061706, 21.838950401450706, 21.83895040145068, 21.422898860398856, 21.095101657601685, 22.5191983941984, 22.665517353017353, 20.971283346283375, 21.267709142709172, 22.150187775187742, 21.778765216265185, 19.841087153587175, 20.989882802382823, 20.194023569023567, 23.17683242683238, 25.228681041181144, 26.6316854441855, 26.877023439523494, 23.505746568246572, 23.56177156177146, 25.673125485625423, 24.991614866614803, 27.06837606837609, 27.068376068376086, 27.47346866096865, 31.014568764568793, 30.228842916342945, 24.089727402227386, 22.758854571354515, 22.618071743071784, 22.8135845635846, 21.14478114478116, 23.026919839419875, 23.18196386946391, 17.346315721315747, 15.00305944055941, 12.80333786583786]","[0.0, 0.0, 0.0, 0.0, 0.0, 0.0, 0.0, 0.0, 0.0, 0.0, 0.0, 0.0, 0.0, 0.0, 0.0, 0.0, 0.0, 0.0, 0.0, 0.0, 0.0, 0.0, 0.0, 0.0, 0.0, 0.0, 0.0, 0.0, 0.0, 0.0, 0.0, 0.0, 0.0, 0.0, 0.0, 0.0, 0.0, 0.0, 0.0, 0.0, 0.0, 0.0, 0.0, 0.0, 0.0, 0.0, 0.0, 0.0, 0.0]","[2139, 2199, 2205, 2353, 2316, 2140, 2014, 2021, 2068, 2060, 1948, 1907, 2038, 2166, 2139, 2042, 2132, 2251, 2234, 2062, 2028, 2132, 1998, 1928, 1977, 2001, 2134, 2234, 2211, 2095, 1994, 2086, 2253, 2277, 2286, 2420, 2495, 2563, 2333, 1856, 1859, 1967, 1876, 1803, 1661, 1539, 1506, 964, 220]","[6195.7, 6986.4, 5941.1, 5571.9, 5900.6, 6341.4, 7611.1, 7068.8, 6513.6, 5587.3, 5720.1, 4976.8, 6133.5, 6418.3, 5971.0, 5963.8, 6499.5, 6510.2, 5685.0, 6350.7, 5645.4, 6135.2, 6621.9, 6035.7, 5533.4, 6651.1, 5840.9, 6255.6, 5830.4, 5672.1, 6190.8, 6035.6, 6069.3, 6803.1, 5847.8, 5865.5, 6361.3, 6583.0, 5942.8, 5972.5, 5769.2, 6152.0, 5770.7, 6170.5, 6476.2, 5997.9, 6068.7, 3561.0, 621.0]","[126, 144, 162, 180, 198, 216, 234, 252, 270, 288, 306, 324, 342, 360, 378, 396, 414, 432, 450, 468, 486, 504, 522, 540, 558, 576, 594, 612, 630, 648, 666, 684, 702, 720, 738, 756, 774, 792, 810, 828, 846, 864, 882, 900, 918, 936, 954, 972, 990]","[26.982646982646926, 22.03208365708365, 22.703574203574192, 23.769651644651667, 24.52997927997931, 27.322293447293415, 25.89087995337999, 30.752298627298547, 28.076162263662265, 21.371924371924294, 20.444298756798794, 20.091070966071044, 21.7940624190617, 21.83895040145068, 21.422898860398856, 21.095101657601685, 20.549145299145252, 22.665517353017353, 20.971283346283375, 19.91745985495987, 21.540743978244006, 21.778765216265185, 19.797834110334136, 20.989882802382823, 20.155707718207722, 20.385489510489503, 23.17683242683238, 24.859152421652528, 26.877023439523494, 23.505746568246572, 19.782650220150202, 23.91295972545963, 24.991614866614803, 23.797235172235236, 27.068376068376086, 27.2497086247086, 27.473468660968646, 30.228842916342945, 24.08972740222739, 19.63254338254341, 22.160806785806734, 22.8135845635846, 21.144781144781163, 19.067728567728587, 23.18196386946391, 17.34631572131575, 15.003059440559412, 12.80333786583786]",0,0.0,ok,roll_greedy_b1
8b47c013cc2626ad,2026-10-01T22:21:25,roll,full_Region6_s0.2,greedy,classical,bf21a9e8fb,{},1.0,0,6.0,3.0,49,29.774734524734498,170216.0,170217.0,"[27.798562548562483, 28.215132090132023, 24.7060347060347, 25.785224035224214, 25.961133773633946, 25.6983780108781, 26.4558080808081, 29.668625356125364, 29.134065009065015, 25.356918544418633, 24.2004338254338, 21.828072390572416, 23.371908184408298, 26.036454286454283, 26.228551541051534, 24.106465293965314, 24.39402033152035, 25.740368427868404, 26.448054260554247, 23.666585729085796, 23.744107744107808, 22.971186221186283, 24.44981869981869, 26.89900608650618, 26.894327894327983, 23.636768324268264, 23.64764633514637, 24.16805879305877, 24.22534641284639, 23.04454804454803, 22.987260424760407, 25.797397047397112, 28.100848225848317, 28.084029396529488, 27.92553742553741, 28.729717042217022, 29.658637658637634, 29.774734524734498, 27.240497927997918, 25.040371665371737, 23.858941983942042, 24.06912069412076, 26.32690688940691, 26.502816627816646, 23.322973322973354, 21.706779331779337, 19.668560606060666, 18.309327246827266, 17.914627039627007]","[0.0, 0.0, 0.0, 0.0, 0.0, 0.0, 0.0, 0.0, 0.0, 0.0, 0.0, 0.0, 0.0, 0.0, 0.0, 0.0, 0.0, 0.0, 0.0, 0.0, 0.0, 0.0, 0.0, 0.0, 0.0, 0.0, 0.0, 0.0, 0.0, 0.0, 0.0, 0.0, 0.0, 0.0, 0.0, 0.0, 0.0, 0.0, 0.0, 0.0, 0.0, 0.0, 0.0, 0.0, 0.0, 0.0, 0.0, 0.0, 0.0]","[2243, 2421, 2447, 2412, 2240, 2178, 2142, 2079, 2266, 2381, 2177, 1994, 2110, 2318, 2266, 2186, 2317, 2438, 2395, 2281, 2231, 2254, 2191, 2228, 2312, 2311, 2353, 2447, 2458, 2268, 2116, 2196, 2486, 2518, 2588, 2870, 2907, 2763, 2415, 2086, 2152, 2230, 2257, 2201, 1917, 1784, 1756, 1128, 266]","[6157.8, 7018.5, 6198.3, 5575.0, 5894.8, 6011.5, 7676.3, 7317.0, 6808.8, 6389.5, 5793.3, 5367.1, 6055.8, 5628.6, 6062.3, 6253.1, 6058.8, 6581.6, 6160.3, 6129.1, 5826.8, 6211.6, 6506.3, 6340.1, 6116.8, 6562.6, 5982.3, 5887.1, 5966.9, 6226.6, 6418.4, 6049.1, 5846.9, 6786.6, 6083.4, 5947.1, 6955.9, 6413.6, 6416.4, 5810.1, 5725.9, 6158.6, 5921.4, 5945.1, 5550.9, 5924.6, 6013.4, 3881.0, 555.0]","[126, 144, 162, 180, 198, 216, 234, 252, 270, 288, 306, 324, 342, 360, 378, 396, 414, 432, 450, 468, 486, 504, 522, 540, 558, 576, 594, 612, 630, 648, 666, 684, 702, 720, 738, 756, 774, 792, 810, 828, 846, 864, 882, 900, 918, 936, 954, 972, 990]","[28.21513209013202, 24.7060347060347, 24.20028813778814, 25.961133773633946, 21.82580613830616, 26.250647500647585, 27.65127233877237, 29.134065009065015, 25.332070707070635, 24.20043382543381, 20.563811188811183, 21.350168350168378, 23.371908184408298, 26.228551541051537, 24.106465293965314, 24.39402033152034, 24.253415565915606, 26.448054260554247, 21.55592786842791, 23.744107744107808, 22.971186221186283, 21.58763921263932, 24.507106319606304, 26.894327894327983, 23.636768324268264, 23.549889924889992, 23.415080290080326, 24.22534641284639, 21.942016317016364, 22.987260424760407, 21.11708430458439, 25.98886298886306, 28.084029396529488, 25.36449430199438, 28.729717042217022, 29.194250194250362, 29.774734524734498, 27.240497927997918, 25.040371665371737, 21.75118168868172, 23.948604636104697, 24.04483941983948, 26.50281662781665, 23.322973322973354, 21.706779331779337, 19.668560606060666, 18.309327246827266, 17.914627039627007]",0,0.0,ok,roll_greedy_b1
a5a05cc361c62080,2026-10-01T22:21:25,roll,full_Region6_s0.3,greedy,classical,bf21a9e8fb,{},1.0,0,6.0,3.0,49,31.302269489769486,170189.0,170191.0,"[28.13218725718714, 28.097027972027856, 25.530675343175446, 29.556364931365, 29.609605672105737, 24.739041051541108, 29.363587801087846, 28.514633514633555, 25.10199753949772, 25.295470732970763, 23.456034706034757, 22.399718337218353, 22.662733100233137, 23.16859298109304, 23.339824527324584, 21.49537037037035, 27.637059699557916, 27.679422429420672, 23.133806008806033, 23.35096153846158, 23.350961538461576, 20.016478891478872, 20.90564296814301, 27.319768194768205, 27.46734977984979, 21.090536778036732, 21.050844988344963, 23.254467754467765, 23.082604895104904, 23.87427156177146, 23.755536130536118, 24.126958689458682, 22.63150738150741, 25.47189847189847, 25.41461085211085, 30.402227402227453, 31.14785677285682, 32.28855866355866, 31.30226948976949, 24.476851851851823, 24.403490028490037, 24.45877039627035, 23.8728632478632, 21.139099326599307, 20.879208754208715, 20.20122701372699, 20.498688811188693, 20.09084434084432, 17.112082362082308]","[0.0, 0.0, 0.0, 0.0, 0.0, 0.0, 0.0, 0.0, 0.0, 0.0, 0.0, 0.0, 0.0, 0.0, 0.0, 0.0, 0.0, 0.0, 0.0, 0.0, 0.0, 0.0, 0.0, 0.0, 0.0, 0.0, 0.0, 0.0, 0.0, 0.0, 0.0, 0.0, 0.0, 0.0, 0.0, 0.0, 0.0, 0.0, 0.0, 0.0, 0.0, 0.0, 0.0, 0.0, 0.0, 0.0, 0.0, 0.0, 0.0]","[2330, 2369, 2309, 2454, 2287, 2139, 2136, 2029, 2235, 2372, 2168, 2047, 2109, 2264, 2183, 2022, 2187, 2264, 2142, 2099, 2001, 2034, 2065, 2074, 2209, 2191, 2124, 2147, 2158, 2098, 2030, 2128, 2304, 2357, 2442, 2757, 2905, 2757, 2462, 2068, 2047, 2107, 1989, 1860, 1713, 1676, 1676, 1084, 251]","[6160.7, 6816.5, 5855.2, 5657.0, 5506.7, 6219.4, 7666.2, 7745.9, 5816.7, 5794.4, 6058.2, 5263.9, 6100.7, 5456.4, 6159.2, 6451.9, 6152.7, 7138.4, 5654.1, 6057.9, 6131.6, 6226.4, 6049.1, 6234.9, 5961.6, 6817.4, 6025.1, 6010.9, 6322.6, 6130.4, 6659.1, 6025.8, 5900.6, 6425.3, 6078.1, 5942.8, 7116.6, 6756.3, 6041.1, 5630.8, 5496.6, 6254.3, 6088.1, 5970.8, 5900.5, 5822.3, 5627.0, 3990.0, 239.0]","[126, 144, 162, 180, 198, 216, 234, 252, 270, 288, 306, 324, 342, 360, 378, 396, 414, 432, 450, 468, 486, 504, 522, 540, 558, 576, 594, 612, 630, 648, 666, 684, 702, 720, 738, 756, 774, 792, 810, 828, 846, 864, 882, 900, 918, 936, 954, 972, 990]","[28.09702797202786, 21.178936803936796, 25.603519166019268, 29.609605672105737, 21.92772274022277, 26.85908767158773, 28.514633514633555, 22.980024605024692, 25.13500388500406, 23.456034706034757, 22.391187516187575, 21.94457394457396, 22.74430199430203, 23.339824527324588, 21.221930846930903, 22.355833980833957, 27.679422429420672, 22.10340585340585, 23.292896917896943, 23.350961538461576, 19.026774151774195, 20.227547915047897, 21.179309116809154, 27.46734977984979, 21.090536778036736, 20.49579124579125, 21.205257705257683, 23.082604895104904, 23.5736531986532, 23.69153069153059, 24.126958689458675, 22.63150738150741, 22.05688293188285, 25.414610852110847, 25.137270137270132, 31.14785677285682, 30.211133773633836, 31.30226948976949, 24.476851851851823, 24.403490028490037, 22.497847060347123, 23.8728632478632, 19.641867391867375, 20.879208754208715, 20.20122701372699, 19.768615643615625, 20.09084434084432, 17.112082362082308]",0,0.0,ok,roll_greedy_b1
06e65126f3a30236,2026-10-01T22:21:26,roll,full_Region7_s0,pgreedy,classical,bf21a9e8fb,{},1.0,0,6.0,3.0,49,31.53465747215749,170204.0,170204.0,"[23.026547526547624, 22.442307692307697, 24.58106708106718, 24.101350038850107, 26.904946904946975, 24.88696257446261, 24.519214581714667, 25.80115255115266, 28.080063455063375, 26.341313778813788, 26.003010878010873, 25.142547267547318, 26.26995920745926, 22.94319800569805, 23.084353146853232, 21.779914529914556, 23.753868816368854, 23.279153716653703, 22.68660968660978, 25.315041440041522, 23.363215488215513, 24.571565009065075, 21.014617327117328, 22.186949624449674, 28.008336570836676, 24.50859557109559, 30.31666019166012, 31.607420357420377, 31.122021497021485, 29.456682206682036, 25.61606449106451, 21.81162587412593, 22.809683372183446, 23.207167832167883, 21.882575757575772, 24.015993265993288, 21.581957394457415, 20.222238409738427, 24.89041051541055, 25.193376068376157, 27.643890831390838, 24.049922299922308, 23.17754467754471, 21.036292411292436, 19.615951178451184, 20.149022274022286, 20.247264309764343, 21.736256798756834, 17.034560347060395]","[0.003, 0.002, 0.001, 0.001, 0.001, 0.001, 0.001, 0.001, 0.002, 0.002, 0.001, 0.001, 0.001, 0.001, 0.001, 0.001, 0.001, 0.001, 0.001, 0.001, 0.001, 0.001, 0.001, 0.001, 0.001, 0.001, 0.001, 0.002, 0.002, 0.001, 0.001, 0.001, 0.001, 0.001, 0.001, 0.001, 0.001, 0.001, 0.001, 0.001, 0.001, 0.001, 0.001, 0.001, 0.001, 0.001, 0.001, 0.0, 0.0]","[3096, 3238, 3212, 3177, 3145, 3100, 3118, 3366, 3790, 3595, 3107, 3093, 3115, 3089, 3074, 2977, 3069, 3327, 3381, 3356, 3178, 2964, 2907, 2921, 3218, 3349, 3493, 3895, 3912, 3528, 3192, 3074, 3076, 3076, 3037, 2957, 2766, 2825, 3210, 3451, 3518, 3326, 2900, 2703, 2586, 2636, 2767, 1818, 416]","[6209.7, 8558.4, 5023.2, 7219.9, 5364.7, 5476.4, 5482.2, 6381.9, 7152.7, 7202.4, 4332.1, 4617.9, 6068.6, 6276.4, 6100.1, 7559.9, 4561.6, 6384.4, 5605.1, 5289.8, 6068.6, 5264.3, 5842.1, 4830.8, 6584.6, 8069.3, 4514.1, 6450.8, 6465.5, 5750.3, 5112.0, 4613.8, 4283.5, 6816.3, 6060.0, 7457.7, 6496.5, 5999.2, 7216.0, 8089.7, 6816.5, 7164.2, 5055.0, 5175.7, 4490.4, 4318.2, 5699.9, 3995.0, 769.0]","[126, 144, 162, 180, 198, 216, 234, 252, 270, 288, 306, 324, 342, 360, 378, 396, 414, 432, 450, 468, 486, 504, 522, 540, 558, 576, 594, 612, 630, 648, 666, 684, 702, 720, 738, 756, 774, 792, 810, 828, 846, 864, 882, 900, 918, 936, 954, 972, 990]","[22.416877104377186, 24.49300699300707, 24.029428904429004, 23.73386104636116, 24.886962574462608, 24.519214581714667, 25.792654105154153, 28.059650997151003, 26.341313778813785, 26.003010878010873, 24.758093758093768, 26.26995920745926, 22.94319800569805, 23.084353146853232, 21.76740157990168, 23.744771432271463, 23.279153716653703, 22.656387593887686, 23.159576534576626, 23.36321548821551, 22.60719373219374, 21.012011137011175, 22.186949624449674, 28.008336570836676, 24.50859557109559, 27.09856578606585, 31.53465747215749, 31.07319994819992, 29.43918350168343, 25.616064491064506, 21.81162587412593, 22.809683372183446, 23.207167832167883, 21.870289432789505, 24.015993265993288, 21.581957394457415, 20.20754014504008, 23.03274734524737, 25.193376068376157, 25.642725330225332, 24.04992229992231, 23.034414659414658, 21.036292411292436, 19.61428386428392, 20.11836311836316, 20.24232711732715, 21.73625679875683, 17.034560347060395]",0,0.003,ok,roll_pgreedy_b1
731029045f5c3f58,2026-10-01T22:21:26,roll,full_Region7_s0.1,pgreedy,classical,bf21a9e8fb,{},1.0,0,6.0,3.0,49,33.979085729085654,170214.0,170214.0,"[22.96851528101539, 23.21336765086775, 23.519036519036522, 23.46590909090914, 21.74498186998192, 21.331601269101295, 24.827149702149722, 22.690284252784302, 28.597804972804997, 29.722837347837338, 23.824932012432114, 24.102645040145084, 22.81814944314916, 23.880778943278962, 22.552836052836096, 21.95085470085474, 23.091362341362355, 22.730785418285457, 21.916844729344795, 22.52309958559968, 23.39091232841238, 21.6731740481741, 21.702133514633502, 22.505908443408497, 23.046522921522975, 22.985593110593133, 32.056818181818066, 33.979085729085654, 28.487017612017645, 28.969340844340696, 23.155416342916375, 20.425699300699375, 23.398115773115833, 21.85866679616683, 24.76681882931887, 22.460389147889217, 22.620224682724675, 20.456471768971753, 24.14070189070194, 24.391122766122773, 24.527340714840683, 25.906630406630505, 23.031112406112438, 21.265410515410533, 18.299711862211897, 17.645040145040173, 19.84424371924374, 18.592608780108808, 18.46058339808341]","[0.001, 0.001, 0.001, 0.001, 0.001, 0.001, 0.001, 0.002, 0.001, 0.001, 0.001, 0.001, 0.001, 0.001, 0.001, 0.001, 0.001, 0.001, 0.001, 0.001, 0.001, 0.001, 0.001, 0.001, 0.001, 0.001, 0.001, 0.001, 0.002, 0.001, 0.001, 0.001, 0.001, 0.001, 0.001, 0.001, 0.0, 0.001, 0.001, 0.001, 0.001, 0.001, 0.001, 0.001, 0.001, 0.001, 0.0, 0.0, 0.0]","[3191, 3391, 3274, 3145, 3000, 2894, 3005, 3181, 3545, 3668, 3271, 3151, 3192, 3163, 3067, 2869, 3023, 3323, 3274, 3253, 3167, 2963, 3044, 3045, 3089, 3251, 3660, 3994, 3853, 3601, 3165, 2909, 2944, 2941, 2938, 2846, 2577, 2656, 3028, 3248, 3376, 3203, 2820, 2614, 2497, 2498, 2572, 1754, 443]","[6210.8, 8925.5, 5577.3, 6177.0, 5292.8, 5740.5, 5524.3, 7127.0, 5474.8, 8057.5, 5330.3, 4697.0, 5825.8, 5053.5, 5396.3, 6280.0, 5630.8, 8011.5, 6111.3, 4817.0, 7155.8, 5963.5, 4568.3, 5746.0, 6403.8, 6704.5, 5337.3, 6705.0, 6717.8, 6444.5, 5511.3, 3881.0, 4165.8, 6700.5, 3984.3, 6138.0, 3817.8, 4763.5, 6920.3, 7392.0, 5998.8, 7299.5, 5340.3, 5799.0, 5892.8, 5638.5, 4438.3, 3841.0, 508.0]","[126, 144, 162, 180, 198, 216, 234, 252, 270, 288, 306, 324, 342, 360, 378, 396, 414, 432, 450, 468, 486, 504, 522, 540, 558, 576, 594, 612, 630, 648, 666, 684, 702, 720, 738, 756, 774, 792, 810, 828, 846, 864, 882, 900, 918, 936, 954, 972, 990]","[23.194622507122652, 23.439847189847086, 23.465909090909143, 21.69905788655792, 21.30929487179493, 23.92874255374262, 22.690284252784302, 28.205112017612063, 29.72283734783734, 23.824932012432114, 23.840973840973916, 22.740627428127414, 23.880778943278965, 22.310508935508956, 21.622571872571914, 23.086878399378442, 22.730785418285457, 21.9168447293448, 22.486790986790986, 23.249303936803944, 21.673174048174104, 21.693602693602767, 22.497442372442418, 23.046522921522975, 22.937435249935223, 25.416359103859126, 33.979085729085654, 28.487017612017652, 28.9693408443407, 23.111192048692054, 20.42569930069937, 23.081309893809912, 21.85866679616683, 24.025608650608593, 22.455338642838726, 22.620224682724675, 20.30822649572651, 24.14070189070194, 24.29106772856777, 24.47915047915043, 25.198976948976895, 23.03111240611244, 21.265410515410533, 18.299711862211897, 17.645040145040173, 18.484605672105673, 18.592608780108808, 18.460583398083408]",0,0.002,ok,roll_pgreedy_b1
753245dad7637a16,2026-10-01T22:21:26,roll,full_Region7_s0.2,pgreedy,classical,bf21a9e8fb,{},1.0,0,6.0,3.0,49,29.803289303289283,170213.0,170213.0,"[24.68246568246576, 25.1058987308988, 25.700757575757613, 23.278603341103363, 24.282083657083685, 22.7901936026937, 24.58218401968409, 25.32012432012438, 28.702424889924913, 27.220376845376812, 27.284349909349924, 23.867812742812774, 24.878124190624284, 20.850993913493973, 20.807481869981896, 20.99694055944058, 24.646448458948438, 22.658945221445276, 22.305604118104142, 22.712703962703976, 21.742310929810987, 21.667055167055242, 20.368783993784007, 22.85508935508935, 23.5038202538203, 24.901142838642865, 27.319881507381517, 28.71226689976689, 29.810606060606094, 27.216070966070966, 24.526239963739926, 23.775365837865902, 21.71702602952611, 21.594616032116026, 23.40000971250978, 22.343839031339034, 23.611337736337767, 21.843223905723907, 22.724812224812247, 23.837558275058296, 25.412457912457878, 25.686237373737338, 22.07430069930072, 20.44734200984202, 23.035385910386, 20.93850362600372, 20.149103211603215, 17.62781662781662, 17.510861823361818]","[0.001, 0.001, 0.001, 0.001, 0.001, 0.001, 0.001, 0.002, 0.002, 0.002, 0.001, 0.001, 0.001, 0.001, 0.001, 0.001, 0.001, 0.001, 0.001, 0.001, 0.001, 0.001, 0.001, 0.0, 0.001, 0.001, 0.002, 0.002, 0.002, 0.002, 0.001, 0.001, 0.001, 0.001, 0.001, 0.001, 0.001, 0.001, 0.002, 0.002, 0.001, 0.001, 0.001, 0.001, 0.0, 0.001, 0.001, 0.0, 0.0]","[3221, 3547, 3469, 3296, 3117, 3033, 3150, 3420, 3716, 3691, 3245, 3109, 3175, 3094, 2888, 2794, 3110, 3292, 3292, 3347, 3154, 2967, 2890, 2859, 3185, 3311, 3564, 4035, 4033, 3566, 3194, 3125, 3103, 3065, 3101, 3080, 2796, 2896, 3238, 3445, 3595, 3403, 2927, 2646, 2603, 2709, 2722, 1767, 426]","[6161.7, 8409.4, 6290.2, 5755.9, 4394.6, 5512.4, 5975.1, 7221.9, 6300.6, 7656.4, 4230.1, 4632.8, 6343.6, 5284.3, 4995.1, 5814.8, 6320.6, 6915.3, 5690.0, 5563.8, 6037.5, 5616.3, 5541.0, 4579.8, 5724.5, 7657.2, 6489.0, 8826.7, 7292.5, 6586.2, 3250.9, 4217.7, 4427.4, 6146.2, 5116.9, 6780.7, 4944.4, 5311.1, 6908.9, 6561.6, 6377.4, 7716.1, 5929.9, 5253.6, 4018.3, 5194.1, 5341.8, 3818.0, 211.0]","[126, 144, 162, 180, 198, 216, 234, 252, 270, 288, 306, 324, 342, 360, 378, 396, 414, 432, 450, 468, 486, 504, 522, 540, 558, 576, 594, 612, 630, 648, 666, 684, 702, 720, 738, 756, 774, 792, 810, 828, 846, 864, 882, 900, 918, 936, 954, 972, 990]","[25.1058987308988, 25.03862341362349, 23.258368945868995, 24.282083657083685, 22.7901936026937, 24.57561188811198, 25.320124320124375, 28.697940947941003, 27.220376845376812, 27.284349909349924, 23.8631021756022, 24.878124190624284, 20.845571095571124, 20.807481869981896, 20.96924371924376, 24.608618233618312, 22.658945221445276, 22.287635975136034, 22.50464581714585, 21.728163040663038, 21.667055167055242, 20.34858197358205, 21.24409155659156, 23.503820253820304, 24.901142838642865, 27.264827764827682, 28.665630665630644, 29.803289303289283, 27.184472934472904, 24.526239963739926, 23.775365837865905, 21.544127169127197, 21.594616032116026, 22.609314296814247, 22.343839031339034, 23.611337736337767, 21.752039627039675, 22.715083527583573, 23.837558275058296, 25.40496309246309, 25.686237373737338, 22.074300699300696, 20.44734200984202, 19.756070318570316, 20.938503626003715, 20.149103211603222, 17.62781662781662, 17.510861823361818]",0,0.002,ok,roll_pgreedy_b1
3c65b73f80e40496,2026-10-01T22:21:26,roll,full_Region7_s0.3,pgreedy,classical,bf21a9e8fb,{},1.0,0,6.0,3.0,49,30.307854182854157,170205.0,170205.0,"[21.024410774410818, 22.479506604506618, 24.65543253043261, 22.46265540015545, 22.45545195545205, 21.519619269619273, 29.136153198653265, 29.136153198653254, 26.520007770007734, 24.4115028490028, 24.034333721833733, 23.33084045584054, 22.86455905205911, 22.52447552447505, 21.450191012691082, 21.175148925149, 22.05785418285422, 22.20480445480449, 22.416391478891523, 24.787312224812307, 21.724375161875248, 21.145412457912524, 20.65080290080295, 20.10283929033932, 22.47758029008034, 22.979765604765657, 26.44044612794616, 29.900382025382036, 30.307854182854157, 24.673141673141632, 23.98161098161091, 21.351430976430976, 23.355494042994028, 24.155141155141227, 22.054843304843335, 21.428175990676042, 20.55965099715102, 21.798594923594987, 21.691886816886814, 23.06879694379704, 24.09785353535354, 23.31666019166022, 22.103373478373538, 20.456844081844114, 20.173643486143543, 18.09217171717168, 20.3906047656048, 20.26919839419843, 17.766786454286482]","[0.001, 0.001, 0.001, 0.001, 0.001, 0.001, 0.001, 0.001, 0.002, 0.001, 0.001, 0.001, 0.001, 0.001, 0.001, 0.001, 0.001, 0.001, 0.001, 0.001, 0.001, 0.001, 0.001, 0.001, 0.001, 0.001, 0.002, 0.001, 0.001, 0.002, 0.001, 0.001, 0.001, 0.001, 0.001, 0.001, 0.001, 0.001, 0.001, 0.001, 0.001, 0.001, 0.001, 0.001, 0.0, 0.001, 0.001, 0.0, 0.0]","[2967, 3146, 3185, 3142, 2972, 2911, 3058, 3251, 3560, 3482, 2997, 3004, 3107, 3011, 2886, 2813, 2981, 3183, 3193, 3284, 3216, 2913, 2853, 2753, 2934, 3201, 3459, 3872, 3940, 3645, 3175, 2942, 3006, 3061, 2973, 2792, 2615, 2711, 2930, 3116, 3356, 3262, 2783, 2560, 2475, 2498, 2669, 1803, 435]","[6207.6, 8804.4, 6741.1, 6723.8, 5146.6, 5442.3, 5754.0, 6991.8, 6257.5, 7549.3, 3639.0, 4643.7, 6601.5, 4772.2, 5628.9, 5087.7, 5029.4, 6906.2, 5861.9, 6089.6, 6733.4, 5404.1, 5408.8, 5227.6, 5208.3, 7251.0, 5728.8, 8131.5, 7861.3, 7159.0, 4873.7, 4880.5, 4262.2, 6488.9, 5752.7, 5519.4, 5583.1, 4840.9, 6041.6, 6843.4, 6535.1, 6998.8, 5449.6, 5161.3, 4371.0, 4905.8, 5676.5, 4874.0, 458.0]","[126, 144, 162, 180, 198, 216, 234, 252, 270, 288, 306, 324, 342, 360, 378, 396, 414, 432, 450, 468, 486, 504, 522, 540, 558, 576, 594, 612, 630, 648, 666, 684, 702, 720, 738, 756, 774, 792, 810, 828, 846, 864, 882, 900, 918, 936, 954, 972, 990]","[22.479506604506618, 22.07452732452738, 22.46265540015545, 22.45545195545205, 21.519619269619273, 22.5396917896918, 29.136153198653254, 26.51811383061384, 24.4115028490028, 24.034333721833733, 23.312354312354305, 22.86455905205911, 22.524475524475054, 21.450191012691082, 21.175148925149, 22.042670292670323, 22.204804454804492, 22.384502072002135, 23.672931235431317, 21.724375161875244, 21.145412457912517, 20.650802900802955, 20.10283929033932, 22.453444703444735, 22.979765604765657, 26.425407925407917, 29.900382025382036, 30.307854182854165, 24.673141673141636, 23.98161098161091, 21.331342268842306, 23.263937451437492, 24.155141155141223, 22.054843304843338, 21.383142320642357, 20.55965099715102, 21.79859492359498, 21.682643745143814, 23.06879694379704, 24.097853535353543, 23.28999935249929, 22.103373478373538, 20.456844081844114, 20.173643486143543, 18.0758708883709, 20.201858326858382, 20.26919839419843, 17.766786454286482]",0,0.002,ok,roll_pgreedy_b1
06987d899ac2f2a3,2026-10-01T22:21:26,roll,full_Region6_s0,pgreedy,classical,bf21a9e8fb,{},1.0,0,6.0,3.0,49,29.13796620046614,170207.0,170207.0,"[25.109492359492368, 25.298513986014026, 24.623688811188885, 24.397549210049288, 22.723581973582018, 25.315219502719525, 28.913267288267374, 26.801800051800104, 25.257931882931953, 25.50998769748769, 24.49418868168871, 23.18285418285405, 23.18285418285405, 22.212525900025955, 21.360560735560735, 20.57825045325044, 20.961182336182333, 21.904331779331873, 21.28909285159289, 20.805879305879344, 21.68580031080039, 22.28273115773126, 22.145363895363985, 22.037878787878842, 24.223938098938078, 22.780092592592652, 23.183145558145586, 23.385602823102694, 23.77725977725981, 24.57460826210818, 22.582944832944825, 24.32648601398634, 24.728794353794356, 26.34372571872577, 26.508126133126133, 27.771043771043743, 29.137966200466135, 29.079933954933953, 27.45320189070193, 23.122183372183443, 21.04717042217039, 21.079658767158776, 20.39220732970736, 20.146982646982597, 20.09994172494177, 17.56722675472682, 16.960081585081568, 16.42578023828023, 16.252395752395756]","[0.001, 0.001, 0.001, 0.001, 0.001, 0.001, 0.001, 0.001, 0.001, 0.001, 0.001, 0.001, 0.001, 0.001, 0.001, 0.001, 0.001, 0.001, 0.001, 0.001, 0.001, 0.001, 0.001, 0.001, 0.001, 0.001, 0.001, 0.001, 0.001, 0.001, 0.001, 0.0, 0.001, 0.001, 0.001, 0.001, 0.001, 0.001, 0.001, 0.001, 0.001, 0.001, 0.001, 0.001, 0.0, 0.001, 0.001, 0.0, 0.0]","[2356, 2478, 2529, 2540, 2332, 2222, 2215, 2089, 2094, 2240, 2203, 2106, 2213, 2263, 2175, 2083, 2181, 2355, 2322, 2289, 2250, 2251, 2293, 2200, 2202, 2238, 2211, 2276, 2346, 2277, 2214, 2213, 2415, 2555, 2580, 2760, 2860, 2801, 2443, 2003, 1983, 2057, 1971, 1935, 1854, 1703, 1654, 1126, 287]","[6161.7, 8781.4, 5921.2, 5319.9, 5391.6, 3744.4, 6627.1, 6379.9, 5549.6, 4853.4, 5873.1, 4614.8, 5938.6, 5712.3, 4808.1, 5786.8, 5224.5, 6650.3, 6459.0, 5571.8, 6375.5, 6073.3, 7176.0, 5987.7, 5374.5, 6503.2, 5506.0, 5543.7, 6428.5, 6593.2, 5288.9, 5433.7, 5836.4, 6669.2, 5873.9, 6467.6, 7067.4, 7431.1, 5674.9, 3986.6, 3519.4, 5650.1, 5314.8, 5357.6, 5302.3, 5207.1, 5037.8, 3098.0, 497.0]","[126, 144, 162, 180, 198, 216, 234, 252, 270, 288, 306, 324, 342, 360, 378, 396, 414, 432, 450, 468, 486, 504, 522, 540, 558, 576, 594, 612, 630, 648, 666, 684, 702, 720, 738, 756, 774, 792, 810, 828, 846, 864, 882, 900, 918, 936, 954, 972, 990]","[25.298513986014026, 24.223565786065745, 24.395023957523918, 22.723581973582018, 25.078833203833213, 27.291731416731448, 26.8018000518001, 25.242667055167058, 25.509987697487688, 24.49418868168871, 23.04399766899746, 23.18285418285405, 22.212525900025955, 21.34965034965036, 20.55103923853923, 20.920713545713532, 21.83527583527585, 21.288574851074955, 20.805879305879344, 20.87668350168355, 22.24426961926969, 22.145363895363985, 22.037878787878842, 23.912587412587474, 22.780092592592652, 23.183145558145583, 23.36536842786844, 23.777259777259797, 24.57460826210818, 22.582944832944825, 22.90985172235176, 24.5393356643357, 25.26550764050767, 26.365481740481787, 27.771043771043743, 29.137966200466135, 29.07978826728826, 27.451971639471537, 23.122183372183443, 20.988701113701012, 21.06599650349653, 20.39220732970736, 20.1469826469826, 20.09994172494177, 17.556348743848744, 16.960081585081568, 16.425780238280225, 16.252395752395756]",0,0.001,ok,roll_pgreedy_b1
d715228e903169b1,2026-10-01T22:21:26,roll,full_Region6_s0.1,pgreedy,classical,bf21a9e8fb,{},1.0,0,6.0,3.0,49,28.114769489769493,170208.0,170212.0,"[22.860398860398888, 21.796846671846637, 21.444994819994847, 22.490724553224574, 21.785855348355373, 24.144263144263114, 24.99944962444993, 26.927398989898965, 28.114769489769493, 22.83852952602945, 21.660515410515334, 19.463205775705735, 21.745758870758976, 21.146820771821062, 20.014843952344226, 20.171522921523007, 20.667281792281738, 21.833899896399842, 21.196532634032618, 19.338642838642848, 19.65541634291634, 20.9124740999743, 20.359346671846694, 18.88906695156696, 19.378367003367025, 19.11149961149961, 20.82358844858845, 21.450223387723366, 21.507511007511063, 21.4814167314166, 21.32755439005439, 20.000550375550382, 23.63516576016574, 23.215407277907307, 26.28164659414661, 24.7314652939653, 26.97176897176898, 26.0246859621859, 25.048870111370153, 21.890669515669497, 20.778927091427065, 21.104943667443685, 20.813455063455063, 19.006021756021767, 19.891138953638986, 18.01267482517482, 16.22711085211087, 15.453784641284644, 15.176816239316233]","[0.001, 0.001, 0.001, 0.001, 0.001, 0.001, 0.001, 0.001, 0.001, 0.001, 0.0, 0.001, 0.001, 0.001, 0.001, 0.001, 0.001, 0.001, 0.001, 0.001, 0.001, 0.001, 0.001, 0.001, 0.001, 0.001, 0.001, 0.001, 0.001, 0.001, 0.001, 0.001, 0.001, 0.001, 0.0, 0.001, 0.001, 0.001, 0.001, 0.001, 0.001, 0.001, 0.001, 0.001, 0.0, 0.0, 0.0, 0.0, 0.0]","[2139, 2199, 2205, 2353, 2316, 2140, 2014, 2021, 2068, 2060, 1948, 1907, 2038, 2166, 2139, 2042, 2132, 2251, 2234, 2062, 2028, 2132, 1998, 1928, 1977, 2001, 2134, 2234, 2211, 2095, 1994, 2086, 2253, 2277, 2286, 2420, 2495, 2563, 2333, 1856, 1859, 1967, 1876, 1803, 1661, 1539, 1506, 964, 220]","[6195.7, 8110.4, 5441.1, 6457.9, 6887.6, 4906.4, 7202.1, 6292.8, 7437.6, 6011.3, 5673.1, 4855.8, 4750.5, 6086.3, 5115.0, 4515.8, 5856.5, 6459.2, 6814.0, 5079.7, 4480.4, 5578.2, 6790.9, 5567.7, 5334.4, 6237.1, 5893.9, 7048.6, 6811.4, 6108.1, 5732.8, 5525.6, 6911.3, 7529.1, 5858.8, 5997.5, 6743.3, 6764.0, 5912.8, 4824.5, 4460.2, 6096.0, 5640.7, 5999.5, 5009.2, 5414.9, 4410.7, 1896.0, 152.0]","[126, 144, 162, 180, 198, 216, 234, 252, 270, 288, 306, 324, 342, 360, 378, 396, 414, 432, 450, 468, 486, 504, 522, 540, 558, 576, 594, 612, 630, 648, 666, 684, 702, 720, 738, 756, 774, 792, 810, 828, 846, 864, 882, 900, 918, 936, 954, 972, 990]","[21.76298238798233, 21.419855607355572, 22.490724553224574, 21.785855348355373, 23.87579318829322, 24.99944962444992, 26.88351463351463, 28.114769489769497, 22.829950142450148, 21.660515410515334, 19.204577829577868, 21.709709272209338, 21.005665630665654, 20.014843952344226, 20.171522921523007, 20.657666407666436, 21.83389989639984, 21.196532634032618, 19.33864283864285, 19.65452602952608, 20.9124740999743, 20.355931105931113, 18.85049210049212, 19.362665112665102, 19.067874255374257, 20.786761849261847, 21.450223387723373, 21.355995855995857, 21.424161486661493, 21.32755439005439, 20.000550375550382, 23.589468401968425, 23.19721250971252, 23.797235172235236, 24.681753431753418, 26.97176897176898, 26.0246859621859, 25.048870111370153, 21.8906695156695, 20.704674954675006, 21.07891414141415, 20.813455063455063, 19.006021756021767, 19.003609816109837, 17.9926670551671, 16.21864478114476, 15.449737762237735, 15.176816239316233]",0,0.001,ok,roll_pgreedy_b1
8825b190ea0bd324,2026-10-01T22:21:26,roll,full_Region6_s0.2,pgreedy,classical,bf21a9e8fb,{},1.0,0,6.0,3.0,49,28.370435120435104,170212.0,170217.0,"[23.068829318829387, 24.928985366485367, 23.05702861952859, 24.457961020460882, 22.43863312613322, 25.161923724423808, 25.346590909090892, 27.32373413623416, 26.57595182595183, 26.643194768194697, 24.356740481740463, 21.44769813519815, 21.275657213157327, 22.377525252525363, 22.08495208495211, 21.953638953638976, 22.837898212898242, 24.54883773633778, 22.962461149961193, 21.442647630147643, 21.232695545195526, 21.785936285936398, 22.362406112406102, 24.343709531209583, 24.143631831131913, 23.247150997151213, 22.537425537425598, 22.31306656306662, 22.507834757834793, 22.701534576534467, 21.668091168091127, 22.800585988086002, 24.567777130277115, 24.403182465682555, 25.955112017612002, 28.370435120435104, 27.297639860139867, 27.233925796425808, 25.603324915824885, 22.74935249935252, 23.31023374773378, 23.918641543641538, 23.09864672364645, 22.075676638176674, 21.06748575498568, 22.134858197358202, 17.988247863247835, 17.748219373219346, 17.805733618233596]","[0.001, 0.001, 0.001, 0.001, 0.001, 0.001, 0.001, 0.001, 0.001, 0.001, 0.001, 0.001, 0.001, 0.001, 0.001, 0.001, 0.001, 0.001, 0.001, 0.001, 0.001, 0.001, 0.001, 0.001, 0.001, 0.001, 0.001, 0.001, 0.001, 0.001, 0.001, 0.001, 0.001, 0.001, 0.001, 0.001, 0.001, 0.001, 0.001, 0.001, 0.001, 0.001, 0.001, 0.001, 0.001, 0.0, 0.001, 0.0, 0.0]","[2243, 2421, 2447, 2412, 2240, 2178, 2142, 2079, 2266, 2381, 2177, 1994, 2110, 2318, 2266, 2186, 2317, 2438, 2395, 2281, 2231, 2254, 2191, 2228, 2312, 2311, 2353, 2447, 2458, 2268, 2116, 2196, 2486, 2518, 2588, 2870, 2907, 2763, 2415, 2086, 2152, 2230, 2257, 2201, 1917, 1784, 1756, 1128, 266]","[6157.8, 8704.5, 6947.3, 5854.0, 6661.8, 4346.5, 5972.3, 6015.0, 6458.8, 5883.5, 5763.3, 3327.1, 4707.8, 5638.6, 7153.3, 5564.1, 5573.8, 6427.6, 6434.3, 4852.1, 5684.8, 5477.6, 6277.3, 5997.1, 6454.8, 6009.6, 5297.3, 5377.1, 6189.9, 5662.6, 6499.4, 5606.1, 6343.9, 7972.6, 6533.4, 7695.1, 8175.9, 7327.6, 5971.4, 4467.1, 4129.9, 6167.6, 6019.4, 6136.1, 4929.9, 4870.6, 5286.4, 3543.0, 473.0]","[126, 144, 162, 180, 198, 216, 234, 252, 270, 288, 306, 324, 342, 360, 378, 396, 414, 432, 450, 468, 486, 504, 522, 540, 558, 576, 594, 612, 630, 648, 666, 684, 702, 720, 738, 756, 774, 792, 810, 828, 846, 864, 882, 900, 918, 936, 954, 972, 990]","[24.711344211344144, 23.057028619528595, 24.44410450660454, 22.438633126133222, 22.31659544159546, 25.346590909090892, 27.32373413623416, 26.57595182595183, 26.643194768194697, 24.35432854182862, 21.44769813519815, 21.01643032893032, 22.37752525252537, 22.08495208495211, 21.952004014504052, 22.83789821289824, 24.54883773633778, 22.940850815850805, 21.41024022274024, 21.232695545195526, 21.776320901320943, 22.29480704480696, 24.343709531209583, 24.143631831131913, 23.247150997151213, 22.524653587153633, 22.31306656306662, 22.507834757834797, 22.60076728826734, 21.668091168091127, 22.759226884226972, 24.567777130277115, 24.403182465682555, 25.940332815332752, 28.370435120435104, 27.297639860139874, 27.23280885780883, 25.603324915824885, 22.733051670551653, 23.31023374773378, 23.850216912716974, 23.05599261849251, 22.07162975912977, 21.06748575498568, 22.1348581973582, 17.979781792281784, 17.748219373219346, 17.805733618233592]",0,0.001,ok,roll_pgreedy_b1
0c4671308d7108d2,2026-10-01T22:21:26,roll,full_Region6_s0.3,pgreedy,classical,bf21a9e8fb,{},1.0,0,6.0,3.0,49,30.467981092981145,170191.0,170191.0,"[22.911260036259925, 22.522095959595934, 23.657747345247298, 24.91554972804985, 23.085243460243586, 23.75642644392626, 29.082345894845954, 27.99184149184153, 24.29603729603735, 23.476932789432826, 22.14134939134939, 20.907132219632256, 21.440721315721355, 20.938277000777024, 21.071969696969724, 20.68217430717437, 22.712218337218424, 22.049420486918816, 20.739979927479983, 19.92529461279469, 20.92981092981097, 19.76976495726494, 19.660240222740264, 21.11734330484328, 21.23447617197618, 20.565219502719522, 20.29496891996892, 20.429746179746203, 21.477515540015588, 22.406517094017143, 22.14094470344467, 21.197163947163954, 21.827845765345778, 23.249935249935252, 23.74910968660969, 27.610026547526527, 30.46798109298114, 30.04383579383579, 27.401256151256142, 24.078509453509447, 22.726511914011912, 22.720911033410992, 22.284738409738363, 19.255924630924607, 19.6851204351203, 18.833640896140757, 18.854279979279987, 17.638807951307896, 17.638807951307896]","[0.001, 0.001, 0.001, 0.001, 0.001, 0.001, 0.001, 0.001, 0.001, 0.001, 0.001, 0.001, 0.001, 0.001, 0.001, 0.001, 0.001, 0.001, 0.001, 0.001, 0.001, 0.001, 0.001, 0.001, 0.001, 0.001, 0.001, 0.001, 0.001, 0.001, 0.001, 0.001, 0.001, 0.001, 0.001, 0.001, 0.001, 0.001, 0.001, 0.001, 0.001, 0.001, 0.001, 0.001, 0.001, 0.001, 0.0, 0.0, 0.0]","[2330, 2369, 2309, 2454, 2287, 2139, 2136, 2029, 2235, 2372, 2168, 2047, 2109, 2264, 2183, 2022, 2187, 2264, 2142, 2099, 2001, 2034, 2065, 2074, 2209, 2191, 2124, 2147, 2158, 2098, 2030, 2128, 2304, 2357, 2442, 2757, 2905, 2757, 2462, 2068, 2047, 2107, 1989, 1860, 1713, 1676, 1676, 1084, 251]","[6160.7, 8841.5, 5099.2, 6810.0, 6615.7, 3561.4, 6138.2, 6839.9, 5113.7, 5785.4, 5402.2, 4867.9, 5323.7, 6732.4, 5643.2, 5747.9, 6391.7, 7612.4, 5140.1, 5203.9, 4966.6, 5686.4, 6307.1, 6376.9, 6707.6, 5674.4, 4810.1, 5863.9, 6378.6, 6300.4, 7215.1, 5943.8, 5066.6, 6363.3, 6374.1, 6192.8, 8578.6, 7729.3, 6089.1, 4379.8, 4578.6, 5303.3, 6008.1, 5425.8, 5547.5, 6255.3, 4542.0, 4211.0, 55.0]","[126, 144, 162, 180, 198, 216, 234, 252, 270, 288, 306, 324, 342, 360, 378, 396, 414, 432, 450, 468, 486, 504, 522, 540, 558, 576, 594, 612, 630, 648, 666, 684, 702, 720, 738, 756, 774, 792, 810, 828, 846, 864, 882, 900, 918, 936, 954, 972, 990]","[22.522095959595934, 23.635473322973265, 24.87990481740485, 23.085243460243586, 23.66710372960376, 29.082345894845954, 27.991841491841534, 24.11808793058802, 23.470732970733025, 22.14134939134939, 20.907132219632256, 21.34132996632999, 20.932854182854204, 21.071969696969724, 20.662457912457935, 22.680960243460213, 22.049420486918816, 20.699770137270143, 19.92529461279469, 20.929810929810966, 19.689054001553924, 19.45347707847711, 21.11734330484328, 21.23447617197618, 20.565219502719522, 20.2914076664077, 20.427884615384613, 21.442469567469594, 22.406517094017143, 22.14094470344467, 21.184505309505354, 21.755115255115285, 23.213513338513366, 23.74910968660969, 27.587865837865863, 30.46798109298114, 30.018032893033, 27.401256151256142, 23.984767547267527, 22.54069541569542, 22.50768907018908, 22.284738409738363, 19.255406630406608, 19.642903392903367, 18.833640896140757, 18.854279979279983, 17.625663688163684, 17.638807951307896]",0,0.001,ok,roll_pgreedy_b1
a2ed1a499013d6db,2026-10-01T22:21:27,roll,full_Region7_s0,lp,classical,2f39b383fb,"{""lexi"": false}",1.0,0,6.0,3.0,49,28.10408572908572,170204.0,170204.0,"[21.905707718207744, 21.697568635068606, 23.32162975912984, 22.325984200984195, 22.893146205646318, 22.127169127169157, 23.204205516705606, 24.393615643615714, 26.48533411033426, 25.196937321937355, 22.862665112665113, 22.752250064750108, 21.9951437451438, 21.341961279461312, 22.493395493395532, 21.327813390313487, 23.350702538202558, 23.279153716653703, 21.299193861693816, 22.003609816109925, 20.932336182336293, 21.179050116550105, 20.92205710955716, 21.230251230251287, 24.977774540274538, 23.985172235172247, 25.920179357679352, 27.8221801346802, 28.108618233618284, 25.64387464387447, 22.65248640248644, 20.987697487697517, 21.956423206423274, 21.42568311318316, 22.306753431753513, 21.458511396011396, 19.703833203833263, 20.446338383838413, 21.957799145299173, 21.76406695156697, 23.15897759647764, 22.566352628852652, 21.416925666925664, 20.418609168609205, 19.344065656565633, 19.676168738668753, 19.66554972804977, 19.057773245273278, 19.18345312095315]","[0.028, 0.005, 0.004, 0.004, 0.004, 0.004, 0.003, 0.004, 0.004, 0.004, 0.003, 0.003, 0.003, 0.003, 0.003, 0.003, 0.004, 0.004, 0.003, 0.003, 0.003, 0.004, 0.004, 0.003, 0.003, 0.004, 0.004, 0.006, 0.004, 0.004, 0.003, 0.003, 0.004, 0.004, 0.004, 0.003, 0.004, 0.003, 0.005, 0.005, 0.004, 0.004, 0.003, 0.003, 0.003, 0.003, 0.003, 0.002, 0.001]","[3096, 3238, 3212, 3177, 3145, 3100, 3118, 3366, 3790, 3595, 3107, 3093, 3115, 3089, 3074, 2977, 3069, 3327, 3381, 3356, 3178, 2964, 2907, 2921, 3218, 3349, 3493, 3895, 3912, 3528, 3192, 3074, 3076, 3076, 3037, 2957, 2766, 2825, 3210, 3451, 3518, 3326, 2900, 2703, 2586, 2636, 2767, 1818, 416]","[6209.7, 8747.4, 4950.2, 7012.9, 4710.7, 6183.4, 4968.2, 6219.9, 6741.7, 6962.4, 4283.1, 4154.9, 5451.6, 4816.4, 5155.1, 6711.9, 4388.6, 6390.4, 6076.1, 4973.8, 6318.6, 4404.3, 5535.1, 4834.8, 6155.6, 7876.3, 4386.1, 6452.8, 6738.5, 6071.3, 4075.0, 4333.8, 4109.5, 6447.3, 4905.0, 6694.7, 4767.5, 4443.2, 5929.0, 7283.7, 5687.5, 6947.2, 4884.0, 5131.7, 4796.4, 4827.2, 5586.9, 3541.0, 135.0]","[126, 144, 162, 180, 198, 216, 234, 252, 270, 288, 306, 324, 342, 360, 378, 396, 414, 432, 450, 468, 486, 504, 522, 540, 558, 576, 594, 612, 630, 648, 666, 684, 702, 720, 738, 756, 774, 792, 810, 828, 846, 864, 882, 900, 918, 936, 954, 972, 990]","[21.697568635068606, 23.30492424242429, 22.32598420098419, 22.893146205646318, 22.127169127169157, 23.19425019425028, 24.370823620823668, 26.485334110334257, 25.18479668479669, 22.862665112665113, 22.752250064750104, 21.9951437451438, 21.307287619787665, 22.49339549339553, 21.327813390313487, 23.35070253820256, 23.279153716653703, 21.299193861693816, 21.998640248640342, 20.93233618233629, 21.158929033929024, 20.866809116809108, 21.189410126910175, 24.972432659932736, 23.98517223517225, 25.86797461797466, 27.822180134680202, 28.10408572908572, 25.634340196840245, 22.65248640248644, 20.95334757834757, 21.91061253561257, 21.425683113183165, 22.288898601398618, 21.458511396011392, 19.703833203833263, 20.442744755244767, 21.949851074851104, 21.727386039886078, 23.157828282828287, 22.566352628852655, 21.376570189070275, 20.418609168609205, 19.344065656565636, 19.670195545195554, 19.646059958559974, 19.057773245273278, 19.183453120953153]",0,0.028,ok,roll_lp_b1
6d634a08fadff8ab,2026-10-01T22:21:27,roll,full_Region7_s0.1,lp,classical,2f39b383fb,"{""lexi"": false}",1.0,0,6.0,3.0,49,27.135133385133408,170214.0,170214.0,"[21.83275058275052, 21.949624449624448, 22.171798109298134, 21.46552059052059, 20.70478826728833, 20.57517482517484, 21.755714193214256, 21.33966265216269, 26.244042994043085, 25.10538073038083, 22.83912846412845, 22.5626780626781, 21.953007640507664, 21.255795130795153, 20.643599456099487, 20.477936415436456, 21.609395234395272, 21.574786324786345, 20.814831002331072, 22.25663688163697, 22.021982646982654, 20.67341686091689, 20.828719891219897, 21.224488474488513, 21.840439652939708, 21.96314102564108, 27.247927997927885, 26.959595959595926, 27.109816109816116, 25.17454998704995, 22.440786065786114, 20.32541763791763, 22.176217301217324, 20.83179551929558, 22.59241452991452, 21.258093758093807, 19.26906889406887, 20.129386816886875, 21.23240416990421, 21.66126003626001, 23.00709013209015, 22.133708883708895, 20.64334045584047, 19.128949753949783, 18.188552188552205, 17.173708236208252, 17.714840714840726, 17.620354182854218, 17.599116161616173]","[0.002, 0.009, 0.007, 0.007, 0.006, 0.004, 0.004, 0.004, 0.004, 0.004, 0.004, 0.003, 0.004, 0.003, 0.003, 0.004, 0.003, 0.003, 0.003, 0.003, 0.004, 0.004, 0.003, 0.004, 0.004, 0.005, 0.004, 0.004, 0.004, 0.004, 0.004, 0.003, 0.003, 0.004, 0.003, 0.003, 0.003, 0.003, 0.004, 0.006, 0.004, 0.004, 0.004, 0.004, 0.003, 0.003, 0.003, 0.002, 0.001]","[3191, 3391, 3274, 3145, 3000, 2894, 3005, 3181, 3545, 3668, 3271, 3151, 3192, 3163, 3067, 2869, 3023, 3323, 3274, 3253, 3167, 2963, 3044, 3045, 3089, 3251, 3660, 3994, 3853, 3601, 3165, 2909, 2944, 2941, 2938, 2846, 2577, 2656, 3028, 3248, 3376, 3203, 2820, 2614, 2497, 2498, 2572, 1754, 443]","[6210.8, 8855.5, 5900.3, 6129.0, 5000.8, 5414.5, 5521.3, 6108.0, 5384.8, 7888.5, 4870.3, 4168.0, 5554.8, 4898.5, 5108.3, 5409.0, 5416.8, 7454.5, 5767.3, 4454.0, 6733.8, 5639.5, 4403.3, 5657.0, 6273.8, 6681.5, 5419.3, 7700.0, 5694.8, 5800.5, 4373.3, 3554.0, 4079.8, 6732.5, 3992.3, 6174.0, 3872.8, 4035.5, 6211.3, 6953.0, 6138.8, 7191.5, 5073.3, 4153.0, 4360.8, 4709.5, 4625.3, 3996.0, 648.0]","[126, 144, 162, 180, 198, 216, 234, 252, 270, 288, 306, 324, 342, 360, 378, 396, 414, 432, 450, 468, 486, 504, 522, 540, 558, 576, 594, 612, 630, 648, 666, 684, 702, 720, 738, 756, 774, 792, 810, 828, 846, 864, 882, 900, 918, 936, 954, 972, 990]","[21.949624449624448, 22.171798109298134, 21.465520590520594, 20.66409285159289, 20.57517482517484, 21.755714193214263, 21.335955710955705, 26.05714193214198, 25.074268324268353, 22.83912846412845, 22.562678062678106, 21.95300764050766, 21.25579513079515, 20.62069412069424, 20.459709272209288, 21.609395234395276, 21.57478632478634, 20.814831002331072, 22.25663688163697, 22.021982646982654, 20.673416860916895, 20.828719891219897, 21.210534835534837, 21.840439652939708, 21.96314102564108, 27.135133385133408, 26.955484330484317, 27.091621341621288, 25.17454998704995, 22.440786065786117, 20.321225071225122, 22.176217301217324, 20.83179551929558, 22.57192113442108, 21.258093758093807, 19.192550505050512, 20.093968531468565, 21.194055944056046, 21.659333721833743, 23.007090132090145, 22.13170163170166, 20.62844794094797, 19.123381248381264, 18.145299145299145, 17.173708236208256, 17.714840714840722, 17.620354182854218, 17.599116161616173]",0,0.009,ok,roll_lp_b1
a69df2a0c2fa0fdd,2026-10-01T22:21:27,roll,full_Region7_s0.2,lp,classical,2f39b383fb,"{""lexi"": false}",1.0,0,6.0,3.0,49,28.182352369852378,170213.0,170213.0,"[23.060962185962218, 23.321597384097487, 23.349294224294326, 22.187467624967674, 21.937823750323833, 21.76507057757066, 23.21511590261595, 23.746632996632975, 26.75963157213158, 25.338950401450443, 23.0298497798498, 23.227110852110908, 21.885473322973404, 20.491080678580733, 19.849925537425584, 20.232339419839466, 22.033572908572932, 21.803936803936814, 21.344972157472167, 21.5584531209532, 21.24087024087031, 20.76905270655278, 19.566903004403034, 20.07465682465682, 22.12438487438488, 21.91762173012164, 26.23012173012174, 28.182352369852378, 27.684990934990925, 25.822876197876163, 22.60900673400673, 20.98264698264701, 20.923837736337724, 20.087056462056537, 22.1108035483035, 21.935557498057527, 20.209693084693182, 21.454610204610265, 21.52214452214457, 22.010813260813254, 23.464614089614034, 22.51957070707072, 21.35154428904432, 19.522613960113954, 18.7959563584564, 18.115854053354145, 17.783750971250996, 17.122847060347052, 17.075320512820504]","[0.002, 0.01, 0.006, 0.007, 0.004, 0.004, 0.004, 0.004, 0.004, 0.004, 0.003, 0.003, 0.003, 0.003, 0.003, 0.003, 0.004, 0.004, 0.003, 0.004, 0.004, 0.003, 0.003, 0.003, 0.004, 0.004, 0.004, 0.004, 0.004, 0.005, 0.003, 0.003, 0.003, 0.004, 0.004, 0.004, 0.003, 0.004, 0.004, 0.004, 0.005, 0.005, 0.003, 0.003, 0.003, 0.003, 0.003, 0.002, 0.001]","[3221, 3547, 3469, 3296, 3117, 3033, 3150, 3420, 3716, 3691, 3245, 3109, 3175, 3094, 2888, 2794, 3110, 3292, 3292, 3347, 3154, 2967, 2890, 2859, 3185, 3311, 3564, 4035, 4033, 3566, 3194, 3125, 3103, 3065, 3101, 3080, 2796, 2896, 3238, 3445, 3595, 3403, 2927, 2646, 2603, 2709, 2722, 1767, 426]","[6161.7, 8709.4, 6280.2, 5841.9, 4377.6, 5594.4, 5829.1, 6682.9, 5936.6, 7537.4, 4320.1, 4065.8, 5762.6, 4558.3, 4499.1, 5176.8, 5730.6, 6963.3, 5019.0, 5262.8, 5855.5, 4713.3, 5429.0, 4562.8, 6255.5, 7785.2, 5455.0, 7465.7, 6197.5, 6251.2, 3581.9, 4422.7, 3901.4, 5897.2, 4476.9, 6687.7, 4274.4, 4123.1, 6135.9, 5960.6, 6238.4, 7298.1, 4837.9, 4793.6, 3820.3, 5317.1, 5258.8, 3186.0, 278.0]","[126, 144, 162, 180, 198, 216, 234, 252, 270, 288, 306, 324, 342, 360, 378, 396, 414, 432, 450, 468, 486, 504, 522, 540, 558, 576, 594, 612, 630, 648, 666, 684, 702, 720, 738, 756, 774, 792, 810, 828, 846, 864, 882, 900, 918, 936, 954, 972, 990]","[23.321597384097487, 23.349294224294326, 22.187467624967677, 21.913914788914838, 21.76507057757066, 23.21511590261595, 23.653150090650122, 26.759631572131582, 25.318716006216025, 23.026693214193248, 23.227110852110908, 21.885473322973404, 20.46858003108006, 19.849925537425584, 20.219081844081906, 22.033572908572932, 21.799776612276588, 21.344972157472167, 21.514908702408743, 21.239380989381065, 20.74020655270661, 19.566903004403034, 20.07161357161359, 22.113506863506853, 21.91762173012164, 26.21000064750062, 28.182352369852378, 27.684990934990925, 25.81521950271954, 22.60900673400673, 20.98264698264701, 20.909689847189885, 20.087056462056537, 22.1108035483035, 21.92921199171198, 19.95388176638179, 21.436642061642054, 21.522144522144565, 22.010813260813254, 23.46286583786588, 22.51957070707072, 21.35065397565397, 19.522613960113958, 18.793803418803485, 18.115854053354145, 17.75887075887081, 17.122847060347052, 17.075320512820507]",0,0.01,ok,roll_lp_b1
1ab808d72a97c3d5,2026-10-01T22:21:28,roll,full_Region7_s0.3,lp,classical,2f39b383fb,"{""lexi"": false}",1.0,0,6.0,3.0,49,26.156937969437998,170205.0,170205.0,"[20.446856384356426, 20.46327052577056, 21.618120305620366, 21.62558275058278, 20.862988862988924, 20.243217430717447, 23.60005503755505, 23.141122766122812, 24.694234006734003, 23.126197876197885, 21.231400543900588, 22.861548174048256, 22.17254273504282, 20.947601010101096, 20.004710567210513, 20.202975265475317, 21.541601916601984, 21.556300181300244, 21.155286842786907, 21.69564232064237, 20.911616161616212, 20.133433695933736, 19.73052641802648, 19.2940947940948, 22.09312678062682, 22.301670551670547, 25.145703833203854, 26.162506475006474, 25.78017353017352, 24.223161098162997, 22.642126392126393, 20.864688552188586, 22.390960890960894, 21.950773763273837, 21.2644392644393, 20.48502654752658, 19.56954156954159, 19.737503237503233, 20.505115255115292, 20.692534317534328, 22.08176314426315, 21.677334239834213, 21.122280497280524, 19.698669386169374, 18.532423594923593, 18.208899896399938, 20.26919839419843, 20.26919839419843, 18.208899896399917]","[0.003, 0.004, 0.005, 0.003, 0.003, 0.003, 0.003, 0.004, 0.005, 0.004, 0.003, 0.003, 0.004, 0.003, 0.003, 0.003, 0.003, 0.004, 0.003, 0.003, 0.004, 0.003, 0.004, 0.003, 0.003, 0.003, 0.004, 0.004, 0.005, 0.004, 0.003, 0.003, 0.003, 0.004, 0.004, 0.003, 0.003, 0.004, 0.004, 0.004, 0.004, 0.004, 0.003, 0.003, 0.003, 0.003, 0.003, 0.002, 0.001]","[2967, 3146, 3185, 3142, 2972, 2911, 3058, 3251, 3560, 3482, 2997, 3004, 3107, 3011, 2886, 2813, 2981, 3183, 3193, 3284, 3216, 2913, 2853, 2753, 2934, 3201, 3459, 3872, 3940, 3645, 3175, 2942, 3006, 3061, 2973, 2792, 2615, 2711, 2930, 3116, 3356, 3262, 2783, 2560, 2475, 2498, 2669, 1803, 435]","[6207.6, 8762.4, 5668.1, 7168.8, 5513.6, 5416.3, 5191.0, 7482.8, 5642.5, 6584.3, 4311.0, 4061.7, 6207.5, 4648.2, 4858.9, 5152.7, 5124.4, 6921.2, 5585.9, 5319.6, 6306.4, 4830.1, 4930.8, 5146.6, 4996.3, 7001.0, 5357.8, 7434.5, 6956.3, 5608.0, 4713.7, 4460.5, 4232.2, 5895.9, 5391.7, 4783.4, 5007.1, 4653.9, 5987.6, 6622.4, 6049.1, 6684.8, 5399.6, 5191.3, 4264.0, 4146.8, 5233.5, 4667.0, 237.0]","[126, 144, 162, 180, 198, 216, 234, 252, 270, 288, 306, 324, 342, 360, 378, 396, 414, 432, 450, 468, 486, 504, 522, 540, 558, 576, 594, 612, 630, 648, 666, 684, 702, 720, 738, 756, 774, 792, 810, 828, 846, 864, 882, 900, 918, 936, 954, 972, 990]","[20.463270525770557, 21.60649766899773, 21.62558275058278, 20.860236985236988, 20.238506863506927, 23.60005503755505, 23.141122766122816, 24.694234006734003, 23.116129241129187, 21.19917119917126, 22.837979150479146, 22.153198653198753, 20.947601010101096, 19.998624061124087, 20.202975265475317, 21.541601916601984, 21.552366614866667, 21.155286842786907, 21.69564232064237, 20.911616161616216, 20.13343369593374, 19.73052641802648, 19.291569541569572, 22.06339031339031, 22.285337347837412, 25.094761719761735, 26.156937969437998, 25.769441206941156, 24.223161098162997, 22.642126392126393, 20.864688552188586, 22.390960890960894, 21.950773763273837, 21.264439264439297, 20.485026547526584, 19.563196063196063, 19.718385780885782, 20.494755244755257, 20.674566174566202, 22.08176314426315, 21.67733423983421, 21.122280497280524, 19.698669386169374, 18.532423594923593, 18.182724682724697, 20.195917508417562, 20.26919839419843, 18.208899896399917]",0,0.005,ok,roll_lp_b1
5cd4c887ab036eb0,2026-10-01T22:21:28,roll,full_Region6_s0,lp,classical,2f39b383fb,"{""lexi"": false}",1.0,0,6.0,3.0,49,26.855558793058712,170204.0,170207.0,"[22.139568764568764, 22.196225071225047, 23.10321160321156, 23.029704092204234, 21.331941206941263, 23.693424630924675, 24.685363247863155, 23.428111240611187, 22.533119658119602, 23.54305879305881, 22.18494237244238, 21.09421134421122, 21.085599585599656, 19.90331196581187, 19.903538591038647, 19.13655788655786, 20.071613571613582, 20.800456487956495, 19.94389406889408, 19.686415436415444, 19.385942760942804, 20.68725718725726, 21.339436026936095, 20.930215617715582, 22.465957653457696, 21.394829707329738, 20.905270655270687, 20.958770396270264, 22.275641025641043, 21.27836052836044, 20.38660644910633, 20.936496373996377, 22.74103211603208, 23.174566174566202, 23.530173530173542, 25.298918673918656, 26.52204739704739, 26.855558793058705, 24.954674954674953, 21.391527454027447, 20.449203574203477, 20.13194444444447, 18.822244884744773, 18.52088189588179, 17.363765863765863, 16.700110075110075, 15.915873478373522, 15.855056980056974, 15.629176379176396]","[0.002, 0.004, 0.003, 0.003, 0.003, 0.003, 0.004, 0.004, 0.003, 0.003, 0.003, 0.003, 0.004, 0.004, 0.003, 0.004, 0.003, 0.003, 0.003, 0.003, 0.003, 0.003, 0.003, 0.003, 0.003, 0.003, 0.003, 0.003, 0.003, 0.003, 0.003, 0.003, 0.003, 0.003, 0.003, 0.003, 0.004, 0.004, 0.003, 0.003, 0.003, 0.003, 0.003, 0.003, 0.003, 0.003, 0.003, 0.002, 0.001]","[2356, 2478, 2529, 2540, 2332, 2222, 2215, 2089, 2094, 2240, 2203, 2106, 2213, 2263, 2175, 2083, 2181, 2355, 2322, 2289, 2250, 2251, 2293, 2200, 2202, 2238, 2211, 2276, 2346, 2277, 2214, 2213, 2415, 2555, 2580, 2760, 2860, 2801, 2443, 2003, 1983, 2057, 1971, 1935, 1854, 1703, 1654, 1126, 287]","[6161.7, 8881.4, 5791.2, 6065.9, 5536.6, 3822.4, 6641.1, 5676.9, 5212.6, 5134.4, 6210.1, 4163.8, 5192.6, 5441.3, 4916.1, 5760.8, 5031.5, 6371.3, 6557.0, 5073.8, 5990.5, 5557.3, 6889.0, 5951.7, 5499.5, 6521.2, 5345.0, 5150.7, 5940.5, 6811.2, 4631.9, 4806.7, 6161.4, 6956.2, 6281.9, 6148.6, 7033.4, 6932.1, 5855.9, 4212.6, 3472.4, 5516.1, 4986.8, 4515.6, 5152.3, 5120.1, 5088.8, 3173.0, 568.0]","[126, 144, 162, 180, 198, 216, 234, 252, 270, 288, 306, 324, 342, 360, 378, 396, 414, 432, 450, 468, 486, 504, 522, 540, 558, 576, 594, 612, 630, 648, 666, 684, 702, 720, 738, 756, 774, 792, 810, 828, 846, 864, 882, 900, 918, 936, 954, 972, 990]","[22.135635198135216, 23.056429681429655, 23.009874384874546, 21.331941206941263, 23.623624061124058, 24.52292152292155, 23.40167702667707, 22.533119658119606, 23.536373348873365, 22.171943796943786, 21.022112147112157, 21.04917767417772, 19.90331196581187, 19.881151256151362, 19.13655788655786, 20.060476560476555, 20.798416860916905, 19.934909997410056, 19.686415436415444, 19.385942760942804, 20.68725718725726, 21.339436026936095, 20.930215617715582, 22.465957653457696, 21.394829707329738, 20.905270655270684, 20.95687645687641, 22.275641025641043, 21.27836052836044, 20.38660644910633, 20.936496373996377, 22.7274831649835, 23.174566174566205, 23.530173530173535, 25.29891867391866, 26.48220991970984, 26.85555879305871, 24.954674954674953, 21.391527454027443, 20.449203574203477, 20.112195674695688, 18.805086117586125, 18.52088189588179, 17.340892903392948, 16.700110075110075, 15.876295001294974, 15.855056980056972, 15.629176379176396]",0,0.004,ok,roll_lp_b1
3cb4c2437cfc2102,2026-10-01T22:21:28,roll,full_Region6_s0.1,lp,classical,2f39b383fb,"{""lexi"": false}",1.0,0,6.0,3.0,49,25.156873219373285,170210.0,170212.0,"[19.729037166537196, 19.39845571095575, 20.318359880859894, 21.15996503496506, 20.283200595700617, 22.128431753431805, 22.128431753431805, 23.64701502201495, 22.634437321937327, 22.001084563584484, 19.25569800569803, 18.46451696451698, 18.64180264180265, 19.167929292928584, 18.58328477078477, 18.55937580937583, 19.216232841232838, 20.173675861175816, 19.521383708883736, 18.218175343175393, 19.07444638694649, 19.2901936026938, 18.431769619269655, 17.74810606060608, 18.33438552188555, 18.27620758870764, 19.38961732711731, 19.76597707847706, 19.935055685055563, 19.727920227920283, 19.25741388241382, 19.358100233100263, 21.87284706034704, 21.75195868945867, 21.93099261849256, 23.11509324009327, 24.552253302253238, 25.156873219373285, 23.442113442113428, 20.65473646723645, 21.178192178192226, 20.301654364154338, 19.517822455322495, 18.18631831131833, 18.38228438228432, 18.891899766899694, 15.232727920227891, 14.51261007511006, 14.51123413623413]","[0.002, 0.003, 0.003, 0.003, 0.003, 0.003, 0.003, 0.003, 0.004, 0.003, 0.003, 0.003, 0.002, 0.003, 0.003, 0.004, 0.003, 0.004, 0.003, 0.003, 0.003, 0.004, 0.004, 0.003, 0.003, 0.003, 0.003, 0.003, 0.003, 0.003, 0.003, 0.003, 0.003, 0.003, 0.003, 0.003, 0.003, 0.004, 0.004, 0.003, 0.003, 0.003, 0.003, 0.003, 0.003, 0.003, 0.003, 0.002, 0.001]","[2139, 2199, 2205, 2353, 2316, 2140, 2014, 2021, 2068, 2060, 1948, 1907, 2038, 2166, 2139, 2042, 2132, 2251, 2234, 2062, 2028, 2132, 1998, 1928, 1977, 2001, 2134, 2234, 2211, 2095, 1994, 2086, 2253, 2277, 2286, 2420, 2495, 2563, 2333, 1856, 1859, 1967, 1876, 1803, 1661, 1539, 1506, 964, 220]","[6195.7, 8851.4, 5313.1, 6360.9, 6966.6, 4751.4, 6951.1, 5597.8, 6594.6, 5170.3, 5188.1, 4103.8, 5189.5, 5967.3, 5732.0, 4918.8, 5843.5, 6220.2, 6519.0, 5048.7, 4518.4, 5732.2, 6066.9, 4978.7, 5266.4, 6171.1, 5579.9, 6460.6, 6075.4, 6076.1, 5648.8, 4812.6, 5946.3, 7363.1, 5886.8, 5971.5, 6793.3, 6878.0, 6034.8, 4371.5, 3673.2, 5712.0, 5058.7, 5246.5, 5045.2, 5400.9, 4353.7, 2066.0, 114.0]","[126, 144, 162, 180, 198, 216, 234, 252, 270, 288, 306, 324, 342, 360, 378, 396, 414, 432, 450, 468, 486, 504, 522, 540, 558, 576, 594, 612, 630, 648, 666, 684, 702, 720, 738, 756, 774, 792, 810, 828, 846, 864, 882, 900, 918, 936, 954, 972, 990]","[19.398455710955755, 20.313163688163637, 21.159965034965065, 20.283200595700617, 22.102483164983216, 22.128431753431805, 23.623510748510743, 22.634437321937334, 21.96581196581196, 19.25569800569803, 18.439976689976717, 18.64180264180265, 19.167929292928577, 18.581504144004143, 18.51887464387466, 19.180555555555568, 20.173675861175816, 19.512286324786306, 18.218175343175393, 19.020574333074357, 19.2901936026938, 18.43087930587924, 17.74810606060608, 18.228422040922048, 18.25675019425018, 19.3779623154623, 19.76597707847706, 19.93505568505556, 19.727920227920283, 19.257154882154865, 19.240336052835993, 21.63675213675216, 21.75195868945868, 21.88558663558661, 23.081309893809856, 24.550213675213705, 25.156873219373285, 23.38385457135462, 20.65473646723645, 21.060168997669045, 20.301654364154338, 19.517822455322495, 18.18631831131833, 18.38228438228432, 18.83742877492879, 15.217948717948731, 14.512610075110063, 14.51123413623413]",0,0.004,ok,roll_lp_b1
ef372ea0f8ea30b7,2026-10-01T22:21:28,roll,full_Region6_s0.2,lp,classical,2f39b383fb,"{""lexi"": false}",1.0,0,6.0,3.0,49,25.95875420875424,170217.0,170217.0,"[20.716734654234752, 21.61169386169387, 21.626505439005477, 22.38275382025385, 20.845279720279795, 23.06415112665117, 23.37802706552715, 25.00691206941207, 24.52139989639992, 24.144295519295476, 22.377476689976685, 20.1114510489511, 20.03203509453515, 21.013128075628117, 20.688519813519825, 20.37627881377881, 21.168058793058844, 22.320496632996576, 20.917038979538994, 20.128156565656553, 19.729296166796168, 19.739542864542894, 19.85236985236984, 22.178289303289176, 22.079723517223623, 21.55897112147119, 20.989769489769476, 21.31021756021761, 20.546506734006726, 20.874417249417135, 19.955112017611984, 20.619868557368534, 22.698669386169428, 23.01529720279715, 24.4902551152552, 25.050650738150715, 25.98306785806779, 25.91872248122247, 24.215957653457682, 21.144263144263228, 21.447406759906738, 21.817340067340073, 21.897241647241643, 20.88655788655761, 19.740773115773113, 18.28430134680136, 17.54487179487179, 16.962121212121183, 16.946451696451668]","[0.002, 0.005, 0.003, 0.003, 0.003, 0.003, 0.003, 0.004, 0.004, 0.003, 0.003, 0.003, 0.003, 0.004, 0.003, 0.003, 0.003, 0.004, 0.003, 0.003, 0.003, 0.003, 0.003, 0.003, 0.003, 0.003, 0.003, 0.003, 0.004, 0.003, 0.006, 0.003, 0.003, 0.003, 0.003, 0.004, 0.004, 0.004, 0.004, 0.003, 0.003, 0.003, 0.003, 0.003, 0.003, 0.002, 0.003, 0.002, 0.001]","[2243, 2421, 2447, 2412, 2240, 2178, 2142, 2079, 2266, 2381, 2177, 1994, 2110, 2318, 2266, 2186, 2317, 2438, 2395, 2281, 2231, 2254, 2191, 2228, 2312, 2311, 2353, 2447, 2458, 2268, 2116, 2196, 2486, 2518, 2588, 2870, 2907, 2763, 2415, 2086, 2152, 2230, 2257, 2201, 1917, 1784, 1756, 1128, 266]","[6157.8, 8627.5, 6392.3, 5930.0, 6181.8, 3666.5, 6136.3, 5748.0, 5895.8, 5326.5, 5091.3, 3538.1, 4616.8, 5299.6, 6699.3, 5381.1, 5494.8, 6159.6, 6365.3, 4874.1, 5316.8, 5328.6, 5371.3, 5759.1, 6383.8, 5697.6, 5653.3, 5455.1, 6154.9, 4907.6, 5796.4, 5346.1, 6462.9, 7260.6, 6314.4, 7232.1, 6260.9, 6253.6, 5680.4, 4231.1, 4386.9, 6027.6, 6163.4, 5806.1, 4694.9, 4881.6, 4798.4, 3090.0, 552.0]","[126, 144, 162, 180, 198, 216, 234, 252, 270, 288, 306, 324, 342, 360, 378, 396, 414, 432, 450, 468, 486, 504, 522, 540, 558, 576, 594, 612, 630, 648, 666, 684, 702, 720, 738, 756, 774, 792, 810, 828, 846, 864, 882, 900, 918, 936, 954, 972, 990]","[21.611693861693865, 21.62650543900546, 22.38275382025385, 20.845279720279795, 22.9337606837607, 23.37802706552715, 24.95682789432792, 24.52139989639992, 24.144295519295476, 22.377476689976685, 20.1114510489511, 19.975977725977668, 21.01212444962444, 20.672073297073258, 20.32277907277908, 21.083851333851346, 22.062937062937046, 20.917038979538994, 20.124109686609657, 19.67757705257703, 19.73954286454289, 19.82174307174303, 22.168269230769283, 22.079723517223623, 21.51568570318571, 20.989769489769476, 21.30516705516709, 20.546506734006726, 20.83380277130279, 19.955112017611984, 20.60580160580159, 22.638079513079564, 23.000663688163698, 24.4902551152552, 24.98107679357685, 25.95875420875424, 25.91872248122247, 24.210939523439524, 21.090423465423473, 21.430587930587954, 21.817340067340073, 21.897241647241643, 20.886557886557615, 19.713820901320883, 18.28430134680136, 17.54487179487179, 16.962121212121183, 16.94645169645167]",0,0.006,ok,roll_lp_b1
aacd9e5aa090ce72,2026-10-01T22:21:28,roll,full_Region6_s0.3,lp,classical,2f39b383fb,"{""lexi"": false}",1.0,0,6.0,3.0,49,26.331471768971877,170190.0,170191.0,"[21.100006475006502, 20.663979538979596, 21.81607744107745, 22.958818958818963, 21.196386946386976, 21.367618492618558, 23.916148666148725, 22.956034706034732, 22.672089484589574, 21.973128723128784, 20.767790080290133, 18.941158378658432, 20.3422364672365, 19.847659285159345, 19.23546361046359, 19.623785936285966, 21.3078056203056, 20.841297591297607, 19.388095700595695, 18.73324592074597, 17.959320771820813, 17.99800893550897, 18.389892514892562, 19.798465423465476, 19.99070836570839, 19.540096477596553, 19.085583398083397, 19.86812030562033, 19.651482776482798, 19.869042994043014, 20.065300440300458, 19.617278554778547, 20.32975589225581, 21.163639601139597, 21.93028036778035, 24.951113701113595, 26.270881895881885, 26.331471768971873, 24.513791763791748, 22.316223128723124, 21.150462962963, 21.136056073556105, 19.608262108262117, 18.583624708624743, 18.21877428127426, 17.298271173271196, 17.3750161875162, 16.772953897953784, 16.64505633255628]","[0.002, 0.003, 0.004, 0.003, 0.004, 0.003, 0.004, 0.004, 0.003, 0.004, 0.003, 0.003, 0.004, 0.003, 0.003, 0.003, 0.003, 0.004, 0.003, 0.004, 0.003, 0.003, 0.003, 0.003, 0.005, 0.004, 0.003, 0.003, 0.003, 0.004, 0.004, 0.004, 0.003, 0.003, 0.004, 0.003, 0.004, 0.003, 0.003, 0.003, 0.003, 0.003, 0.003, 0.003, 0.003, 0.003, 0.003, 0.002, 0.001]","[2330, 2369, 2309, 2454, 2287, 2139, 2136, 2029, 2235, 2372, 2168, 2047, 2109, 2264, 2183, 2022, 2187, 2264, 2142, 2099, 2001, 2034, 2065, 2074, 2209, 2191, 2124, 2147, 2158, 2098, 2030, 2128, 2304, 2357, 2442, 2757, 2905, 2757, 2462, 2068, 2047, 2107, 1989, 1860, 1713, 1676, 1676, 1084, 251]","[6160.7, 8758.5, 5280.2, 6589.0, 7347.7, 3804.4, 6125.2, 7256.9, 4988.7, 6041.4, 5227.2, 4898.9, 4783.7, 6091.4, 5759.2, 4970.9, 5955.7, 7343.4, 5081.1, 4714.9, 4818.6, 4984.4, 5713.1, 6435.9, 6996.6, 5864.4, 4998.1, 5593.9, 6048.6, 6229.4, 6198.1, 6067.8, 5377.6, 6270.3, 6509.1, 6551.8, 7724.6, 6672.3, 5782.1, 4098.8, 4529.6, 5339.3, 5615.1, 4385.8, 4941.5, 5485.3, 5016.0, 4025.0, 206.0]","[126, 144, 162, 180, 198, 216, 234, 252, 270, 288, 306, 324, 342, 360, 378, 396, 414, 432, 450, 468, 486, 504, 522, 540, 558, 576, 594, 612, 630, 648, 666, 684, 702, 720, 738, 756, 774, 792, 810, 828, 846, 864, 882, 900, 918, 936, 954, 972, 990]","[20.663979538979596, 21.77520396270397, 22.908961408961442, 21.144036519036646, 21.362049987050018, 23.91614866614873, 22.956034706034732, 22.672089484589574, 21.958867521367562, 20.759728697228727, 18.941158378658432, 20.3422364672365, 19.827538202538282, 19.233310670810695, 19.61951243201243, 21.28062678062683, 20.841297591297607, 19.387351074851075, 18.732242294742314, 17.95932077182081, 17.99760424760417, 18.389892514892562, 19.798465423465476, 19.990708365708386, 19.506345506345532, 19.078897953897943, 19.843434343434303, 19.6514827764828, 19.869042994043017, 20.06481481481471, 19.617278554778547, 20.273326210826205, 21.163639601139597, 21.879305879305885, 24.90344146594146, 26.267984330484335, 26.331471768971873, 24.503804066304017, 22.316223128723127, 21.10011978761972, 21.092204092204156, 19.608262108262117, 18.577942890442877, 18.2173659673659, 17.272063584563554, 17.361985236985248, 16.772953897953784, 16.645056332556276]",0,0.005,ok,roll_lp_b1
e900edfeba526815,2026-10-01T22:22:03,roll,full_Region7_s0,milp,classical,afb68670fe,"{""eps_tie"": 0.0, ""mip_heuristic_effort"": 0.38541305960242617, ""presolve"": ""off"", ""start"": ""lp""}",1.0,0,6.0,3.0,49,27.866436803936786,170204.0,170204.0,"[21.8468984718985, 21.43644781144783, 23.338934213934227, 22.29279979279988, 22.84521497021508, 22.05076405076409, 23.05843693343704, 24.176120176120182, 26.2829901579903, 24.95776677026676, 22.689652939652948, 22.44004144004149, 21.874708624708667, 21.207232582232635, 22.425116550116627, 21.30895493395496, 24.024783087283076, 24.024783087283073, 21.479668479668494, 22.149410774410857, 20.979636104636125, 21.142110204610216, 20.206309893809927, 21.02578671328677, 24.811852499352607, 23.85073491323498, 25.87061318311316, 27.643113830613828, 27.873381248381236, 25.402324527324502, 22.39538008288008, 20.93994431494439, 21.93236855736863, 21.3075142450143, 22.198232323232336, 21.3472707847708, 19.68299987049989, 20.452651515151533, 21.82666407666405, 21.621908184408188, 23.15162846412848, 22.460907148407145, 21.389261201761197, 20.393097643097647, 19.28536972286975, 19.491420616420648, 19.613830613830647, 18.963400025900054, 18.952149702149732]","[0.754, 0.336, 0.752, 0.752, 0.755, 0.752, 0.755, 0.753, 0.756, 0.756, 0.753, 0.754, 0.752, 0.752, 0.756, 0.752, 0.051, 0.005, 0.752, 0.752, 0.753, 0.752, 0.753, 0.753, 0.759, 0.753, 0.753, 0.756, 0.754, 0.752, 0.753, 0.753, 0.754, 0.752, 0.752, 0.752, 0.753, 0.752, 0.753, 0.753, 0.752, 0.752, 0.752, 0.752, 0.755, 0.752, 0.753, 0.752, 0.003]","[3096, 3238, 3212, 3177, 3145, 3100, 3118, 3366, 3790, 3595, 3107, 3093, 3115, 3089, 3074, 2977, 3069, 3327, 3381, 3356, 3178, 2964, 2907, 2921, 3218, 3349, 3493, 3895, 3912, 3528, 3192, 3074, 3076, 3076, 3037, 2957, 2766, 2825, 3210, 3451, 3518, 3326, 2900, 2703, 2586, 2636, 2767, 1818, 416]","[6209.7, 8745.4, 4852.2, 6928.9, 4643.7, 6158.4, 4963.2, 6193.9, 6762.7, 6988.4, 4006.1, 4179.9, 5579.6, 4933.4, 5166.1, 6688.9, 4389.6, 6362.4, 4850.1, 4647.8, 6155.6, 4365.3, 5489.1, 4884.8, 6380.6, 8134.3, 4306.1, 6419.8, 6731.5, 6079.3, 3939.0, 4355.8, 4116.5, 6434.3, 4921.0, 6623.7, 4638.5, 4315.2, 5941.0, 7154.7, 5675.5, 6959.2, 4857.0, 5119.7, 4702.4, 4806.2, 5599.9, 3630.0, 99.0]","[126, 144, 162, 180, 198, 216, 234, 252, 270, 288, 306, 324, 342, 360, 378, 396, 414, 432, 450, 468, 486, 504, 522, 540, 558, 576, 594, 612, 630, 648, 666, 684, 702, 720, 738, 756, 774, 792, 810, 828, 846, 864, 882, 900, 918, 936, 954, 972, 990]","[21.43644781144783, 23.334595959596005, 22.288785288785384, 22.845214970215082, 22.050764050764094, 23.009728697228756, 24.156225718725807, 26.282990157990298, 24.95776677026676, 22.683712121212228, 22.422785547785566, 21.85473322973329, 21.186366873866902, 22.41839873089877, 21.294110981611034, 23.989219114219146, 24.024783087283073, 21.476366226366213, 22.108796296296358, 20.979636104636125, 21.142110204610216, 20.193910256410263, 21.02578671328677, 24.811852499352607, 23.843191530691552, 25.828736078736146, 27.638176638176567, 27.86643680393679, 25.402324527324502, 22.395380082880084, 20.931559181559237, 21.906371406371484, 21.3075142450143, 22.19277713027714, 21.3472707847708, 19.68299987049989, 20.43086311836318, 21.82666407666405, 21.621908184408195, 23.14353470603472, 22.456746956746965, 21.389261201761197, 20.380957005957043, 19.28536972286975, 19.490352240352244, 19.610042735042768, 18.963400025900057, 18.952149702149736]",0,0.759,ok,roll_milp_b1
e9200d59bc733cf2,2026-10-01T22:22:39,roll,full_Region7_s0.1,milp,classical,afb68670fe,"{""eps_tie"": 0.0, ""mip_heuristic_effort"": 0.38541305960242617, ""presolve"": ""off"", ""start"": ""lp""}",1.0,0,6.0,3.0,49,26.930895493395518,170214.0,170214.0,"[21.75508288008274, 21.845927220927216, 22.134226884226944, 21.351317663817717, 20.577991452991512, 20.548481610981668, 21.49355736855737, 21.217220279720337, 25.745386557886643, 24.875372312872305, 22.782617845117926, 22.52918609168611, 21.83126133126138, 21.1040533540534, 20.506264568764614, 20.129985754985807, 21.97743460243457, 21.76243201243206, 20.920940170940213, 22.263095700595798, 21.98378010878014, 20.585939523439595, 20.75022662522663, 21.15072196322194, 21.770558145558233, 21.897354959855015, 27.02004014504012, 26.860058922558938, 26.486224423724455, 24.990287490287496, 22.4252298627299, 20.193877881377844, 22.158540533540556, 20.75025900025905, 22.415614478114474, 21.177496114996185, 19.002606190106228, 20.084158896658938, 21.024524087024073, 21.495078995078973, 22.850556850556856, 22.064313001812973, 20.551783864283937, 19.03383190883198, 18.017951955451984, 17.03834822584824, 17.497830872830924, 17.49263468013469, 17.492634680134692]","[0.753, 0.752, 0.752, 0.752, 0.752, 0.752, 0.752, 0.752, 0.753, 0.754, 0.753, 0.754, 0.754, 0.752, 0.754, 0.754, 0.753, 0.753, 0.752, 0.752, 0.752, 0.756, 0.753, 0.753, 0.752, 0.755, 0.754, 0.755, 0.753, 0.753, 0.754, 0.752, 0.752, 0.752, 0.752, 0.752, 0.756, 0.752, 0.752, 0.753, 0.752, 0.753, 0.752, 0.752, 0.753, 0.752, 0.752, 0.752, 0.016]","[3191, 3391, 3274, 3145, 3000, 2894, 3005, 3181, 3545, 3668, 3271, 3151, 3192, 3163, 3067, 2869, 3023, 3323, 3274, 3253, 3167, 2963, 3044, 3045, 3089, 3251, 3660, 3994, 3853, 3601, 3165, 2909, 2944, 2941, 2938, 2846, 2577, 2656, 3028, 3248, 3376, 3203, 2820, 2614, 2497, 2498, 2572, 1754, 443]","[6210.8, 8896.5, 5891.3, 6025.0, 4913.8, 5344.5, 5539.3, 6268.0, 5431.8, 7968.5, 4741.3, 4165.0, 5489.8, 4897.5, 5066.3, 5342.0, 5178.8, 7359.5, 5501.3, 4283.0, 6598.8, 5592.5, 4362.3, 5651.0, 6284.8, 6683.5, 5462.3, 7763.0, 5745.8, 5717.5, 4422.3, 3551.0, 4089.8, 6748.5, 3994.3, 6329.0, 3793.8, 4063.5, 6217.3, 6900.0, 6097.8, 7130.5, 5051.3, 4023.0, 4348.8, 4715.5, 4618.3, 4058.0, 663.0]","[126, 144, 162, 180, 198, 216, 234, 252, 270, 288, 306, 324, 342, 360, 378, 396, 414, 432, 450, 468, 486, 504, 522, 540, 558, 576, 594, 612, 630, 648, 666, 684, 702, 720, 738, 756, 774, 792, 810, 828, 846, 864, 882, 900, 918, 936, 954, 972, 990]","[21.845927220927216, 22.110690235690313, 21.33067858067864, 20.577991452991505, 20.54848161098167, 21.47510360010365, 21.217220279720333, 25.74286130536127, 24.875372312872308, 22.782617845117922, 22.51879370629374, 21.83126133126138, 21.098225848225812, 20.506264568764614, 20.081860269360313, 21.97194703444704, 21.749514374514433, 20.920940170940217, 22.213642838642883, 21.98073685573678, 20.585939523439595, 20.75022662522663, 21.13683307433309, 21.765361952861966, 21.896351333851385, 26.930895493395518, 26.860058922558938, 26.486224423724455, 24.990287490287496, 22.425229862729903, 20.18366355866357, 22.114996114996114, 20.75025900025905, 22.36630730380732, 21.170438357938437, 18.996632996633004, 20.07362082362086, 21.00046943796944, 21.470797720797712, 22.850556850556856, 22.064313001812973, 20.52598096348095, 19.033831908831978, 18.01316045066045, 17.03834822584824, 17.496649184149163, 17.489882802382827, 17.49263468013469]",0,0.756,ok,roll_milp_b1
31c0d9bd1345b78d,2026-10-01T22:23:14,roll,full_Region7_s0.2,milp,classical,afb68670fe,"{""eps_tie"": 0.0, ""mip_heuristic_effort"": 0.38541305960242617, ""presolve"": ""off"", ""start"": ""lp""}",1.0,0,6.0,3.0,49,27.121325433825486,170213.0,170213.0,"[22.933355995856097, 23.228519166019186, 23.225734913234962, 22.081471768971788, 21.741533929034016, 21.737147112147184, 23.13670357420362, 23.509129759129742, 26.56946063196065, 24.96603859103866, 22.744042994043056, 22.804001554001648, 21.765070577570608, 20.404461279461312, 19.707993395493496, 20.1084401709402, 21.881831131831184, 21.559829059829116, 21.15264827764829, 21.295551670551685, 21.017207329707343, 20.54543835793843, 19.400462962962944, 20.016883579383588, 22.042038979539033, 21.828817016316993, 26.03894716394714, 26.865222740222716, 27.282860657860606, 25.518453768453714, 22.55487567987575, 20.856562419062424, 20.829011266511344, 20.09845247345251, 21.914238539238536, 21.91423853923854, 19.414384226884223, 21.114559052059068, 21.27996309246309, 21.76926314426314, 23.453282828282795, 22.407294094794054, 21.30476236726237, 19.463205775705777, 18.67492229992236, 18.02047720797727, 17.673740611240675, 17.030173530173524, 17.030173530173524]","[0.752, 0.753, 0.755, 0.752, 0.752, 0.752, 0.753, 0.754, 0.755, 0.752, 0.752, 0.754, 0.752, 0.752, 0.754, 0.753, 0.753, 0.752, 0.753, 0.752, 0.259, 0.752, 0.753, 0.752, 0.752, 0.753, 0.752, 0.753, 0.755, 0.752, 0.754, 0.754, 0.752, 0.752, 0.117, 0.069, 0.753, 0.752, 0.754, 0.752, 0.753, 0.754, 0.752, 0.752, 0.752, 0.752, 0.752, 0.752, 0.005]","[3221, 3547, 3469, 3296, 3117, 3033, 3150, 3420, 3716, 3691, 3245, 3109, 3175, 3094, 2888, 2794, 3110, 3292, 3292, 3347, 3154, 2967, 2890, 2859, 3185, 3311, 3564, 4035, 4033, 3566, 3194, 3125, 3103, 3065, 3101, 3080, 2796, 2896, 3238, 3445, 3595, 3403, 2927, 2646, 2603, 2709, 2722, 1767, 426]","[6161.7, 8727.4, 6278.2, 5818.9, 4333.6, 5544.4, 5861.1, 6715.9, 5998.6, 7638.4, 4418.1, 4098.8, 5714.6, 4590.3, 4549.1, 5151.8, 5669.6, 7010.3, 5126.0, 5277.8, 5864.5, 4887.3, 5440.0, 4531.8, 6233.5, 7701.2, 5455.0, 7565.7, 6564.5, 6398.2, 3500.9, 4440.7, 3893.4, 5926.2, 4498.9, 6663.7, 4683.4, 4211.1, 6432.9, 6105.6, 6293.4, 7329.1, 4762.9, 4762.6, 3841.3, 5372.1, 5333.8, 3219.0, 247.0]","[126, 144, 162, 180, 198, 216, 234, 252, 270, 288, 306, 324, 342, 360, 378, 396, 414, 432, 450, 468, 486, 504, 522, 540, 558, 576, 594, 612, 630, 648, 666, 684, 702, 720, 738, 756, 774, 792, 810, 828, 846, 864, 882, 900, 918, 936, 954, 972, 990]","[23.22851916601919, 23.221574721574818, 22.080986143486193, 21.740044677544702, 21.737147112147184, 23.13670357420362, 23.50689588189595, 26.554131054131112, 24.966038591038657, 22.744042994043056, 22.757300569800595, 21.76507057757061, 20.396707459207462, 19.707993395493496, 20.10751748251752, 21.853211603211626, 21.55982905982912, 21.15264827764829, 21.292848355348397, 21.017207329707343, 20.54543835793843, 19.381863506863517, 20.016883579383588, 22.042038979539033, 21.825401450401507, 25.947876197876262, 26.860690235690175, 27.12132543382549, 25.518453768453714, 22.533232970732957, 20.856562419062424, 20.814685314685317, 20.098452473452515, 21.91291116291119, 21.91423853923854, 19.414384226884223, 21.091912716912706, 21.27962315462317, 21.762173012172994, 23.447568635068667, 22.407294094794054, 21.30476236726237, 19.463205775705777, 18.674922299922365, 18.02047720797727, 17.6711020461021, 17.02672558922558, 17.030173530173524]",0,0.755,ok,roll_milp_b1
752ae2d23de2ccb2,2026-10-01T22:23:46,roll,full_Region7_s0.3,milp,classical,afb68670fe,"{""eps_tie"": 0.0, ""mip_heuristic_effort"": 0.38541305960242617, ""presolve"": ""off"", ""start"": ""lp""}",1.0,0,6.0,3.0,49,26.082944832944843,170205.0,170205.0,"[20.424987049987067, 20.424987049987063, 21.563018000518067, 21.453007640507717, 20.908767158767223, 20.28101528101536, 23.48332685832691, 23.1384842009842, 24.593434343434264, 23.105591168091237, 21.214063714063574, 22.861548174048256, 22.024847837347895, 20.98580354830356, 19.945901320901328, 19.970700595700666, 21.490174177674213, 21.453833203833227, 21.048287360787423, 21.535580160580214, 20.800909738409793, 20.0511201761202, 19.698782698782708, 19.187240999741025, 21.95857614607622, 22.16359103859104, 24.980040792540837, 26.088998963998932, 25.551427738927757, 24.180911680911734, 22.427641802641805, 20.751748251748275, 22.317599067599126, 21.982112794612814, 21.07294094794098, 20.366663429163378, 19.542103729603753, 19.68983100233107, 20.28724747474747, 20.57896270396271, 21.8136331261331, 21.55819412069414, 21.027680652680665, 19.580532893032917, 18.34107096607099, 18.07779720279722, 20.26919839419843, 20.26919839419843, 18.10534835534833]","[0.061, 0.051, 0.753, 0.22, 0.752, 0.752, 0.753, 0.753, 0.756, 0.754, 0.752, 0.753, 0.752, 0.752, 0.756, 0.752, 0.752, 0.755, 0.752, 0.752, 0.752, 0.753, 0.752, 0.752, 0.752, 0.752, 0.764, 0.754, 0.752, 0.753, 0.752, 0.752, 0.755, 0.754, 0.752, 0.752, 0.752, 0.759, 0.753, 0.753, 0.752, 0.752, 0.754, 0.752, 0.752, 0.752, 0.004, 0.003, 0.017]","[2967, 3146, 3185, 3142, 2972, 2911, 3058, 3251, 3560, 3482, 2997, 3004, 3107, 3011, 2886, 2813, 2981, 3183, 3193, 3284, 3216, 2913, 2853, 2753, 2934, 3201, 3459, 3872, 3940, 3645, 3175, 2942, 3006, 3061, 2973, 2792, 2615, 2711, 2930, 3116, 3356, 3262, 2783, 2560, 2475, 2498, 2669, 1803, 435]","[6207.6, 8785.4, 5742.1, 7243.8, 5336.6, 5330.3, 5235.0, 7545.8, 5742.5, 6673.3, 4236.0, 4049.7, 6199.5, 4438.2, 4910.9, 5113.7, 5049.4, 6789.2, 5597.9, 5280.6, 6370.4, 4857.1, 4975.8, 5156.6, 4964.3, 7073.0, 5343.8, 7229.5, 7090.3, 5610.0, 4760.7, 4511.5, 4240.2, 6063.9, 5469.7, 4861.4, 5092.1, 4629.9, 6040.6, 6632.4, 6102.1, 6873.8, 5441.6, 5071.3, 4349.0, 4223.8, 5279.5, 4722.0, 235.0]","[126, 144, 162, 180, 198, 216, 234, 252, 270, 288, 306, 324, 342, 360, 378, 396, 414, 432, 450, 468, 486, 504, 522, 540, 558, 576, 594, 612, 630, 648, 666, 684, 702, 720, 738, 756, 774, 792, 810, 828, 846, 864, 882, 900, 918, 936, 954, 972, 990]","[20.424987049987063, 21.551735301735334, 21.453007640507717, 20.90690559440569, 20.28101528101536, 23.483100233100252, 23.132138694638748, 24.567890442890516, 23.063519813519758, 21.21406371406357, 22.837979150479146, 22.024847837347895, 20.985803548303558, 19.94515669515676, 19.97070059570067, 21.47889147889151, 21.448669386169435, 21.048287360787423, 21.522257834757905, 20.79956617456623, 20.044887982388058, 19.69878269878271, 19.187240999741025, 21.954124579124578, 22.15167702667703, 24.923530173530178, 26.082944832944843, 25.551427738927753, 24.16940235690235, 22.4276418026418, 20.746956746956783, 22.314329189329214, 21.978956228956235, 21.06648212898214, 20.366663429163378, 19.542103729603753, 19.67665436415434, 20.284317534317527, 20.57896270396271, 21.8136331261331, 21.554665242165182, 21.02768065268066, 19.565867003367025, 18.341070966070987, 18.0743492618493, 20.224504662004684, 20.26919839419843, 18.10534835534833]",0,0.764,ok,roll_milp_b1
4c371b2615d2e014,2026-10-01T22:24:23,roll,full_Region6_s0,milp,classical,afb68670fe,"{""eps_tie"": 0.0, ""mip_heuristic_effort"": 0.38541305960242617, ""presolve"": ""off"", ""start"": ""lp""}",1.0,0,6.0,3.0,49,26.641818829318776,170204.0,170207.0,"[21.956601269101274, 22.0404364154364, 22.849634162134176, 22.694104506604464, 21.075239575239586, 23.348808598808624, 23.73326210826202, 23.217187904687883, 22.374028749028806, 23.411519036519064, 22.002606190106167, 20.82025382025361, 20.673109298109328, 19.68437580937577, 19.708284770784765, 18.878933566433567, 19.820707070707087, 20.706714581714678, 19.632430069930084, 19.497588060088063, 18.965552965552984, 20.704966329966375, 20.537668350168374, 20.714436026936085, 21.830484330484364, 21.406824656824686, 20.663461538461547, 20.85960567210566, 22.12260424760426, 21.11229279979279, 19.962088837088817, 20.81230574980579, 22.63391932141936, 22.95410839160836, 23.437208624708617, 25.093644781144757, 26.173902486402437, 26.646011396011417, 24.827926702926714, 20.984573297073368, 20.056316368816343, 19.810719373219392, 18.665452602952612, 18.111030173530132, 17.153441465941466, 16.58524346024353, 15.822795260295305, 15.611726236726238, 15.611726236726238]","[0.753, 0.754, 0.754, 0.752, 0.752, 0.752, 0.755, 0.753, 0.752, 0.762, 0.752, 0.753, 0.753, 0.754, 0.752, 0.752, 0.752, 0.756, 0.753, 0.752, 0.752, 0.755, 0.753, 0.752, 0.752, 0.754, 0.752, 0.761, 0.752, 0.753, 0.752, 0.752, 0.77, 0.756, 0.753, 0.752, 0.752, 0.753, 0.752, 0.753, 0.756, 0.752, 0.752, 0.752, 0.752, 0.752, 0.756, 0.751, 0.021]","[2356, 2478, 2529, 2540, 2332, 2222, 2215, 2089, 2094, 2240, 2203, 2106, 2213, 2263, 2175, 2083, 2181, 2355, 2322, 2289, 2250, 2251, 2293, 2200, 2202, 2238, 2211, 2276, 2346, 2277, 2214, 2213, 2415, 2555, 2580, 2760, 2860, 2801, 2443, 2003, 1983, 2057, 1971, 1935, 1854, 1703, 1654, 1126, 287]","[6161.7, 8886.4, 5780.2, 6046.9, 5470.6, 3815.4, 6633.1, 5725.9, 5200.6, 5232.4, 6103.1, 4163.8, 5055.6, 5527.3, 4982.1, 5758.8, 4982.5, 6374.3, 6588.0, 4999.8, 6043.5, 5430.3, 6685.0, 5926.7, 5668.5, 6471.2, 5328.0, 5182.7, 5984.5, 6870.2, 4706.9, 4889.7, 6262.4, 7039.2, 6186.9, 6151.6, 7066.4, 6855.1, 5945.9, 4120.6, 3256.4, 5412.1, 5054.8, 4341.6, 5150.3, 5113.1, 5003.8, 3158.0, 458.0]","[126, 144, 162, 180, 198, 216, 234, 252, 270, 288, 306, 324, 342, 360, 378, 396, 414, 432, 450, 468, 486, 504, 522, 540, 558, 576, 594, 612, 630, 648, 666, 684, 702, 720, 738, 756, 774, 792, 810, 828, 846, 864, 882, 900, 918, 936, 954, 972, 990]","[22.0404364154364, 22.841799404299408, 22.694104506604464, 21.060832685832704, 23.347400284900303, 23.722610722610746, 23.213885651385556, 22.374028749028806, 23.402680652680683, 21.997960372960275, 20.82025382025361, 20.670033670033714, 19.68437580937577, 19.70475589225592, 18.878933566433567, 19.8128723128723, 20.698248510748538, 19.632430069930084, 19.48915436415436, 18.965552965552984, 20.7047073297074, 20.53726366226367, 20.662085599585602, 21.804195804195846, 21.37459531209534, 20.663461538461547, 20.85960567210566, 22.09516640766643, 21.10270979020978, 19.955775705775718, 20.810670810670864, 22.63391932141936, 22.95410839160836, 23.43672299922301, 25.090601528101498, 26.168592981092914, 26.641818829318773, 24.827926702926714, 20.984573297073368, 20.041245791245778, 19.810719373219392, 18.663445350945324, 18.11103017353013, 17.14322714322719, 16.58423983423987, 15.817453379953378, 15.600103600103589, 15.611726236726238]",0,0.77,ok,roll_milp_b1
070c2bcb24bb3a06,2026-10-01T22:24:59,roll,full_Region6_s0.1,milp,classical,afb68670fe,"{""eps_tie"": 0.0, ""mip_heuristic_effort"": 0.38541305960242617, ""presolve"": ""off"", ""start"": ""lp""}",1.0,0,6.0,3.0,49,25.008401320901385,170212.0,170212.0,"[19.645315332815354, 19.15311771561769, 20.05089355089361, 20.980154105154117, 20.184149184149266, 21.95679551929557, 22.019166019165983, 23.461117586117883, 22.44523763273762, 21.648261460761468, 19.35282310282313, 18.080581455581413, 18.475767288267313, 19.009696322196312, 18.452894327894327, 18.295551670551706, 19.089371276871216, 20.13524669774668, 19.468256280756293, 18.147856772856798, 18.361451048951047, 19.01916601916604, 18.239154364154324, 17.606206293706265, 17.927285677285706, 18.131264568764582, 19.200045325045338, 19.654671717171723, 19.84587865837868, 19.62054843304844, 18.821306008806015, 18.904509842009745, 21.44187062937053, 21.44276094276088, 21.496373996373972, 22.99142061642063, 24.49381636881636, 25.00840132090139, 23.314652939652944, 20.621244496244522, 20.89516964516969, 20.120807433307426, 19.262869075369117, 18.115449365449354, 17.98178904428906, 16.64746827246829, 15.175958300958316, 14.390232452732457, 14.3611272986273]","[0.754, 0.755, 0.752, 0.752, 0.752, 0.753, 0.752, 0.76, 0.755, 0.752, 0.752, 0.752, 0.753, 0.752, 0.755, 0.753, 0.752, 0.752, 0.754, 0.752, 0.752, 0.752, 0.764, 0.752, 0.755, 0.756, 0.752, 0.752, 0.754, 0.752, 0.56, 0.752, 0.752, 0.752, 0.752, 0.753, 0.753, 0.757, 0.752, 0.757, 0.752, 0.754, 0.752, 0.752, 0.753, 0.752, 0.753, 0.751, 0.004]","[2139, 2199, 2205, 2353, 2316, 2140, 2014, 2021, 2068, 2060, 1948, 1907, 2038, 2166, 2139, 2042, 2132, 2251, 2234, 2062, 2028, 2132, 1998, 1928, 1977, 2001, 2134, 2234, 2211, 2095, 1994, 2086, 2253, 2277, 2286, 2420, 2495, 2563, 2333, 1856, 1859, 1967, 1876, 1803, 1661, 1539, 1506, 964, 220]","[6195.7, 8930.4, 5356.1, 6541.9, 6856.6, 4657.4, 6952.1, 5604.8, 6469.6, 5170.3, 5351.1, 4041.8, 4974.5, 5964.3, 5777.0, 4996.8, 5873.5, 6118.2, 6551.0, 5111.7, 4487.4, 5793.2, 6228.9, 5083.7, 5322.4, 6243.1, 5580.9, 6537.6, 6086.4, 6137.1, 5681.8, 4683.6, 5989.3, 7458.1, 5913.8, 5843.5, 6677.3, 6849.0, 6047.8, 4317.5, 3580.2, 5663.0, 4981.7, 5130.5, 4961.2, 5630.9, 4284.7, 1989.0, 133.0]","[126, 144, 162, 180, 198, 216, 234, 252, 270, 288, 306, 324, 342, 360, 378, 396, 414, 432, 450, 468, 486, 504, 522, 540, 558, 576, 594, 612, 630, 648, 666, 684, 702, 720, 738, 756, 774, 792, 810, 828, 846, 864, 882, 900, 918, 936, 954, 972, 990]","[19.15311771561769, 20.047591297591246, 20.963189588189643, 20.184149184149266, 21.95679551929557, 22.009550634550685, 23.45365514115518, 22.42930911680915, 21.64826146076147, 19.35282310282313, 18.078282828282916, 18.47413234913231, 19.002120564620885, 18.452894327894327, 18.295551670551706, 19.075223387723415, 20.124481999481947, 19.44070512820511, 18.1478567728568, 18.33880471380468, 19.011849261849303, 18.227645040145035, 17.606206293706265, 17.90705128205134, 18.102450789950883, 19.200045325045338, 19.654671717171723, 19.82842851592852, 19.61713286713292, 18.821306008806015, 18.882349132349137, 21.441870629370534, 21.44276094276088, 21.45731351981344, 22.951583139083162, 24.48724423724422, 25.00840132090139, 23.30874449624452, 20.621244496244522, 20.887674825174827, 20.120807433307423, 19.26286907536911, 18.11544936544935, 17.9673821548822, 16.64746827246829, 15.175958300958316, 14.390232452732457, 14.3611272986273]",0,0.764,ok,roll_milp_b1
9effb6bc4f2b754b,2026-10-01T22:25:35,roll,full_Region6_s0.2,milp,classical,afb68670fe,"{""eps_tie"": 0.0, ""mip_heuristic_effort"": 0.38541305960242617, ""presolve"": ""off"", ""start"": ""lp""}",1.0,0,6.0,3.0,49,25.750388500388674,170217.0,170217.0,"[20.598225848225916, 21.407342657342653, 21.39988021238022, 22.22796879046879, 20.699656824656845, 22.9610528360529, 22.97333916083922, 24.81455581455582, 24.16794548044549, 23.832426832426812, 21.93651256151254, 19.787215099715112, 19.820334757834818, 20.67247798497801, 20.510198135198138, 20.2777777777778, 20.99622830872828, 21.641284641284614, 20.622766122766116, 19.949462574462594, 19.636331261331286, 19.604182854182923, 19.668592981092964, 21.910563973064004, 21.557449494949427, 21.286939911939914, 20.97443991193989, 21.074721574721575, 20.316724941724978, 20.40170940170936, 19.742181429681427, 20.587979150479136, 22.273714711214737, 22.70664983164986, 24.30209142709142, 24.725492100492094, 25.761752136752165, 25.726851851851862, 23.720376845376823, 21.04360916860915, 21.264147889147914, 21.639876327376353, 21.713238150738146, 20.74316886816889, 19.541618104118132, 18.312742812742847, 17.393987956487997, 17.03875291375288, 17.03875291375288]","[0.752, 0.754, 0.752, 0.755, 0.752, 0.763, 0.752, 0.752, 0.752, 0.753, 0.234, 0.752, 0.753, 0.753, 0.76, 0.752, 0.753, 0.753, 0.755, 0.752, 0.752, 0.754, 0.755, 0.753, 0.753, 0.752, 0.752, 0.753, 0.755, 0.752, 0.752, 0.752, 0.76, 0.753, 0.756, 0.755, 0.752, 0.757, 0.753, 0.755, 0.755, 0.752, 0.752, 0.754, 0.752, 0.753, 0.752, 0.752, 0.082]","[2243, 2421, 2447, 2412, 2240, 2178, 2142, 2079, 2266, 2381, 2177, 1994, 2110, 2318, 2266, 2186, 2317, 2438, 2395, 2281, 2231, 2254, 2191, 2228, 2312, 2311, 2353, 2447, 2458, 2268, 2116, 2196, 2486, 2518, 2588, 2870, 2907, 2763, 2415, 2086, 2152, 2230, 2257, 2201, 1917, 1784, 1756, 1128, 266]","[6157.8, 8686.5, 6591.3, 5956.0, 6302.8, 3667.5, 6311.3, 5760.0, 5989.8, 5325.5, 5136.3, 3588.1, 4600.8, 5429.6, 6913.3, 5480.1, 5613.8, 6301.6, 6320.3, 4844.1, 5286.8, 5310.6, 5501.3, 5774.1, 6514.8, 5618.6, 5546.3, 5378.1, 6178.9, 5032.6, 5832.4, 5240.1, 6441.9, 7172.6, 6273.4, 7302.1, 6461.9, 6313.6, 5624.4, 4097.1, 4343.9, 6058.6, 6212.4, 5886.1, 4806.9, 4754.6, 4731.4, 3068.0, 530.0]","[126, 144, 162, 180, 198, 216, 234, 252, 270, 288, 306, 324, 342, 360, 378, 396, 414, 432, 450, 468, 486, 504, 522, 540, 558, 576, 594, 612, 630, 648, 666, 684, 702, 720, 738, 756, 774, 792, 810, 828, 846, 864, 882, 900, 918, 936, 954, 972, 990]","[21.364801864801848, 21.37786519036511, 22.22796879046879, 20.685735560735672, 22.849634162134183, 22.968029655529694, 24.785968660968685, 24.16794548044549, 23.816903004402935, 21.93651256151254, 19.787215099715112, 19.80578218078219, 20.657407407407465, 20.509340196840217, 20.2777777777778, 20.973954286454276, 21.641284641284617, 20.62276612276612, 19.949462574462594, 19.636331261331293, 19.604182854182927, 19.66833398083404, 21.86779655529654, 21.52808534058542, 21.282520720020937, 20.971429033929017, 21.019700207200238, 20.316724941724978, 20.389050764050815, 19.74166342916341, 20.548772986272994, 22.273714711214737, 22.70664983164986, 24.29704092204093, 24.725492100492094, 25.750388500388663, 25.711036648536616, 23.70846283346281, 21.04360916860915, 21.264147889147914, 21.617116679616736, 21.713238150738146, 20.74316886816889, 19.541618104118132, 18.31274281274284, 17.393987956487997, 17.03481934731937, 17.03875291375288]",0,0.763,ok,roll_milp_b1
09e49dbc5c8c95c5,2026-10-01T22:26:11,roll,full_Region6_s0.3,milp,classical,afb68670fe,"{""eps_tie"": 0.0, ""mip_heuristic_effort"": 0.38541305960242617, ""presolve"": ""off"", ""start"": ""lp""}",1.0,0,6.0,3.0,49,26.190349002849103,170191.0,170191.0,"[20.933080808080817, 20.406500906500895, 21.619042994043006, 22.966734654234802, 21.088642838642965, 21.312597125097117, 23.764374514374428, 22.76167119917126, 22.56070318570321, 21.877557627557806, 20.386379823879878, 18.803564491064503, 19.496843434343457, 19.595376845376872, 19.155157342657333, 19.473339160839192, 21.11582167832164, 20.732177544677644, 19.30422817922823, 18.569476819476865, 17.731287231287272, 17.70585664335657, 18.245985495985487, 19.695804195804207, 19.861175861175916, 19.345441595441635, 18.785110722610753, 19.208511396011367, 19.497733747733722, 19.81487956487958, 19.979312354312178, 19.430571743071752, 20.18343693343685, 20.907569282569284, 21.8262917637918, 24.778619528619522, 26.033265345765365, 26.1903490028491, 24.12150349650349, 21.897613960113983, 21.009340196840203, 20.88555426055428, 19.487600362600364, 18.40088383838383, 17.940203315203266, 17.069719632219673, 17.256653069153074, 16.61041504791506, 16.585243460243404]","[0.752, 0.753, 0.752, 0.752, 0.752, 0.752, 0.753, 0.755, 0.752, 0.753, 0.752, 0.752, 0.752, 0.752, 0.754, 0.754, 0.752, 0.753, 0.753, 0.753, 0.753, 0.753, 0.752, 0.754, 0.753, 0.752, 0.752, 0.753, 0.752, 0.752, 0.752, 0.762, 0.752, 0.756, 0.753, 0.755, 0.753, 0.754, 0.753, 0.754, 0.752, 0.753, 0.752, 0.752, 0.752, 0.757, 0.752, 0.751, 0.004]","[2330, 2369, 2309, 2454, 2287, 2139, 2136, 2029, 2235, 2372, 2168, 2047, 2109, 2264, 2183, 2022, 2187, 2264, 2142, 2099, 2001, 2034, 2065, 2074, 2209, 2191, 2124, 2147, 2158, 2098, 2030, 2128, 2304, 2357, 2442, 2757, 2905, 2757, 2462, 2068, 2047, 2107, 1989, 1860, 1713, 1676, 1676, 1084, 251]","[6160.7, 8741.5, 5076.2, 6441.0, 7227.7, 3774.4, 6087.2, 7169.9, 4967.7, 6057.4, 5255.2, 4895.9, 4847.7, 6291.4, 5738.2, 4918.9, 5977.7, 7294.4, 5138.1, 4828.9, 4873.6, 5041.4, 5664.1, 6478.9, 7117.6, 5888.4, 4971.1, 5612.9, 5932.6, 6193.4, 6160.1, 5998.8, 5304.6, 6180.3, 6455.1, 6434.8, 7647.6, 6767.3, 5707.1, 4029.8, 4387.6, 5361.3, 5574.1, 4398.8, 4945.5, 5555.3, 4927.0, 4105.0, 282.0]","[126, 144, 162, 180, 198, 216, 234, 252, 270, 288, 306, 324, 342, 360, 378, 396, 414, 432, 450, 468, 486, 504, 522, 540, 558, 576, 594, 612, 630, 648, 666, 684, 702, 720, 738, 756, 774, 792, 810, 828, 846, 864, 882, 900, 918, 936, 954, 972, 990]","[20.399410774410786, 21.579318829318822, 22.91542022792018, 21.088642838642965, 21.312597125097117, 23.742764180264004, 22.76167119917126, 22.56070318570321, 21.877557627557806, 20.386379823879878, 18.79862729862731, 19.496843434343457, 19.58817340067342, 19.155157342657333, 19.47129953379959, 21.082410644910677, 20.73217754467764, 19.304228179228225, 18.563277000777003, 17.72999222999224, 17.705856643356565, 18.210194897694883, 19.695253820253853, 19.861175861175916, 19.345441595441635, 18.785110722610753, 19.195593758093786, 19.497733747733722, 19.814766252266253, 19.979312354312178, 19.429859492359483, 20.1552220927221, 20.873526936026934, 21.81797138047138, 24.778619528619526, 26.031112406112378, 26.190349002849103, 24.12090455840456, 21.897613960113983, 21.008708883708902, 20.88555426055428, 19.478130665630673, 18.40088383838383, 17.915031727531673, 17.069719632219673, 17.256653069153074, 16.61041504791506, 16.585243460243404]",0,0.762,ok,roll_milp_b1
6d811477777cacad,2026-10-01T22:26:51,roll,full_Region7_s0,cpsat,classical,cd6c30cd5f,"{""cp_model_presolve"": false, ""linearization_level"": 1, ""repair_hint"": false, ""start"": ""lp""}",1.0,0,6.0,3.0,49,27.809586247086266,170204.0,170204.0,"[21.827149702149764, 21.43633449883454, 23.29579448329455, 22.264649702149693, 22.83686221186223, 22.03810541310549, 23.052609427609514, 24.133207070707076, 26.244301994302, 24.93414918414921, 22.689652939652948, 22.505390442890448, 21.820836570836555, 21.224682724682772, 22.385392385392468, 21.28935185185194, 24.024783087283076, 24.024783087283073, 21.50535806785814, 22.179891867391945, 20.99315268065272, 21.125696063196102, 20.135360010360063, 20.954610204610315, 24.711311836311875, 23.808890183890192, 25.827101139601158, 27.637691012691008, 27.81070318570314, 25.454561642061606, 22.45812289562272, 20.93994431494439, 22.07935120435124, 21.384032634032714, 22.27460502460509, 21.320949883449906, 19.690688940688997, 20.411923724423765, 21.803758741258804, 21.579917767417758, 23.078784641284667, 22.444573944573918, 21.372442372442368, 20.366032116032155, 19.248316498316523, 19.47055490805494, 19.556138306138337, 18.91650479150483, 18.91294353794357]","[0.629, 0.554, 0.855, 0.864, 0.858, 0.936, 0.871, 0.859, 1.031, 0.935, 0.869, 0.857, 0.865, 0.863, 0.857, 0.857, 0.034, 0.019, 0.856, 0.857, 0.871, 0.857, 0.855, 0.857, 0.856, 0.899, 0.858, 0.856, 0.857, 0.871, 0.855, 0.881, 0.855, 0.872, 0.858, 0.858, 0.857, 0.856, 0.858, 0.87, 0.858, 0.856, 0.887, 0.857, 0.886, 0.857, 0.857, 0.884, 0.007]","[3096, 3238, 3212, 3177, 3145, 3100, 3118, 3366, 3790, 3595, 3107, 3093, 3115, 3089, 3074, 2977, 3069, 3327, 3381, 3356, 3178, 2964, 2907, 2921, 3218, 3349, 3493, 3895, 3912, 3528, 3192, 3074, 3076, 3076, 3037, 2957, 2766, 2825, 3210, 3451, 3518, 3326, 2900, 2703, 2586, 2636, 2767, 1818, 416]","[6209.7, 8748.4, 4961.2, 6998.9, 4658.7, 6165.4, 4938.2, 6281.9, 6778.7, 6998.4, 3958.1, 4188.9, 5555.6, 4889.4, 5172.1, 6706.9, 4338.6, 6479.4, 4792.1, 4596.8, 6147.6, 4366.3, 5512.1, 4828.8, 6376.6, 8071.3, 4338.1, 6415.8, 6721.5, 6096.3, 3924.0, 4346.8, 4090.5, 6509.3, 4824.0, 6584.7, 4588.5, 4284.2, 5938.0, 7152.7, 5711.5, 7052.2, 4882.0, 5114.7, 4733.4, 4830.2, 5719.9, 3657.0, 121.0]","[126, 144, 162, 180, 198, 216, 234, 252, 270, 288, 306, 324, 342, 360, 378, 396, 414, 432, 450, 468, 486, 504, 522, 540, 558, 576, 594, 612, 630, 648, 666, 684, 702, 720, 738, 756, 774, 792, 810, 828, 846, 864, 882, 900, 918, 936, 954, 972, 990]","[21.43633449883454, 23.295794483294543, 22.26464970214969, 22.830031080031095, 22.03810541310549, 23.05260942760951, 24.132980445480467, 26.243929681429687, 24.934149184149202, 22.683712121212228, 22.50539044289045, 21.820836570836555, 21.224682724682772, 22.38539238539247, 21.28935185185194, 24.016656954156975, 24.024783087283073, 21.50535806785814, 22.17770655270659, 20.99315268065272, 21.123883061383147, 20.133061383061406, 20.945480445480502, 24.69208106708108, 23.808890183890192, 25.816595441595506, 27.63186350686344, 27.80958624708627, 25.454561642061606, 22.45812289562272, 20.932077182077176, 22.079092204092202, 21.384032634032714, 22.250064750064766, 21.320949883449902, 19.690688940688997, 20.40382996632996, 21.802382802382773, 21.579917767417758, 23.07651838901841, 22.44457394457392, 21.372442372442368, 20.366032116032155, 19.241598679098733, 19.46543965293965, 19.556138306138337, 18.91650479150483, 18.91294353794357]",0,1.031,ok,roll_cpsat_b1
31b62a3c80e6c7de,2026-10-01T22:27:33,roll,full_Region7_s0.1,cpsat,classical,cd6c30cd5f,"{""cp_model_presolve"": false, ""linearization_level"": 1, ""repair_hint"": false, ""start"": ""lp""}",1.0,0,6.0,3.0,49,27.057692307692328,170214.0,170214.0,"[21.746762496762532, 21.857663170163246, 22.130439005439047, 21.339177026677085, 20.57985301735306, 20.480607355607397, 21.507073944573946, 21.21343240093245, 25.75391737891737, 24.79466135716135, 22.762383449883526, 22.469858844858877, 21.76458495208497, 21.09391996891999, 20.506264568764614, 20.115837865837875, 21.93748381248385, 21.725152162652176, 20.917297979798043, 22.197115384615376, 21.95114607614613, 20.56708106708107, 20.724310411810404, 21.1812030562031, 21.780141155141152, 21.913429163429228, 27.05824268324254, 26.88448588448574, 26.52368233618221, 25.039109039109093, 22.42043835793837, 20.158896658896705, 22.158540533540556, 20.758352758352807, 22.38840326340323, 21.199430199430285, 19.002606190106228, 20.074284511784565, 21.024524087024073, 21.711230898730953, 22.80842074592076, 22.079496891996826, 20.53852628852624, 19.057481869981945, 18.088642838642908, 17.09403328153327, 17.5630665630666, 17.525382025382058, 17.512869075369117]","[0.895, 0.882, 0.858, 0.857, 0.952, 0.856, 0.856, 0.858, 0.857, 0.857, 0.876, 0.855, 0.856, 0.857, 0.93, 0.858, 0.856, 0.856, 0.856, 0.855, 0.855, 0.857, 0.856, 0.881, 0.856, 0.857, 0.856, 0.857, 0.855, 0.86, 0.859, 0.86, 0.857, 0.855, 0.855, 0.856, 0.855, 0.864, 0.904, 1.054, 0.858, 0.856, 0.86, 0.891, 0.855, 0.895, 0.855, 0.855, 0.012]","[3191, 3391, 3274, 3145, 3000, 2894, 3005, 3181, 3545, 3668, 3271, 3151, 3192, 3163, 3067, 2869, 3023, 3323, 3274, 3253, 3167, 2963, 3044, 3045, 3089, 3251, 3660, 3994, 3853, 3601, 3165, 2909, 2944, 2941, 2938, 2846, 2577, 2656, 3028, 3248, 3376, 3203, 2820, 2614, 2497, 2498, 2572, 1754, 443]","[6210.8, 8902.5, 5756.3, 6023.0, 4999.8, 5359.5, 5480.3, 6206.0, 5434.8, 7977.5, 4723.3, 4165.0, 5524.8, 4847.5, 5072.3, 5361.0, 5266.8, 7437.5, 5472.3, 4371.0, 6640.8, 5623.5, 4359.3, 5676.0, 6276.8, 6656.5, 5392.3, 7681.0, 5714.8, 5695.5, 4413.3, 3537.0, 4095.8, 6750.5, 3997.3, 6363.0, 3790.8, 4052.5, 6256.3, 6879.0, 6081.8, 7155.5, 5064.3, 4025.0, 4366.8, 4648.5, 4482.3, 4025.0, 659.0]","[126, 144, 162, 180, 198, 216, 234, 252, 270, 288, 306, 324, 342, 360, 378, 396, 414, 432, 450, 468, 486, 504, 522, 540, 558, 576, 594, 612, 630, 648, 666, 684, 702, 720, 738, 756, 774, 792, 810, 828, 846, 864, 882, 900, 918, 936, 954, 972, 990]","[21.85766317016325, 22.130034317534378, 21.3387723387724, 20.574284511784544, 20.480607355607397, 21.483310670810738, 21.21343240093245, 25.73881442631439, 24.79466135716135, 22.762383449883526, 22.469858844858877, 21.76458495208497, 21.09391996891999, 20.506264568764614, 20.114866614866656, 21.9360107485108, 21.725152162652176, 20.91729797979804, 22.187839937840028, 21.95011007511004, 20.56708106708107, 20.72212509712517, 21.1812030562031, 21.780141155141152, 21.911567599067666, 27.057692307692328, 26.884485884485745, 26.52368233618221, 25.037814037814048, 22.42043835793837, 20.15889665889671, 22.12828606578609, 20.758352758352807, 22.381313131313135, 21.199430199430285, 18.996632996633004, 20.07362082362086, 21.021998834498817, 21.711230898730953, 22.80701243201241, 22.079496891996822, 20.538526288526246, 19.05748186998194, 18.070189070189105, 17.094033281533267, 17.558129370629402, 17.525382025382058, 17.512869075369114]",0,1.054,ok,roll_cpsat_b1
9c6fed1b542ba761,2026-10-01T22:28:13,roll,full_Region7_s0.2,cpsat,classical,cd6c30cd5f,"{""cp_model_presolve"": false, ""linearization_level"": 1, ""repair_hint"": false, ""start"": ""lp""}",1.0,0,6.0,3.0,49,27.237422299922255,170213.0,170213.0,"[22.93387399637411, 23.23408767158771, 23.225734913234962, 22.07578995079, 21.76874514374516, 21.74394586894594, 23.13670357420362, 23.442081067081055, 26.458899896399902, 24.969535094535107, 22.737729862729886, 22.78993460243462, 21.665080290080382, 20.335146335146383, 19.707993395493496, 20.11765086765089, 21.885878010878038, 21.574867262367288, 21.155027842527865, 21.319654882154932, 21.017207329707343, 20.51584757834765, 19.383530821030845, 19.93643162393163, 21.99752331002328, 21.836684149184055, 26.035385910385784, 26.814167314167296, 27.237422299922258, 25.518453768453714, 22.496406371406394, 20.830387205387233, 20.824219761719807, 20.05780562030565, 21.969081844081916, 21.91423853923854, 19.870564620564647, 21.32169450919457, 21.37860981610986, 21.819460631960613, 23.448199948199886, 22.401984589484552, 21.297785547785576, 19.476317663817646, 18.676589614089707, 18.02084952084952, 17.66880341880345, 17.005859880859873, 16.972885910385905]","[0.854, 0.858, 0.856, 0.857, 0.882, 0.883, 0.856, 0.862, 0.928, 0.857, 0.856, 0.888, 0.899, 0.857, 0.858, 0.857, 0.945, 0.948, 0.855, 0.857, 0.502, 0.86, 0.856, 0.856, 0.876, 0.856, 0.857, 0.862, 0.943, 0.858, 0.869, 0.857, 0.857, 0.894, 0.859, 0.019, 0.856, 0.87, 0.869, 0.857, 0.858, 0.899, 0.858, 0.856, 0.858, 0.855, 0.896, 0.856, 0.006]","[3221, 3547, 3469, 3296, 3117, 3033, 3150, 3420, 3716, 3691, 3245, 3109, 3175, 3094, 2888, 2794, 3110, 3292, 3292, 3347, 3154, 2967, 2890, 2859, 3185, 3311, 3564, 4035, 4033, 3566, 3194, 3125, 3103, 3065, 3101, 3080, 2796, 2896, 3238, 3445, 3595, 3403, 2927, 2646, 2603, 2709, 2722, 1767, 426]","[6161.7, 8731.4, 6278.2, 5814.9, 4332.6, 5580.4, 5845.1, 6787.9, 6000.6, 7583.4, 4409.1, 4114.8, 5742.6, 4593.3, 4596.1, 5223.8, 5635.6, 7091.3, 5154.0, 5256.8, 5846.5, 4855.3, 5443.0, 4600.8, 6252.5, 7707.2, 5464.0, 7567.7, 6535.5, 6448.2, 3538.9, 4468.7, 3862.4, 5893.2, 4379.9, 6695.7, 4577.4, 4188.1, 6216.9, 5977.6, 6222.4, 7323.1, 4775.9, 4742.6, 3821.3, 5366.1, 5317.8, 3218.0, 254.0]","[126, 144, 162, 180, 198, 216, 234, 252, 270, 288, 306, 324, 342, 360, 378, 396, 414, 432, 450, 468, 486, 504, 522, 540, 558, 576, 594, 612, 630, 648, 666, 684, 702, 720, 738, 756, 774, 792, 810, 828, 846, 864, 882, 900, 918, 936, 954, 972, 990]","[23.228033540533556, 23.221574721574818, 22.07096607096616, 21.76874514374516, 21.743832556332652, 23.13670357420362, 23.440818440818546, 26.456633644133653, 24.969535094535104, 22.730380730380766, 22.78993460243462, 21.665080290080382, 20.335146335146383, 19.707993395493496, 20.11386298886305, 21.885878010878034, 21.574867262367288, 21.15264827764829, 21.311156436156438, 21.017207329707343, 20.51584757834765, 19.381863506863585, 19.918317793317833, 21.990918803418865, 21.83668414918406, 26.00550375550373, 26.814167314167296, 27.237422299922255, 25.518453768453714, 22.490352240352284, 20.830387205387233, 20.824074074074087, 20.055426055426057, 21.964225589225542, 21.91423853923854, 19.870564620564647, 21.31801994301996, 21.37860981610986, 21.81946063196061, 23.446386946387012, 22.401984589484552, 21.297785547785576, 19.463578088578075, 18.674922299922365, 18.02047720797727, 17.668803418803446, 17.005859880859873, 16.972885910385905]",0,0.948,ok,roll_cpsat_b1
283f48be8effcaa0,2026-10-01T22:28:51,roll,full_Region7_s0.3,cpsat,classical,cd6c30cd5f,"{""cp_model_presolve"": false, ""linearization_level"": 1, ""repair_hint"": false, ""start"": ""lp""}",1.0,0,6.0,3.0,49,26.072811447811468,170205.0,170205.0,"[20.424987049987067, 20.424987049987063, 21.565397565397618, 21.453007640507717, 20.9276256151257, 20.281274281274314, 23.499514374514426, 23.117472804972873, 24.5511849261849, 22.997329059829074, 21.213432400932255, 22.845927220927297, 22.009777259777273, 20.976447163947174, 20.055280367780423, 20.015329577829647, 21.474698912198974, 21.487130924630957, 21.065106190106228, 21.551880989381075, 20.844081844081895, 20.04488798238806, 19.673902486402522, 19.18902162652163, 22.024216524216452, 22.15497927997921, 24.97877816627821, 26.07281144781147, 25.52280821030823, 24.07509388759389, 22.417767417767415, 20.753124190624227, 22.298772986273026, 21.892935767935846, 21.04197422947418, 20.34550634550639, 19.478357290857346, 19.673497798497788, 20.284430846930885, 20.531921781921817, 21.842997280497286, 21.555037555037572, 21.026790339290322, 19.640750453250448, 18.435039497539556, 18.120499870499913, 20.26919839419843, 20.26919839419843, 18.16263597513595]","[0.052, 0.036, 0.878, 0.268, 0.856, 0.858, 0.862, 0.857, 0.858, 0.861, 0.858, 0.865, 0.856, 0.856, 0.866, 0.856, 0.856, 0.857, 0.857, 0.92, 0.856, 0.856, 0.858, 0.855, 0.868, 0.857, 0.89, 0.857, 0.859, 0.89, 0.879, 0.857, 0.856, 0.905, 0.868, 0.856, 0.892, 0.856, 0.855, 0.857, 0.862, 0.856, 0.857, 0.856, 0.93, 0.937, 0.017, 0.011, 0.007]","[2967, 3146, 3185, 3142, 2972, 2911, 3058, 3251, 3560, 3482, 2997, 3004, 3107, 3011, 2886, 2813, 2981, 3183, 3193, 3284, 3216, 2913, 2853, 2753, 2934, 3201, 3459, 3872, 3940, 3645, 3175, 2942, 3006, 3061, 2973, 2792, 2615, 2711, 2930, 3116, 3356, 3262, 2783, 2560, 2475, 2498, 2669, 1803, 435]","[6207.6, 8762.4, 5711.1, 7278.8, 5326.6, 5214.3, 5157.0, 7489.8, 5701.5, 6589.3, 4246.0, 4061.7, 6223.5, 4485.2, 4840.9, 5058.7, 5074.4, 6814.2, 5565.9, 5253.6, 6347.4, 4852.1, 4962.8, 5080.6, 4880.3, 7012.0, 5360.8, 7231.5, 7057.3, 5585.0, 4757.7, 4512.5, 4230.2, 5999.9, 5374.7, 4874.4, 5119.1, 4659.9, 6048.6, 6678.4, 6081.1, 6855.8, 5443.6, 5134.3, 4368.0, 4204.8, 5273.5, 4722.0, 235.0]","[126, 144, 162, 180, 198, 216, 234, 252, 270, 288, 306, 324, 342, 360, 378, 396, 414, 432, 450, 468, 486, 504, 522, 540, 558, 576, 594, 612, 630, 648, 666, 684, 702, 720, 738, 756, 774, 792, 810, 828, 846, 864, 882, 900, 918, 936, 954, 972, 990]","[20.424987049987063, 21.55032698782704, 21.453007640507717, 20.917006604506614, 20.276223776223787, 23.49538655788657, 23.114316239316253, 24.5511849261849, 22.996066433566398, 21.213432400932255, 22.837979150479146, 21.99841362341364, 20.976447163947178, 20.055280367780423, 20.011914011914033, 21.474698912198974, 21.48713092463096, 21.064960502460526, 21.542378917378965, 20.8440818440819, 20.044887982388058, 19.66488603988609, 19.189021626521626, 22.011412198912197, 22.154979279979212, 24.972286972286998, 26.072811447811468, 25.52195027195022, 24.073539886041456, 22.406403781403785, 20.753124190624227, 22.298772986273026, 21.892935767935846, 21.033508158508127, 20.34550634550639, 19.478357290857346, 19.66741129241136, 20.276110463610532, 20.531921781921817, 21.842997280497286, 21.554665242165182, 21.023115773115833, 19.637189199689253, 18.435039497539556, 18.118346930846936, 20.224504662004684, 20.26919839419843, 18.16263597513595]",0,0.937,ok,roll_cpsat_b1
0cc3603a4e647331,2026-10-01T22:29:32,roll,full_Region6_s0,cpsat,classical,cd6c30cd5f,"{""cp_model_presolve"": false, ""linearization_level"": 1, ""repair_hint"": false, ""start"": ""lp""}",1.0,0,6.0,3.0,49,26.648277648277627,170207.0,170207.0,"[21.94416925666927, 21.97112147112151, 22.833106708106794, 22.747830872830985, 21.096736596736648, 23.37130924630925, 23.76879370629373, 23.21187839937837, 22.397792022792036, 23.421053483553475, 22.047121859621903, 20.789578477078393, 20.684586247086315, 19.687791375291365, 19.732825045325033, 18.957977207977226, 19.808080808080806, 20.67255892255894, 19.612195674695716, 19.497361434861475, 18.997183372183468, 20.704966329966375, 20.588238150738192, 20.60212703962708, 21.787376974877002, 21.354474229474263, 20.679017741517722, 20.875048562548574, 22.123494560994576, 21.151903651903638, 19.947940947940953, 20.803613053613113, 22.614170551670586, 22.9300861175861, 23.402939652939637, 25.093644781144757, 26.18299987049987, 26.65332815332815, 24.806316368816354, 20.92765799015799, 20.017854830354818, 19.76000388500391, 18.601333851333813, 18.09016446516443, 17.177868427868464, 16.60484654234651, 15.837088837088903, 15.619819994819977, 15.619819994819974]","[0.866, 0.881, 0.862, 0.855, 0.856, 0.884, 0.855, 0.933, 0.877, 0.878, 0.856, 0.859, 0.862, 0.855, 0.864, 0.861, 0.856, 0.856, 0.854, 0.86, 0.857, 0.872, 0.876, 0.858, 0.855, 0.856, 0.856, 0.854, 0.864, 0.859, 0.855, 0.856, 0.865, 0.855, 0.857, 0.856, 0.857, 0.856, 0.859, 0.902, 0.854, 0.856, 0.902, 0.856, 0.856, 0.873, 0.856, 0.854, 0.014]","[2356, 2478, 2529, 2540, 2332, 2222, 2215, 2089, 2094, 2240, 2203, 2106, 2213, 2263, 2175, 2083, 2181, 2355, 2322, 2289, 2250, 2251, 2293, 2200, 2202, 2238, 2211, 2276, 2346, 2277, 2214, 2213, 2415, 2555, 2580, 2760, 2860, 2801, 2443, 2003, 1983, 2057, 1971, 1935, 1854, 1703, 1654, 1126, 287]","[6161.7, 8896.4, 5778.2, 6005.9, 5473.6, 3795.4, 6637.1, 5718.9, 5198.6, 5209.4, 6030.1, 4187.8, 5132.6, 5492.3, 4948.1, 5782.8, 5018.5, 6388.3, 6572.0, 5007.8, 6020.5, 5406.3, 6674.0, 5906.7, 5664.5, 6474.2, 5376.0, 5175.7, 5967.5, 6908.2, 4681.9, 4916.7, 6334.4, 7048.2, 6188.9, 6119.6, 7019.4, 6883.1, 6008.9, 4115.6, 3255.4, 5438.1, 5080.8, 4403.6, 5229.3, 5089.1, 5058.8, 3149.0, 599.0]","[126, 144, 162, 180, 198, 216, 234, 252, 270, 288, 306, 324, 342, 360, 378, 396, 414, 432, 450, 468, 486, 504, 522, 540, 558, 576, 594, 612, 630, 648, 666, 684, 702, 720, 738, 756, 774, 792, 810, 828, 846, 864, 882, 900, 918, 936, 954, 972, 990]","[21.97112147112151, 22.830063455063428, 22.746309246309277, 21.096736596736648, 23.37130924630925, 23.768793706293735, 23.211878399378364, 22.39693408443409, 23.421053483553475, 22.047121859621896, 20.787020849520864, 20.676492488992515, 19.684926184926216, 19.729781792281806, 18.950255762755763, 19.806413493913485, 20.67255892255894, 19.61219567469569, 19.497361434861475, 18.99503043253042, 20.7047073297074, 20.588238150738192, 20.59621859621856, 21.786340973841, 21.354474229474263, 20.67571548821553, 20.866064491064503, 22.12349456099458, 21.151903651903638, 19.94590132090135, 20.77729215229218, 22.614170551670586, 22.92833786583786, 23.390944703444752, 25.091491841491827, 26.182740870240846, 26.648277648277627, 24.80631636881635, 20.92765799015799, 20.01770914270918, 19.760003885003915, 18.5830257705258, 18.09016446516443, 17.171668609168613, 16.593628593628594, 15.837088837088903, 15.619075369075356, 15.619819994819975]",0,0.933,ok,roll_cpsat_b1
28a43c282f3553da,2026-10-01T22:30:14,roll,full_Region6_s0.1,cpsat,classical,cd6c30cd5f,"{""cp_model_presolve"": false, ""linearization_level"": 1, ""repair_hint"": false, ""start"": ""lp""}",1.0,0,6.0,3.0,49,25.00056656306658,170212.0,170212.0,"[19.63165306915304, 19.163850038850025, 20.05442242942246, 21.01048951048956, 20.208462833462857, 21.93265993265995, 21.993104118104085, 23.425699300699232, 22.430571743071756, 21.618444055944092, 19.521497021497098, 18.159592722092782, 18.545195545195586, 19.042848355348358, 18.44695350945381, 18.347902097902132, 19.076599326599347, 20.107922170422075, 19.392142579642606, 18.041002978502963, 18.309472934472964, 18.912053224553233, 18.167055167055185, 17.53663234913238, 17.86761849261848, 18.051249676249686, 19.173870111369975, 19.61876780626779, 19.844389406889515, 19.58260489510489, 18.823426573426453, 18.887691012690915, 21.4250518000517, 21.4728697228697, 21.503577441077507, 22.972335534835516, 24.483310670810614, 25.000566563066588, 23.30039173789178, 20.55052123802126, 20.8972902097902, 20.092479279979255, 19.26071613571611, 18.09977984977986, 17.954351204351223, 16.64746827246829, 15.144700207200177, 14.385408572908576, 14.385408572908577]","[0.857, 0.889, 0.889, 0.855, 0.874, 0.856, 0.906, 0.855, 0.856, 0.855, 0.855, 0.855, 0.854, 0.883, 0.871, 0.855, 0.854, 0.865, 0.855, 0.856, 0.87, 0.893, 0.855, 0.879, 0.86, 0.858, 0.856, 0.855, 0.856, 0.858, 0.855, 0.858, 0.857, 0.856, 0.941, 0.857, 0.857, 0.856, 0.856, 0.855, 0.877, 0.855, 0.856, 0.855, 0.856, 0.855, 0.871, 0.355, 0.005]","[2139, 2199, 2205, 2353, 2316, 2140, 2014, 2021, 2068, 2060, 1948, 1907, 2038, 2166, 2139, 2042, 2132, 2251, 2234, 2062, 2028, 2132, 1998, 1928, 1977, 2001, 2134, 2234, 2211, 2095, 1994, 2086, 2253, 2277, 2286, 2420, 2495, 2563, 2333, 1856, 1859, 1967, 1876, 1803, 1661, 1539, 1506, 964, 220]","[6195.7, 8930.4, 5380.1, 6496.9, 6832.6, 4695.4, 6979.1, 5603.8, 6544.6, 5197.3, 5431.1, 3960.8, 4984.5, 5920.3, 5737.0, 4949.8, 5871.5, 6149.2, 6578.0, 5098.7, 4545.4, 5889.2, 6230.9, 5079.7, 5336.4, 6290.1, 5647.9, 6565.6, 6102.4, 6099.1, 5725.8, 4726.6, 5997.3, 7455.1, 5824.8, 5946.5, 6680.3, 6846.0, 6047.8, 4358.5, 3587.2, 5636.0, 5096.7, 5144.5, 4991.2, 5587.9, 4295.7, 1989.0, 127.0]","[126, 144, 162, 180, 198, 216, 234, 252, 270, 288, 306, 324, 342, 360, 378, 396, 414, 432, 450, 468, 486, 504, 522, 540, 558, 576, 594, 612, 630, 648, 666, 684, 702, 720, 738, 756, 774, 792, 810, 828, 846, 864, 882, 900, 918, 936, 954, 972, 990]","[19.163850038850025, 20.05430911680913, 20.985949235949306, 20.208462833462853, 21.92786842786846, 21.993104118104085, 23.41901385651385, 22.430571743071756, 21.616517741517747, 19.5214970214971, 18.159592722092782, 18.543560606060566, 19.042702667702702, 18.44695350945381, 18.347902097902132, 19.075223387723415, 20.107922170422075, 19.392142579642606, 18.041002978502963, 18.309472934472964, 18.912053224553233, 18.167055167055185, 17.53663234913238, 17.867618492618483, 18.050990675990683, 19.167524605024614, 19.618767806267787, 19.844389406889515, 19.58260489510489, 18.823426573426453, 18.87666731416732, 21.4250518000517, 21.4728697228697, 21.503577441077507, 22.972335534835516, 24.482825045325054, 25.000566563066585, 23.30039173789178, 20.55052123802126, 20.895282957782985, 20.09247927997925, 19.256669256669277, 18.09977984977986, 17.954351204351223, 16.64746827246829, 15.144586894586872, 14.381475006474988, 14.385408572908576]",0,0.941,ok,roll_cpsat_b1
bd3e36f2c5b61845,2026-10-01T22:30:54,roll,full_Region6_s0.2,cpsat,classical,cd6c30cd5f,"{""cp_model_presolve"": false, ""linearization_level"": 1, ""repair_hint"": false, ""start"": ""lp""}",1.0,0,6.0,3.0,49,25.74404299404298,170217.0,170217.0,"[20.578104765604785, 21.35573685573689, 21.425683113183105, 22.217948717948772, 20.696985884485937, 22.897306397306426, 23.013694638694663, 24.811625874125866, 24.14659414659407, 23.79325304325297, 22.248753561253537, 19.85007122507124, 19.770881895881907, 20.688811188811183, 20.505439005439, 20.276515151515152, 21.00380406630405, 21.630180005179927, 20.659188034187952, 19.949462574462594, 19.649880212380246, 19.56222481222486, 19.669483294483253, 21.899507899508006, 21.570221445221502, 21.319573944574014, 21.005034317534356, 21.116080678580673, 20.332394457394503, 20.40371665371665, 19.75142450142455, 20.582297332297312, 22.270331520331567, 22.651256151256085, 24.3385133385134, 24.685395622895687, 25.74404299404298, 25.740255115255042, 23.671263921263893, 20.97343628593636, 21.242278554778537, 21.626214063714013, 21.64685314685316, 20.72976560476563, 19.55524799274797, 18.297332297332357, 17.407018907018923, 17.02471833721831, 17.01963545713543]","[0.874, 0.865, 0.856, 0.859, 0.857, 0.856, 0.857, 0.874, 0.918, 0.855, 0.183, 0.855, 0.859, 0.884, 0.725, 0.863, 0.855, 0.856, 0.879, 0.856, 0.857, 0.865, 0.856, 0.865, 0.859, 0.882, 0.856, 0.857, 0.88, 0.883, 0.873, 0.856, 0.855, 0.856, 0.856, 0.856, 0.855, 0.855, 0.855, 0.868, 0.861, 0.858, 0.857, 0.857, 0.881, 0.864, 0.856, 0.857, 0.014]","[2243, 2421, 2447, 2412, 2240, 2178, 2142, 2079, 2266, 2381, 2177, 1994, 2110, 2318, 2266, 2186, 2317, 2438, 2395, 2281, 2231, 2254, 2191, 2228, 2312, 2311, 2353, 2447, 2458, 2268, 2116, 2196, 2486, 2518, 2588, 2870, 2907, 2763, 2415, 2086, 2152, 2230, 2257, 2201, 1917, 1784, 1756, 1128, 266]","[6157.8, 8675.5, 6598.3, 5996.0, 6388.8, 3684.5, 6310.3, 5813.0, 5864.8, 5312.5, 5244.3, 3628.1, 4662.8, 5363.6, 6895.3, 5489.1, 5585.8, 6273.6, 6297.3, 4874.1, 5252.8, 5366.6, 5486.3, 5768.1, 6452.8, 5600.6, 5518.3, 5318.1, 6140.9, 5030.6, 5801.4, 5238.1, 6452.9, 7192.6, 6275.4, 7276.1, 6391.9, 6296.6, 5654.4, 4154.1, 4333.9, 5998.6, 6282.4, 5893.1, 4837.9, 4699.6, 4711.4, 3069.0, 535.0]","[126, 144, 162, 180, 198, 216, 234, 252, 270, 288, 306, 324, 342, 360, 378, 396, 414, 432, 450, 468, 486, 504, 522, 540, 558, 576, 594, 612, 630, 648, 666, 684, 702, 720, 738, 756, 774, 792, 810, 828, 846, 864, 882, 900, 918, 936, 954, 972, 990]","[21.355477855477858, 21.42568311318311, 22.216313778813834, 20.69698588448594, 22.86065786065788, 23.012173012173, 24.809100621600642, 24.14325951825951, 23.79325304325297, 22.248753561253537, 19.85007122507124, 19.76657601657603, 20.68117068117069, 20.505439005439, 20.276515151515152, 21.00139212639215, 21.62007899507904, 20.659188034187952, 19.949462574462594, 19.649248899248878, 19.559213934213993, 19.669483294483253, 21.892077829577815, 21.570221445221502, 21.317680005179966, 21.005034317534356, 21.116080678580673, 20.325709013209018, 20.40371665371665, 19.75142450142455, 20.5805167055167, 22.26550764050766, 22.650997150997124, 24.3385133385134, 24.685395622895687, 25.74404299404298, 25.740255115255042, 23.671263921263893, 20.97343628593636, 21.22724035224035, 21.617116679616736, 21.639245014245038, 20.72976560476563, 19.55524799274797, 18.29302641802646, 17.40701890701892, 17.02471833721831, 17.019635457135433]",0,0.918,ok,roll_cpsat_b1
b352cf6f08422c76,2026-10-01T22:31:36,roll,full_Region6_s0.3,cpsat,classical,cd6c30cd5f,"{""cp_model_presolve"": false, ""linearization_level"": 1, ""repair_hint"": false, ""start"": ""lp""}",1.0,0,6.0,3.0,49,26.170227920227887,170191.0,170191.0,"[20.91313778813767, 20.393583268583274, 21.606902356902314, 23.011768324268264, 21.102305102305227, 21.27698458948465, 23.684845247345166, 22.76167119917126, 22.568019943019923, 21.87729862729867, 20.44407213157217, 18.837606837606877, 19.48369917119924, 19.58817340067342, 19.107857420357444, 19.473339160839192, 21.066287878786113, 20.718369593369626, 19.291715229215253, 18.554325304325342, 17.727871665371694, 17.69234006734009, 18.204513079513113, 19.695804195804207, 19.855267417767433, 19.381005568505568, 18.80092592592593, 19.213820901320876, 19.459045584045608, 19.808598808598706, 19.987406112406077, 19.445496632996637, 20.16142191142194, 20.879354441854442, 21.742861305361306, 24.76885845635848, 26.036794224294216, 26.17416148666142, 24.149054649054577, 21.924679487179482, 20.978114478114485, 20.9428418803419, 19.462428774928803, 18.39115514115513, 17.940203315203266, 17.073766511266488, 17.281080031079917, 16.635619010618992, 16.629759129759076]","[0.897, 0.857, 0.869, 0.856, 0.857, 0.881, 0.855, 0.855, 0.861, 0.858, 0.854, 0.855, 0.858, 0.859, 0.855, 0.855, 0.855, 0.855, 0.885, 0.857, 0.855, 0.856, 0.856, 0.861, 0.891, 0.857, 0.855, 0.856, 0.855, 0.855, 0.856, 0.856, 0.856, 0.883, 0.858, 0.857, 0.857, 0.856, 0.856, 0.855, 0.856, 0.856, 0.856, 0.857, 0.855, 0.87, 0.856, 0.854, 0.009]","[2330, 2369, 2309, 2454, 2287, 2139, 2136, 2029, 2235, 2372, 2168, 2047, 2109, 2264, 2183, 2022, 2187, 2264, 2142, 2099, 2001, 2034, 2065, 2074, 2209, 2191, 2124, 2147, 2158, 2098, 2030, 2128, 2304, 2357, 2442, 2757, 2905, 2757, 2462, 2068, 2047, 2107, 1989, 1860, 1713, 1676, 1676, 1084, 251]","[6160.7, 8747.5, 5053.2, 6316.0, 7184.7, 3755.4, 6061.2, 7160.9, 4956.7, 6041.4, 5207.2, 4874.9, 4873.7, 6275.4, 5819.2, 4918.9, 5964.7, 7298.4, 5106.1, 4791.9, 4893.6, 5070.4, 5655.1, 6477.9, 7111.6, 5838.4, 4962.1, 5585.9, 5934.6, 6202.4, 6161.1, 6067.8, 5324.6, 6200.3, 6463.1, 6407.8, 7593.6, 6762.3, 5734.1, 4058.8, 4386.6, 5277.3, 5583.1, 4488.8, 4901.5, 5540.3, 4917.0, 4028.0, 255.0]","[126, 144, 162, 180, 198, 216, 234, 252, 270, 288, 306, 324, 342, 360, 378, 396, 414, 432, 450, 468, 486, 504, 522, 540, 558, 576, 594, 612, 630, 648, 666, 684, 702, 720, 738, 756, 774, 792, 810, 828, 846, 864, 882, 900, 918, 936, 954, 972, 990]","[20.393583268583274, 21.59498834498835, 23.002411939911976, 21.102305102305227, 21.27517158767157, 23.669774669774693, 22.76167119917126, 22.56678969178973, 21.877298627298668, 20.439766252266253, 18.837606837606877, 19.481659544159527, 19.58817340067342, 19.107857420357444, 19.47129953379959, 21.064507252007235, 20.714549339549368, 19.286778036778056, 18.553030303030383, 17.725314037813934, 17.692340067340094, 18.204513079513113, 19.679956617456682, 19.855267417767433, 19.381005568505568, 18.80092592592593, 19.195593758093786, 19.455516705516715, 19.808194120694164, 19.987406112406077, 19.442631442631434, 20.16142191142194, 20.877832815332802, 21.742861305361302, 24.76885845635848, 26.030740093240198, 26.170227920227887, 24.148310023309975, 21.91090391090384, 20.978114478114485, 20.942841880341902, 19.462428774928803, 18.391155141155128, 17.937937062937042, 17.073766511266488, 17.275511525511547, 16.635619010618992, 16.629759129759076]",0,0.897,ok,roll_cpsat_b1
28c5b5f2aa68ab9b,2026-10-01T22:32:25,roll,full_Region7_s0,ls,classical,5f4af0796a,"{""g_scale"": 1033.198382944086, ""ls_T0"": 9.976727856592743e-05, ""ls_T1"": 2.387300289641544e-09, ""ls_chains"": 8, ""ls_moves"": 179038, ""ls_restart_every"": 0, ""p_add"": 0.16323012771885298, ""p_swap"": 0.774440157136168, ""start"": ""pgreedy"", ""topw"": 5}",1.0,0,6.0,3.0,49,28.912975912975842,170204.0,170204.0,"[22.13655788655793, 21.566061253561276, 23.656889406889487, 22.849035224035315, 23.102321289821322, 22.280173530173393, 23.36358780108791, 24.406015281015378, 26.718903781403853, 25.29139147889144, 23.104215229215225, 22.886574074074126, 22.199753949754005, 21.484605672105676, 22.65905853405862, 21.61109492359502, 24.024783087283076, 24.024783087283073, 21.89560670810676, 22.549161486661568, 21.340925278425356, 21.456763144263206, 20.683064620564675, 21.25786713286724, 25.16080678580681, 24.015054390054416, 26.462606837606778, 29.026369463869553, 28.838319088319178, 26.492569930069887, 22.660466847966845, 21.42252654752662, 22.094017094017154, 21.606271043771095, 22.45901320901329, 21.488393550893615, 19.793269230769255, 20.23233941983944, 21.96336765086769, 21.841103341103363, 23.423174048174058, 23.079448329448336, 21.77256539756539, 20.674226236726238, 19.54414335664336, 20.023196710696745, 19.75736531986533, 19.090002590002626, 18.97643097643101]","[1.004, 1.003, 1.013, 1.017, 1.015, 1.01, 1.003, 1.001, 1.009, 1.016, 1.006, 1.01, 1.01, 1.012, 1.007, 1.012, 1.002, 1.001, 1.008, 1.002, 1.012, 1.005, 1.01, 1.001, 1.013, 1.01, 1.006, 1.001, 1.012, 1.014, 1.008, 1.01, 1.003, 1.001, 1.011, 1.0, 1.009, 1.005, 1.003, 1.014, 1.001, 1.013, 1.005, 1.014, 1.015, 1.004, 1.012, 1.009, 1.008]","[3096, 3238, 3212, 3177, 3145, 3100, 3118, 3366, 3790, 3595, 3107, 3093, 3115, 3089, 3074, 2977, 3069, 3327, 3381, 3356, 3178, 2964, 2907, 2921, 3218, 3349, 3493, 3895, 3912, 3528, 3192, 3074, 3076, 3076, 3037, 2957, 2766, 2825, 3210, 3451, 3518, 3326, 2900, 2703, 2586, 2636, 2767, 1818, 416]","[6209.7, 8751.4, 5025.2, 7016.9, 5012.7, 6046.4, 5009.2, 6258.9, 6834.7, 6957.4, 3990.1, 3940.9, 5322.6, 4891.4, 5259.1, 6770.9, 4539.6, 6300.4, 5446.1, 5107.8, 6256.6, 4363.3, 5486.1, 4963.8, 6345.6, 8128.3, 4498.1, 6608.8, 6963.5, 5776.3, 4323.0, 4401.8, 4560.5, 6705.3, 5040.0, 6588.7, 4659.5, 4269.2, 5891.0, 7500.7, 5834.5, 7071.2, 4774.0, 5162.7, 4844.4, 4857.2, 5639.9, 3615.0, 169.0]","[126, 144, 162, 180, 198, 216, 234, 252, 270, 288, 306, 324, 342, 360, 378, 396, 414, 432, 450, 468, 486, 504, 522, 540, 558, 576, 594, 612, 630, 648, 666, 684, 702, 720, 738, 756, 774, 792, 810, 828, 846, 864, 882, 900, 918, 936, 954, 972, 990]","[21.566061253561273, 23.60763079513084, 22.849035224035315, 23.02387658637667, 22.271076146076215, 23.316919191919066, 24.40601528101538, 26.718903781403853, 25.29139147889144, 23.104215229215225, 22.840617715617732, 22.199753949754, 21.440349002849, 22.65905853405862, 21.61109492359502, 23.7055652680653, 24.024783087283073, 21.895606708106758, 22.479328541828576, 21.340925278425356, 21.35317922817922, 20.683064620564675, 21.222788785288834, 25.01014957264968, 24.01505439005441, 26.436658249158313, 28.912975912975845, 28.838319088319178, 26.492569930069887, 22.53148471898474, 21.372442372442368, 22.08911227661235, 21.606271043771095, 22.447843822843893, 21.488393550893615, 19.79326923076925, 20.212736337736327, 21.91038591038594, 21.81084887334888, 23.41949948199948, 23.079448329448336, 21.772565397565394, 20.64753302253305, 19.544143356643357, 19.78451178451181, 19.75736531986533, 19.090002590002623, 18.97643097643101]",0,1.017,ok,roll_ls_b1
1d15070f81b326e3,2026-10-01T22:33:15,roll,full_Region7_s0.1,ls,classical,5f4af0796a,"{""g_scale"": 1033.198382944086, ""ls_T0"": 9.976727856592743e-05, ""ls_T1"": 2.387300289641544e-09, ""ls_chains"": 8, ""ls_moves"": 179038, ""ls_restart_every"": 0, ""p_add"": 0.16323012771885298, ""p_swap"": 0.774440157136168, ""start"": ""pgreedy"", ""topw"": 5}",1.0,0,6.0,3.0,49,27.33684602434595,170214.0,170214.0,"[21.917249417249412, 22.10125291375291, 22.413866226366284, 21.67128010878016, 20.726058663558717, 20.689523439523512, 21.689733877233902, 21.483569671069667, 26.295049857549852, 25.254370629370634, 23.287846412846513, 22.787069412069457, 21.989316239316263, 21.341928904429025, 20.78906047656053, 20.259145946645972, 22.085696710696748, 22.072665760165822, 21.215876715876778, 22.251133126133134, 22.20988733488726, 21.29087347837353, 20.891236078736068, 21.38759388759393, 22.25187775187782, 22.25187775187782, 27.45698976948969, 27.33684602434595, 26.868670681170624, 25.317194379694236, 22.623267935767974, 20.535256410256455, 22.331633644133674, 21.08258870758873, 22.482112794612764, 21.306283993783985, 19.133741258741264, 20.119059181559166, 21.589970214970197, 21.9367068117068, 23.14520202020199, 22.34659090909088, 20.779445091945043, 19.27627233877236, 18.16694185444189, 17.238571613571636, 17.68398730898736, 17.719033281533303, 17.631491193991234]","[1.004, 1.012, 1.004, 1.009, 1.006, 1.003, 1.001, 1.005, 1.012, 1.006, 1.008, 1.008, 1.009, 1.016, 1.015, 1.013, 1.012, 1.002, 1.009, 1.005, 1.01, 1.011, 1.005, 1.005, 1.017, 1.013, 1.009, 1.009, 1.009, 1.009, 1.001, 1.006, 1.004, 1.012, 1.012, 1.011, 1.002, 1.001, 1.002, 1.004, 1.0, 1.006, 1.011, 1.012, 1.001, 1.005, 1.012, 1.014, 1.004]","[3191, 3391, 3274, 3145, 3000, 2894, 3005, 3181, 3545, 3668, 3271, 3151, 3192, 3163, 3067, 2869, 3023, 3323, 3274, 3253, 3167, 2963, 3044, 3045, 3089, 3251, 3660, 3994, 3853, 3601, 3165, 2909, 2944, 2941, 2938, 2846, 2577, 2656, 3028, 3248, 3376, 3203, 2820, 2614, 2497, 2498, 2572, 1754, 443]","[6210.8, 8875.5, 5789.3, 6158.0, 4956.8, 5399.5, 5412.3, 6249.0, 5404.8, 7900.5, 4797.3, 4041.0, 5415.8, 4939.5, 5155.3, 5351.0, 5410.8, 7579.5, 5826.3, 4592.0, 6667.8, 5718.5, 4442.3, 5587.0, 6458.8, 6611.5, 5264.3, 7463.0, 5798.8, 5698.5, 4412.3, 3670.0, 4049.8, 6668.5, 4314.3, 6380.0, 3911.8, 4196.5, 6309.3, 6549.0, 6074.8, 7202.5, 5069.3, 4075.0, 4327.8, 4781.5, 4535.3, 4038.0, 567.0]","[126, 144, 162, 180, 198, 216, 234, 252, 270, 288, 306, 324, 342, 360, 378, 396, 414, 432, 450, 468, 486, 504, 522, 540, 558, 576, 594, 612, 630, 648, 666, 684, 702, 720, 738, 756, 774, 792, 810, 828, 846, 864, 882, 900, 918, 936, 954, 972, 990]","[22.10125291375291, 22.3762950012949, 21.67128010878016, 20.726058663558717, 20.649426961927013, 21.689733877233902, 21.483569671069674, 26.226220538720575, 25.254370629370637, 23.287846412846513, 22.706585081585157, 21.989316239316263, 21.3143453768454, 20.77195027195039, 20.25406306656305, 21.973986661486702, 22.054211991712005, 21.215876715876778, 22.228486790986825, 22.20988733488726, 21.29087347837353, 20.864882802382873, 21.38759388759393, 22.200870888370886, 22.25187775187782, 27.31858650608653, 27.33684602434595, 26.86313455063446, 25.31719437969424, 22.623267935767974, 20.53525641025646, 22.27297008547013, 21.08258870758873, 22.4605024605024, 21.306283993783985, 19.133741258741264, 20.07009194509196, 21.589970214970197, 21.9367068117068, 23.10220797720798, 22.346590909090878, 20.779445091945046, 19.276272338772355, 18.16694185444189, 17.238571613571636, 17.628706941206943, 17.719033281533306, 17.631491193991234]",0,1.017,ok,roll_ls_b1
3e669ebcbfe7c990,2026-10-01T22:34:04,roll,full_Region7_s0.2,ls,classical,5f4af0796a,"{""g_scale"": 1033.198382944086, ""ls_T0"": 9.976727856592743e-05, ""ls_T1"": 2.387300289641544e-09, ""ls_chains"": 8, ""ls_moves"": 179038, ""ls_restart_every"": 0, ""p_add"": 0.16323012771885298, ""p_swap"": 0.774440157136168, ""start"": ""pgreedy"", ""topw"": 5}",1.0,0,6.0,3.0,49,27.588092463092483,170213.0,170213.0,"[23.262561512561522, 23.589355089355163, 23.53269878269886, 22.35138241388245, 21.96236402486405, 21.93403587153596, 23.470182595182642, 23.960453897953887, 26.82493201243208, 25.453671328671344, 22.826615514115566, 23.275074462574526, 22.166893291893384, 20.744512432012506, 20.069088319088365, 20.455581455581534, 22.246050246050302, 21.952408702408675, 21.482566045066072, 21.54898342398344, 21.123688811188824, 20.680765993266068, 19.53920616420619, 20.161162911162908, 22.382122507122418, 22.364672364672433, 25.993168868168848, 27.382591945091974, 27.758611758611707, 25.837898212898157, 23.07692307692307, 21.091281403781434, 21.089792152292194, 20.430037555037597, 22.61020461020445, 21.957232582232585, 19.92819217819219, 21.402033152033173, 21.695933695933714, 22.2816951566952, 23.799533799533762, 22.592819217819187, 21.58537296037295, 19.857646982646994, 19.003982128982194, 18.414659414659422, 18.062613312613376, 17.477596477596542, 17.348209660709664]","[1.009, 1.012, 1.001, 1.001, 1.007, 1.014, 1.001, 1.013, 1.016, 1.01, 1.009, 1.01, 1.014, 1.013, 1.014, 1.004, 1.007, 1.005, 1.002, 1.012, 1.009, 1.008, 1.005, 1.002, 1.006, 1.012, 1.007, 1.001, 1.0, 1.011, 1.003, 1.01, 1.016, 1.001, 1.014, 1.002, 1.006, 1.005, 1.011, 1.012, 1.003, 1.005, 1.011, 1.004, 1.007, 1.01, 1.006, 1.003, 1.02]","[3221, 3547, 3469, 3296, 3117, 3033, 3150, 3420, 3716, 3691, 3245, 3109, 3175, 3094, 2888, 2794, 3110, 3292, 3292, 3347, 3154, 2967, 2890, 2859, 3185, 3311, 3564, 4035, 4033, 3566, 3194, 3125, 3103, 3065, 3101, 3080, 2796, 2896, 3238, 3445, 3595, 3403, 2927, 2646, 2603, 2709, 2722, 1767, 426]","[6161.7, 8729.4, 6160.2, 5925.9, 4408.6, 5509.4, 5782.1, 6734.9, 6129.6, 7459.4, 4405.1, 4184.8, 5894.6, 4543.3, 4659.1, 5081.8, 5732.6, 7087.3, 5209.0, 5298.8, 5844.5, 4936.3, 5505.0, 4581.8, 6180.5, 7819.2, 5910.0, 7850.7, 6632.5, 6504.2, 3760.9, 4340.7, 3815.4, 5794.2, 4622.9, 6193.7, 4813.4, 4236.1, 6217.9, 6181.6, 6188.4, 7357.1, 4746.9, 4968.6, 3756.3, 5470.1, 5313.8, 3199.0, 213.0]","[126, 144, 162, 180, 198, 216, 234, 252, 270, 288, 306, 324, 342, 360, 378, 396, 414, 432, 450, 468, 486, 504, 522, 540, 558, 576, 594, 612, 630, 648, 666, 684, 702, 720, 738, 756, 774, 792, 810, 828, 846, 864, 882, 900, 918, 936, 954, 972, 990]","[23.582750582750695, 23.532698782698862, 22.35138241388245, 21.96236402486405, 21.85421522921532, 23.390022015022055, 23.957669645169684, 26.795049857549913, 25.453671328671348, 22.817000129500144, 23.26709401709407, 22.166893291893384, 20.744512432012506, 20.0487082362083, 20.388791763791826, 22.24352499352507, 21.952408702408675, 21.482452732452746, 21.474067599067645, 21.123688811188824, 20.680765993266068, 19.529072779072848, 20.1301961926962, 22.34733553483553, 22.34228502978506, 25.961878399378318, 27.382591945091974, 27.588092463092483, 25.837898212898157, 23.076923076923073, 21.091281403781434, 21.042346542346557, 20.430037555037597, 22.610204610204452, 21.95723258223258, 19.928192178192187, 21.37657018907018, 21.695933695933718, 22.22753172753169, 23.793706293706304, 22.592819217819187, 21.583883708883643, 19.857646982646994, 19.003982128982194, 18.40797397047402, 18.061577311577317, 17.477596477596542, 17.348209660709664]",0,1.02,ok,roll_ls_b1
d5c415f6bcb230cc,2026-10-01T22:34:54,roll,full_Region7_s0.3,ls,classical,5f4af0796a,"{""g_scale"": 1033.198382944086, ""ls_T0"": 9.976727856592743e-05, ""ls_T1"": 2.387300289641544e-09, ""ls_chains"": 8, ""ls_moves"": 179038, ""ls_restart_every"": 0, ""p_add"": 0.16323012771885298, ""p_swap"": 0.774440157136168, ""start"": ""pgreedy"", ""topw"": 5}",1.0,0,6.0,3.0,49,26.27073620823622,170205.0,170205.0,"[20.424987049987067, 20.424987049987063, 21.81013662263671, 21.567582880082956, 21.054891867391916, 20.334887334887373, 23.80863118363125, 23.5240870240871, 24.93704674954675, 23.180733618233567, 21.507219632219694, 23.066789691789772, 22.24475524475535, 21.375194250194294, 20.28532116032117, 20.196435508935537, 21.914837477337592, 21.91079059829071, 21.449851074851157, 22.089743589743648, 21.324138824138878, 20.474294224294276, 19.940106190106228, 19.459045584045615, 22.229199041699047, 22.3581002331003, 25.449624449624462, 26.274928774928792, 25.807271432271428, 24.42476042476086, 22.915792540792552, 21.1416245791246, 22.523358585858666, 22.2366938616939, 21.888921263921297, 20.525236337736374, 19.779606967106986, 19.736612924112922, 20.732776482776483, 20.974925537425577, 22.218207718207697, 21.772824397824362, 21.30424436674441, 19.892288267288322, 18.64128464128468, 18.351204351204373, 20.26919839419843, 20.26919839419843, 17.9758482258482]","[1.004, 1.007, 1.011, 1.007, 1.01, 1.014, 1.006, 1.016, 1.011, 1.008, 1.012, 1.015, 1.004, 1.013, 1.013, 1.008, 1.008, 1.011, 1.018, 1.001, 1.016, 1.002, 1.009, 1.003, 1.007, 1.003, 1.008, 1.005, 1.001, 1.005, 1.007, 1.009, 1.006, 1.006, 1.002, 1.015, 1.012, 1.017, 1.009, 1.001, 1.011, 1.008, 1.009, 1.006, 1.008, 1.011, 1.006, 1.014, 1.002]","[2967, 3146, 3185, 3142, 2972, 2911, 3058, 3251, 3560, 3482, 2997, 3004, 3107, 3011, 2886, 2813, 2981, 3183, 3193, 3284, 3216, 2913, 2853, 2753, 2934, 3201, 3459, 3872, 3940, 3645, 3175, 2942, 3006, 3061, 2973, 2792, 2615, 2711, 2930, 3116, 3356, 3262, 2783, 2560, 2475, 2498, 2669, 1803, 435]","[6207.6, 8718.4, 5651.1, 7052.8, 5254.6, 5392.3, 5200.0, 7542.8, 5724.5, 6764.3, 4285.0, 3962.7, 5987.5, 4660.2, 4959.9, 4989.7, 5075.4, 6926.2, 5532.9, 5327.6, 6496.4, 4837.1, 5045.8, 5220.6, 5039.3, 7099.0, 5180.8, 7332.5, 7138.3, 5675.0, 4673.7, 4597.5, 4263.2, 6184.9, 5378.7, 5008.4, 5168.1, 4848.9, 6107.6, 6540.4, 6040.1, 6704.8, 5484.6, 5090.3, 4242.0, 4179.8, 5312.5, 4353.0, 318.0]","[126, 144, 162, 180, 198, 216, 234, 252, 270, 288, 306, 324, 342, 360, 378, 396, 414, 432, 450, 468, 486, 504, 522, 540, 558, 576, 594, 612, 630, 648, 666, 684, 702, 720, 738, 756, 774, 792, 810, 828, 846, 864, 882, 900, 918, 936, 954, 972, 990]","[20.424987049987063, 21.686803936803948, 21.56758288008296, 21.054891867391913, 20.33488733488737, 23.66130859880861, 23.5240870240871, 24.93704674954675, 23.18073361823357, 21.5072196322197, 22.982145169645165, 22.24475524475535, 21.375194250194298, 20.24778231028238, 20.14661033411041, 21.785563973064004, 21.91079059829071, 21.391268453768504, 22.088739963740043, 21.324138824138878, 20.465277777777832, 19.935395622895633, 19.459045584045615, 22.137270137270136, 22.358100233100302, 25.449624449624462, 26.270736208236222, 25.807271432271428, 24.424760424760862, 22.91579254079255, 21.1416245791246, 22.44887982387986, 22.21014633514641, 21.888921263921297, 20.525236337736374, 19.779606967106986, 19.707135457135518, 20.732776482776483, 20.974925537425573, 22.190656565656575, 21.772824397824362, 21.304244366744413, 19.892288267288322, 18.64128464128468, 18.351204351204373, 19.68716006216008, 20.26919839419843, 17.9758482258482]",0,1.018,ok,roll_ls_b1
8598874bb15183fc,2026-10-01T22:35:43,roll,full_Region6_s0,ls,classical,5f4af0796a,"{""g_scale"": 1033.198382944086, ""ls_T0"": 9.976727856592743e-05, ""ls_T1"": 2.387300289641544e-09, ""ls_chains"": 8, ""ls_moves"": 179038, ""ls_restart_every"": 0, ""p_add"": 0.16323012771885298, ""p_swap"": 0.774440157136168, ""start"": ""pgreedy"", ""topw"": 5}",1.0,0,6.0,3.0,49,26.784608909608885,170207.0,170207.0,"[22.206844081844064, 22.336862211862197, 22.957556332556244, 22.852790727790758, 21.186285936286016, 23.772241647241678, 24.160968660968685, 23.592916342916308, 22.51834045584046, 23.828234265734288, 22.390248640248544, 21.314118751618768, 21.145444832944865, 20.25398212898219, 20.015102952602938, 19.078638953638926, 20.102062289562355, 20.820804195804197, 19.788105413105445, 19.632284382284425, 19.21671846671856, 20.90808728308727, 20.712024087024144, 20.872523310023308, 22.12134162134169, 21.681267806267833, 20.91109816109818, 21.070933695933718, 22.429276741776654, 21.627250064749976, 20.289513727013794, 20.959142709142743, 22.879888629888622, 23.254985754985707, 23.656743719243703, 25.277275964775903, 26.495499870499806, 26.835324397824298, 24.935071872571907, 21.1296296296297, 20.41652097902098, 20.032925407925436, 18.849860787360814, 18.589193214193177, 17.222270784770828, 16.64657795907796, 15.92675148925148, 15.66763791763791, 15.611726236726238]","[1.011, 1.017, 1.004, 1.003, 1.012, 1.001, 1.0, 1.019, 1.007, 1.001, 1.012, 1.007, 1.014, 1.012, 1.008, 1.017, 1.015, 1.007, 1.002, 1.011, 1.012, 1.012, 1.01, 1.011, 1.018, 1.005, 1.002, 1.009, 1.014, 1.003, 1.005, 1.005, 1.008, 1.005, 1.011, 1.002, 1.002, 1.001, 1.004, 1.018, 1.013, 1.003, 1.012, 1.009, 1.016, 1.003, 1.008, 1.016, 1.015]","[2356, 2478, 2529, 2540, 2332, 2222, 2215, 2089, 2094, 2240, 2203, 2106, 2213, 2263, 2175, 2083, 2181, 2355, 2322, 2289, 2250, 2251, 2293, 2200, 2202, 2238, 2211, 2276, 2346, 2277, 2214, 2213, 2415, 2555, 2580, 2760, 2860, 2801, 2443, 2003, 1983, 2057, 1971, 1935, 1854, 1703, 1654, 1126, 287]","[6161.7, 8733.4, 5851.2, 6042.9, 5521.6, 3862.4, 6738.1, 5723.9, 5156.6, 5110.4, 6285.1, 4034.8, 5220.6, 5404.3, 4811.1, 5692.8, 4895.5, 6329.3, 6594.0, 5007.8, 5931.5, 5343.3, 6642.0, 5858.7, 5405.5, 6415.2, 5389.0, 4992.7, 5996.5, 6902.2, 4941.9, 4867.7, 6231.4, 6926.2, 6098.9, 6139.6, 6943.4, 6846.1, 5894.9, 4161.6, 3239.4, 5468.1, 4980.8, 4444.6, 5430.3, 5228.1, 5058.8, 3174.0, 540.0]","[126, 144, 162, 180, 198, 216, 234, 252, 270, 288, 306, 324, 342, 360, 378, 396, 414, 432, 450, 468, 486, 504, 522, 540, 558, 576, 594, 612, 630, 648, 666, 684, 702, 720, 738, 756, 774, 792, 810, 828, 846, 864, 882, 900, 918, 936, 954, 972, 990]","[22.336862211862197, 22.957556332556248, 22.852790727790754, 21.186285936286012, 23.711765086765094, 24.16096866096869, 23.59291634291631, 22.518340455840455, 23.822665760165794, 22.39024864024854, 21.314118751618768, 21.089015151515017, 20.25398212898219, 19.997507122507134, 19.078638953638926, 20.102062289562355, 20.820804195804197, 19.788105413105445, 19.606853794353817, 19.211036648536716, 20.820804195804175, 20.70637464387463, 20.872523310023308, 22.06910450660455, 21.681267806267833, 20.911098161098185, 21.045875420875344, 22.395525770525637, 21.627250064749976, 20.2829415954416, 20.95535483035486, 22.850411162911197, 23.254985754985707, 23.656743719243703, 25.24426961926958, 26.495499870499806, 26.784608909608885, 24.935071872571907, 21.1296296296297, 20.40836247086237, 20.028878528878515, 18.849860787360818, 18.589193214193177, 17.222270784770828, 16.64657795907796, 15.92244560994558, 15.667637917637908, 15.611726236726238]",0,1.019,ok,roll_ls_b1
6b68c972d21bff53,2026-10-01T22:36:33,roll,full_Region6_s0.1,ls,classical,5f4af0796a,"{""g_scale"": 1033.198382944086, ""ls_T0"": 9.976727856592743e-05, ""ls_T1"": 2.387300289641544e-09, ""ls_chains"": 8, ""ls_moves"": 179038, ""ls_restart_every"": 0, ""p_add"": 0.16323012771885298, ""p_swap"": 0.774440157136168, ""start"": ""pgreedy"", ""topw"": 5}",1.0,0,6.0,3.0,49,25.392741517741513,170211.0,170212.0,"[19.78988603988598, 19.38846801346795, 20.42343304843307, 21.241501554001637, 20.400786713286745, 22.227968790468818, 22.211667961668, 25.41414141414172, 22.51733682983684, 21.825466200466234, 19.507462444962368, 18.260764698264705, 18.818117068116354, 20.056057368556655, 18.954335016835056, 18.622604247604343, 19.334223646723675, 20.48706617456616, 19.817437192437133, 18.29632867132872, 18.628286065786064, 19.614575239575267, 19.199753949753884, 17.856109168609205, 18.218434343434364, 18.322503885003908, 19.29237891737887, 19.796571484071432, 19.932902745402625, 19.874611499611508, 18.818521756021763, 19.034123284123314, 21.530044030043964, 21.72782310282308, 21.806542994042964, 23.019489769489788, 24.604603729603795, 25.037619787619768, 23.47110528360533, 20.6906727531728, 21.021480833980817, 20.24006086506086, 19.585211085211114, 18.52042864542867, 18.244836182336226, 16.938357938357978, 15.282067469567481, 14.430183242683263, 14.548287360787354]","[1.012, 1.009, 1.004, 1.008, 1.015, 1.013, 1.012, 1.015, 1.007, 1.01, 1.001, 1.008, 1.002, 1.007, 1.009, 1.001, 1.016, 1.008, 1.009, 1.013, 1.001, 1.011, 1.0, 1.008, 1.003, 1.003, 1.005, 1.006, 1.001, 1.011, 1.007, 1.016, 1.007, 1.003, 1.013, 1.017, 1.009, 1.008, 1.011, 1.004, 1.012, 1.011, 1.011, 1.021, 1.003, 1.013, 1.001, 1.012, 1.005]","[2139, 2199, 2205, 2353, 2316, 2140, 2014, 2021, 2068, 2060, 1948, 1907, 2038, 2166, 2139, 2042, 2132, 2251, 2234, 2062, 2028, 2132, 1998, 1928, 1977, 2001, 2134, 2234, 2211, 2095, 1994, 2086, 2253, 2277, 2286, 2420, 2495, 2563, 2333, 1856, 1859, 1967, 1876, 1803, 1661, 1539, 1506, 964, 220]","[6195.7, 8889.4, 5325.1, 6442.9, 6655.6, 4832.4, 6826.1, 5651.8, 7233.6, 5197.3, 5129.1, 4073.8, 4924.5, 5998.3, 5572.0, 4780.8, 5766.5, 6156.2, 6629.0, 5066.7, 4394.4, 5780.2, 6394.9, 4956.7, 5154.4, 6016.1, 5598.9, 6552.6, 6104.4, 6160.1, 5700.8, 4847.6, 5952.3, 7442.1, 5837.8, 6046.5, 6795.3, 6795.0, 5881.8, 4301.5, 3654.2, 5569.0, 5064.7, 5101.5, 5091.2, 5290.9, 4182.7, 2124.0, 127.0]","[126, 144, 162, 180, 198, 216, 234, 252, 270, 288, 306, 324, 342, 360, 378, 396, 414, 432, 450, 468, 486, 504, 522, 540, 558, 576, 594, 612, 630, 648, 666, 684, 702, 720, 738, 756, 774, 792, 810, 828, 846, 864, 882, 900, 918, 936, 954, 972, 990]","[19.38846801346795, 20.412069412069407, 21.21599002849008, 20.400786713286745, 22.227968790468818, 22.19481675731681, 25.392741517741513, 22.517336829836843, 21.811917249417252, 19.507462444962368, 18.25950207200211, 18.769295519295376, 20.056057368556647, 18.954335016835063, 18.622604247604347, 19.334223646723675, 20.439507252007203, 19.817437192437133, 18.29632867132872, 18.605267417767454, 19.61457523957527, 19.199753949753884, 17.856109168609205, 18.20287814037816, 18.322503885003908, 19.202424889924863, 19.770396270396294, 19.93290274540262, 19.868039368039426, 18.818521756021763, 19.034123284123314, 21.494480056979963, 21.72782310282308, 21.806542994042964, 23.00281662781661, 24.601560476560504, 25.019166019166004, 23.47110528360533, 20.6906727531728, 20.996454933954958, 20.21325433825434, 19.567906630406632, 18.520428645428662, 18.238118363118375, 16.938357938357978, 15.282067469567481, 14.430183242683263, 14.548287360787354]",0,1.021,ok,roll_ls_b1
68a040d1d63ded5b,2026-10-01T22:37:22,roll,full_Region6_s0.2,ls,classical,5f4af0796a,"{""g_scale"": 1033.198382944086, ""ls_T0"": 9.976727856592743e-05, ""ls_T1"": 2.387300289641544e-09, ""ls_chains"": 8, ""ls_moves"": 179038, ""ls_restart_every"": 0, ""p_add"": 0.16323012771885298, ""p_swap"": 0.774440157136168, ""start"": ""pgreedy"", ""topw"": 5}",1.0,0,6.0,3.0,49,26.037085599585772,170217.0,170217.0,"[20.81382737632736, 21.563649313649375, 21.869318181818176, 23.205468142967998, 20.836732711732807, 22.958640896140924, 23.14356708106716, 25.019425019425025, 24.480672105672145, 25.514342139342062, 22.7226107226107, 20.108375420875362, 19.91137334887334, 20.976511914011912, 20.753561253561248, 20.389682077182087, 21.10991323491328, 21.761687386687367, 21.090504403004356, 20.163315850815856, 19.945788008288037, 20.14382608132614, 20.04736467236466, 22.16106578606577, 21.849828412328467, 21.50977725977748, 21.091686091686064, 21.24951437451443, 20.504516317016368, 20.696500259000246, 20.00815850815847, 21.004807692307764, 22.376214063714148, 22.968887593887676, 24.691449753949833, 24.99577505827522, 26.03708559958576, 25.97092722092723, 23.906533281533296, 21.019845894845904, 21.509113571613504, 21.850459725459785, 21.919369981869707, 20.976479538979262, 20.169887982388012, 18.25597319347326, 17.421312483812475, 16.96668609168611, 16.918754856254832]","[1.009, 1.007, 1.013, 1.02, 1.012, 1.017, 1.006, 1.002, 1.007, 1.008, 1.017, 1.001, 1.014, 1.002, 1.015, 1.009, 1.006, 1.01, 1.005, 1.013, 1.012, 1.006, 1.011, 1.015, 1.011, 1.009, 1.007, 1.009, 1.004, 1.005, 1.015, 1.0, 1.011, 1.017, 1.0, 1.015, 1.004, 1.017, 1.003, 1.014, 1.008, 1.008, 1.009, 1.016, 1.007, 1.001, 1.015, 1.019, 1.009]","[2243, 2421, 2447, 2412, 2240, 2178, 2142, 2079, 2266, 2381, 2177, 1994, 2110, 2318, 2266, 2186, 2317, 2438, 2395, 2281, 2231, 2254, 2191, 2228, 2312, 2311, 2353, 2447, 2458, 2268, 2116, 2196, 2486, 2518, 2588, 2870, 2907, 2763, 2415, 2086, 2152, 2230, 2257, 2201, 1917, 1784, 1756, 1128, 266]","[6157.8, 8688.5, 6500.3, 5655.0, 6577.8, 3761.5, 6200.3, 5662.0, 5815.8, 5426.5, 5604.3, 3541.1, 4510.8, 5373.6, 6812.3, 5522.1, 5522.8, 6327.6, 6368.3, 4719.1, 5375.8, 5511.6, 5816.3, 5777.1, 6473.8, 5491.6, 5472.3, 5339.1, 6144.9, 4908.6, 5776.4, 5211.1, 6436.9, 7119.6, 6205.4, 7035.1, 6377.9, 6251.6, 5482.4, 4128.1, 4378.9, 6192.6, 5857.4, 5783.1, 4804.9, 5161.6, 4827.4, 3192.0, 494.0]","[126, 144, 162, 180, 198, 216, 234, 252, 270, 288, 306, 324, 342, 360, 378, 396, 414, 432, 450, 468, 486, 504, 522, 540, 558, 576, 594, 612, 630, 648, 666, 684, 702, 720, 738, 756, 774, 792, 810, 828, 846, 864, 882, 900, 918, 936, 954, 972, 990]","[21.49470668220667, 21.869318181818176, 23.195885133385165, 20.836732711732804, 22.848371535871554, 23.143567081067168, 25.014050764050662, 24.480672105672145, 25.426978114478096, 22.7226107226107, 20.10754985754987, 19.90431559181562, 20.930927868427915, 20.753561253561248, 20.380843693343714, 21.10483035483038, 21.761687386687363, 21.090504403004356, 20.163315850815856, 19.945788008288037, 20.14382608132614, 20.041359103859012, 22.16106578606577, 21.849828412328467, 21.50977725977748, 21.091686091686064, 21.147193084693075, 20.504516317016364, 20.686366873866888, 20.00815850815847, 20.83331714581715, 22.341394716394785, 22.954399766899854, 24.691449753949833, 24.96577959077958, 26.037085599585758, 25.94739057239062, 23.906533281533296, 21.0198458948459, 21.474213286713294, 21.837283087283023, 21.909009971510034, 20.976479538979266, 20.169887982388012, 18.2516673141673, 17.42131248381248, 16.96668609168611, 16.91875485625483]",0,1.02,ok,roll_ls_b1
2a165dbe3a45f587,2026-10-01T22:38:12,roll,full_Region6_s0.3,ls,classical,5f4af0796a,"{""g_scale"": 1033.198382944086, ""ls_T0"": 9.976727856592743e-05, ""ls_T1"": 2.387300289641544e-09, ""ls_chains"": 8, ""ls_moves"": 179038, ""ls_restart_every"": 0, ""p_add"": 0.16323012771885298, ""p_swap"": 0.774440157136168, ""start"": ""pgreedy"", ""topw"": 5}",1.0,0,6.0,3.0,49,26.58211926961924,170188.0,170191.0,"[21.22827635327624, 20.772759647759536, 22.449770137270093, 23.61200142450153, 21.614364801864745, 21.524556462056488, 23.865578865578854, 22.983618233618223, 22.683744496244557, 22.02020202020206, 20.55723905723911, 19.289222351722366, 19.86109492359494, 19.737762237762272, 19.327764827764888, 19.652664465164445, 21.415209790209882, 21.040225977725978, 19.42930911680914, 18.894376456876493, 18.275721963222, 18.077424889924924, 18.328444703444738, 19.80228567728569, 20.02334239834241, 19.442599067599087, 18.955451955451984, 19.328655141155117, 19.679697617197636, 20.07706876456879, 20.069865319865283, 19.574025511525505, 20.345312095312117, 20.998122248122254, 21.942307692307658, 25.00561706811712, 26.61125679875678, 26.413704351204334, 24.233326858326848, 21.864866614866543, 21.010748510748506, 21.454723517223453, 19.945642320642218, 18.662927350427335, 18.868541181041042, 16.98008935508933, 17.27135133385131, 16.75271950271939, 16.684634809634755]","[1.001, 1.016, 1.012, 1.007, 1.012, 1.007, 1.014, 1.013, 1.009, 1.018, 1.001, 1.005, 1.004, 1.002, 1.013, 1.006, 1.014, 1.001, 1.003, 1.015, 1.009, 1.009, 1.004, 1.011, 1.011, 1.016, 1.006, 1.009, 1.003, 1.005, 1.002, 1.012, 1.005, 1.01, 1.009, 1.001, 1.002, 1.003, 1.006, 1.009, 1.019, 1.018, 1.009, 1.002, 1.015, 1.006, 1.01, 1.01, 1.013]","[2330, 2369, 2309, 2454, 2287, 2139, 2136, 2029, 2235, 2372, 2168, 2047, 2109, 2264, 2183, 2022, 2187, 2264, 2142, 2099, 2001, 2034, 2065, 2074, 2209, 2191, 2124, 2147, 2158, 2098, 2030, 2128, 2304, 2357, 2442, 2757, 2905, 2757, 2462, 2068, 2047, 2107, 1989, 1860, 1713, 1676, 1676, 1084, 251]","[6160.7, 8800.5, 5149.2, 6537.0, 6746.7, 3739.4, 5938.2, 7107.9, 5102.7, 6023.4, 5179.2, 4917.9, 5159.7, 6206.4, 5674.2, 5029.9, 5835.7, 7097.4, 5091.1, 4644.9, 4965.6, 4986.4, 5705.1, 6479.9, 7015.6, 5905.4, 5196.1, 5605.9, 5951.6, 6119.4, 6292.1, 6129.8, 5256.6, 6208.3, 6486.1, 6398.8, 7732.6, 7050.3, 5915.1, 4151.8, 4319.6, 5347.3, 5908.1, 4279.8, 4970.5, 6008.3, 5112.0, 4118.0, 218.0]","[126, 144, 162, 180, 198, 216, 234, 252, 270, 288, 306, 324, 342, 360, 378, 396, 414, 432, 450, 468, 486, 504, 522, 540, 558, 576, 594, 612, 630, 648, 666, 684, 702, 720, 738, 756, 774, 792, 810, 828, 846, 864, 882, 900, 918, 936, 954, 972, 990]","[20.77275964775954, 22.426314426314327, 23.61200142450153, 21.614364801864745, 21.52455646205649, 23.862762237762258, 22.983618233618223, 22.66083916083925, 22.02020202020206, 20.55723905723911, 19.274783087283126, 19.86109492359494, 19.737762237762276, 19.327764827764888, 19.633919321419306, 21.391932141932124, 21.032277907276228, 19.421474358974365, 18.736661486661493, 18.275721963222, 17.987470862470783, 18.312370499870543, 19.71485690235694, 20.02334239834241, 19.442599067599087, 18.955451955451984, 19.328655141155117, 19.679697617197636, 20.07706876456879, 20.06986531986529, 19.574025511525505, 20.328606578606607, 20.935379435379453, 21.875259000259, 24.963027713027692, 26.58211926961924, 26.413704351204327, 24.233326858326848, 21.864866614866543, 21.010748510748506, 21.395833333333396, 19.945642320642218, 18.662927350427335, 18.82862276612274, 16.980089355089333, 17.243508806008812, 16.75271950271939, 16.684634809634755]",0,1.019,ok,roll_ls_b1
6e7b1a0646b9c1f0,2026-10-01T22:39:02,roll,full_Region7_s0,pt,ising,7bb7425da7,"{""eim_R"": 16, ""eim_Tmax"": 0.008864549059196352, ""eim_Tmin"": 1.0984360218168416e-06, ""eim_anneal"": 0.5384470725102187, ""eim_hscale"": 1.2835823710365764, ""eim_moves"": 140985, ""eim_rho"": 14.353412217010282, ""g_scale"": 1163.4607209533538, ""p_add"": 0.039777647903175034, ""p_swap"": 0.7399689064220577, ""start"": ""pgreedy"", ""topw"": 20}",1.0,0,6.0,3.0,49,29.185168997668924,170204.0,170204.0,"[22.19384550634555, 22.03564491064495, 23.453655141155224, 22.357468919969012, 22.979652292152327, 22.430539368039454, 23.828234265734253, 24.884178321678426, 26.709693084693004, 25.45074138824139, 23.22613960113963, 23.01481157731163, 22.679179616679672, 21.478114478114563, 22.75291375291383, 21.460955710955794, 24.024783087283076, 24.024783087283073, 21.982744107744157, 22.310654623154708, 21.242278554778636, 21.178936803936843, 20.705451955452013, 21.58313908313919, 25.218094405594428, 24.03339484589487, 26.781646594146615, 29.20948264698274, 28.612729862729825, 26.387464387464345, 23.190608003108025, 21.399507899507974, 22.225815850815927, 21.506960631960702, 22.52929940429943, 21.616631054131073, 19.794758482258523, 20.37788137788137, 21.978810541310576, 22.03193796943795, 23.75071225071226, 23.2310767935768, 21.95656889406889, 20.683954933954972, 19.738393550893555, 20.08048433048436, 20.02319671069674, 19.2164594664595, 19.2164594664595]","[1.024, 1.034, 1.031, 1.008, 1.003, 1.001, 1.036, 1.025, 1.035, 1.032, 1.01, 1.007, 1.042, 1.034, 1.034, 1.01, 1.038, 1.029, 1.033, 1.029, 1.002, 1.004, 1.003, 1.015, 1.034, 1.02, 1.024, 1.014, 1.008, 1.044, 1.006, 1.009, 1.04, 1.015, 1.004, 1.019, 1.005, 1.014, 1.036, 1.033, 1.011, 1.005, 1.03, 1.026, 1.005, 1.009, 1.022, 1.03, 1.016]","[3096, 3238, 3212, 3177, 3145, 3100, 3118, 3366, 3790, 3595, 3107, 3093, 3115, 3089, 3074, 2977, 3069, 3327, 3381, 3356, 3178, 2964, 2907, 2921, 3218, 3349, 3493, 3895, 3912, 3528, 3192, 3074, 3076, 3076, 3037, 2957, 2766, 2825, 3210, 3451, 3518, 3326, 2900, 2703, 2586, 2636, 2767, 1818, 416]","[6209.7, 8752.4, 5344.2, 7240.9, 4865.7, 6176.4, 5097.2, 6211.9, 6887.7, 6861.4, 4015.1, 4005.9, 5486.6, 5076.4, 5126.1, 6733.9, 4527.6, 6423.4, 5190.1, 4918.8, 6344.6, 4424.3, 5500.1, 5018.8, 6401.6, 8015.3, 4345.1, 6447.8, 6861.5, 5971.3, 4122.0, 4440.8, 4420.5, 6616.3, 4897.0, 6501.7, 4526.5, 4393.2, 5928.0, 7472.7, 5761.5, 7170.2, 5010.0, 5048.7, 4797.4, 4762.2, 5661.9, 3592.0, 79.0]","[126, 144, 162, 180, 198, 216, 234, 252, 270, 288, 306, 324, 342, 360, 378, 396, 414, 432, 450, 468, 486, 504, 522, 540, 558, 576, 594, 612, 630, 648, 666, 684, 702, 720, 738, 756, 774, 792, 810, 828, 846, 864, 882, 900, 918, 936, 954, 972, 990]","[22.03564491064495, 23.452101139601204, 22.357468919969012, 22.940413752913837, 22.418026418026443, 23.828234265734253, 24.884178321678426, 26.693473193473302, 25.45074138824139, 23.22613960113963, 22.968887593887608, 22.679179616679672, 21.478114478114563, 22.740627428127514, 21.460955710955787, 23.904493654493685, 24.024783087283073, 21.982744107744157, 22.303159803159897, 21.242278554778636, 21.096331908831917, 20.705451955452013, 21.452975265475324, 25.172024734524843, 24.033394845894865, 26.74307174307181, 29.18516899766893, 28.582507770007755, 26.387464387464345, 23.190608003108025, 21.311107873607867, 22.225815850815923, 21.49218142968149, 22.523099585599596, 21.616631054131073, 19.794758482258523, 20.373348873348863, 21.978810541310573, 22.03193796943795, 23.729328541828558, 23.2310767935768, 21.956568894068887, 20.683954933954972, 19.738393550893555, 20.011250323750357, 20.02319671069674, 19.21382090132094, 19.2164594664595]",0,1.044,ok,roll_pt_b1
f6cd908f10938335,2026-10-01T22:39:52,roll,full_Region7_s0.1,pt,ising,7bb7425da7,"{""eim_R"": 16, ""eim_Tmax"": 0.008864549059196352, ""eim_Tmin"": 1.0984360218168416e-06, ""eim_anneal"": 0.5384470725102187, ""eim_hscale"": 1.2835823710365764, ""eim_moves"": 140985, ""eim_rho"": 14.353412217010282, ""g_scale"": 1163.4607209533538, ""p_add"": 0.039777647903175034, ""p_swap"": 0.7399689064220577, ""start"": ""pgreedy"", ""topw"": 20}",1.0,0,6.0,3.0,49,27.572309634809653,170214.0,170214.0,"[21.94870176120168, 22.155238280238173, 22.67145817145807, 21.778392903392948, 20.996454933954976, 20.70660126910131, 21.953784641284667, 21.567032504532563, 26.278085340585346, 25.349083786583886, 23.286324786324865, 22.84848484848488, 22.06913688163693, 21.454723517223538, 20.814345376845385, 20.433793058793086, 22.30055361305365, 21.914465164465184, 21.294030044030105, 22.332297332297323, 22.296280108780117, 21.45868945868951, 20.80699624449626, 21.59536065786071, 22.127687127687167, 22.25187775187782, 27.613409738409626, 27.603049728049598, 27.237794612794623, 25.719243719243735, 22.864818052318103, 20.76440688940694, 22.601657601657667, 21.283491970991978, 22.62820512820521, 21.55337024087021, 19.50063131313133, 20.22060347060352, 21.77055814555818, 22.083025770525754, 23.343499093499062, 22.278279590779626, 20.909430846930857, 19.5518324268325, 18.650900025900054, 17.51060282310283, 17.85292022792026, 17.80553936803939, 17.796781921781932]","[1.019, 1.011, 1.014, 1.016, 1.029, 1.009, 1.021, 1.039, 1.012, 1.038, 1.018, 1.025, 1.018, 1.034, 1.01, 1.016, 1.028, 1.022, 1.032, 1.001, 1.021, 1.008, 1.02, 1.004, 1.012, 1.006, 1.009, 1.018, 1.032, 1.012, 1.023, 1.007, 1.019, 1.019, 1.036, 1.02, 1.013, 1.041, 1.002, 1.014, 1.003, 1.024, 1.034, 1.005, 1.004, 1.011, 1.029, 1.039, 1.005]","[3191, 3391, 3274, 3145, 3000, 2894, 3005, 3181, 3545, 3668, 3271, 3151, 3192, 3163, 3067, 2869, 3023, 3323, 3274, 3253, 3167, 2963, 3044, 3045, 3089, 3251, 3660, 3994, 3853, 3601, 3165, 2909, 2944, 2941, 2938, 2846, 2577, 2656, 3028, 3248, 3376, 3203, 2820, 2614, 2497, 2498, 2572, 1754, 443]","[6210.8, 8827.5, 5815.3, 6373.0, 4961.8, 5424.5, 5425.3, 6455.0, 5437.8, 7895.5, 4715.3, 4319.0, 5574.8, 4998.5, 5248.3, 5290.0, 5039.8, 7206.5, 5608.3, 4428.0, 6679.8, 5781.5, 4845.3, 5822.0, 6470.8, 6715.5, 5312.3, 7652.0, 5783.8, 5726.5, 4398.3, 3663.0, 3933.8, 6593.5, 4272.3, 6368.0, 4076.8, 4073.5, 6176.3, 6680.0, 6089.8, 7145.5, 4940.3, 4167.0, 4463.8, 4901.5, 4522.3, 3936.0, 684.0]","[126, 144, 162, 180, 198, 216, 234, 252, 270, 288, 306, 324, 342, 360, 378, 396, 414, 432, 450, 468, 486, 504, 522, 540, 558, 576, 594, 612, 630, 648, 666, 684, 702, 720, 738, 756, 774, 792, 810, 828, 846, 864, 882, 900, 918, 936, 954, 972, 990]","[22.128804066304006, 22.67145817145807, 21.778392903392955, 20.993557368557422, 20.70660126910131, 21.953784641284667, 21.567032504532563, 26.256070318570355, 25.346299533799552, 23.286324786324865, 22.84848484848488, 22.06913688163693, 21.454723517223538, 20.81434537684538, 20.40713221963227, 22.226414788914827, 21.914465164465184, 21.2940300440301, 22.284884097384136, 22.296280108780117, 21.458689458689513, 20.80269036519039, 21.57627557627562, 22.127687127687167, 22.25187775187782, 27.458624708624733, 27.572309634809653, 27.237794612794623, 25.70618039368042, 22.8648180523181, 20.76440688940694, 22.54485560735563, 21.273795648795677, 22.626165501165442, 21.55337024087021, 19.468887593887587, 20.16443278943281, 21.77055814555818, 22.083025770525754, 23.33336570836566, 22.257300569800503, 20.909430846930864, 19.5518324268325, 18.650900025900054, 17.50793188293187, 17.8157536907537, 17.80553936803939, 17.796781921781932]",0,1.041,ok,roll_pt_b1
ccbb164fdf9c0218,2026-10-01T22:40:43,roll,full_Region7_s0.2,pt,ising,7bb7425da7,"{""eim_R"": 16, ""eim_Tmax"": 0.008864549059196352, ""eim_Tmin"": 1.0984360218168416e-06, ""eim_anneal"": 0.5384470725102187, ""eim_hscale"": 1.2835823710365764, ""eim_moves"": 140985, ""eim_rho"": 14.353412217010282, ""g_scale"": 1163.4607209533538, ""p_add"": 0.039777647903175034, ""p_swap"": 0.7399689064220577, ""start"": ""pgreedy"", ""topw"": 20}",1.0,0,6.0,3.0,49,27.987988862988843,170213.0,170213.0,"[23.333883708883686, 23.675084175084148, 23.590957653457757, 22.46239639989633, 22.259421134421185, 21.98564167314172, 23.36622636622644, 23.794936544936615, 26.736904299404316, 25.177738927738886, 23.175537425537463, 23.34209077959079, 22.18267612017613, 20.786502849002904, 20.16899766899771, 20.58534058534061, 22.260343822843904, 22.009696322196294, 21.529752654752667, 21.604603729603724, 21.180976430976447, 20.98580354830362, 19.7413234913235, 20.209175084175097, 22.535871535871507, 22.512253949754022, 26.25985819735819, 27.595732970732957, 28.057190494690442, 25.850038850038793, 23.31521950271947, 21.230655918155936, 21.19764957264965, 20.38752913752921, 21.985787360787366, 21.91423853923854, 19.980574980575007, 21.59186415436417, 21.992877492877508, 22.170017482517483, 23.81620694120698, 22.68994431494428, 21.675294612794623, 19.793900543900538, 19.07671263921264, 18.348533411033433, 17.998866873866863, 17.5214808339809, 17.50529331779331]","[1.025, 1.032, 1.019, 1.008, 1.008, 1.039, 1.031, 1.035, 1.016, 1.024, 1.002, 1.002, 1.033, 1.035, 1.036, 1.027, 1.02, 1.035, 1.025, 1.007, 1.0, 1.041, 1.006, 1.038, 1.02, 1.033, 1.028, 1.025, 1.001, 1.007, 1.021, 1.017, 1.027, 1.014, 1.033, 1.013, 1.035, 1.031, 1.007, 1.008, 1.009, 1.041, 1.032, 1.002, 1.006, 1.009, 1.025, 1.019, 1.017]","[3221, 3547, 3469, 3296, 3117, 3033, 3150, 3420, 3716, 3691, 3245, 3109, 3175, 3094, 2888, 2794, 3110, 3292, 3292, 3347, 3154, 2967, 2890, 2859, 3185, 3311, 3564, 4035, 4033, 3566, 3194, 3125, 3103, 3065, 3101, 3080, 2796, 2896, 3238, 3445, 3595, 3403, 2927, 2646, 2603, 2709, 2722, 1767, 426]","[6161.7, 8762.4, 6182.2, 5838.9, 4563.6, 5601.4, 5667.1, 6913.9, 6220.6, 7728.4, 4503.1, 4131.8, 5851.6, 4461.3, 4490.1, 5094.8, 5903.6, 7170.3, 5316.0, 5484.8, 5848.5, 5119.3, 5782.0, 4566.8, 6132.5, 7738.2, 5837.0, 7786.7, 6927.5, 6695.2, 3675.9, 4385.7, 3837.4, 5828.2, 4680.9, 6793.7, 5054.4, 4369.1, 6431.9, 6253.6, 6241.4, 7282.1, 4783.9, 5007.6, 3813.3, 5501.1, 5340.8, 3353.0, 171.0]","[126, 144, 162, 180, 198, 216, 234, 252, 270, 288, 306, 324, 342, 360, 378, 396, 414, 432, 450, 468, 486, 504, 522, 540, 558, 576, 594, 612, 630, 648, 666, 684, 702, 720, 738, 756, 774, 792, 810, 828, 846, 864, 882, 900, 918, 936, 954, 972, 990]","[23.675084175084145, 23.590957653457757, 22.462396399896328, 22.259421134421185, 21.942129629629726, 23.343353405853446, 23.79493654493662, 26.724731287231343, 25.177738927738886, 23.175537425537463, 23.306526806526833, 22.18267612017613, 20.77284058534066, 20.164950789950826, 20.57999870499877, 22.260343822843904, 22.009696322196294, 21.52975265475267, 21.57842851592855, 21.180976430976447, 20.985803548303625, 19.7210567210568, 20.209175084175097, 22.494917119917115, 22.489720927220954, 26.1705354830354, 27.595732970732954, 27.987988862988836, 25.850038850038793, 23.31521950271947, 21.228243978243984, 21.18057174307176, 20.38752913752921, 21.92995661745667, 21.91423853923854, 19.980574980575007, 21.50380406630407, 21.992877492877508, 22.170017482517483, 23.816206941206982, 22.689944314944277, 21.675294612794616, 19.79390054390054, 19.07671263921264, 18.348533411033433, 17.977224164724174, 17.5214808339809, 17.50529331779331]",0,1.041,ok,roll_pt_b1
8077d6370ce40e0e,2026-10-01T22:41:33,roll,full_Region7_s0.3,pt,ising,7bb7425da7,"{""eim_R"": 16, ""eim_Tmax"": 0.008864549059196352, ""eim_Tmin"": 1.0984360218168416e-06, ""eim_anneal"": 0.5384470725102187, ""eim_hscale"": 1.2835823710365764, ""eim_moves"": 140985, ""eim_rho"": 14.353412217010282, ""g_scale"": 1163.4607209533538, ""p_add"": 0.039777647903175034, ""p_swap"": 0.7399689064220577, ""start"": ""pgreedy"", ""topw"": 20}",1.0,0,6.0,3.0,49,26.592592592592613,170205.0,170205.0,"[20.478227790727807, 20.478227790727804, 22.106934731934743, 21.723258223258302, 21.27468596218601, 20.517547267547283, 24.0200725200726, 23.791812354312412, 24.839177026676957, 23.273034835534798, 21.691741129241176, 23.34246309246315, 22.510845635845694, 21.418447293447304, 20.449235949236016, 20.094000906500934, 21.360415047915154, 21.469049469049583, 21.078509453509515, 21.764730639730693, 21.376489251489307, 20.329092204092266, 19.766835016835085, 19.388694638694663, 22.278166278166303, 22.30738474488463, 25.515005827505842, 26.592592592592617, 26.121891996892007, 24.645817145817183, 23.011914011914044, 21.202845765345817, 22.614429551929575, 22.129063066563102, 21.37496762496766, 21.19764957264952, 19.837898212898246, 19.94162781662784, 20.636282698782704, 20.88110269360279, 22.083398083397917, 21.835389147889195, 21.315640378140408, 19.9771270396271, 18.610058922558927, 18.39319476819479, 20.26919839419843, 20.26919839419843, 17.733780108780135]","[1.035, 1.008, 1.026, 1.004, 1.033, 1.023, 1.037, 1.023, 1.031, 1.029, 1.0, 1.037, 1.008, 1.04, 1.04, 1.032, 1.037, 1.02, 1.035, 1.028, 1.003, 1.023, 1.033, 1.01, 1.019, 1.031, 1.008, 1.04, 1.016, 1.009, 1.042, 1.031, 1.028, 1.006, 1.026, 1.029, 1.042, 1.032, 1.041, 1.012, 1.032, 1.008, 1.023, 1.027, 1.033, 1.037, 1.003, 1.017, 1.021]","[2967, 3146, 3185, 3142, 2972, 2911, 3058, 3251, 3560, 3482, 2997, 3004, 3107, 3011, 2886, 2813, 2981, 3183, 3193, 3284, 3216, 2913, 2853, 2753, 2934, 3201, 3459, 3872, 3940, 3645, 3175, 2942, 3006, 3061, 2973, 2792, 2615, 2711, 2930, 3116, 3356, 3262, 2783, 2560, 2475, 2498, 2669, 1803, 435]","[6207.6, 8790.4, 5624.1, 6841.8, 5165.6, 5355.3, 5180.0, 7522.8, 6016.5, 6679.3, 4212.0, 4126.7, 6080.5, 4521.2, 5093.9, 4946.7, 5162.4, 6987.2, 5753.9, 5340.6, 6426.4, 5193.1, 5251.8, 5400.6, 5125.3, 7043.0, 5283.8, 7357.5, 7043.3, 5554.0, 4516.7, 4329.5, 4232.2, 6197.9, 5312.7, 5048.4, 5038.1, 4782.9, 5983.6, 6694.4, 6145.1, 6887.8, 5589.6, 5187.3, 4306.0, 4055.8, 5259.5, 4377.0, 422.0]","[126, 144, 162, 180, 198, 216, 234, 252, 270, 288, 306, 324, 342, 360, 378, 396, 414, 432, 450, 468, 486, 504, 522, 540, 558, 576, 594, 612, 630, 648, 666, 684, 702, 720, 738, 756, 774, 792, 810, 828, 846, 864, 882, 900, 918, 936, 954, 972, 990]","[20.478227790727804, 22.106934731934743, 21.723258223258302, 21.27468596218601, 20.482468919968998, 23.978600103600115, 23.791812354312412, 24.809812872312868, 23.273034835534798, 21.669580419580274, 23.24255374255379, 22.510845635845694, 21.418447293447304, 20.44923594923602, 20.09006734006738, 21.352175602175627, 21.469049469049583, 21.078509453509515, 21.737033799533858, 21.376489251489303, 20.329092204092262, 19.76193019943025, 19.388694638694663, 22.222885910385937, 22.307384744884626, 25.515005827505842, 26.592592592592613, 26.118330743332773, 24.61837930587927, 22.99446386946388, 21.202845765345817, 22.614429551929575, 22.122377622377698, 21.374967624967653, 21.19764957264952, 19.837898212898246, 19.884048821548863, 20.636282698782704, 20.88110269360279, 22.083398083397917, 21.823653198653172, 21.315640378140408, 19.97170422170428, 18.604118104118125, 18.37040274540276, 20.161535224035244, 20.26919839419843, 17.733780108780135]",0,1.042,ok,roll_pt_b1
9d88daa55cbdffcb,2026-10-01T22:42:23,roll,full_Region6_s0,pt,ising,7bb7425da7,"{""eim_R"": 16, ""eim_Tmax"": 0.008864549059196352, ""eim_Tmin"": 1.0984360218168416e-06, ""eim_anneal"": 0.5384470725102187, ""eim_hscale"": 1.2835823710365764, ""eim_moves"": 140985, ""eim_rho"": 14.353412217010282, ""g_scale"": 1163.4607209533538, ""p_add"": 0.039777647903175034, ""p_swap"": 0.7399689064220577, ""start"": ""pgreedy"", ""topw"": 20}",1.0,0,6.0,3.0,49,26.897921522921497,170207.0,170207.0,"[22.43358262108259, 22.610042735042732, 23.080565268065424, 22.997992747992793, 21.307287619787605, 23.921976171976198, 24.04182854182845, 23.86195286195277, 22.817663817663764, 24.03462509712516, 22.75509906759897, 21.44112600362607, 21.144036519036398, 20.267013079513106, 19.876732064232076, 19.06316368816375, 20.011687386687388, 20.825482387982376, 19.814911939911937, 19.597125097125108, 19.237956487956506, 20.81308275058277, 20.77881377881382, 20.85406954156957, 22.035094535094604, 21.64547720797719, 20.871260683760717, 21.307060994560864, 22.45444832944824, 21.71794871794871, 20.500210437710425, 21.152389277389315, 22.992683242683274, 23.282310282310274, 23.710874773374826, 25.34544159544153, 26.42391867391866, 26.90141802641813, 24.917621730121763, 21.348306785806827, 20.5218207718208, 20.037603600103605, 18.92341686091682, 18.700466200466092, 17.58433695933696, 16.786065786065784, 15.94078606578611, 15.800181300181343, 15.807611370111374]","[1.03, 1.021, 1.023, 1.046, 1.033, 1.002, 1.011, 1.02, 1.047, 1.047, 1.05, 1.027, 1.009, 1.008, 1.037, 1.043, 1.045, 1.024, 1.004, 1.047, 1.036, 1.019, 1.036, 1.006, 1.014, 1.037, 1.013, 1.044, 1.023, 1.044, 1.043, 1.004, 1.01, 1.035, 1.037, 1.001, 1.005, 1.012, 1.01, 1.032, 1.035, 1.047, 1.016, 1.002, 1.037, 1.039, 1.045, 1.003, 1.024]","[2356, 2478, 2529, 2540, 2332, 2222, 2215, 2089, 2094, 2240, 2203, 2106, 2213, 2263, 2175, 2083, 2181, 2355, 2322, 2289, 2250, 2251, 2293, 2200, 2202, 2238, 2211, 2276, 2346, 2277, 2214, 2213, 2415, 2555, 2580, 2760, 2860, 2801, 2443, 2003, 1983, 2057, 1971, 1935, 1854, 1703, 1654, 1126, 287]","[6161.7, 8849.4, 5911.2, 6004.9, 5447.6, 3785.4, 6674.1, 5671.9, 5188.6, 5069.4, 6267.1, 3931.8, 5168.6, 5630.3, 5101.1, 5834.8, 5052.5, 6352.3, 6577.0, 5095.8, 6090.5, 5443.3, 6617.0, 5876.7, 5486.5, 6278.2, 5357.0, 5157.7, 6146.5, 6882.2, 4671.9, 4820.7, 6054.4, 6934.2, 6176.9, 6253.6, 7038.4, 6850.1, 5907.9, 4240.6, 3284.4, 5425.1, 4969.8, 4393.6, 5555.3, 4899.1, 4986.8, 3061.0, 507.0]","[126, 144, 162, 180, 198, 216, 234, 252, 270, 288, 306, 324, 342, 360, 378, 396, 414, 432, 450, 468, 486, 504, 522, 540, 558, 576, 594, 612, 630, 648, 666, 684, 702, 720, 738, 756, 774, 792, 810, 828, 846, 864, 882, 900, 918, 936, 954, 972, 990]","[22.61004273504274, 23.033896658896644, 22.98878205128213, 21.307287619787605, 23.867553742553746, 24.016802641802673, 23.861952861952766, 22.817663817663764, 24.03462509712516, 22.75509906759897, 21.44112600362607, 21.1440365190364, 20.267013079513106, 19.87673206423208, 19.050796425796424, 19.998656436156423, 20.823960761460803, 19.814911939911937, 19.597125097125108, 19.237956487956506, 20.81308275058277, 20.77881377881382, 20.85406954156956, 21.98033216783218, 21.645477207977184, 20.87126068376072, 21.299711862211876, 22.414238539238408, 21.71794871794871, 20.50021043771043, 21.126327376327403, 22.992683242683274, 23.282310282310274, 23.710874773374826, 25.34302965552964, 26.42391867391866, 26.897921522921497, 24.917621730121763, 21.348306785806827, 20.468547656047694, 20.014876327376324, 18.907148407148437, 18.70046620046609, 17.579998704998662, 16.786065786065784, 15.935476560476522, 15.800181300181343, 15.80761137011137]",0,1.05,ok,roll_pt_b1
59c707fd5afce9a5,2026-10-01T22:43:13,roll,full_Region6_s0.1,pt,ising,7bb7425da7,"{""eim_R"": 16, ""eim_Tmax"": 0.008864549059196352, ""eim_Tmin"": 1.0984360218168416e-06, ""eim_anneal"": 0.5384470725102187, ""eim_hscale"": 1.2835823710365764, ""eim_moves"": 140985, ""eim_rho"": 14.353412217010282, ""g_scale"": 1163.4607209533538, ""p_add"": 0.039777647903175034, ""p_swap"": 0.7399689064220577, ""start"": ""pgreedy"", ""topw"": 20}",1.0,0,6.0,3.0,49,24.046021108521042,170212.0,170212.0,"[19.757365319865347, 19.326502201502215, 20.368185055685114, 21.252929940429954, 20.397662522662557, 22.17877492877496, 22.218094405594368, 23.72746697746699, 22.86017223517224, 21.884356384356305, 19.67840261590246, 18.346380471380556, 19.235949235949544, 19.692469567469608, 18.612503237503283, 18.52915371665381, 19.198523698523733, 20.515248640248583, 19.753253690753493, 18.31188487438487, 18.884761072261078, 19.53074009324012, 18.44947876197873, 17.868363118363128, 18.13875938875937, 18.299857549857517, 19.31324462574458, 19.818327505827384, 20.01510295260306, 19.997539497539496, 19.118994431494436, 18.9941724941724, 21.701906889406825, 21.763872701372637, 21.915727790727765, 22.9034252784253, 23.91689329189327, 24.04602110852105, 22.55932724682727, 20.101835664335667, 20.741242553742513, 19.922138047138006, 19.375696063196084, 18.21346477596471, 18.10245078995083, 16.85104247604239, 15.373478373478399, 14.57736013986012, 14.657294094794077]","[1.002, 1.021, 1.013, 1.008, 1.005, 1.01, 1.018, 1.042, 1.029, 1.039, 1.008, 1.023, 1.049, 1.025, 1.031, 1.007, 1.024, 1.037, 1.043, 1.04, 1.029, 1.004, 1.013, 1.046, 1.027, 1.027, 1.019, 1.026, 1.016, 1.033, 1.034, 1.031, 1.002, 1.029, 1.034, 1.025, 1.005, 1.009, 1.03, 1.016, 1.014, 1.011, 1.014, 1.024, 1.01, 1.008, 1.027, 1.045, 1.02]","[2139, 2199, 2205, 2353, 2316, 2140, 2014, 2021, 2068, 2060, 1948, 1907, 2038, 2166, 2139, 2042, 2132, 2251, 2234, 2062, 2028, 2132, 1998, 1928, 1977, 2001, 2134, 2234, 2211, 2095, 1994, 2086, 2253, 2277, 2286, 2420, 2495, 2563, 2333, 1856, 1859, 1967, 1876, 1803, 1661, 1539, 1506, 964, 220]","[6195.7, 8930.4, 5412.1, 6427.9, 6751.6, 4838.4, 6907.1, 5808.8, 6565.6, 5206.3, 5204.1, 4072.8, 4936.5, 5871.3, 5857.0, 4912.8, 5862.5, 6070.2, 6673.0, 4994.7, 4534.4, 5798.2, 6134.9, 5051.7, 5477.4, 6070.1, 5599.9, 6543.6, 6116.4, 6214.1, 5751.8, 4852.6, 6006.3, 7473.1, 5728.8, 5928.5, 6489.3, 6519.0, 5811.8, 4598.5, 3654.2, 5576.0, 5082.7, 5230.5, 5045.2, 5362.9, 4236.7, 1926.0, 130.0]","[126, 144, 162, 180, 198, 216, 234, 252, 270, 288, 306, 324, 342, 360, 378, 396, 414, 432, 450, 468, 486, 504, 522, 540, 558, 576, 594, 612, 630, 648, 666, 684, 702, 720, 738, 756, 774, 792, 810, 828, 846, 864, 882, 900, 918, 936, 954, 972, 990]","[19.320302382802357, 20.340115902615917, 21.22939329189334, 20.38296425796439, 22.17877492877496, 22.21568246568252, 23.708721833721796, 22.836522274022283, 21.87032180782179, 19.67840261590246, 18.346380471380556, 19.222400284900296, 19.692469567469608, 18.612503237503283, 18.52915371665381, 19.198523698523726, 20.515248640248583, 19.753253690753493, 18.308841621341646, 18.884761072261078, 19.53074009324012, 18.416844729344664, 17.86268130018132, 18.13471250971253, 18.283929033929038, 19.282876845376855, 19.763824138824123, 20.01510295260306, 19.997539497539492, 19.118994431494436, 18.96173271173265, 21.660402097902, 21.763872701372637, 21.88621794871792, 22.9034252784253, 23.91689329189327, 24.046021108521046, 22.55932724682727, 20.068570318570345, 20.704448329448354, 19.922138047138006, 19.347481222481225, 18.213464775964706, 18.099035224035266, 16.851042476042394, 15.3734783734784, 14.57736013986012, 14.657294094794077]",0,1.049,ok,roll_pt_b1
a5a3f82fcc20565f,2026-10-01T22:44:04,roll,full_Region6_s0.2,pt,ising,7bb7425da7,"{""eim_R"": 16, ""eim_Tmax"": 0.008864549059196352, ""eim_Tmin"": 1.0984360218168416e-06, ""eim_anneal"": 0.5384470725102187, ""eim_hscale"": 1.2835823710365764, ""eim_moves"": 140985, ""eim_rho"": 14.353412217010282, ""g_scale"": 1163.4607209533538, ""p_add"": 0.039777647903175034, ""p_swap"": 0.7399689064220577, ""start"": ""pgreedy"", ""topw"": 20}",1.0,0,6.0,3.0,49,26.070577570577598,170217.0,170217.0,"[20.742650867650802, 21.549873737373733, 21.9086376586377, 23.025543900543934, 20.965229215229247, 23.1199171199172, 23.233747733747755, 25.074818699818703, 24.545535483035508, 24.138500388500315, 22.43528231028229, 19.817809505309533, 19.916909479409423, 21.09108715358715, 20.940090002589997, 20.48138435638438, 21.15769878269881, 21.81596412846405, 20.926023051023037, 20.083122895622925, 19.85096153846155, 19.990044677544734, 20.08341427091426, 22.221882284382332, 21.841362341362277, 21.623089873089924, 21.237891737891772, 21.305167055167093, 20.589128464128496, 20.82080419580418, 20.16572779072777, 21.087639212639285, 22.468741906241927, 23.02873284123285, 24.76633320383327, 25.023471898472067, 25.952360139860115, 26.070577570577598, 23.87998575498578, 21.212833462833533, 21.61901061901055, 21.750178062678128, 21.803904428904158, 21.03554778554781, 19.857501295001274, 18.473501036001046, 17.45443214193213, 17.094000906500884, 17.084531209531175]","[1.019, 1.036, 1.039, 1.033, 1.047, 1.01, 1.011, 1.03, 1.01, 1.006, 1.01, 1.048, 1.036, 1.039, 1.009, 1.046, 1.036, 1.037, 1.033, 1.032, 1.028, 1.042, 1.003, 1.011, 1.004, 1.009, 1.028, 1.024, 1.024, 1.032, 1.028, 1.033, 1.043, 1.034, 1.044, 1.038, 1.007, 1.006, 1.037, 1.018, 1.007, 1.044, 1.041, 1.016, 1.02, 1.045, 1.026, 1.029, 1.003]","[2243, 2421, 2447, 2412, 2240, 2178, 2142, 2079, 2266, 2381, 2177, 1994, 2110, 2318, 2266, 2186, 2317, 2438, 2395, 2281, 2231, 2254, 2191, 2228, 2312, 2311, 2353, 2447, 2458, 2268, 2116, 2196, 2486, 2518, 2588, 2870, 2907, 2763, 2415, 2086, 2152, 2230, 2257, 2201, 1917, 1784, 1756, 1128, 266]","[6157.8, 8679.5, 6581.3, 5722.0, 6458.8, 3730.5, 6201.3, 5615.0, 5909.8, 5176.5, 5232.3, 3575.1, 4532.8, 5476.6, 6827.3, 5492.1, 5461.8, 6243.6, 6276.3, 4886.1, 5354.8, 5414.6, 5497.3, 5868.1, 6697.8, 5606.6, 5536.3, 5113.1, 6141.9, 4931.6, 5947.4, 5131.1, 6400.9, 7052.6, 6202.4, 7177.1, 6513.9, 6387.6, 5695.4, 4091.1, 4269.9, 6147.6, 6215.4, 5936.1, 4856.9, 4819.6, 4718.4, 3186.0, 530.0]","[126, 144, 162, 180, 198, 216, 234, 252, 270, 288, 306, 324, 342, 360, 378, 396, 414, 432, 450, 468, 486, 504, 522, 540, 558, 576, 594, 612, 630, 648, 666, 684, 702, 720, 738, 756, 774, 792, 810, 828, 846, 864, 882, 900, 918, 936, 954, 972, 990]","[21.54794742294741, 21.899912587412647, 23.025543900543934, 20.965229215229247, 23.08576146076148, 23.21615190365199, 25.070512820512846, 24.545535483035508, 24.138500388500315, 22.43528231028229, 19.81387593887599, 19.916909479409423, 21.060541310541424, 20.940090002589997, 20.48138435638438, 21.157698782698805, 21.7993719243719, 20.926023051023037, 20.068084693084728, 19.85096153846155, 19.990044677544734, 20.06277518777523, 22.200417637917624, 21.791537166537253, 21.603826728826736, 21.195270007769995, 21.30516705516709, 20.589128464128496, 20.805846930846943, 20.16572779072777, 21.06373025123024, 22.46874190624192, 23.028732841232856, 24.744059181559262, 24.98664529914529, 25.94067275317271, 26.070577570577598, 23.87998575498578, 21.212833462833533, 21.615999740999772, 21.750178062678128, 21.79896723646726, 21.03554778554781, 19.857501295001274, 18.46666990416991, 17.445448070448034, 17.094000906500884, 17.084531209531175]",0,1.048,ok,roll_pt_b1
7747bae254b350e0,2026-10-01T22:44:54,roll,full_Region6_s0.3,pt,ising,7bb7425da7,"{""eim_R"": 16, ""eim_Tmax"": 0.008864549059196352, ""eim_Tmin"": 1.0984360218168416e-06, ""eim_anneal"": 0.5384470725102187, ""eim_hscale"": 1.2835823710365764, ""eim_moves"": 140985, ""eim_rho"": 14.353412217010282, ""g_scale"": 1163.4607209533538, ""p_add"": 0.039777647903175034, ""p_swap"": 0.7399689064220577, ""start"": ""pgreedy"", ""topw"": 20}",1.0,0,6.0,3.0,49,26.570609945609938,170191.0,170191.0,"[21.24977337477326, 20.969616032116047, 22.491695804195707, 23.55846930846926, 21.583997021497172, 21.493071743071802, 23.88540857290864, 22.884340196840256, 22.805782180782163, 22.06483100233109, 20.54925861175867, 19.36849261849266, 19.8942145817146, 19.91430328930335, 19.420098420098444, 19.757996632996687, 21.36710049210056, 21.05010036259865, 19.35178710178716, 18.854911292411316, 18.15428321678326, 18.306575369075404, 18.546717171717216, 19.982242294742306, 20.16561447811449, 19.649070836570786, 19.07281144781148, 19.432352369852346, 19.58750971250971, 20.21770590520587, 20.405756280756176, 19.735900673400664, 20.36744042994045, 21.140507640507675, 21.903328153328154, 25.102483164983322, 26.436285936285927, 26.582005957005958, 24.426055426055427, 22.1666019166019, 21.215990028490047, 21.409317534317452, 19.855753043253003, 18.52685508935504, 18.252444314944267, 17.343531468531474, 17.377832815332795, 16.95012626262615, 16.726026288526263]","[1.042, 1.014, 1.027, 1.015, 1.038, 1.035, 1.051, 1.05, 1.04, 1.028, 1.002, 1.021, 1.033, 1.011, 1.035, 1.042, 1.01, 1.025, 1.021, 1.035, 1.009, 1.04, 1.017, 1.037, 1.032, 1.035, 1.009, 1.041, 1.029, 1.004, 1.03, 1.04, 1.026, 1.046, 1.001, 1.034, 1.021, 1.011, 1.047, 1.023, 1.048, 1.021, 1.02, 1.039, 1.044, 1.039, 1.032, 1.016, 1.023]","[2330, 2369, 2309, 2454, 2287, 2139, 2136, 2029, 2235, 2372, 2168, 2047, 2109, 2264, 2183, 2022, 2187, 2264, 2142, 2099, 2001, 2034, 2065, 2074, 2209, 2191, 2124, 2147, 2158, 2098, 2030, 2128, 2304, 2357, 2442, 2757, 2905, 2757, 2462, 2068, 2047, 2107, 1989, 1860, 1713, 1676, 1676, 1084, 251]","[6160.7, 8830.5, 5215.2, 6644.0, 6826.7, 3754.4, 6017.2, 7034.9, 5000.7, 5976.4, 5203.2, 4913.9, 5151.7, 6291.4, 5712.2, 5096.9, 5878.7, 7190.4, 5147.1, 4785.9, 4912.6, 5064.4, 5562.1, 6316.9, 6787.6, 5796.4, 5010.1, 5518.9, 5986.6, 6121.4, 6182.1, 6229.8, 5238.6, 6188.3, 6471.1, 6351.8, 7818.6, 6900.3, 5648.1, 4012.8, 4184.6, 5293.3, 5878.1, 4391.8, 4833.5, 5546.3, 4895.0, 4158.0, 321.0]","[126, 144, 162, 180, 198, 216, 234, 252, 270, 288, 306, 324, 342, 360, 378, 396, 414, 432, 450, 468, 486, 504, 522, 540, 558, 576, 594, 612, 630, 648, 666, 684, 702, 720, 738, 756, 774, 792, 810, 828, 846, 864, 882, 900, 918, 936, 954, 972, 990]","[20.969616032116047, 22.491695804195707, 23.55846930846926, 21.583997021497172, 21.484977984977967, 23.84608909608916, 22.884340196840256, 22.769991582491606, 22.06483100233109, 20.545616420616415, 19.36849261849266, 19.86577311577313, 19.88244625744625, 19.420098420098444, 19.757996632996687, 21.367100492100562, 21.05010036259865, 19.33941983941984, 18.85491129241132, 18.15428321678326, 18.294143356643282, 18.531678969179005, 19.950725200725245, 20.165614478114488, 19.649070836570786, 19.07281144781148, 19.39389083139086, 19.5399507899508, 20.186706811706834, 20.405756280756176, 19.735900673400664, 20.363765863765895, 21.140507640507675, 21.873624061124055, 25.08198976948977, 26.425553613053584, 26.570609945609945, 24.426055426055427, 22.1666019166019, 21.188811188811187, 21.407569282569316, 19.855753043253, 18.51534576534576, 18.245613183113147, 17.33937127687126, 17.358602046102032, 16.95012626262615, 16.726026288526263]",0,1.051,ok,roll_pt_b1
96888a87f8e75ba7,2026-10-01T22:45:46,roll,full_Region7_s0,eim,ising,19cc496e5a,"{""eim_R"": 32, ""eim_Tmax"": 0.003583986660864503, ""eim_Tmin"": 5.783861854309937e-05, ""eim_anneal"": 0.12409113813250239, ""eim_eta"": 0.34260036476627304, ""eim_hscale"": 0.1304777081943831, ""eim_moves"": 104211, ""eim_rho"": 943.9510613981709, ""g_scale"": 7782.319746550366, ""p_add"": 0.14263230801054813, ""p_swap"": 0.5234958816794935, ""start"": ""pgreedy"", ""topw"": 12}",1.0,0,6.0,3.0,49,28.37734718984718,170204.0,170204.0,"[22.279461279461323, 21.83734783734788, 23.66179422429424, 22.667152292152345, 23.326275576275687, 22.36578930328939, 23.343175343175393, 24.570788008288158, 26.708543771043782, 25.499417249417203, 23.13544094794102, 22.902356902356967, 22.22997604247605, 21.490659803159886, 22.573960761460853, 21.533540533540567, 24.024783087283076, 24.024783087283073, 21.749660062160114, 22.405740093240176, 21.35763079513088, 21.39149507899509, 20.57532051282058, 21.221445221445325, 24.981449106449123, 24.14797008547011, 26.45166407666409, 28.309246309246333, 28.377347189847182, 25.784884097384097, 22.789335664335685, 21.20333139083138, 22.409819347319424, 21.755228567728633, 22.547267547267563, 21.70729733229735, 20.227143227143266, 20.57276288526288, 22.27798821548821, 22.081358456358473, 23.611192048692033, 23.07009194509195, 21.83137464387464, 20.782196969696994, 19.743185055685036, 19.871390183890206, 20.05821030821032, 19.21419321419325, 19.035612535612568]","[1.022, 1.074, 1.034, 1.063, 1.024, 1.056, 1.018, 1.05, 1.032, 1.048, 1.082, 1.032, 1.079, 1.093, 1.053, 1.052, 1.05, 1.062, 1.021, 1.004, 1.035, 1.001, 1.059, 1.015, 1.034, 1.028, 1.051, 1.017, 1.042, 1.035, 1.061, 1.05, 1.074, 1.023, 1.079, 1.066, 1.028, 1.067, 1.036, 1.006, 1.051, 1.013, 1.075, 1.02, 1.015, 1.057, 1.046, 1.04, 1.051]","[3096, 3238, 3212, 3177, 3145, 3100, 3118, 3366, 3790, 3595, 3107, 3093, 3115, 3089, 3074, 2977, 3069, 3327, 3381, 3356, 3178, 2964, 2907, 2921, 3218, 3349, 3493, 3895, 3912, 3528, 3192, 3074, 3076, 3076, 3037, 2957, 2766, 2825, 3210, 3451, 3518, 3326, 2900, 2703, 2586, 2636, 2767, 1818, 416]","[6209.7, 8772.4, 4970.2, 6930.9, 4697.7, 6222.4, 4989.2, 6430.9, 6978.7, 6922.4, 3959.1, 4151.9, 5553.6, 4942.4, 5295.1, 6723.9, 4567.6, 6302.4, 5312.1, 4823.8, 6305.6, 4378.3, 5336.1, 5102.8, 6547.6, 8276.3, 4456.1, 6548.8, 6802.5, 6090.3, 3995.0, 4392.8, 4149.5, 6419.3, 4987.0, 6560.7, 4623.5, 4305.2, 5948.0, 7461.7, 5786.5, 7116.2, 4920.0, 5335.7, 4912.4, 4829.2, 5506.9, 3832.0, 136.0]","[126, 144, 162, 180, 198, 216, 234, 252, 270, 288, 306, 324, 342, 360, 378, 396, 414, 432, 450, 468, 486, 504, 522, 540, 558, 576, 594, 612, 630, 648, 666, 684, 702, 720, 738, 756, 774, 792, 810, 828, 846, 864, 882, 900, 918, 936, 954, 972, 990]","[21.83734783734788, 23.624222999223004, 22.66715229215235, 23.326275576275687, 22.36578930328939, 23.341831779331862, 24.569266381766408, 26.698701761201786, 25.480186480186557, 23.13544094794102, 22.894894457394532, 22.227159414659482, 21.482533670033717, 22.5660936285938, 21.525446775446852, 23.826340326340354, 24.024783087283073, 21.749660062160114, 22.398131960632057, 21.357630795130873, 21.39149507899509, 20.57532051282058, 21.207378269878326, 24.926427738927845, 24.147970085470103, 26.417799792799855, 28.27543058793052, 28.377347189847182, 25.784884097384097, 22.789335664335685, 21.20333139083138, 22.409819347319424, 21.755228567728633, 22.542071354571366, 21.707297332297347, 20.22714322714327, 20.564669127169193, 22.274718337218307, 22.07404169904168, 23.611192048692033, 23.07009194509195, 21.83137464387464, 20.782196969696994, 19.743185055685032, 19.871390183890206, 20.05821030821032, 19.21419321419325, 19.035612535612568]",0,1.093,ok,roll_eim_b1
4b8304ac801d2f7d,2026-10-01T22:46:37,roll,full_Region7_s0.1,eim,ising,19cc496e5a,"{""eim_R"": 32, ""eim_Tmax"": 0.003583986660864503, ""eim_Tmin"": 5.783861854309937e-05, ""eim_anneal"": 0.12409113813250239, ""eim_eta"": 0.34260036476627304, ""eim_hscale"": 0.1304777081943831, ""eim_moves"": 104211, ""eim_rho"": 943.9510613981709, ""g_scale"": 7782.319746550366, ""p_add"": 0.14263230801054813, ""p_swap"": 0.5234958816794935, ""start"": ""pgreedy"", ""topw"": 12}",1.0,0,6.0,3.0,49,27.619609557109513,170214.0,170214.0,"[21.97766122766127, 22.27386039886029, 22.4839257964258, 21.65695415695422, 20.94941401191407, 20.809748122248184, 21.855655918155943, 21.609913234913275, 26.017191142191127, 25.128140378140362, 23.12812419062429, 22.71611952861958, 22.069735819735858, 21.380989380989405, 20.870224682724707, 20.421911421911464, 22.198378010878045, 22.071629759129806, 21.202473452473516, 22.32580613830623, 22.24159867909863, 20.889423076923148, 20.97774216524218, 21.494706682206722, 22.250356125356213, 22.32632413882414, 27.598970473970375, 27.619609557109506, 27.17508417508412, 25.701647889147747, 22.864073426573437, 20.58479020979021, 22.693991193991238, 21.206228956228998, 22.877703315203366, 21.63178256928256, 19.367828930328965, 20.265345765345785, 21.35421522921529, 21.993508806008812, 23.21118233618239, 22.45218207718201, 20.88136169386165, 19.354943667443706, 18.361305361305387, 17.330727143227154, 17.741388241388226, 17.673886298886323, 17.716847966847975]","[1.042, 1.065, 1.018, 1.087, 1.074, 1.006, 1.027, 1.018, 1.104, 1.047, 1.077, 1.015, 1.078, 1.02, 1.005, 1.044, 1.008, 1.036, 1.078, 1.057, 1.041, 1.072, 1.061, 1.035, 1.046, 1.039, 1.021, 1.026, 1.084, 1.002, 1.075, 1.045, 1.08, 1.054, 1.033, 1.016, 1.017, 1.007, 1.027, 1.006, 1.07, 1.025, 1.089, 1.074, 1.008, 1.003, 1.03, 1.008, 1.007]","[3191, 3391, 3274, 3145, 3000, 2894, 3005, 3181, 3545, 3668, 3271, 3151, 3192, 3163, 3067, 2869, 3023, 3323, 3274, 3253, 3167, 2963, 3044, 3045, 3089, 3251, 3660, 3994, 3853, 3601, 3165, 2909, 2944, 2941, 2938, 2846, 2577, 2656, 3028, 3248, 3376, 3203, 2820, 2614, 2497, 2498, 2572, 1754, 443]","[6210.8, 8884.5, 5960.3, 6118.0, 4926.8, 5366.5, 5445.3, 6376.0, 5744.8, 8206.5, 4846.3, 4272.0, 5539.8, 5002.5, 5244.3, 5392.0, 5055.8, 7128.5, 5661.3, 4380.0, 6759.8, 5834.5, 4486.3, 5736.0, 6443.8, 6758.5, 5308.3, 7692.0, 5781.8, 5730.5, 4539.3, 3393.0, 3994.8, 6586.5, 4028.3, 6180.0, 4000.8, 4189.5, 6367.3, 7119.0, 6404.8, 7362.5, 5149.3, 4083.0, 4422.8, 4604.5, 4532.3, 4109.0, 569.0]","[126, 144, 162, 180, 198, 216, 234, 252, 270, 288, 306, 324, 342, 360, 378, 396, 414, 432, 450, 468, 486, 504, 522, 540, 558, 576, 594, 612, 630, 648, 666, 684, 702, 720, 738, 756, 774, 792, 810, 828, 846, 864, 882, 900, 918, 936, 954, 972, 990]","[22.27245208495213, 22.47809829059819, 21.656954156954217, 20.94941401191407, 20.809748122248184, 21.855655918155946, 21.608132608132625, 25.989720927220972, 25.128140378140365, 23.12812419062429, 22.715941465941498, 22.06353600103602, 21.380989380989405, 20.87022468272471, 20.41990416990422, 22.17291504791509, 22.063940688940704, 21.202473452473512, 22.32580613830623, 22.24159867909863, 20.878577441077514, 20.97039303289307, 21.494075369075425, 22.241226366226364, 22.32632413882414, 27.564847189847214, 27.619609557109506, 27.17508417508412, 25.701647889147747, 22.864073426573434, 20.584790209790214, 22.689134939134938, 21.206228956228998, 22.874546749546692, 21.63178256928256, 19.365384615384688, 20.26534576534578, 21.34827441077446, 21.990951178451166, 23.21118233618239, 22.452182077182005, 20.881361693861646, 19.345441595441613, 18.360933048433083, 17.330727143227154, 17.739235301735302, 17.673886298886323, 17.71684796684798]",0,1.104,ok,roll_eim_b1
d7e41b61ee750e3b,2026-10-01T22:47:28,roll,full_Region7_s0.2,eim,ising,19cc496e5a,"{""eim_R"": 32, ""eim_Tmax"": 0.003583986660864503, ""eim_Tmin"": 5.783861854309937e-05, ""eim_anneal"": 0.12409113813250239, ""eim_eta"": 0.34260036476627304, ""eim_hscale"": 0.1304777081943831, ""eim_moves"": 104211, ""eim_rho"": 943.9510613981709, ""g_scale"": 7782.319746550366, ""p_add"": 0.14263230801054813, ""p_swap"": 0.5234958816794935, ""start"": ""pgreedy"", ""topw"": 12}",1.0,0,6.0,3.0,49,27.83606902356911,170213.0,170213.0,"[23.22499028749026, 23.79040404040412, 23.594259906759934, 22.542702667702695, 22.14978308728311, 22.156873219373292, 23.634210696710785, 23.959628334628402, 26.82319994819994, 25.42200854700856, 23.15051152551154, 23.29148860398865, 22.25009712509722, 20.713027713027756, 19.980170292670316, 20.421684796684872, 22.206471768971745, 21.98136816886814, 21.44599844599849, 21.622458559958574, 21.238264050764066, 20.72290209790213, 19.635036260036266, 20.14052382802384, 22.360625485625395, 22.29067922817926, 26.515183890183913, 27.441433566433545, 27.83606902356911, 26.009761072261014, 23.117845117845143, 21.469567469567536, 21.337137399637477, 20.660450660450703, 22.239623802123795, 22.01047332297333, 20.145833333333346, 21.47728891478893, 21.91024022274022, 22.485156047656037, 23.975670163170115, 22.891252266252224, 21.744722869722878, 20.01800051800053, 19.026741776741755, 18.414659414659422, 18.015944703444703, 17.30510230510237, 17.093256280756282]","[1.056, 1.045, 1.059, 1.017, 1.013, 1.055, 1.033, 1.018, 1.041, 1.04, 1.079, 1.002, 1.077, 1.098, 1.051, 1.07, 1.071, 1.069, 1.064, 1.084, 1.093, 1.054, 1.067, 1.04, 1.052, 1.039, 1.053, 1.007, 1.02, 1.002, 1.076, 1.026, 1.007, 1.056, 1.038, 1.071, 1.005, 1.057, 1.065, 1.005, 1.027, 1.059, 1.006, 1.058, 1.039, 1.042, 1.048, 1.051, 1.01]","[3221, 3547, 3469, 3296, 3117, 3033, 3150, 3420, 3716, 3691, 3245, 3109, 3175, 3094, 2888, 2794, 3110, 3292, 3292, 3347, 3154, 2967, 2890, 2859, 3185, 3311, 3564, 4035, 4033, 3566, 3194, 3125, 3103, 3065, 3101, 3080, 2796, 2896, 3238, 3445, 3595, 3403, 2927, 2646, 2603, 2709, 2722, 1767, 426]","[6161.7, 8751.4, 6211.2, 5920.9, 4384.6, 5529.4, 5747.1, 6833.9, 6235.6, 7722.4, 4468.1, 4140.8, 5845.6, 4761.3, 4811.1, 5236.8, 5624.6, 7044.3, 5392.0, 5381.8, 6006.5, 5135.3, 5625.0, 4741.8, 6398.5, 7786.2, 5638.0, 7796.7, 6683.5, 6485.2, 3757.9, 4586.7, 4030.4, 5845.2, 4585.9, 6822.7, 5124.4, 4390.1, 6401.9, 6127.6, 6341.4, 7404.1, 4627.9, 4940.6, 3822.3, 5411.1, 5316.8, 3353.0, 242.0]","[126, 144, 162, 180, 198, 216, 234, 252, 270, 288, 306, 324, 342, 360, 378, 396, 414, 432, 450, 468, 486, 504, 522, 540, 558, 576, 594, 612, 630, 648, 666, 684, 702, 720, 738, 756, 774, 792, 810, 828, 846, 864, 882, 900, 918, 936, 954, 972, 990]","[23.79040404040412, 23.591249028749107, 22.528668091168143, 22.149783087283115, 22.156873219373292, 23.634210696710785, 23.959628334628402, 26.82319994819994, 25.422008547008556, 23.15051152551154, 23.291488603988658, 22.25009712509722, 20.71176508676512, 19.977386039886085, 20.387011137011175, 22.182902745402767, 21.98136816886814, 21.445399507899523, 21.588642838642883, 21.238264050764066, 20.72134809634817, 19.635036260036266, 20.13733488733492, 22.356691919191917, 22.290679228179258, 26.466508029008093, 27.43835793835797, 27.836069023569106, 26.009761072261014, 23.112794612794655, 21.469567469567536, 21.337137399637434, 20.660450660450703, 22.228276353276307, 22.010473322973326, 20.145833333333346, 21.45928839678842, 21.90622571872575, 22.485156047656037, 23.975411162911136, 22.89125226625222, 21.744722869722878, 20.01800051800053, 19.026741776741755, 18.41276547526552, 18.015944703444703, 17.30510230510237, 17.093256280756282]",0,1.098,ok,roll_eim_b1
518c47cbc33727e6,2026-10-01T22:48:19,roll,full_Region7_s0.3,eim,ising,19cc496e5a,"{""eim_R"": 32, ""eim_Tmax"": 0.003583986660864503, ""eim_Tmin"": 5.783861854309937e-05, ""eim_anneal"": 0.12409113813250239, ""eim_eta"": 0.34260036476627304, ""eim_hscale"": 0.1304777081943831, ""eim_moves"": 104211, ""eim_rho"": 943.9510613981709, ""g_scale"": 7782.319746550366, ""p_add"": 0.14263230801054813, ""p_swap"": 0.5234958816794935, ""start"": ""pgreedy"", ""topw"": 12}",1.0,0,6.0,3.0,49,26.890540015540044,170205.0,170205.0,"[20.478227790727807, 20.424987049987063, 22.00160256410265, 21.723258223258302, 21.25594081844082, 20.687370499870504, 23.875161875161933, 23.623963998964012, 24.909463221963172, 23.401013338513394, 21.564879564879657, 23.05754662004662, 22.463804713804713, 21.33067858067863, 20.405982905982974, 20.24878593628601, 21.656468531468644, 21.770153457653468, 21.29540598290599, 21.804649054649126, 21.195901320901374, 20.35767935767942, 20.059472934472982, 19.610269360269392, 22.865821678321613, 22.994577182077204, 25.591864154364174, 26.892174954676285, 26.201048951048904, 24.539335664335667, 22.727855477855478, 21.143777518777515, 22.62456293706301, 22.271594146594175, 21.461473711473744, 20.622992747992782, 19.78870435120438, 19.91493460243461, 20.666504791504817, 20.900592463092472, 22.223144910644912, 21.949851074851086, 21.36988474488479, 19.919726107226165, 18.5114121989122, 18.128480315980326, 20.387820512820543, 20.387820512820543, 18.09320771820769]","[1.012, 1.07, 1.007, 1.007, 1.077, 1.034, 1.006, 1.06, 1.09, 1.064, 1.006, 1.053, 1.086, 1.013, 1.08, 1.079, 1.088, 1.095, 1.065, 1.052, 1.048, 1.031, 1.026, 1.038, 1.003, 1.004, 1.066, 1.07, 1.015, 1.087, 1.0, 1.03, 1.066, 1.071, 1.001, 1.035, 1.037, 1.014, 1.011, 1.084, 1.023, 1.049, 1.038, 1.06, 1.06, 1.021, 1.02, 1.073, 1.046]","[2967, 3146, 3185, 3142, 2972, 2911, 3058, 3251, 3560, 3482, 2997, 3004, 3107, 3011, 2886, 2813, 2981, 3183, 3193, 3284, 3216, 2913, 2853, 2753, 2934, 3201, 3459, 3872, 3940, 3645, 3175, 2942, 3006, 3061, 2973, 2792, 2615, 2711, 2930, 3116, 3356, 3262, 2783, 2560, 2475, 2498, 2669, 1803, 435]","[6207.6, 8690.4, 5614.1, 7108.8, 5385.6, 5462.3, 5298.0, 7642.8, 5916.5, 6740.3, 4311.0, 4083.7, 6091.5, 4498.2, 4922.9, 5194.7, 5072.4, 6714.2, 5675.9, 5346.6, 6468.4, 5184.1, 5136.8, 5372.6, 5057.3, 7038.0, 5017.8, 7184.5, 7041.3, 5618.0, 4709.7, 4570.5, 4185.2, 6029.9, 5410.7, 4941.4, 5112.1, 4709.9, 5948.6, 6763.4, 6173.1, 7045.8, 5736.6, 5189.3, 4363.0, 4089.8, 5165.5, 4086.0, 244.0]","[126, 144, 162, 180, 198, 216, 234, 252, 270, 288, 306, 324, 342, 360, 378, 396, 414, 432, 450, 468, 486, 504, 522, 540, 558, 576, 594, 612, 630, 648, 666, 684, 702, 720, 738, 756, 774, 792, 810, 828, 846, 864, 882, 900, 918, 936, 954, 972, 990]","[20.424987049987063, 21.975621600621654, 21.723258223258302, 21.255940818440823, 20.687370499870504, 23.85827829577831, 23.623963998964012, 24.90667896917904, 23.399750712250658, 21.564879564879657, 23.056397306397354, 22.46380471380471, 21.330678580678626, 20.405982905982974, 20.24878593628601, 21.650495337995384, 21.770153457653468, 21.292880730380798, 21.80464905464913, 21.195901320901374, 20.35767935767942, 20.05932724682731, 19.607258482258516, 22.85646529396532, 22.994577182077208, 25.562678062678074, 26.890540015540044, 26.201048951048904, 24.538412975912962, 22.727596477596407, 21.143777518777515, 22.591151903651927, 22.271594146594175, 21.461473711473744, 20.622992747992782, 19.78870435120438, 19.897079772079795, 20.666504791504817, 20.898293835793897, 22.22314491064492, 21.949219761719785, 21.369884744884793, 19.919726107226165, 18.509000259000295, 18.116193991193995, 20.108407795907816, 20.387820512820547, 18.09320771820769]",0,1.095,ok,roll_eim_b1
b611a4254d3ccbbf,2026-10-01T22:49:11,roll,full_Region6_s0,eim,ising,19cc496e5a,"{""eim_R"": 32, ""eim_Tmax"": 0.003583986660864503, ""eim_Tmin"": 5.783861854309937e-05, ""eim_anneal"": 0.12409113813250239, ""eim_eta"": 0.34260036476627304, ""eim_hscale"": 0.1304777081943831, ""eim_moves"": 104211, ""eim_rho"": 943.9510613981709, ""g_scale"": 7782.319746550366, ""p_add"": 0.14263230801054813, ""p_swap"": 0.5234958816794935, ""start"": ""pgreedy"", ""topw"": 12}",1.0,0,6.0,3.0,49,26.816838254338197,170207.0,170207.0,"[22.077489639989622, 22.286891349391322, 23.14597902097893, 22.968142968143045, 21.24695674695689, 23.652324527324506, 24.120613183113456, 23.452764827764877, 22.637334887334912, 23.766268453768493, 22.232242294742306, 21.018615643615714, 20.888856513856545, 20.00585988085994, 19.816546879046868, 19.063940688940715, 20.0722448847449, 20.92825692825695, 19.90988409738413, 19.72777454027451, 19.3124676249677, 20.89892514892524, 20.737228049728028, 20.81167443667448, 22.06657925407927, 21.538105413105445, 20.91548497798498, 21.038558663558682, 22.32787814037813, 21.33334952084959, 20.219454156954164, 21.047542735042565, 22.875323750323812, 23.239057239057217, 23.67939005439004, 25.40540015540014, 26.4799436674436, 26.82240675990672, 24.85691854441844, 21.032277907277948, 20.50492100492101, 19.947422947422936, 18.784220409220417, 18.33375420875419, 17.27837671587673, 16.760521885521886, 16.027292152292137, 15.800181300181343, 15.787635975135977]","[1.058, 1.022, 1.002, 1.081, 1.055, 1.045, 1.088, 1.09, 1.107, 1.02, 1.002, 1.049, 1.028, 1.039, 1.084, 1.091, 1.015, 1.077, 1.072, 1.078, 1.005, 1.071, 1.027, 1.007, 1.017, 1.056, 1.083, 1.026, 1.067, 1.023, 1.073, 1.096, 1.064, 1.097, 1.096, 1.058, 1.018, 1.091, 1.055, 1.045, 1.069, 1.076, 1.033, 1.037, 1.082, 1.092, 1.045, 1.076, 1.016]","[2356, 2478, 2529, 2540, 2332, 2222, 2215, 2089, 2094, 2240, 2203, 2106, 2213, 2263, 2175, 2083, 2181, 2355, 2322, 2289, 2250, 2251, 2293, 2200, 2202, 2238, 2211, 2276, 2346, 2277, 2214, 2213, 2415, 2555, 2580, 2760, 2860, 2801, 2443, 2003, 1983, 2057, 1971, 1935, 1854, 1703, 1654, 1126, 287]","[6161.7, 8881.4, 5759.2, 5928.9, 5584.6, 3934.4, 6716.1, 5712.9, 5163.6, 5273.4, 6170.1, 4198.8, 5079.6, 5595.3, 5159.1, 5789.8, 5040.5, 6402.3, 6491.0, 5025.8, 5989.5, 5435.3, 6702.0, 5994.7, 5637.5, 6257.2, 5328.0, 5195.7, 5953.5, 6899.2, 4704.9, 4888.7, 6228.4, 7009.2, 6113.9, 6207.6, 7038.4, 6936.1, 6006.9, 4129.6, 3298.4, 5507.1, 5094.8, 4624.6, 5511.3, 5098.1, 5089.8, 3163.0, 464.0]","[126, 144, 162, 180, 198, 216, 234, 252, 270, 288, 306, 324, 342, 360, 378, 396, 414, 432, 450, 468, 486, 504, 522, 540, 558, 576, 594, 612, 630, 648, 666, 684, 702, 720, 738, 756, 774, 792, 810, 828, 846, 864, 882, 900, 918, 936, 954, 972, 990]","[22.286664724164705, 23.14597902097893, 22.96320577570594, 21.24695674695689, 23.615643615643624, 24.11530367780372, 23.45135651385658, 22.637334887334912, 23.765410515410508, 22.22960372960375, 21.018615643615714, 20.876942501942526, 20.00585988085994, 19.811350686350732, 19.06282375032375, 20.07046425796431, 20.92825692825695, 19.90988409738413, 19.693845506345482, 19.309796684796734, 20.883288008288027, 20.737228049728028, 20.811302123802133, 22.06657925407927, 21.53810541310544, 20.911988474488496, 21.034366096866023, 22.322050634550678, 21.333349520849584, 20.21945415695416, 21.019845894845936, 22.875323750323812, 23.239057239057217, 23.67875874125879, 25.40540015540014, 26.4799436674436, 26.816838254338197, 24.85691854441844, 21.032277907277948, 20.502703315203217, 19.947422947422933, 18.784220409220417, 18.328412328412305, 17.27636946386942, 16.760521885521886, 16.027292152292137, 15.800181300181343, 15.787635975135975]",0,1.107,ok,roll_eim_b1
ceb75482f2e8b3c9,2026-10-01T22:50:03,roll,full_Region6_s0.1,eim,ising,19cc496e5a,"{""eim_R"": 32, ""eim_Tmax"": 0.003583986660864503, ""eim_Tmin"": 5.783861854309937e-05, ""eim_anneal"": 0.12409113813250239, ""eim_eta"": 0.34260036476627304, ""eim_hscale"": 0.1304777081943831, ""eim_moves"": 104211, ""eim_rho"": 943.9510613981709, ""g_scale"": 7782.319746550366, ""p_add"": 0.14263230801054813, ""p_swap"": 0.5234958816794935, ""start"": ""pgreedy"", ""topw"": 12}",1.0,0,6.0,3.0,49,25.095538720538716,170212.0,170212.0,"[19.777745402745346, 19.346736596736612, 20.380325692825714, 21.231546231546282, 20.47036065786071, 22.134113571613625, 22.216346153846153, 23.604538979538983, 22.636703574203565, 21.80118492618496, 19.425035612535634, 18.169353794353754, 18.63259194509226, 19.247571872571914, 18.67357873607873, 18.51675407925411, 19.25239575239578, 20.2729538979539, 19.61015604765602, 18.264957264957275, 18.511185573685587, 19.16210178710172, 18.402033152033162, 17.797299922299942, 18.142919580419584, 18.3247701372701, 19.43372830872827, 19.89447358197368, 20.043431105930978, 19.70148601398607, 18.919920357420235, 18.978211603211605, 21.584806397306338, 21.62632737632735, 21.617521367521352, 23.09511784511782, 24.705403392903403, 25.10185185185185, 23.50715488215493, 20.66813973063975, 20.991258741258747, 20.23322973322972, 19.346736596736612, 18.285159285159295, 18.195011007510967, 16.740805490805528, 15.273714711214723, 14.490627428127405, 14.489737114737116]","[1.013, 1.071, 1.028, 1.105, 1.016, 1.065, 1.006, 1.074, 1.105, 1.08, 1.01, 1.058, 1.063, 1.019, 1.095, 1.084, 1.064, 1.066, 1.045, 1.086, 1.074, 1.037, 1.079, 1.002, 1.047, 1.046, 1.095, 1.021, 1.058, 1.059, 1.067, 1.015, 1.048, 1.099, 1.047, 1.047, 1.051, 1.012, 1.013, 1.06, 1.0, 1.099, 1.06, 1.009, 1.026, 1.055, 1.034, 1.054, 1.017]","[2139, 2199, 2205, 2353, 2316, 2140, 2014, 2021, 2068, 2060, 1948, 1907, 2038, 2166, 2139, 2042, 2132, 2251, 2234, 2062, 2028, 2132, 1998, 1928, 1977, 2001, 2134, 2234, 2211, 2095, 1994, 2086, 2253, 2277, 2286, 2420, 2495, 2563, 2333, 1856, 1859, 1967, 1876, 1803, 1661, 1539, 1506, 964, 220]","[6195.7, 8892.4, 5380.1, 6503.9, 6963.6, 4768.4, 6918.1, 5533.8, 6506.6, 5213.3, 5204.1, 4064.8, 5003.5, 5982.3, 5846.0, 4947.8, 5871.5, 6221.2, 6592.0, 5140.7, 4655.4, 5825.2, 6108.9, 5058.7, 5318.4, 6022.1, 5565.9, 6574.6, 6027.4, 6103.1, 5718.8, 4921.6, 6042.3, 7428.1, 5768.8, 6018.5, 6775.3, 6875.0, 5866.8, 4330.5, 3640.2, 5533.0, 5069.7, 5215.5, 4950.2, 5526.9, 4398.7, 2125.0, 111.0]","[126, 144, 162, 180, 198, 216, 234, 252, 270, 288, 306, 324, 342, 360, 378, 396, 414, 432, 450, 468, 486, 504, 522, 540, 558, 576, 594, 612, 630, 648, 666, 684, 702, 720, 738, 756, 774, 792, 810, 828, 846, 864, 882, 900, 918, 936, 954, 972, 990]","[19.333705646205686, 20.380325692825714, 21.231546231546282, 20.47036065786071, 22.130212380212406, 22.19455775705777, 23.565818440818408, 22.62292799792802, 21.800148925148928, 19.42503561253563, 18.16389860139863, 18.623494560994416, 19.247571872571914, 18.661065786065826, 18.51575045325045, 19.25239575239578, 20.25498575498569, 19.61015604765602, 18.264957264957275, 18.511185573685584, 19.157423594923614, 18.401919839419772, 17.797299922299942, 18.142919580419587, 18.317162004661927, 19.43372830872827, 19.886088448588417, 20.043431105930978, 19.70148601398607, 18.91992035742024, 18.978211603211605, 21.579205516705542, 21.617926055426036, 21.617408054907997, 23.085648148148127, 24.705403392903403, 25.095538720538713, 23.50715488215493, 20.66813973063975, 20.96875809375812, 20.233229733229724, 19.345328282828284, 18.284560347060278, 18.195011007510967, 16.740805490805528, 15.273714711214726, 14.490627428127405, 14.489737114737117]",0,1.105,ok,roll_eim_b1
9f60729e2eaf7e7e,2026-10-01T22:50:54,roll,full_Region6_s0.2,eim,ising,19cc496e5a,"{""eim_R"": 32, ""eim_Tmax"": 0.003583986660864503, ""eim_Tmin"": 5.783861854309937e-05, ""eim_anneal"": 0.12409113813250239, ""eim_eta"": 0.34260036476627304, ""eim_hscale"": 0.1304777081943831, ""eim_moves"": 104211, ""eim_rho"": 943.9510613981709, ""g_scale"": 7782.319746550366, ""p_add"": 0.14263230801054813, ""p_swap"": 0.5234958816794935, ""start"": ""pgreedy"", ""topw"": 12}",1.0,0,6.0,3.0,49,26.042654105154096,170217.0,170217.0,"[20.742650867650802, 21.613474488474456, 21.750323750323762, 22.497474747474758, 20.89743589743607, 23.09497215747219, 23.250874125874024, 25.098209660709674, 24.448442760942765, 24.08430458430464, 21.951809764309743, 19.68374449624455, 19.799436674436716, 20.80338642838643, 20.63427544677547, 20.348209660709692, 21.163008288008303, 21.857922170422174, 20.886930199430306, 20.11701955451955, 19.909511784511796, 19.85776029526018, 19.874498186998174, 22.155756280756265, 21.85769554519558, 21.461846024345963, 21.17474423724428, 21.329933954934006, 20.536519036519028, 20.716588966588986, 20.001958689458647, 20.75011331261338, 22.43157536907533, 23.02241970991967, 24.75953444703438, 25.027486402486357, 26.045551670551657, 26.042654105154096, 23.85856967106974, 21.227240352240337, 21.46712315462315, 21.85840779590785, 21.90266446516441, 20.944298756798766, 19.628091815591844, 18.398245273245266, 17.52868427868427, 17.023973711473705, 17.016219891219865]","[1.084, 1.008, 1.018, 1.061, 1.064, 1.026, 1.018, 1.003, 1.091, 1.062, 1.051, 1.047, 1.001, 1.028, 1.009, 1.025, 1.068, 1.093, 1.03, 1.027, 1.072, 1.108, 1.056, 1.091, 1.081, 1.079, 1.058, 1.006, 1.062, 1.029, 1.064, 1.067, 1.019, 1.113, 1.044, 1.033, 1.023, 1.051, 1.027, 1.07, 1.049, 1.074, 1.005, 1.056, 1.056, 1.034, 1.106, 1.073, 1.037]","[2243, 2421, 2447, 2412, 2240, 2178, 2142, 2079, 2266, 2381, 2177, 1994, 2110, 2318, 2266, 2186, 2317, 2438, 2395, 2281, 2231, 2254, 2191, 2228, 2312, 2311, 2353, 2447, 2458, 2268, 2116, 2196, 2486, 2518, 2588, 2870, 2907, 2763, 2415, 2086, 2152, 2230, 2257, 2201, 1917, 1784, 1756, 1128, 266]","[6157.8, 8748.5, 6568.3, 5923.0, 6454.8, 3707.5, 6239.3, 5724.0, 5915.8, 5259.5, 5183.3, 3576.1, 4688.8, 5513.6, 6886.3, 5478.1, 5682.8, 6299.6, 6353.3, 4886.1, 5239.8, 5460.6, 5537.3, 5751.1, 6546.8, 5607.6, 5425.3, 5365.1, 6206.9, 5078.6, 5801.4, 5369.1, 6435.9, 7151.6, 6199.4, 7066.1, 6423.9, 6259.6, 5576.4, 4143.1, 4446.9, 5972.6, 6154.4, 5844.1, 4920.9, 4864.6, 4828.4, 3181.0, 513.0]","[126, 144, 162, 180, 198, 216, 234, 252, 270, 288, 306, 324, 342, 360, 378, 396, 414, 432, 450, 468, 486, 504, 522, 540, 558, 576, 594, 612, 630, 648, 666, 684, 702, 720, 738, 756, 774, 792, 810, 828, 846, 864, 882, 900, 918, 936, 954, 972, 990]","[21.601220538720632, 21.7500323750324, 22.497474747474755, 20.89743589743607, 23.094972157472174, 23.249384874384937, 25.050650738150765, 24.448442760942765, 24.08430458430464, 21.951809764309743, 19.68374449624455, 19.78491647241646, 20.800942113442176, 20.63278619528619, 20.341006216006217, 21.1630082880083, 21.85792217042218, 20.886930199430306, 20.11701955451955, 19.909511784511796, 19.857161357161417, 19.8714225589226, 22.155756280756265, 21.85769554519558, 21.461846024345963, 21.16427091427094, 21.329933954934006, 20.536519036519028, 20.716588966588983, 20.00195868945865, 20.740497927997932, 22.431203056203127, 23.022419709919674, 24.759534447034383, 25.02042864542865, 26.042362729862727, 26.042654105154092, 23.858051670551642, 21.227240352240333, 21.467123154623152, 21.85840779590785, 21.90266446516441, 20.944298756798766, 19.621519684019667, 18.39304908054911, 17.52400608650608, 17.023973711473708, 17.016219891219865]",0,1.113,ok,roll_eim_b1
80529dc3c8ded8d8,2026-10-01T22:51:46,roll,full_Region6_s0.3,eim,ising,19cc496e5a,"{""eim_R"": 32, ""eim_Tmax"": 0.003583986660864503, ""eim_Tmin"": 5.783861854309937e-05, ""eim_anneal"": 0.12409113813250239, ""eim_eta"": 0.34260036476627304, ""eim_hscale"": 0.1304777081943831, ""eim_moves"": 104211, ""eim_rho"": 943.9510613981709, ""g_scale"": 7782.319746550366, ""p_add"": 0.14263230801054813, ""p_swap"": 0.5234958816794935, ""start"": ""pgreedy"", ""topw"": 12}",1.0,0,6.0,3.0,49,26.4377266252266,170191.0,170191.0,"[21.113555426055306, 20.747215747215634, 21.799889924889936, 23.135845635845744, 21.24747474747474, 21.31879694379698, 23.811188811188867, 22.869269619269637, 22.725216912716917, 22.068618881118866, 20.615044677544674, 19.028781403781387, 19.642790080290148, 19.890799015799033, 19.32018907018913, 19.711959336959392, 21.345263532761773, 20.99433436933264, 19.554131054131076, 18.778166278166317, 18.001537814037842, 17.93764568764578, 18.360933048433054, 19.867667055167068, 20.096817534317548, 19.53794353794357, 18.988199300699375, 19.368087930587933, 19.660725848225866, 19.994496244496144, 20.13550569800559, 19.64408508158507, 20.33317145817148, 21.012901450401426, 21.919515669515675, 25.02522015022014, 26.18389018389029, 26.43772662522661, 24.38213869463864, 22.057336182336204, 21.027826340326403, 21.126845376845395, 19.631912069412024, 18.517353017353003, 18.035402097902082, 17.151806526806563, 17.34884097384098, 16.702602952602927, 16.5741388241388]","[1.063, 1.107, 1.023, 1.076, 1.041, 1.004, 1.075, 1.088, 1.049, 1.094, 1.032, 1.067, 1.091, 1.076, 1.099, 1.013, 1.09, 1.02, 1.044, 1.037, 1.052, 1.013, 1.046, 1.085, 1.012, 1.073, 1.025, 1.09, 1.1, 1.06, 1.077, 1.032, 1.04, 1.086, 1.092, 1.006, 1.091, 1.021, 1.074, 1.067, 1.116, 1.031, 1.104, 1.084, 1.041, 1.02, 1.09, 1.069, 1.04]","[2330, 2369, 2309, 2454, 2287, 2139, 2136, 2029, 2235, 2372, 2168, 2047, 2109, 2264, 2183, 2022, 2187, 2264, 2142, 2099, 2001, 2034, 2065, 2074, 2209, 2191, 2124, 2147, 2158, 2098, 2030, 2128, 2304, 2357, 2442, 2757, 2905, 2757, 2462, 2068, 2047, 2107, 1989, 1860, 1713, 1676, 1676, 1084, 251]","[6160.7, 8780.5, 5128.2, 6482.0, 7256.7, 3899.4, 6119.2, 7135.9, 5075.7, 6047.4, 5221.2, 4860.9, 4974.7, 6285.4, 6038.2, 4885.9, 5912.7, 7248.4, 5047.1, 4834.9, 4889.6, 5054.4, 5677.1, 6528.9, 6954.6, 6007.4, 5014.1, 5544.9, 5962.6, 6213.4, 6155.1, 6095.8, 5306.6, 6201.3, 6566.1, 6444.8, 7838.6, 6848.3, 5639.1, 4095.8, 4342.6, 5379.3, 5596.1, 4461.8, 4968.5, 5513.3, 4892.0, 4038.0, 314.0]","[126, 144, 162, 180, 198, 216, 234, 252, 270, 288, 306, 324, 342, 360, 378, 396, 414, 432, 450, 468, 486, 504, 522, 540, 558, 576, 594, 612, 630, 648, 666, 684, 702, 720, 738, 756, 774, 792, 810, 828, 846, 864, 882, 900, 918, 936, 954, 972, 990]","[20.747215747215638, 21.786826599326538, 23.135845635845744, 21.247474747474744, 21.31879694379698, 23.80205905205907, 22.856012043512102, 22.72206034706037, 22.06861888111886, 20.61504467754467, 19.02565721315725, 19.63773957523959, 19.890799015799036, 19.32018907018913, 19.711959336959392, 21.333236208236237, 20.99433436933264, 19.54870823620824, 18.770930458430538, 18.000793188293226, 17.93764568764578, 18.360933048433054, 19.86763468013472, 20.09681753431754, 19.537053224553176, 18.988199300699375, 19.34343434343435, 19.66072584822587, 19.98789173789174, 20.13550569800559, 19.64408508158507, 20.331245143745146, 20.99556462056462, 21.90837865837867, 25.0200563325563, 26.18032893032882, 26.43772662522661, 24.382138694638645, 22.057336182336204, 21.025527713027785, 21.126845376845395, 19.631912069412024, 18.517353017353003, 18.035402097902086, 17.14939458689455, 17.348840973840982, 16.70260295260293, 16.5741388241388]",0,1.116,ok,roll_eim_b1
59b0a4887a621d5b,2026-10-01T22:52:35,roll,full_Region7_s0,sb,ising,8c225c7f66,"{""sb_agents"": 32, ""sb_alpha_floor"": 0.19397546899179888, ""sb_dt"": 1.4232321618458184, ""sb_eta"": 0.0965605178058406, ""sb_eta_mu"": 4.719399631690194, ""sb_heat"": 0.0125536250820598, ""sb_steps"": 1432, ""sb_tau_frac"": 0.9386113363824448, ""sb_variant"": ""ballistic"", ""sb_warm"": 0.10136029824871645, ""sb_xi"": 0.07953090488826875, ""start"": ""lp""}",1.0,0,6.0,3.0,49,28.10408572908572,170204.0,170204.0,"[21.905707718207744, 21.697568635068606, 23.32162975912984, 22.325984200984195, 22.893146205646318, 22.127169127169157, 23.204205516705606, 24.393615643615714, 26.48533411033426, 25.196937321937355, 22.862665112665113, 22.752250064750108, 21.9951437451438, 21.341961279461312, 22.493395493395532, 21.327813390313487, 23.350702538202558, 23.279153716653703, 21.299193861693816, 22.003609816109925, 20.932336182336293, 21.179050116550105, 20.92205710955716, 21.230251230251287, 24.977774540274538, 23.985172235172247, 25.920179357679352, 27.8221801346802, 28.108618233618284, 25.64387464387447, 22.65248640248644, 20.987697487697517, 21.956423206423274, 21.42568311318316, 22.306753431753513, 21.458511396011396, 19.703833203833263, 20.446338383838413, 21.957799145299173, 21.76406695156697, 23.15897759647764, 22.566352628852652, 21.416925666925664, 20.418609168609205, 19.344065656565633, 19.676168738668753, 19.66554972804977, 19.057773245273278, 19.18345312095315]","[0.953, 0.978, 0.952, 0.961, 0.958, 0.968, 0.962, 0.966, 0.975, 0.98, 0.961, 0.956, 0.973, 0.964, 0.98, 0.955, 0.961, 0.95, 0.964, 0.963, 0.978, 0.962, 0.963, 0.975, 0.968, 0.966, 0.964, 0.972, 0.966, 0.979, 0.956, 0.96, 0.963, 0.966, 0.958, 0.954, 0.964, 0.954, 0.981, 0.969, 0.965, 0.962, 0.958, 0.971, 0.973, 0.968, 0.962, 0.96, 0.951]","[3096, 3238, 3212, 3177, 3145, 3100, 3118, 3366, 3790, 3595, 3107, 3093, 3115, 3089, 3074, 2977, 3069, 3327, 3381, 3356, 3178, 2964, 2907, 2921, 3218, 3349, 3493, 3895, 3912, 3528, 3192, 3074, 3076, 3076, 3037, 2957, 2766, 2825, 3210, 3451, 3518, 3326, 2900, 2703, 2586, 2636, 2767, 1818, 416]","[6209.7, 8747.4, 4950.2, 7012.9, 4710.7, 6183.4, 4968.2, 6219.9, 6741.7, 6962.4, 4283.1, 4154.9, 5451.6, 4816.4, 5155.1, 6711.9, 4388.6, 6390.4, 6076.1, 4973.8, 6318.6, 4404.3, 5535.1, 4834.8, 6155.6, 7876.3, 4386.1, 6452.8, 6738.5, 6071.3, 4075.0, 4333.8, 4109.5, 6447.3, 4905.0, 6694.7, 4767.5, 4443.2, 5929.0, 7283.7, 5687.5, 6947.2, 4884.0, 5131.7, 4796.4, 4827.2, 5586.9, 3541.0, 135.0]","[126, 144, 162, 180, 198, 216, 234, 252, 270, 288, 306, 324, 342, 360, 378, 396, 414, 432, 450, 468, 486, 504, 522, 540, 558, 576, 594, 612, 630, 648, 666, 684, 702, 720, 738, 756, 774, 792, 810, 828, 846, 864, 882, 900, 918, 936, 954, 972, 990]","[21.697568635068606, 23.30492424242429, 22.32598420098419, 22.893146205646318, 22.127169127169157, 23.19425019425028, 24.370823620823668, 26.485334110334257, 25.18479668479669, 22.862665112665113, 22.752250064750104, 21.9951437451438, 21.307287619787665, 22.49339549339553, 21.327813390313487, 23.35070253820256, 23.279153716653703, 21.299193861693816, 21.998640248640342, 20.93233618233629, 21.158929033929024, 20.866809116809108, 21.189410126910175, 24.972432659932736, 23.98517223517225, 25.86797461797466, 27.822180134680202, 28.10408572908572, 25.634340196840245, 22.65248640248644, 20.95334757834757, 21.91061253561257, 21.425683113183165, 22.288898601398618, 21.458511396011392, 19.703833203833263, 20.442744755244767, 21.949851074851104, 21.727386039886078, 23.157828282828287, 22.566352628852655, 21.376570189070275, 20.418609168609205, 19.344065656565636, 19.670195545195554, 19.646059958559974, 19.057773245273278, 19.183453120953153]",0,0.981,ok,roll_sb_b1
9ffbcd6037ccf156,2026-10-01T22:53:22,roll,full_Region7_s0.1,sb,ising,8c225c7f66,"{""sb_agents"": 32, ""sb_alpha_floor"": 0.19397546899179888, ""sb_dt"": 1.4232321618458184, ""sb_eta"": 0.0965605178058406, ""sb_eta_mu"": 4.719399631690194, ""sb_heat"": 0.0125536250820598, ""sb_steps"": 1432, ""sb_tau_frac"": 0.9386113363824448, ""sb_variant"": ""ballistic"", ""sb_warm"": 0.10136029824871645, ""sb_xi"": 0.07953090488826875, ""start"": ""lp""}",1.0,0,6.0,3.0,49,27.135133385133408,170214.0,170214.0,"[21.83275058275052, 21.949624449624448, 22.171798109298134, 21.46552059052059, 20.70478826728833, 20.57517482517484, 21.755714193214256, 21.33966265216269, 26.244042994043085, 25.10538073038083, 22.83912846412845, 22.5626780626781, 21.953007640507664, 21.255795130795153, 20.643599456099487, 20.477936415436456, 21.609395234395272, 21.574786324786345, 20.814831002331072, 22.25663688163697, 22.021982646982654, 20.67341686091689, 20.828719891219897, 21.224488474488513, 21.840439652939708, 21.96314102564108, 27.247927997927885, 26.959595959595926, 27.109816109816116, 25.17454998704995, 22.440786065786114, 20.32541763791763, 22.176217301217324, 20.83179551929558, 22.59241452991452, 21.258093758093807, 19.26906889406887, 20.129386816886875, 21.23240416990421, 21.66126003626001, 23.00709013209015, 22.133708883708895, 20.64334045584047, 19.128949753949783, 18.188552188552205, 17.173708236208252, 17.714840714840726, 17.620354182854218, 17.599116161616173]","[0.963, 0.974, 0.972, 0.958, 0.961, 0.96, 0.955, 0.981, 0.971, 0.966, 0.975, 0.959, 0.957, 0.956, 0.957, 0.971, 0.956, 0.956, 0.958, 0.958, 0.957, 0.96, 0.958, 0.956, 0.972, 0.98, 0.968, 0.957, 0.963, 0.968, 0.968, 0.975, 0.979, 0.978, 0.971, 0.979, 0.96, 0.957, 0.95, 0.969, 0.973, 0.975, 0.976, 0.961, 0.964, 0.959, 0.956, 0.961, 0.952]","[3191, 3391, 3274, 3145, 3000, 2894, 3005, 3181, 3545, 3668, 3271, 3151, 3192, 3163, 3067, 2869, 3023, 3323, 3274, 3253, 3167, 2963, 3044, 3045, 3089, 3251, 3660, 3994, 3853, 3601, 3165, 2909, 2944, 2941, 2938, 2846, 2577, 2656, 3028, 3248, 3376, 3203, 2820, 2614, 2497, 2498, 2572, 1754, 443]","[6210.8, 8855.5, 5900.3, 6129.0, 5000.8, 5414.5, 5521.3, 6108.0, 5384.8, 7888.5, 4870.3, 4168.0, 5554.8, 4898.5, 5108.3, 5409.0, 5416.8, 7454.5, 5767.3, 4454.0, 6733.8, 5639.5, 4403.3, 5657.0, 6273.8, 6681.5, 5419.3, 7700.0, 5694.8, 5800.5, 4373.3, 3554.0, 4079.8, 6732.5, 3992.3, 6174.0, 3872.8, 4035.5, 6211.3, 6953.0, 6138.8, 7191.5, 5073.3, 4153.0, 4360.8, 4709.5, 4625.3, 3996.0, 648.0]","[126, 144, 162, 180, 198, 216, 234, 252, 270, 288, 306, 324, 342, 360, 378, 396, 414, 432, 450, 468, 486, 504, 522, 540, 558, 576, 594, 612, 630, 648, 666, 684, 702, 720, 738, 756, 774, 792, 810, 828, 846, 864, 882, 900, 918, 936, 954, 972, 990]","[21.949624449624448, 22.171798109298134, 21.465520590520594, 20.66409285159289, 20.57517482517484, 21.755714193214263, 21.335955710955705, 26.05714193214198, 25.074268324268353, 22.83912846412845, 22.562678062678106, 21.95300764050766, 21.25579513079515, 20.62069412069424, 20.459709272209288, 21.609395234395276, 21.57478632478634, 20.814831002331072, 22.25663688163697, 22.021982646982654, 20.673416860916895, 20.828719891219897, 21.210534835534837, 21.840439652939708, 21.96314102564108, 27.135133385133408, 26.955484330484317, 27.091621341621288, 25.17454998704995, 22.440786065786117, 20.321225071225122, 22.176217301217324, 20.83179551929558, 22.57192113442108, 21.258093758093807, 19.192550505050512, 20.093968531468565, 21.194055944056046, 21.659333721833743, 23.007090132090145, 22.13170163170166, 20.62844794094797, 19.123381248381264, 18.145299145299145, 17.173708236208256, 17.714840714840722, 17.620354182854218, 17.599116161616173]",0,0.981,ok,roll_sb_b1
cd2e722dec1ba1b5,2026-10-01T22:54:09,roll,full_Region7_s0.2,sb,ising,8c225c7f66,"{""sb_agents"": 32, ""sb_alpha_floor"": 0.19397546899179888, ""sb_dt"": 1.4232321618458184, ""sb_eta"": 0.0965605178058406, ""sb_eta_mu"": 4.719399631690194, ""sb_heat"": 0.0125536250820598, ""sb_steps"": 1432, ""sb_tau_frac"": 0.9386113363824448, ""sb_variant"": ""ballistic"", ""sb_warm"": 0.10136029824871645, ""sb_xi"": 0.07953090488826875, ""start"": ""lp""}",1.0,0,6.0,3.0,49,28.182352369852378,170213.0,170213.0,"[23.060962185962218, 23.321597384097487, 23.349294224294326, 22.187467624967674, 21.937823750323833, 21.76507057757066, 23.21511590261595, 23.746632996632975, 26.75963157213158, 25.338950401450443, 23.0298497798498, 23.227110852110908, 21.885473322973404, 20.491080678580733, 19.849925537425584, 20.232339419839466, 22.033572908572932, 21.803936803936814, 21.344972157472167, 21.5584531209532, 21.24087024087031, 20.76905270655278, 19.566903004403034, 20.07465682465682, 22.12438487438488, 21.91762173012164, 26.23012173012174, 28.182352369852378, 27.684990934990925, 25.822876197876163, 22.60900673400673, 20.98264698264701, 20.923837736337724, 20.087056462056537, 22.1108035483035, 21.935557498057527, 20.209693084693182, 21.454610204610265, 21.52214452214457, 22.010813260813254, 23.464614089614034, 22.51957070707072, 21.35154428904432, 19.522613960113954, 18.7959563584564, 18.115854053354145, 17.783750971250996, 17.122847060347052, 17.075320512820504]","[0.957, 0.967, 0.977, 0.961, 0.965, 0.966, 0.978, 0.97, 0.969, 0.972, 0.961, 0.959, 0.968, 0.957, 0.977, 0.96, 0.965, 0.97, 0.956, 0.981, 0.961, 0.962, 0.975, 0.965, 0.975, 0.973, 0.971, 0.974, 0.962, 0.981, 0.958, 0.958, 0.981, 0.951, 0.98, 0.957, 0.958, 0.966, 0.974, 0.98, 0.98, 0.968, 0.951, 0.962, 0.962, 0.972, 0.97, 0.956, 0.95]","[3221, 3547, 3469, 3296, 3117, 3033, 3150, 3420, 3716, 3691, 3245, 3109, 3175, 3094, 2888, 2794, 3110, 3292, 3292, 3347, 3154, 2967, 2890, 2859, 3185, 3311, 3564, 4035, 4033, 3566, 3194, 3125, 3103, 3065, 3101, 3080, 2796, 2896, 3238, 3445, 3595, 3403, 2927, 2646, 2603, 2709, 2722, 1767, 426]","[6161.7, 8709.4, 6280.2, 5841.9, 4377.6, 5594.4, 5829.1, 6682.9, 5936.6, 7537.4, 4320.1, 4065.8, 5762.6, 4558.3, 4499.1, 5176.8, 5730.6, 6963.3, 5019.0, 5262.8, 5855.5, 4713.3, 5429.0, 4562.8, 6255.5, 7785.2, 5455.0, 7465.7, 6197.5, 6251.2, 3581.9, 4422.7, 3901.4, 5897.2, 4476.9, 6687.7, 4274.4, 4123.1, 6135.9, 5960.6, 6238.4, 7298.1, 4837.9, 4793.6, 3820.3, 5317.1, 5258.8, 3186.0, 278.0]","[126, 144, 162, 180, 198, 216, 234, 252, 270, 288, 306, 324, 342, 360, 378, 396, 414, 432, 450, 468, 486, 504, 522, 540, 558, 576, 594, 612, 630, 648, 666, 684, 702, 720, 738, 756, 774, 792, 810, 828, 846, 864, 882, 900, 918, 936, 954, 972, 990]","[23.321597384097487, 23.349294224294326, 22.187467624967677, 21.913914788914838, 21.76507057757066, 23.21511590261595, 23.653150090650122, 26.759631572131582, 25.318716006216025, 23.026693214193248, 23.227110852110908, 21.885473322973404, 20.46858003108006, 19.849925537425584, 20.219081844081906, 22.033572908572932, 21.799776612276588, 21.344972157472167, 21.514908702408743, 21.239380989381065, 20.74020655270661, 19.566903004403034, 20.07161357161359, 22.113506863506853, 21.91762173012164, 26.21000064750062, 28.182352369852378, 27.684990934990925, 25.81521950271954, 22.60900673400673, 20.98264698264701, 20.909689847189885, 20.087056462056537, 22.1108035483035, 21.92921199171198, 19.95388176638179, 21.436642061642054, 21.522144522144565, 22.010813260813254, 23.46286583786588, 22.51957070707072, 21.35065397565397, 19.522613960113958, 18.793803418803485, 18.115854053354145, 17.75887075887081, 17.122847060347052, 17.075320512820507]",0,0.981,ok,roll_sb_b1
41c0858b74e11ea7,2026-10-01T22:54:57,roll,full_Region7_s0.3,sb,ising,8c225c7f66,"{""sb_agents"": 32, ""sb_alpha_floor"": 0.19397546899179888, ""sb_dt"": 1.4232321618458184, ""sb_eta"": 0.0965605178058406, ""sb_eta_mu"": 4.719399631690194, ""sb_heat"": 0.0125536250820598, ""sb_steps"": 1432, ""sb_tau_frac"": 0.9386113363824448, ""sb_variant"": ""ballistic"", ""sb_warm"": 0.10136029824871645, ""sb_xi"": 0.07953090488826875, ""start"": ""lp""}",1.0,0,6.0,3.0,49,26.156937969437998,170205.0,170205.0,"[20.446856384356426, 20.46327052577056, 21.618120305620366, 21.62558275058278, 20.862988862988924, 20.243217430717447, 23.60005503755505, 23.141122766122812, 24.694234006734003, 23.126197876197885, 21.231400543900588, 22.861548174048256, 22.17254273504282, 20.947601010101096, 20.004710567210513, 20.202975265475317, 21.541601916601984, 21.556300181300244, 21.155286842786907, 21.69564232064237, 20.911616161616212, 20.133433695933736, 19.73052641802648, 19.2940947940948, 22.09312678062682, 22.301670551670547, 25.145703833203854, 26.162506475006474, 25.78017353017352, 24.223161098162997, 22.642126392126393, 20.864688552188586, 22.390960890960894, 21.950773763273837, 21.2644392644393, 20.48502654752658, 19.56954156954159, 19.737503237503233, 20.505115255115292, 20.692534317534328, 22.08176314426315, 21.677334239834213, 21.122280497280524, 19.698669386169374, 18.532423594923593, 18.208899896399938, 20.26919839419843, 20.26919839419843, 18.16779979279982]","[0.962, 0.979, 0.973, 0.953, 0.953, 0.972, 0.951, 0.979, 0.972, 0.979, 0.96, 0.98, 0.963, 0.958, 0.954, 0.965, 0.964, 0.956, 0.981, 0.975, 0.967, 0.971, 0.96, 0.974, 0.956, 0.979, 0.979, 0.981, 0.978, 0.981, 0.98, 0.973, 0.969, 0.953, 0.966, 0.956, 0.958, 0.965, 0.952, 0.967, 0.971, 0.974, 0.967, 0.974, 0.969, 0.956, 0.959, 0.958, 0.951]","[2967, 3146, 3185, 3142, 2972, 2911, 3058, 3251, 3560, 3482, 2997, 3004, 3107, 3011, 2886, 2813, 2981, 3183, 3193, 3284, 3216, 2913, 2853, 2753, 2934, 3201, 3459, 3872, 3940, 3645, 3175, 2942, 3006, 3061, 2973, 2792, 2615, 2711, 2930, 3116, 3356, 3262, 2783, 2560, 2475, 2498, 2669, 1803, 435]","[6207.6, 8762.4, 5668.1, 7168.8, 5513.6, 5416.3, 5191.0, 7482.8, 5642.5, 6584.3, 4311.0, 4061.7, 6207.5, 4648.2, 4858.9, 5152.7, 5124.4, 6921.2, 5585.9, 5319.6, 6306.4, 4830.1, 4930.8, 5146.6, 4996.3, 7001.0, 5357.8, 7434.5, 6956.3, 5608.0, 4713.7, 4460.5, 4232.2, 5895.9, 5391.7, 4783.4, 5007.1, 4653.9, 5987.6, 6622.4, 6049.1, 6684.8, 5399.6, 5191.3, 4264.0, 4146.8, 5233.5, 4667.0, 237.0]","[126, 144, 162, 180, 198, 216, 234, 252, 270, 288, 306, 324, 342, 360, 378, 396, 414, 432, 450, 468, 486, 504, 522, 540, 558, 576, 594, 612, 630, 648, 666, 684, 702, 720, 738, 756, 774, 792, 810, 828, 846, 864, 882, 900, 918, 936, 954, 972, 990]","[20.463270525770557, 21.60649766899773, 21.62558275058278, 20.860236985236988, 20.238506863506927, 23.60005503755505, 23.141122766122816, 24.694234006734003, 23.116129241129187, 21.19917119917126, 22.837979150479146, 22.153198653198753, 20.947601010101096, 19.998624061124087, 20.202975265475317, 21.541601916601984, 21.552366614866667, 21.155286842786907, 21.69564232064237, 20.911616161616216, 20.13343369593374, 19.73052641802648, 19.291569541569572, 22.06339031339031, 22.285337347837412, 25.094761719761735, 26.156937969437998, 25.769441206941156, 24.223161098162997, 22.642126392126393, 20.864688552188586, 22.390960890960894, 21.950773763273837, 21.264439264439297, 20.485026547526584, 19.563196063196063, 19.718385780885782, 20.494755244755257, 20.674566174566202, 22.08176314426315, 21.67733423983421, 21.122280497280524, 19.698669386169374, 18.532423594923593, 18.182724682724697, 20.195917508417562, 20.26919839419843, 18.16779979279982]",0,0.981,ok,roll_sb_b1
20ac17882f439d92,2026-10-01T22:55:44,roll,full_Region6_s0,sb,ising,8c225c7f66,"{""sb_agents"": 32, ""sb_alpha_floor"": 0.19397546899179888, ""sb_dt"": 1.4232321618458184, ""sb_eta"": 0.0965605178058406, ""sb_eta_mu"": 4.719399631690194, ""sb_heat"": 0.0125536250820598, ""sb_steps"": 1432, ""sb_tau_frac"": 0.9386113363824448, ""sb_variant"": ""ballistic"", ""sb_warm"": 0.10136029824871645, ""sb_xi"": 0.07953090488826875, ""start"": ""lp""}",1.0,0,6.0,3.0,49,26.855558793058712,170204.0,170207.0,"[22.139568764568764, 22.196225071225047, 23.10321160321156, 23.029704092204234, 21.331941206941263, 23.693424630924675, 24.685363247863155, 23.428111240611187, 22.533119658119602, 23.54305879305881, 22.18494237244238, 21.09421134421122, 21.085599585599656, 19.90331196581187, 19.903538591038647, 19.13655788655786, 20.071613571613582, 20.800456487956495, 19.94389406889408, 19.686415436415444, 19.385942760942804, 20.68725718725726, 21.339436026936095, 20.930215617715582, 22.465957653457696, 21.394829707329738, 20.905270655270687, 20.958770396270264, 22.275641025641043, 21.27836052836044, 20.38660644910633, 20.936496373996377, 22.74103211603208, 23.174566174566202, 23.530173530173542, 25.298918673918656, 26.52204739704739, 26.855558793058705, 24.954674954674953, 21.391527454027447, 20.449203574203477, 20.13194444444447, 18.822244884744773, 18.52088189588179, 17.363765863765863, 16.700110075110075, 15.915873478373522, 15.855056980056974, 15.629176379176396]","[0.962, 0.973, 0.964, 0.963, 0.962, 0.961, 0.955, 0.966, 0.961, 0.961, 0.958, 0.955, 0.961, 0.962, 0.962, 0.974, 0.972, 0.95, 0.959, 0.959, 0.959, 0.969, 0.981, 0.958, 0.959, 0.963, 0.958, 0.959, 0.955, 0.981, 0.962, 0.957, 0.953, 0.958, 0.96, 0.958, 0.975, 0.971, 0.956, 0.975, 0.96, 0.981, 0.963, 0.953, 0.972, 0.957, 0.956, 0.953, 0.951]","[2356, 2478, 2529, 2540, 2332, 2222, 2215, 2089, 2094, 2240, 2203, 2106, 2213, 2263, 2175, 2083, 2181, 2355, 2322, 2289, 2250, 2251, 2293, 2200, 2202, 2238, 2211, 2276, 2346, 2277, 2214, 2213, 2415, 2555, 2580, 2760, 2860, 2801, 2443, 2003, 1983, 2057, 1971, 1935, 1854, 1703, 1654, 1126, 287]","[6161.7, 8881.4, 5791.2, 6065.9, 5536.6, 3822.4, 6641.1, 5676.9, 5212.6, 5134.4, 6210.1, 4163.8, 5192.6, 5441.3, 4916.1, 5760.8, 5031.5, 6371.3, 6557.0, 5073.8, 5990.5, 5557.3, 6889.0, 5951.7, 5499.5, 6521.2, 5345.0, 5150.7, 5940.5, 6811.2, 4631.9, 4806.7, 6161.4, 6956.2, 6281.9, 6148.6, 7033.4, 6932.1, 5855.9, 4212.6, 3472.4, 5516.1, 4986.8, 4515.6, 5152.3, 5120.1, 5088.8, 3173.0, 568.0]","[126, 144, 162, 180, 198, 216, 234, 252, 270, 288, 306, 324, 342, 360, 378, 396, 414, 432, 450, 468, 486, 504, 522, 540, 558, 576, 594, 612, 630, 648, 666, 684, 702, 720, 738, 756, 774, 792, 810, 828, 846, 864, 882, 900, 918, 936, 954, 972, 990]","[22.135635198135216, 23.056429681429655, 23.009874384874546, 21.331941206941263, 23.623624061124058, 24.52292152292155, 23.40167702667707, 22.533119658119606, 23.536373348873365, 22.171943796943786, 21.022112147112157, 21.04917767417772, 19.90331196581187, 19.881151256151362, 19.13655788655786, 20.060476560476555, 20.798416860916905, 19.934909997410056, 19.686415436415444, 19.385942760942804, 20.68725718725726, 21.339436026936095, 20.930215617715582, 22.465957653457696, 21.394829707329738, 20.905270655270684, 20.95687645687641, 22.275641025641043, 21.27836052836044, 20.38660644910633, 20.936496373996377, 22.7274831649835, 23.174566174566205, 23.530173530173535, 25.29891867391866, 26.48220991970984, 26.85555879305871, 24.954674954674953, 21.391527454027443, 20.449203574203477, 20.112195674695688, 18.805086117586125, 18.52088189588179, 17.340892903392948, 16.700110075110075, 15.876295001294974, 15.855056980056972, 15.629176379176396]",0,0.981,ok,roll_sb_b1
d087f6867b0595bc,2026-10-01T22:56:31,roll,full_Region6_s0.1,sb,ising,8c225c7f66,"{""sb_agents"": 32, ""sb_alpha_floor"": 0.19397546899179888, ""sb_dt"": 1.4232321618458184, ""sb_eta"": 0.0965605178058406, ""sb_eta_mu"": 4.719399631690194, ""sb_heat"": 0.0125536250820598, ""sb_steps"": 1432, ""sb_tau_frac"": 0.9386113363824448, ""sb_variant"": ""ballistic"", ""sb_warm"": 0.10136029824871645, ""sb_xi"": 0.07953090488826875, ""start"": ""lp""}",1.0,0,6.0,3.0,49,25.156873219373285,170205.0,170212.0,"[19.729037166537196, 19.39845571095575, 20.318359880859894, 21.15996503496506, 20.283200595700617, 22.128431753431805, 22.128431753431805, 23.64701502201495, 22.634437321937327, 22.001084563584484, 19.25569800569803, 18.46451696451698, 18.64180264180265, 19.167929292928584, 18.58328477078477, 18.55937580937583, 19.216232841232838, 20.173675861175816, 19.521383708883736, 18.218175343175393, 19.07444638694649, 19.2901936026938, 18.431769619269655, 17.74810606060608, 18.33438552188555, 18.27620758870764, 19.38961732711731, 19.76597707847706, 19.935055685055563, 19.727920227920283, 19.25741388241382, 19.358100233100263, 21.87284706034704, 21.75195868945867, 21.93099261849256, 23.11509324009327, 24.552253302253238, 25.156873219373285, 23.442113442113428, 20.65473646723645, 21.178192178192226, 20.301654364154338, 19.517822455322495, 18.18631831131833, 18.38228438228432, 17.991517741517768, 15.331374643874673, 14.515685703185708, 14.51123413623413]","[0.968, 0.953, 0.958, 0.957, 0.964, 0.957, 0.977, 0.957, 0.957, 0.958, 0.955, 0.971, 0.965, 0.955, 0.956, 0.957, 0.981, 0.966, 0.963, 0.962, 0.954, 0.965, 0.956, 0.955, 0.952, 0.96, 0.963, 0.961, 0.958, 0.962, 0.966, 0.959, 0.962, 0.974, 0.979, 0.951, 0.957, 0.962, 0.98, 0.961, 0.963, 0.96, 0.958, 0.973, 0.957, 0.957, 0.959, 0.954, 0.952]","[2139, 2199, 2205, 2353, 2316, 2140, 2014, 2021, 2068, 2060, 1948, 1907, 2038, 2166, 2139, 2042, 2132, 2251, 2234, 2062, 2028, 2132, 1998, 1928, 1977, 2001, 2134, 2234, 2211, 2095, 1994, 2086, 2253, 2277, 2286, 2420, 2495, 2563, 2333, 1856, 1859, 1967, 1876, 1803, 1661, 1539, 1506, 964, 220]","[6195.7, 8851.4, 5313.1, 6360.9, 6966.6, 4751.4, 6951.1, 5597.8, 6594.6, 5170.3, 5188.1, 4103.8, 5189.5, 5967.3, 5732.0, 4918.8, 5843.5, 6220.2, 6519.0, 5048.7, 4518.4, 5732.2, 6066.9, 4978.7, 5266.4, 6171.1, 5579.9, 6460.6, 6075.4, 6076.1, 5648.8, 4812.6, 5946.3, 7363.1, 5886.8, 5971.5, 6793.3, 6878.0, 6034.8, 4371.5, 3673.2, 5712.0, 5058.7, 5246.5, 5045.2, 5400.9, 4439.7, 1979.0, 111.0]","[126, 144, 162, 180, 198, 216, 234, 252, 270, 288, 306, 324, 342, 360, 378, 396, 414, 432, 450, 468, 486, 504, 522, 540, 558, 576, 594, 612, 630, 648, 666, 684, 702, 720, 738, 756, 774, 792, 810, 828, 846, 864, 882, 900, 918, 936, 954, 972, 990]","[19.398455710955755, 20.313163688163637, 21.159965034965065, 20.283200595700617, 22.102483164983216, 22.128431753431805, 23.623510748510743, 22.634437321937334, 21.96581196581196, 19.25569800569803, 18.439976689976717, 18.64180264180265, 19.167929292928577, 18.581504144004143, 18.51887464387466, 19.180555555555568, 20.173675861175816, 19.512286324786306, 18.218175343175393, 19.020574333074357, 19.2901936026938, 18.43087930587924, 17.74810606060608, 18.228422040922048, 18.25675019425018, 19.3779623154623, 19.76597707847706, 19.93505568505556, 19.727920227920283, 19.257154882154865, 19.240336052835993, 21.63675213675216, 21.75195868945868, 21.88558663558661, 23.081309893809856, 24.550213675213705, 25.156873219373285, 23.38385457135462, 20.65473646723645, 21.060168997669045, 20.301654364154338, 19.517822455322495, 18.18631831131833, 18.38228438228432, 17.98862017612021, 15.331374643874673, 14.515685703185708, 14.51123413623413]",0,0.981,ok,roll_sb_b1
29f152a37f911ad0,2026-10-01T22:57:18,roll,full_Region6_s0.2,sb,ising,8c225c7f66,"{""sb_agents"": 32, ""sb_alpha_floor"": 0.19397546899179888, ""sb_dt"": 1.4232321618458184, ""sb_eta"": 0.0965605178058406, ""sb_eta_mu"": 4.719399631690194, ""sb_heat"": 0.0125536250820598, ""sb_steps"": 1432, ""sb_tau_frac"": 0.9386113363824448, ""sb_variant"": ""ballistic"", ""sb_warm"": 0.10136029824871645, ""sb_xi"": 0.07953090488826875, ""start"": ""lp""}",1.0,0,6.0,3.0,49,25.95875420875424,170217.0,170217.0,"[20.716734654234752, 21.61169386169387, 21.626505439005477, 22.38275382025385, 20.845279720279795, 23.06415112665117, 23.37802706552715, 25.00691206941207, 24.52139989639992, 24.144295519295476, 22.377476689976685, 20.1114510489511, 20.03203509453515, 21.013128075628117, 20.688519813519825, 20.37627881377881, 21.168058793058844, 22.320496632996576, 20.917038979538994, 20.128156565656553, 19.729296166796168, 19.739542864542894, 19.85236985236984, 22.178289303289176, 22.079723517223623, 21.55897112147119, 20.989769489769476, 21.31021756021761, 20.546506734006726, 20.874417249417135, 19.955112017611984, 20.619868557368534, 22.698669386169428, 23.01529720279715, 24.4902551152552, 25.050650738150715, 25.98306785806779, 25.91872248122247, 24.215957653457682, 21.144263144263228, 21.447406759906738, 21.817340067340073, 21.897241647241643, 20.88655788655761, 19.740773115773113, 18.28430134680136, 17.54487179487179, 16.962121212121183, 16.946451696451668]","[0.956, 0.971, 0.956, 0.955, 0.975, 0.965, 0.955, 0.975, 0.956, 0.958, 0.968, 0.971, 0.957, 0.961, 0.966, 0.957, 0.956, 0.962, 0.979, 0.972, 0.965, 0.958, 0.958, 0.957, 0.981, 0.958, 0.966, 0.98, 0.961, 0.961, 0.958, 0.957, 0.962, 0.957, 0.958, 0.966, 0.969, 0.98, 0.955, 0.96, 0.958, 0.958, 0.954, 0.957, 0.961, 0.957, 0.95, 0.954, 0.951]","[2243, 2421, 2447, 2412, 2240, 2178, 2142, 2079, 2266, 2381, 2177, 1994, 2110, 2318, 2266, 2186, 2317, 2438, 2395, 2281, 2231, 2254, 2191, 2228, 2312, 2311, 2353, 2447, 2458, 2268, 2116, 2196, 2486, 2518, 2588, 2870, 2907, 2763, 2415, 2086, 2152, 2230, 2257, 2201, 1917, 1784, 1756, 1128, 266]","[6157.8, 8627.5, 6392.3, 5930.0, 6181.8, 3666.5, 6136.3, 5748.0, 5895.8, 5326.5, 5091.3, 3538.1, 4616.8, 5299.6, 6699.3, 5381.1, 5494.8, 6159.6, 6365.3, 4874.1, 5316.8, 5328.6, 5371.3, 5759.1, 6383.8, 5697.6, 5653.3, 5455.1, 6154.9, 4907.6, 5796.4, 5346.1, 6462.9, 7260.6, 6314.4, 7232.1, 6260.9, 6253.6, 5680.4, 4231.1, 4386.9, 6027.6, 6163.4, 5806.1, 4694.9, 4881.6, 4798.4, 3090.0, 552.0]","[126, 144, 162, 180, 198, 216, 234, 252, 270, 288, 306, 324, 342, 360, 378, 396, 414, 432, 450, 468, 486, 504, 522, 540, 558, 576, 594, 612, 630, 648, 666, 684, 702, 720, 738, 756, 774, 792, 810, 828, 846, 864, 882, 900, 918, 936, 954, 972, 990]","[21.611693861693865, 21.62650543900546, 22.38275382025385, 20.845279720279795, 22.9337606837607, 23.37802706552715, 24.95682789432792, 24.52139989639992, 24.144295519295476, 22.377476689976685, 20.1114510489511, 19.975977725977668, 21.01212444962444, 20.672073297073258, 20.32277907277908, 21.083851333851346, 22.062937062937046, 20.917038979538994, 20.124109686609657, 19.67757705257703, 19.73954286454289, 19.82174307174303, 22.168269230769283, 22.079723517223623, 21.51568570318571, 20.989769489769476, 21.30516705516709, 20.546506734006726, 20.83380277130279, 19.955112017611984, 20.60580160580159, 22.638079513079564, 23.000663688163698, 24.4902551152552, 24.98107679357685, 25.95875420875424, 25.91872248122247, 24.210939523439524, 21.090423465423473, 21.430587930587954, 21.817340067340073, 21.897241647241643, 20.886557886557615, 19.713820901320883, 18.28430134680136, 17.54487179487179, 16.962121212121183, 16.94645169645167]",0,0.981,ok,roll_sb_b1
0d1449e2d7b91376,2026-10-01T22:58:05,roll,full_Region6_s0.3,sb,ising,8c225c7f66,"{""sb_agents"": 32, ""sb_alpha_floor"": 0.19397546899179888, ""sb_dt"": 1.4232321618458184, ""sb_eta"": 0.0965605178058406, ""sb_eta_mu"": 4.719399631690194, ""sb_heat"": 0.0125536250820598, ""sb_steps"": 1432, ""sb_tau_frac"": 0.9386113363824448, ""sb_variant"": ""ballistic"", ""sb_warm"": 0.10136029824871645, ""sb_xi"": 0.07953090488826875, ""start"": ""lp""}",1.0,0,6.0,3.0,49,26.331471768971877,170190.0,170191.0,"[21.100006475006502, 20.663979538979596, 21.81607744107745, 22.958818958818963, 21.196386946386976, 21.367618492618558, 23.916148666148725, 22.956034706034732, 22.672089484589574, 21.973128723128784, 20.767790080290133, 18.941158378658432, 20.3422364672365, 19.847659285159345, 19.23546361046359, 19.623785936285966, 21.3078056203056, 20.841297591297607, 19.388095700595695, 18.73324592074597, 17.959320771820813, 17.99800893550897, 18.389892514892562, 19.798465423465476, 19.99070836570839, 19.540096477596553, 19.085583398083397, 19.86812030562033, 19.651482776482798, 19.869042994043014, 20.065300440300458, 19.617278554778547, 20.32975589225581, 21.163639601139597, 21.93028036778035, 24.951113701113595, 26.270881895881885, 26.331471768971873, 24.513791763791748, 22.316223128723124, 21.150462962963, 21.136056073556105, 19.608262108262117, 18.583624708624743, 18.21877428127426, 17.298271173271196, 17.3750161875162, 16.772953897953784, 16.64505633255628]","[0.958, 0.966, 0.961, 0.962, 0.96, 0.956, 0.98, 0.969, 0.962, 0.954, 0.962, 0.955, 0.953, 0.964, 0.959, 0.96, 0.956, 0.954, 0.96, 0.963, 0.955, 0.953, 0.962, 0.961, 0.959, 0.976, 0.96, 0.963, 0.96, 0.963, 0.954, 0.957, 0.97, 0.959, 0.98, 0.97, 0.966, 0.977, 0.971, 0.966, 0.965, 0.969, 0.966, 0.957, 0.964, 0.96, 0.962, 0.954, 0.951]","[2330, 2369, 2309, 2454, 2287, 2139, 2136, 2029, 2235, 2372, 2168, 2047, 2109, 2264, 2183, 2022, 2187, 2264, 2142, 2099, 2001, 2034, 2065, 2074, 2209, 2191, 2124, 2147, 2158, 2098, 2030, 2128, 2304, 2357, 2442, 2757, 2905, 2757, 2462, 2068, 2047, 2107, 1989, 1860, 1713, 1676, 1676, 1084, 251]","[6160.7, 8758.5, 5280.2, 6589.0, 7347.7, 3804.4, 6125.2, 7256.9, 4988.7, 6041.4, 5227.2, 4898.9, 4783.7, 6091.4, 5759.2, 4970.9, 5955.7, 7343.4, 5081.1, 4714.9, 4818.6, 4984.4, 5713.1, 6435.9, 6996.6, 5864.4, 4998.1, 5593.9, 6048.6, 6229.4, 6198.1, 6067.8, 5377.6, 6270.3, 6509.1, 6551.8, 7724.6, 6672.3, 5782.1, 4098.8, 4529.6, 5339.3, 5615.1, 4385.8, 4941.5, 5485.3, 5016.0, 4025.0, 206.0]","[126, 144, 162, 180, 198, 216, 234, 252, 270, 288, 306, 324, 342, 360, 378, 396, 414, 432, 450, 468, 486, 504, 522, 540, 558, 576, 594, 612, 630, 648, 666, 684, 702, 720, 738, 756, 774, 792, 810, 828, 846, 864, 882, 900, 918, 936, 954, 972, 990]","[20.663979538979596, 21.77520396270397, 22.908961408961442, 21.144036519036646, 21.362049987050018, 23.91614866614873, 22.956034706034732, 22.672089484589574, 21.958867521367562, 20.759728697228727, 18.941158378658432, 20.3422364672365, 19.827538202538282, 19.233310670810695, 19.61951243201243, 21.28062678062683, 20.841297591297607, 19.387351074851075, 18.732242294742314, 17.95932077182081, 17.99760424760417, 18.389892514892562, 19.798465423465476, 19.990708365708386, 19.506345506345532, 19.078897953897943, 19.843434343434303, 19.6514827764828, 19.869042994043017, 20.06481481481471, 19.617278554778547, 20.273326210826205, 21.163639601139597, 21.879305879305885, 24.90344146594146, 26.267984330484335, 26.331471768971873, 24.503804066304017, 22.316223128723127, 21.10011978761972, 21.092204092204156, 19.608262108262117, 18.577942890442877, 18.2173659673659, 17.272063584563554, 17.361985236985248, 16.772953897953784, 16.645056332556276]",0,0.98,ok,roll_sb_b1
f6577b545f801874,2026-10-01T22:58:53,roll,full_Region7_s0,mq,ising,385270182f,"{""mq_dt"": 0.7526220409196414, ""mq_iters"": 122, ""mq_ksamp"": 2, ""mq_nmax"": 774, ""mq_pen"": 0.03305178151743325, ""mq_q"": 4, ""mq_reads"": 16, ""mq_solver"": ""mq_dsb"", ""mq_xi"": 0.9749475667194528, ""start"": ""lp""}",1.0,0,6.0,3.0,49,28.10408572908572,170204.0,170204.0,"[21.905707718207744, 21.551476301476384, 23.550747863247928, 22.395007770007783, 23.108003108003125, 22.366679616679644, 23.41817210567216, 24.47162328412335, 26.323976948976956, 25.046684796684758, 22.823717948717906, 22.674355736855752, 21.976139601139653, 21.354959854960025, 22.587105024605062, 21.38510101010111, 24.024783087283076, 24.024783087283073, 21.487503237503258, 22.20253820253831, 21.051589614089696, 21.266673141673152, 20.75628075628075, 21.230251230251287, 24.977774540274538, 23.985172235172247, 25.920179357679352, 27.8221801346802, 28.108618233618284, 25.64387464387447, 22.65248640248644, 20.987697487697517, 21.956423206423274, 21.42568311318316, 22.306753431753513, 21.40957653457657, 19.692469567469626, 20.504483941983935, 22.000679875679914, 21.76406695156697, 23.21511590261591, 22.509065009065033, 21.441093628593656, 20.4267353017353, 19.354797979798004, 19.662846412846445, 19.680328930328965, 19.057773245273278, 18.976430976431004]","[1.004, 0.913, 0.956, 0.909, 0.966, 0.975, 0.949, 0.968, 0.953, 0.952, 0.955, 0.928, 0.904, 0.929, 1.01, 0.946, 0.946, 1.019, 0.92, 0.915, 0.938, 0.994, 0.914, 1.017, 0.973, 0.935, 0.913, 1.035, 1.04, 1.021, 0.991, 0.932, 0.921, 0.904, 1.009, 0.94, 0.921, 0.954, 0.944, 0.929, 0.909, 0.996, 0.977, 0.931, 0.995, 0.903, 0.924, 0.93, 0.9]","[3096, 3238, 3212, 3177, 3145, 3100, 3118, 3366, 3790, 3595, 3107, 3093, 3115, 3089, 3074, 2977, 3069, 3327, 3381, 3356, 3178, 2964, 2907, 2921, 3218, 3349, 3493, 3895, 3912, 3528, 3192, 3074, 3076, 3076, 3037, 2957, 2766, 2825, 3210, 3451, 3518, 3326, 2900, 2703, 2586, 2636, 2767, 1818, 416]","[6209.7, 8747.4, 4740.2, 6902.9, 4686.7, 6069.4, 4959.2, 6191.9, 6618.7, 6918.4, 4247.1, 4123.9, 5516.6, 4822.4, 5124.1, 6697.9, 4445.6, 6464.4, 4832.1, 4610.8, 6122.6, 4364.3, 5531.1, 4829.8, 6150.6, 7873.3, 4385.1, 6452.8, 6738.5, 6071.3, 4075.0, 4333.8, 4109.5, 6447.3, 4905.0, 6694.7, 4681.5, 4396.2, 5873.0, 7228.7, 5665.5, 6969.2, 4854.0, 5085.7, 4762.4, 4838.2, 5637.9, 3562.0, 139.0]","[126, 144, 162, 180, 198, 216, 234, 252, 270, 288, 306, 324, 342, 360, 378, 396, 414, 432, 450, 468, 486, 504, 522, 540, 558, 576, 594, 612, 630, 648, 666, 684, 702, 720, 738, 756, 774, 792, 810, 828, 846, 864, 882, 900, 918, 936, 954, 972, 990]","[21.54668479668488, 23.550747863247924, 22.395007770007783, 23.08472545972547, 22.36667961667964, 23.374206811706898, 24.46723646723657, 26.313843563843633, 25.046684796684758, 22.823717948717903, 22.674355736855752, 21.97613960113965, 21.308954933954936, 22.587105024605062, 21.38510101010111, 23.835437710437734, 24.024783087283073, 21.48408767158768, 22.197309634809667, 21.051589614089696, 21.266673141673152, 20.75628075628075, 21.20533864283867, 24.972432659932736, 23.98517223517225, 25.86797461797466, 27.822180134680202, 28.10408572908572, 25.634340196840245, 22.65248640248644, 20.95334757834757, 21.91061253561257, 21.425683113183165, 22.288898601398618, 21.399507899507977, 19.692469567469626, 20.50448394198393, 21.982193732193767, 21.727386039886078, 23.21511590261591, 22.509065009065033, 21.398067210567234, 20.423319735819774, 19.354797979798004, 19.662846412846445, 19.680328930328965, 19.057773245273278, 18.97643097643101]",0,1.04,ok,roll_mq_b1
8639e8293c4851fd,2026-10-01T22:59:39,roll,full_Region7_s0.1,mq,ising,385270182f,"{""mq_dt"": 0.7526220409196414, ""mq_iters"": 122, ""mq_ksamp"": 2, ""mq_nmax"": 774, ""mq_pen"": 0.03305178151743325, ""mq_q"": 4, ""mq_reads"": 16, ""mq_solver"": ""mq_dsb"", ""mq_xi"": 0.9749475667194528, ""start"": ""lp""}",1.0,0,6.0,3.0,49,27.135133385133408,170214.0,170214.0,"[21.83275058275052, 21.949624449624448, 22.171798109298134, 21.46552059052059, 20.70478826728833, 20.57517482517484, 21.755714193214256, 21.33966265216269, 26.244042994043085, 25.03116096866097, 22.83912846412845, 22.61884874384877, 21.974990287490236, 21.283265345765376, 20.643599456099487, 20.242068117068158, 22.02343952343956, 21.884469696969727, 21.13553807303814, 22.308420745920753, 22.03431753431761, 20.675003237503294, 20.821403133903164, 21.224488474488513, 21.8351301476302, 21.966669904169922, 27.247927997927885, 27.012318699818568, 26.958074333074297, 25.213756151256106, 22.44535094535096, 20.281565656565704, 22.174355736855784, 20.83179551929558, 22.59241452991452, 21.258093758093807, 19.26906889406887, 20.129386816886875, 21.23240416990421, 21.66126003626001, 23.00709013209015, 22.133708883708895, 20.64334045584047, 19.128949753949783, 18.188552188552205, 17.173708236208252, 17.617569930069966, 17.63639601139605, 17.635392385392404]","[0.959, 1.001, 0.928, 0.938, 0.957, 0.902, 0.938, 0.966, 0.975, 1.008, 1.037, 0.961, 0.917, 0.919, 1.02, 0.902, 0.961, 0.973, 0.954, 0.928, 0.974, 0.941, 0.963, 0.932, 0.918, 0.997, 0.968, 1.063, 0.94, 0.947, 0.995, 0.944, 0.943, 0.923, 0.991, 0.955, 0.918, 0.938, 0.99, 0.97, 0.914, 0.95, 0.909, 0.934, 0.918, 0.921, 0.937, 0.953, 0.924]","[3191, 3391, 3274, 3145, 3000, 2894, 3005, 3181, 3545, 3668, 3271, 3151, 3192, 3163, 3067, 2869, 3023, 3323, 3274, 3253, 3167, 2963, 3044, 3045, 3089, 3251, 3660, 3994, 3853, 3601, 3165, 2909, 2944, 2941, 2938, 2846, 2577, 2656, 3028, 3248, 3376, 3203, 2820, 2614, 2497, 2498, 2572, 1754, 443]","[6210.8, 8855.5, 5900.3, 6129.0, 5000.8, 5414.5, 5521.3, 6108.0, 5384.8, 7888.5, 4820.3, 4137.0, 5526.8, 4860.5, 5088.3, 5362.0, 5294.8, 7487.5, 5544.3, 4564.0, 6704.8, 5612.5, 4418.3, 5666.0, 6278.8, 6678.5, 5404.3, 7694.0, 5615.8, 5746.5, 4372.3, 3560.0, 4113.8, 6736.5, 3996.3, 6174.0, 3872.8, 4035.5, 6211.3, 6953.0, 6138.8, 7191.5, 5073.3, 4153.0, 4360.8, 4709.5, 4625.3, 3965.0, 693.0]","[126, 144, 162, 180, 198, 216, 234, 252, 270, 288, 306, 324, 342, 360, 378, 396, 414, 432, 450, 468, 486, 504, 522, 540, 558, 576, 594, 612, 630, 648, 666, 684, 702, 720, 738, 756, 774, 792, 810, 828, 846, 864, 882, 900, 918, 936, 954, 972, 990]","[21.949624449624448, 22.171798109298134, 21.465520590520594, 20.66409285159289, 20.57517482517484, 21.755714193214263, 21.335955710955705, 26.05714193214198, 25.03116096866097, 22.83912846412845, 22.615918803418843, 21.95300764050766, 21.279331779331496, 20.62069412069424, 20.24206811706816, 22.023439523439563, 21.884469696969727, 21.13553807303814, 22.28040015540016, 22.021982646982654, 20.675003237503294, 20.781047656047726, 21.210534835534837, 21.8351301476302, 21.96314102564108, 27.135133385133408, 27.01231869981857, 26.958074333074297, 25.213756151256103, 22.445350945350956, 20.281565656565704, 22.145218207718205, 20.83179551929558, 22.57192113442108, 21.258093758093807, 19.192550505050512, 20.093968531468565, 21.194055944056046, 21.659333721833743, 23.007090132090145, 22.13170163170166, 20.62844794094797, 19.123381248381264, 18.145299145299145, 17.173708236208256, 17.605315980315996, 17.636396011396048, 17.635392385392404]",0,1.063,ok,roll_mq_b1
ea1201c7f762abf7,2026-10-01T23:00:26,roll,full_Region7_s0.2,mq,ising,385270182f,"{""mq_dt"": 0.7526220409196414, ""mq_iters"": 122, ""mq_ksamp"": 2, ""mq_nmax"": 774, ""mq_pen"": 0.03305178151743325, ""mq_q"": 4, ""mq_reads"": 16, ""mq_solver"": ""mq_dsb"", ""mq_xi"": 0.9749475667194528, ""start"": ""lp""}",1.0,0,6.0,3.0,49,28.182352369852378,170213.0,170213.0,"[23.060962185962218, 23.321597384097487, 23.349294224294326, 22.187467624967674, 21.937823750323833, 21.76507057757066, 23.21511590261595, 23.746632996632975, 26.75963157213158, 25.338950401450443, 23.0298497798498, 23.227110852110908, 21.885473322973404, 20.455176767676797, 19.838756151256252, 20.22524928774932, 22.033572908572932, 21.796069671069684, 21.15677609427614, 21.42450142450147, 21.195350945350995, 20.68291893291899, 19.512626262626267, 20.07161357161359, 22.102855477855577, 21.907714970215, 26.23012173012174, 28.182352369852378, 27.684990934990925, 25.822876197876163, 22.60900673400673, 20.98264698264701, 20.923837736337724, 20.068942631442646, 22.141171328671362, 21.91423853923854, 19.95689264439265, 21.382397694897673, 21.490773115773155, 21.969680782180774, 23.51688357938354, 22.534382284382247, 21.35154428904432, 19.52755115255118, 18.7663655788656, 18.14340520590525, 17.78467365967371, 17.030804843304907, 17.021302771302775]","[1.013, 0.964, 1.006, 0.977, 0.917, 0.933, 0.911, 0.938, 0.93, 0.96, 0.949, 0.937, 0.976, 0.94, 0.959, 0.965, 0.96, 0.927, 0.947, 0.971, 0.907, 0.923, 0.908, 0.953, 0.959, 0.956, 0.992, 0.939, 1.041, 0.997, 0.903, 0.94, 1.016, 0.908, 0.921, 1.034, 0.911, 0.939, 0.964, 0.965, 0.915, 0.923, 1.028, 0.928, 0.924, 0.944, 0.925, 0.974, 0.901]","[3221, 3547, 3469, 3296, 3117, 3033, 3150, 3420, 3716, 3691, 3245, 3109, 3175, 3094, 2888, 2794, 3110, 3292, 3292, 3347, 3154, 2967, 2890, 2859, 3185, 3311, 3564, 4035, 4033, 3566, 3194, 3125, 3103, 3065, 3101, 3080, 2796, 2896, 3238, 3445, 3595, 3403, 2927, 2646, 2603, 2709, 2722, 1767, 426]","[6161.7, 8709.4, 6280.2, 5841.9, 4377.6, 5594.4, 5829.1, 6682.9, 5936.6, 7537.4, 4320.1, 4065.8, 5762.6, 4558.3, 4505.1, 5199.8, 5750.6, 6993.3, 5379.0, 5432.8, 5973.5, 4877.3, 5463.0, 4582.8, 6301.5, 7818.2, 5456.0, 7465.7, 6197.5, 6251.2, 3581.9, 4422.7, 3901.4, 5897.2, 4477.9, 6644.7, 5197.4, 4294.1, 6272.9, 6116.6, 6165.4, 7267.1, 4829.9, 4788.6, 3821.3, 5400.1, 5373.8, 3268.0, 259.0]","[126, 144, 162, 180, 198, 216, 234, 252, 270, 288, 306, 324, 342, 360, 378, 396, 414, 432, 450, 468, 486, 504, 522, 540, 558, 576, 594, 612, 630, 648, 666, 684, 702, 720, 738, 756, 774, 792, 810, 828, 846, 864, 882, 900, 918, 936, 954, 972, 990]","[23.321597384097487, 23.349294224294326, 22.187467624967677, 21.913914788914838, 21.76507057757066, 23.21511590261595, 23.653150090650122, 26.759631572131582, 25.318716006216025, 23.026693214193248, 23.227110852110908, 21.885473322973404, 20.455176767676797, 19.83875615125625, 20.219081844081906, 22.033572908572932, 21.796069671069684, 21.153360528360626, 21.40593434343437, 21.19535094535099, 20.68291893291899, 19.512626262626267, 20.07161357161359, 22.056219243719234, 21.907714970215, 26.21000064750062, 28.182352369852378, 27.684990934990925, 25.81521950271954, 22.60900673400673, 20.98264698264701, 20.909689847189885, 20.058695933695926, 22.14117132867136, 21.91423853923854, 19.948167573167567, 21.382397694897673, 21.490773115773155, 21.960324397824397, 23.50270331520334, 22.534382284382247, 21.35065397565397, 19.52755115255118, 18.717657342657347, 18.14340520590525, 17.784673659673714, 17.030804843304907, 17.02130277130277]",0,1.041,ok,roll_mq_b1
21dfff8a22c7a57b,2026-10-01T23:01:13,roll,full_Region7_s0.3,mq,ising,385270182f,"{""mq_dt"": 0.7526220409196414, ""mq_iters"": 122, ""mq_ksamp"": 2, ""mq_nmax"": 774, ""mq_pen"": 0.03305178151743325, ""mq_q"": 4, ""mq_reads"": 16, ""mq_solver"": ""mq_dsb"", ""mq_xi"": 0.9749475667194528, ""start"": ""lp""}",1.0,0,6.0,3.0,49,26.156937969437998,170205.0,170205.0,"[20.446856384356426, 20.46327052577056, 21.618120305620366, 21.61559505309514, 20.862988862988924, 20.243217430717447, 23.618395493395496, 23.14350233100238, 24.64630277130271, 23.204869204869155, 21.275284900284962, 22.88364413364424, 22.210486272986376, 21.041310541310626, 20.010020072520017, 20.185152810152807, 21.491032116032173, 21.56840844340847, 21.155286842786907, 21.727904040404134, 20.915630665630715, 20.150025900025962, 19.777713027713016, 19.30511849261852, 22.15446127946132, 22.293868168868183, 25.145703833203854, 26.162506475006474, 25.78017353017352, 24.223161098162997, 22.642126392126393, 20.864688552188586, 22.390960890960894, 21.950773763273837, 21.2644392644393, 20.48502654752658, 19.56954156954159, 19.737503237503233, 20.505115255115292, 20.692534317534328, 22.077198264698303, 21.65595053095051, 21.15514115514121, 19.73394198394204, 18.532423594923593, 18.208899896399938, 20.26919839419843, 20.26919839419843, 18.15454221704219]","[0.921, 0.963, 0.939, 0.93, 0.969, 0.902, 1.005, 0.901, 1.027, 0.929, 0.935, 0.934, 0.953, 0.906, 0.921, 0.902, 0.991, 0.966, 0.945, 0.944, 0.936, 0.954, 0.903, 0.93, 0.924, 0.92, 0.914, 0.946, 1.053, 0.982, 0.962, 0.957, 0.99, 0.963, 0.957, 0.902, 0.905, 0.967, 0.971, 0.957, 1.023, 0.981, 0.908, 0.912, 0.959, 0.946, 0.93, 0.992, 0.919]","[2967, 3146, 3185, 3142, 2972, 2911, 3058, 3251, 3560, 3482, 2997, 3004, 3107, 3011, 2886, 2813, 2981, 3183, 3193, 3284, 3216, 2913, 2853, 2753, 2934, 3201, 3459, 3872, 3940, 3645, 3175, 2942, 3006, 3061, 2973, 2792, 2615, 2711, 2930, 3116, 3356, 3262, 2783, 2560, 2475, 2498, 2669, 1803, 435]","[6207.6, 8762.4, 5668.1, 7168.8, 5523.6, 5421.3, 5180.0, 7471.8, 5632.5, 6540.3, 4299.0, 4022.7, 6147.5, 4770.2, 4843.9, 5112.7, 5131.4, 6865.2, 5556.9, 5302.6, 6308.4, 4806.1, 4924.8, 5163.6, 4950.3, 6981.0, 5350.8, 7434.5, 6956.3, 5608.0, 4713.7, 4460.5, 4232.2, 5895.9, 5391.7, 4783.4, 5007.1, 4653.9, 5987.6, 6622.4, 6049.1, 6697.8, 5381.6, 5167.3, 4264.0, 4146.8, 5233.5, 4667.0, 237.0]","[126, 144, 162, 180, 198, 216, 234, 252, 270, 288, 306, 324, 342, 360, 378, 396, 414, 432, 450, 468, 486, 504, 522, 540, 558, 576, 594, 612, 630, 648, 666, 684, 702, 720, 738, 756, 774, 792, 810, 828, 846, 864, 882, 900, 918, 936, 954, 972, 990]","[20.463270525770557, 21.60649766899773, 21.615449365449326, 20.860236985236988, 20.238506863506927, 23.60005503755505, 23.141122766122816, 24.631345506345554, 23.204869204869155, 21.260586635586662, 22.837979150479146, 22.210486272986376, 21.041310541310626, 19.99561318311325, 20.185152810152804, 21.47889147889151, 21.559715747215783, 21.155286842786907, 21.69564232064237, 20.915630665630715, 20.150025900025962, 19.771367521367583, 19.302334239834288, 22.092123154623184, 22.282067469567508, 25.074721574721604, 26.156937969437998, 25.769441206941156, 24.223161098162997, 22.642126392126393, 20.864688552188586, 22.390960890960894, 21.950773763273837, 21.264439264439297, 20.485026547526584, 19.563196063196063, 19.718385780885782, 20.494755244755257, 20.674566174566202, 22.077198264698303, 21.65595053095051, 21.147306397306455, 19.733941983942035, 18.532423594923593, 18.182724682724697, 20.195917508417562, 20.26919839419843, 18.15454221704219]",0,1.053,ok,roll_mq_b1
25760f56da67f115,2026-10-01T23:01:59,roll,full_Region6_s0,mq,ising,385270182f,"{""mq_dt"": 0.7526220409196414, ""mq_iters"": 122, ""mq_ksamp"": 2, ""mq_nmax"": 774, ""mq_pen"": 0.03305178151743325, ""mq_q"": 4, ""mq_reads"": 16, ""mq_solver"": ""mq_dsb"", ""mq_xi"": 0.9749475667194528, ""start"": ""lp""}",1.0,0,6.0,3.0,49,26.86086829836827,170206.0,170207.0,"[22.139568764568764, 22.196225071225047, 23.070318570318545, 22.951987826987907, 21.340180652680655, 23.603875291375374, 24.522921522921546, 23.42799792799793, 22.52517158767158, 23.568861693861717, 22.215310152810183, 21.382802382802264, 21.102418414918485, 19.847254597254704, 19.95781533281532, 19.129726754726754, 19.9053192178192, 20.80498899248902, 19.952732452732477, 19.694768194768162, 19.40135327635328, 20.70002913752921, 21.282148407148476, 20.952829577829583, 22.465957653457696, 21.391899766899797, 20.878577441077486, 20.958770396270264, 22.264763014762885, 21.27836052836044, 20.359832297332314, 21.005924630924632, 22.770509583009577, 23.214856902356885, 23.536227661227652, 25.298918673918656, 26.54899961149962, 26.86086829836827, 24.954674954674953, 21.071451696451707, 20.436836311836334, 20.16810735560737, 18.822244884744773, 18.510521885521896, 17.222270784770828, 16.63124838124838, 15.902097902097891, 15.71378852628852, 15.689248251748234]","[0.965, 1.003, 0.981, 0.956, 0.914, 0.902, 0.957, 0.924, 0.915, 0.907, 0.95, 0.934, 0.9, 0.961, 0.915, 0.974, 0.922, 0.985, 0.924, 0.914, 0.94, 0.919, 0.971, 0.931, 0.933, 0.934, 0.945, 0.984, 0.944, 0.934, 0.902, 0.93, 0.97, 0.983, 0.966, 0.914, 0.954, 0.954, 0.94, 0.937, 0.914, 0.928, 0.963, 0.963, 0.953, 0.911, 0.925, 0.904, 0.908]","[2356, 2478, 2529, 2540, 2332, 2222, 2215, 2089, 2094, 2240, 2203, 2106, 2213, 2263, 2175, 2083, 2181, 2355, 2322, 2289, 2250, 2251, 2293, 2200, 2202, 2238, 2211, 2276, 2346, 2277, 2214, 2213, 2415, 2555, 2580, 2760, 2860, 2801, 2443, 2003, 1983, 2057, 1971, 1935, 1854, 1703, 1654, 1126, 287]","[6161.7, 8881.4, 5791.2, 6076.9, 5474.6, 3798.4, 6695.1, 5769.9, 5218.6, 5123.4, 6195.1, 4203.8, 5097.6, 5411.3, 4868.1, 5728.8, 4990.5, 6427.3, 6605.0, 4996.8, 5918.5, 5527.3, 6872.0, 5871.7, 5519.5, 6556.2, 5347.0, 5156.7, 5950.5, 6811.2, 4631.9, 4767.7, 6139.4, 6922.2, 6257.9, 6120.6, 7013.4, 6920.1, 5875.9, 4229.6, 3281.4, 5472.1, 4975.8, 4512.6, 5326.3, 5147.1, 5071.8, 3199.0, 612.0]","[126, 144, 162, 180, 198, 216, 234, 252, 270, 288, 306, 324, 342, 360, 378, 396, 414, 432, 450, 468, 486, 504, 522, 540, 558, 576, 594, 612, 630, 648, 666, 684, 702, 720, 738, 756, 774, 792, 810, 828, 846, 864, 882, 900, 918, 936, 954, 972, 990]","[22.135635198135216, 23.056429681429655, 22.951987826987907, 21.34003496503508, 23.600718725718746, 24.52292152292155, 23.42510036260035, 22.52517158767158, 23.536373348873365, 22.215310152810183, 20.986175861175653, 21.098889536389418, 19.84602434602425, 19.928596866096896, 19.129726754726754, 19.9053192178192, 20.790323102823145, 19.934909997410056, 19.69094794094797, 19.40135327635328, 20.70002913752921, 21.28214840714847, 20.95282957782958, 22.465957653457696, 21.354474229474263, 20.878577441077482, 20.95687645687641, 22.264763014762885, 21.27836052836044, 20.359832297332314, 21.005924630924632, 22.752395752396083, 23.177981740481737, 23.530173530173535, 25.29891867391866, 26.54899961149962, 26.86086829836827, 24.954674954674953, 21.066886816886818, 20.434311059311117, 20.16810735560737, 18.805086117586125, 18.500793188293184, 17.222270784770828, 16.624708624708656, 15.882867132867117, 15.713788526288518, 15.68924825174823]",0,1.003,ok,roll_mq_b1
d05c07b0ff263b02,2026-10-01T23:02:44,roll,full_Region6_s0.1,mq,ising,385270182f,"{""mq_dt"": 0.7526220409196414, ""mq_iters"": 122, ""mq_ksamp"": 2, ""mq_nmax"": 774, ""mq_pen"": 0.03305178151743325, ""mq_q"": 4, ""mq_reads"": 16, ""mq_solver"": ""mq_dsb"", ""mq_xi"": 0.9749475667194528, ""start"": ""lp""}",1.0,0,6.0,3.0,49,24.00592463092462,170212.0,170212.0,"[19.729037166537196, 19.39845571095575, 20.318359880859894, 21.15996503496506, 20.283200595700617, 22.128431753431805, 22.128431753431805, 23.64701502201495, 22.634437321937327, 22.001084563584484, 19.25569800569803, 18.46451696451698, 18.64180264180265, 19.167929292928584, 18.58328477078477, 18.55937580937583, 19.216232841232838, 20.173675861175816, 19.521383708883736, 18.218175343175393, 19.07444638694649, 19.2901936026938, 18.431769619269655, 17.74810606060608, 18.33438552188555, 18.27620758870764, 19.38961732711731, 19.76597707847706, 19.935055685055563, 19.727920227920283, 19.2095473970474, 18.823313260813283, 21.44060800310803, 21.648520461020492, 21.737519425019386, 22.816660191660173, 23.746665371665404, 24.021739834239867, 22.527696840196885, 20.080856643356668, 20.59618622118621, 19.8257899507899, 19.148925148925162, 17.915177415177435, 18.28048109298103, 16.534932659932675, 15.083220020720002, 14.291812354312333, 14.27766446516447]","[0.919, 0.933, 0.932, 0.916, 0.907, 0.9, 0.934, 0.924, 0.945, 0.91, 0.943, 0.909, 0.904, 0.912, 0.946, 0.9, 0.932, 0.988, 0.946, 0.965, 0.947, 0.928, 0.942, 0.909, 0.914, 0.907, 0.943, 0.918, 0.934, 0.974, 0.971, 0.918, 0.965, 0.934, 0.915, 0.975, 0.902, 0.941, 0.941, 0.917, 0.919, 0.905, 0.952, 0.939, 0.924, 0.928, 0.937, 0.908, 0.901]","[2139, 2199, 2205, 2353, 2316, 2140, 2014, 2021, 2068, 2060, 1948, 1907, 2038, 2166, 2139, 2042, 2132, 2251, 2234, 2062, 2028, 2132, 1998, 1928, 1977, 2001, 2134, 2234, 2211, 2095, 1994, 2086, 2253, 2277, 2286, 2420, 2495, 2563, 2333, 1856, 1859, 1967, 1876, 1803, 1661, 1539, 1506, 964, 220]","[6195.7, 8851.4, 5313.1, 6360.9, 6966.6, 4751.4, 6951.1, 5597.8, 6594.6, 5170.3, 5188.1, 4103.8, 5189.5, 5967.3, 5732.0, 4918.8, 5843.5, 6220.2, 6519.0, 5048.7, 4518.4, 5732.2, 6066.9, 4978.7, 5266.4, 6171.1, 5579.9, 6460.6, 6075.4, 6076.1, 5648.8, 5109.6, 6196.3, 7614.1, 5904.8, 5946.5, 6600.3, 6447.0, 5956.8, 4536.5, 3603.2, 5749.0, 5128.7, 5241.5, 5028.2, 5523.9, 4259.7, 1982.0, 140.0]","[126, 144, 162, 180, 198, 216, 234, 252, 270, 288, 306, 324, 342, 360, 378, 396, 414, 432, 450, 468, 486, 504, 522, 540, 558, 576, 594, 612, 630, 648, 666, 684, 702, 720, 738, 756, 774, 792, 810, 828, 846, 864, 882, 900, 918, 936, 954, 972, 990]","[19.398455710955755, 20.313163688163637, 21.159965034965065, 20.283200595700617, 22.102483164983216, 22.128431753431805, 23.623510748510743, 22.634437321937334, 21.96581196581196, 19.25569800569803, 18.439976689976717, 18.64180264180265, 19.167929292928577, 18.581504144004143, 18.51887464387466, 19.180555555555568, 20.173675861175816, 19.512286324786306, 18.218175343175393, 19.020574333074357, 19.2901936026938, 18.43087930587924, 17.74810606060608, 18.228422040922048, 18.25675019425018, 19.3779623154623, 19.76597707847706, 19.93505568505556, 19.727920227920283, 19.2095473970474, 18.773342398342407, 21.44060800310803, 21.648520461020492, 21.727823102823024, 22.81666019166017, 23.746665371665397, 24.00592463092462, 22.527696840196885, 20.076550764050744, 20.398374773374822, 19.8257899507899, 19.145914270914297, 17.915177415177435, 18.28048109298103, 16.525689588189618, 15.083220020719954, 14.291812354312333, 14.277664465164468]",0,0.988,ok,roll_mq_b1
9001f85f3ef01a6a,2026-10-01T23:03:30,roll,full_Region6_s0.2,mq,ising,385270182f,"{""mq_dt"": 0.7526220409196414, ""mq_iters"": 122, ""mq_ksamp"": 2, ""mq_nmax"": 774, ""mq_pen"": 0.03305178151743325, ""mq_q"": 4, ""mq_reads"": 16, ""mq_solver"": ""mq_dsb"", ""mq_xi"": 0.9749475667194528, ""start"": ""lp""}",1.0,0,6.0,3.0,49,25.91872248122247,170217.0,170217.0,"[20.716734654234752, 21.61169386169387, 21.626505439005477, 22.38275382025385, 20.845279720279795, 23.06415112665117, 23.37802706552715, 25.00691206941207, 24.52139989639992, 24.144295519295476, 22.24723193473191, 19.83451502201504, 19.849666537166524, 20.737454674954634, 20.578477078477093, 20.399297461797456, 21.07561188811194, 22.362859362859307, 20.75780238280256, 20.16569541569548, 19.71838578088582, 19.788364413364405, 19.821743071743036, 22.14309764309769, 21.86056073556084, 21.60385910385917, 21.053742553742612, 21.40329577829583, 20.546506734006726, 20.874417249417135, 19.955112017611984, 20.575838513338507, 22.591928904428908, 23.310492747992758, 24.58399702149708, 25.05492424242425, 25.93387399637398, 25.91872248122247, 24.19638694638694, 21.118719243719273, 21.37330031080033, 21.81627169127158, 21.897241647241643, 20.85607679357672, 19.697002072002054, 18.262545325045338, 17.68788850038849, 17.085939523439542, 17.08467689717687]","[0.939, 0.934, 0.92, 0.945, 0.941, 0.925, 0.927, 0.974, 0.912, 0.953, 0.916, 0.939, 0.932, 0.968, 0.906, 0.917, 0.951, 0.942, 0.957, 0.954, 0.919, 0.936, 0.918, 0.954, 0.903, 0.909, 0.94, 0.992, 0.912, 0.943, 0.934, 0.928, 1.003, 0.932, 0.947, 0.915, 0.922, 0.942, 0.904, 0.932, 0.935, 0.911, 0.902, 0.943, 0.964, 0.961, 0.909, 0.908, 0.906]","[2243, 2421, 2447, 2412, 2240, 2178, 2142, 2079, 2266, 2381, 2177, 1994, 2110, 2318, 2266, 2186, 2317, 2438, 2395, 2281, 2231, 2254, 2191, 2228, 2312, 2311, 2353, 2447, 2458, 2268, 2116, 2196, 2486, 2518, 2588, 2870, 2907, 2763, 2415, 2086, 2152, 2230, 2257, 2201, 1917, 1784, 1756, 1128, 266]","[6157.8, 8627.5, 6392.3, 5930.0, 6181.8, 3666.5, 6136.3, 5748.0, 5895.8, 5326.5, 5091.3, 3757.1, 4670.8, 5461.6, 6896.3, 5481.1, 5546.8, 6298.6, 6402.3, 4848.1, 5332.8, 5344.6, 5383.3, 5759.1, 6507.8, 5511.6, 5559.3, 5441.1, 6124.9, 4905.6, 5794.4, 5346.1, 6449.9, 7164.6, 6218.4, 7155.1, 6287.9, 6266.6, 5692.4, 4243.1, 4406.9, 6009.6, 6189.4, 5836.1, 4701.9, 4984.6, 4728.4, 3169.0, 485.0]","[126, 144, 162, 180, 198, 216, 234, 252, 270, 288, 306, 324, 342, 360, 378, 396, 414, 432, 450, 468, 486, 504, 522, 540, 558, 576, 594, 612, 630, 648, 666, 684, 702, 720, 738, 756, 774, 792, 810, 828, 846, 864, 882, 900, 918, 936, 954, 972, 990]","[21.611693861693865, 21.62650543900546, 22.38275382025385, 20.845279720279795, 22.9337606837607, 23.37802706552715, 24.95682789432792, 24.52139989639992, 24.144295519295476, 22.24723193473191, 19.80982905982915, 19.849666537166524, 20.72189847189846, 20.57847707847709, 20.385376197876234, 21.075126262626277, 21.87971056721061, 20.75780238280256, 20.149912587412587, 19.67757705257703, 19.788364413364405, 19.82174307174303, 22.125275187775184, 21.86056073556084, 21.57842851592853, 21.045762108262068, 21.39732258482263, 20.546506734006726, 20.83380277130279, 19.955112017611984, 20.575838513338507, 22.569023569023585, 23.310492747992758, 24.567064879564814, 25.04645817145823, 25.917913105413117, 25.91872248122247, 24.19638694638694, 21.090423465423473, 21.37330031080033, 21.811253561253626, 21.897241647241643, 20.843790468790502, 19.697002072002054, 18.210567210567195, 17.66576016576013, 17.085939523439542, 17.08467689717687]",0,1.003,ok,roll_mq_b1
0ca2317971154a94,2026-10-01T23:04:16,roll,full_Region6_s0.3,mq,ising,385270182f,"{""mq_dt"": 0.7526220409196414, ""mq_iters"": 122, ""mq_ksamp"": 2, ""mq_nmax"": 774, ""mq_pen"": 0.03305178151743325, ""mq_q"": 4, ""mq_reads"": 16, ""mq_solver"": ""mq_dsb"", ""mq_xi"": 0.9749475667194528, ""start"": ""lp""}",1.0,0,6.0,3.0,49,26.331471768971877,170189.0,170191.0,"[21.100006475006502, 20.663979538979596, 21.81607744107745, 22.958818958818963, 21.196386946386976, 21.367618492618558, 23.916148666148725, 22.956034706034732, 22.672089484589574, 21.973128723128784, 20.767790080290133, 18.941158378658432, 20.3422364672365, 19.847659285159345, 19.23546361046359, 19.623785936285966, 21.3078056203056, 20.841297591297607, 19.388095700595695, 18.73324592074597, 17.959320771820813, 17.99800893550897, 18.3209822584823, 19.79694379694381, 19.986515799015788, 19.55490805490808, 19.008838383838373, 19.86812030562033, 19.651482776482798, 19.869042994043014, 20.065300440300458, 19.617278554778547, 20.32975589225581, 21.163639601139597, 21.93028036778035, 24.951113701113595, 26.270881895881885, 26.331471768971873, 24.513791763791748, 22.30597643097636, 21.153360528360462, 21.06321225071226, 19.59511784511784, 18.55113636363631, 18.13950401450399, 17.272063584563547, 17.342414529914414, 16.72877816627811, 16.7381669256669]","[0.935, 0.901, 0.909, 0.961, 0.91, 0.978, 0.905, 0.906, 0.928, 0.928, 0.947, 0.92, 0.92, 0.934, 0.903, 0.929, 0.921, 0.915, 0.952, 0.927, 0.976, 0.925, 0.921, 0.924, 0.989, 0.927, 0.951, 0.967, 0.912, 0.901, 0.924, 0.922, 0.903, 0.902, 0.906, 0.926, 0.986, 0.921, 0.961, 0.929, 0.906, 0.915, 0.939, 0.928, 0.953, 0.93, 0.903, 0.906, 0.908]","[2330, 2369, 2309, 2454, 2287, 2139, 2136, 2029, 2235, 2372, 2168, 2047, 2109, 2264, 2183, 2022, 2187, 2264, 2142, 2099, 2001, 2034, 2065, 2074, 2209, 2191, 2124, 2147, 2158, 2098, 2030, 2128, 2304, 2357, 2442, 2757, 2905, 2757, 2462, 2068, 2047, 2107, 1989, 1860, 1713, 1676, 1676, 1084, 251]","[6160.7, 8758.5, 5280.2, 6589.0, 7347.7, 3804.4, 6125.2, 7256.9, 4988.7, 6041.4, 5227.2, 4898.9, 4783.7, 6091.4, 5759.2, 4970.9, 5955.7, 7343.4, 5081.1, 4714.9, 4818.6, 4984.4, 5713.1, 6459.9, 7008.6, 5836.4, 4991.1, 5604.9, 6051.6, 6230.4, 6199.1, 6067.8, 5377.6, 6270.3, 6509.1, 6551.8, 7724.6, 6672.3, 5782.1, 4098.8, 4500.6, 5338.3, 5585.1, 4401.8, 4926.5, 5514.3, 5046.0, 4016.0, 267.0]","[126, 144, 162, 180, 198, 216, 234, 252, 270, 288, 306, 324, 342, 360, 378, 396, 414, 432, 450, 468, 486, 504, 522, 540, 558, 576, 594, 612, 630, 648, 666, 684, 702, 720, 738, 756, 774, 792, 810, 828, 846, 864, 882, 900, 918, 936, 954, 972, 990]","[20.663979538979596, 21.77520396270397, 22.908961408961442, 21.144036519036646, 21.362049987050018, 23.91614866614873, 22.956034706034732, 22.672089484589574, 21.958867521367562, 20.759728697228727, 18.941158378658432, 20.3422364672365, 19.827538202538282, 19.233310670810695, 19.61951243201243, 21.28062678062683, 20.841297591297607, 19.387351074851075, 18.732242294742314, 17.95932077182081, 17.99760424760417, 18.3209822584823, 19.79694379694381, 19.980315980315982, 19.55490805490808, 19.008838383838373, 19.843434343434303, 19.6514827764828, 19.869042994043017, 20.06481481481471, 19.617278554778547, 20.273326210826205, 21.163639601139597, 21.879305879305885, 24.90344146594146, 26.267984330484335, 26.331471768971873, 24.503804066304017, 22.30597643097636, 21.153360528360462, 21.06321225071226, 19.59511784511784, 18.536729474229475, 18.13281857031855, 17.272063584563554, 17.335810023310056, 16.72777454027455, 16.7381669256669]",0,0.989,ok,roll_mq_b1
7c3fd780967cf6d2,2026-10-01T23:06:45,roll,full_Region7_s0,pt,ising,e2339dda9b,"{""eim_R"": 16, ""eim_Tmax"": 0.004778562334987127, ""eim_Tmin"": 5.65009413558932e-07, ""eim_anneal"": 0.48645278005217524, ""eim_hscale"": 0.689973517338634, ""eim_moves"": 159234, ""eim_rho"": 15.504304921919466, ""g_scale"": 902.9755641720078, ""p_add"": 0.05480263669113283, ""p_swap"": 0.7323744694634446, ""start"": ""lp"", ""topw"": 19}",3.0,0,6.0,3.0,49,27.91336441336441,170204.0,170204.0,"[21.871665371665436, 21.453266640766664, 23.338448588448575, 22.333414270914325, 22.994172494172535, 22.282844470344504, 23.23976948976951, 24.327975265475384, 26.404914529914564, 25.083365708365744, 22.849779849779843, 22.601884226884266, 21.93785612535618, 21.27454027454028, 22.445350945351027, 21.279105154105185, 24.024783087283076, 24.024783087283073, 21.475848225848285, 22.172429422429506, 20.99315268065272, 21.17500323750323, 20.309634809634872, 21.02403846153857, 24.7909867909869, 23.843191530691556, 25.825725200725195, 27.66980704480702, 27.913364413364402, 25.43900543900526, 22.570804195804193, 21.02374708624712, 21.940494690494685, 21.311107873607924, 22.221477596477666, 21.330079642579722, 19.706989769489805, 20.415080290080322, 21.851463351463384, 21.587007899507928, 23.126084563584534, 22.41045066045066, 21.379273504273502, 20.364138176638214, 19.286373348873386, 19.549566174566184, 19.597270784770817, 18.978956228956257, 18.97643097643101]","[3.05, 3.037, 3.043, 3.003, 3.018, 3.021, 3.041, 3.033, 3.003, 3.018, 3.048, 3.028, 3.044, 3.05, 3.014, 3.015, 3.024, 3.051, 3.045, 3.046, 3.038, 3.016, 3.007, 3.049, 3.007, 3.009, 3.043, 3.012, 3.05, 3.046, 3.022, 3.002, 3.051, 3.004, 3.016, 3.013, 3.008, 3.029, 3.01, 3.034, 3.032, 3.028, 3.019, 3.031, 3.041, 3.035, 3.031, 3.03, 3.034]","[3096, 3238, 3212, 3177, 3145, 3100, 3118, 3366, 3790, 3595, 3107, 3093, 3115, 3089, 3074, 2977, 3069, 3327, 3381, 3356, 3178, 2964, 2907, 2921, 3218, 3349, 3493, 3895, 3912, 3528, 3192, 3074, 3076, 3076, 3037, 2957, 2766, 2825, 3210, 3451, 3518, 3326, 2900, 2703, 2586, 2636, 2767, 1818, 416]","[6209.7, 8749.4, 4846.2, 6889.9, 4706.7, 6123.4, 4974.2, 6226.9, 6712.7, 6919.4, 4129.1, 4134.9, 5463.6, 4863.4, 5106.1, 6677.9, 4478.6, 6261.4, 4932.1, 4618.8, 6146.6, 4385.3, 5474.1, 4850.8, 6284.6, 7987.3, 4389.1, 6478.8, 6748.5, 6093.3, 3932.0, 4317.8, 4201.5, 6513.3, 4906.0, 6623.7, 4675.5, 4397.2, 5914.0, 7256.7, 5666.5, 6959.2, 4864.0, 5088.7, 4727.4, 4840.2, 5631.9, 3644.0, 158.0]","[126, 144, 162, 180, 198, 216, 234, 252, 270, 288, 306, 324, 342, 360, 378, 396, 414, 432, 450, 468, 486, 504, 522, 540, 558, 576, 594, 612, 630, 648, 666, 684, 702, 720, 738, 756, 774, 792, 810, 828, 846, 864, 882, 900, 918, 936, 954, 972, 990]","[21.453266640766664, 23.317064879564928, 22.333414270914325, 22.988976301476388, 22.282844470344504, 23.204755892255935, 24.314685314685335, 26.396416083916126, 25.083365708365744, 22.849779849779843, 22.601884226884266, 21.937856125356177, 21.2557141932142, 22.436739186739224, 21.271756021756076, 23.791181041181066, 24.024783087283073, 21.4723193473193, 22.167977855477915, 20.99315268065272, 21.160709660709745, 20.309634809634876, 21.018955581455643, 24.7909867909869, 23.843191530691552, 25.75526094276101, 27.65161227661227, 27.913364413364402, 25.431801994301996, 22.53865578865579, 21.02374708624712, 21.906371406371484, 21.31110787360792, 22.22147759647767, 21.330079642579722, 19.703833203833263, 20.38322325822325, 21.851463351463384, 21.587007899507928, 23.10194897694898, 22.401838901838943, 21.379273504273502, 20.364138176638214, 19.27133514633518, 19.549566174566184, 19.597270784770817, 18.978956228956257, 18.97643097643101]",0,3.051,ok,roll_pt_b3
4c2a5eb6bd974966,2026-10-01T23:09:13,roll,full_Region7_s0.1,pt,ising,e2339dda9b,"{""eim_R"": 16, ""eim_Tmax"": 0.004778562334987127, ""eim_Tmin"": 5.65009413558932e-07, ""eim_anneal"": 0.48645278005217524, ""eim_hscale"": 0.689973517338634, ""eim_moves"": 159234, ""eim_rho"": 15.504304921919466, ""g_scale"": 902.9755641720078, ""p_add"": 0.05480263669113283, ""p_swap"": 0.7323744694634446, ""start"": ""lp"", ""topw"": 19}",3.0,0,6.0,3.0,49,26.98818311318314,170214.0,170214.0,"[21.766219891219812, 21.846785159285233, 22.169904169904232, 21.395541958042, 20.595295907795965, 20.485253172753186, 21.483796296296312, 21.216216653716696, 25.85037878787878, 24.875080937580968, 22.78841297591305, 22.560444185444233, 21.861451048951107, 21.148569023569056, 20.526239963739993, 20.135586635586677, 21.968936156436218, 21.755115255115317, 20.99185767935768, 22.154315591815593, 21.98378010878014, 20.598339160839203, 20.71874190624192, 21.160822973322997, 21.79294548044555, 21.91242553742561, 27.122329059828967, 26.894360269360195, 26.674792799792723, 25.143809893809756, 22.425116550116563, 20.243881118881166, 22.21783540533544, 20.763257575757606, 22.597610722610767, 21.26199494949492, 19.04927479927483, 20.084158896658938, 21.089500777000776, 21.544645169645214, 22.861548174048163, 22.09921328671323, 20.539011914011986, 19.075709013209043, 18.169062419062453, 17.100864413364423, 17.548627298627277, 17.525382025382058, 17.520962833462875]","[3.019, 3.028, 3.04, 3.006, 3.028, 3.031, 3.046, 3.013, 3.022, 3.021, 3.01, 3.038, 3.038, 3.005, 3.016, 3.051, 3.046, 3.003, 3.025, 3.009, 3.039, 3.019, 3.025, 3.002, 3.022, 3.013, 3.049, 3.007, 3.034, 3.007, 3.0, 3.019, 3.015, 3.016, 3.024, 3.047, 3.042, 3.008, 3.008, 3.039, 3.005, 3.021, 3.003, 3.037, 3.039, 3.043, 3.038, 3.036, 3.01]","[3191, 3391, 3274, 3145, 3000, 2894, 3005, 3181, 3545, 3668, 3271, 3151, 3192, 3163, 3067, 2869, 3023, 3323, 3274, 3253, 3167, 2963, 3044, 3045, 3089, 3251, 3660, 3994, 3853, 3601, 3165, 2909, 2944, 2941, 2938, 2846, 2577, 2656, 3028, 3248, 3376, 3203, 2820, 2614, 2497, 2498, 2572, 1754, 443]","[6210.8, 8895.5, 5812.3, 6097.0, 4978.8, 5387.5, 5545.3, 6250.0, 5456.8, 7928.5, 4807.3, 4142.0, 5490.8, 4893.5, 5082.3, 5344.0, 5175.8, 7349.5, 5498.3, 4484.0, 6728.8, 5602.5, 4425.3, 5712.0, 6300.8, 6663.5, 5395.3, 7684.0, 5707.8, 5715.5, 4375.3, 3566.0, 4034.8, 6724.5, 3976.3, 6124.0, 3829.8, 4059.5, 6200.3, 6916.0, 6108.8, 7171.5, 5038.3, 4023.0, 4337.8, 4716.5, 4601.3, 4026.0, 662.0]","[126, 144, 162, 180, 198, 216, 234, 252, 270, 288, 306, 324, 342, 360, 378, 396, 414, 432, 450, 468, 486, 504, 522, 540, 558, 576, 594, 612, 630, 648, 666, 684, 702, 720, 738, 756, 774, 792, 810, 828, 846, 864, 882, 900, 918, 936, 954, 972, 990]","[21.84678515928524, 22.169904169904232, 21.395541958041996, 20.595295907795965, 20.485253172753186, 21.47677091427094, 21.213060088060104, 25.732128982129026, 24.875080937580965, 22.780092592592624, 22.555474617974646, 21.861451048951103, 21.148569023569056, 20.514471639471687, 20.135586635586677, 21.94109362859363, 21.753965941466, 20.980753043253088, 22.154315591815593, 21.974876974877002, 20.59191271691275, 20.714290339290393, 21.159220409220396, 21.79076016576023, 21.91219891219898, 26.98818311318314, 26.894360269360195, 26.64253108003109, 25.143809893809753, 22.425116550116563, 20.243881118881166, 22.210486272986294, 20.763257575757606, 22.57192113442108, 21.26199494949492, 19.04927479927483, 20.004969567469583, 21.08207070707076, 21.544645169645214, 22.861548174048163, 22.09921328671323, 20.531549469049473, 19.06950919450917, 18.169062419062453, 17.087574462574487, 17.548627298627277, 17.525382025382058, 17.520962833462875]",0,3.051,ok,roll_pt_b3
f8da6bef5d44c96d,2026-10-01T23:11:41,roll,full_Region7_s0.2,pt,ising,e2339dda9b,"{""eim_R"": 16, ""eim_Tmax"": 0.004778562334987127, ""eim_Tmin"": 5.65009413558932e-07, ""eim_anneal"": 0.48645278005217524, ""eim_hscale"": 0.689973517338634, ""eim_moves"": 159234, ""eim_rho"": 15.504304921919466, ""g_scale"": 902.9755641720078, ""p_add"": 0.05480263669113283, ""p_swap"": 0.7323744694634446, ""start"": ""lp"", ""topw"": 19}",3.0,0,6.0,3.0,49,27.394214581714593,170213.0,170213.0,"[22.9386655011656, 23.230931105931187, 23.250938875938953, 22.088934213934266, 21.843741906242006, 21.772937710437755, 23.181445868945936, 23.543253043253035, 26.55657536907539, 25.0164950789951, 22.762124449624505, 22.885311447811453, 21.697455322455415, 20.362988862988892, 19.76594470344475, 20.16446516446519, 21.92408054908052, 21.595732970732996, 21.233925796425865, 21.406080031080048, 21.017207329707343, 20.5536778036779, 19.42170098420108, 20.001440688940683, 22.03468984718994, 21.874967624967724, 26.121600621600543, 27.15496309246313, 27.394214581714596, 25.645169645169588, 22.61910774410778, 20.951534576534605, 20.946888759388802, 20.102207977208003, 22.082054519554518, 21.91423853923854, 19.68994431494431, 21.314377751877785, 21.466783216783234, 21.905303030303056, 23.471963221963208, 22.4576048951049, 21.354733229733167, 19.52755115255118, 18.702619140119207, 18.090310152810147, 17.6884065009065, 17.04584304584303, 17.075320512820504]","[3.032, 3.041, 3.052, 3.032, 3.025, 3.041, 3.022, 3.008, 3.018, 3.047, 3.03, 3.03, 3.028, 3.031, 3.029, 3.009, 3.016, 3.031, 3.048, 3.033, 3.009, 3.011, 3.036, 3.003, 3.051, 3.009, 3.011, 3.003, 3.057, 3.005, 3.05, 3.01, 3.003, 3.023, 3.04, 3.013, 3.023, 3.041, 3.04, 3.027, 3.018, 3.002, 3.01, 3.005, 3.039, 3.015, 3.043, 3.004, 3.04]","[3221, 3547, 3469, 3296, 3117, 3033, 3150, 3420, 3716, 3691, 3245, 3109, 3175, 3094, 2888, 2794, 3110, 3292, 3292, 3347, 3154, 2967, 2890, 2859, 3185, 3311, 3564, 4035, 4033, 3566, 3194, 3125, 3103, 3065, 3101, 3080, 2796, 2896, 3238, 3445, 3595, 3403, 2927, 2646, 2603, 2709, 2722, 1767, 426]","[6161.7, 8723.4, 6275.2, 5769.9, 4316.6, 5562.4, 5792.1, 6677.9, 5974.6, 7545.4, 4426.1, 4091.8, 5779.6, 4570.3, 4546.1, 5146.8, 5610.6, 6992.3, 5110.0, 5263.8, 5831.5, 4855.3, 5431.0, 4568.8, 6221.5, 7790.2, 5469.0, 7526.7, 6309.5, 6281.2, 3617.9, 4418.7, 3843.4, 5831.2, 4448.9, 6568.7, 4589.4, 4156.1, 6266.9, 5995.6, 6187.4, 7286.1, 4805.9, 4734.6, 3839.3, 5443.1, 5332.8, 3285.0, 247.0]","[126, 144, 162, 180, 198, 216, 234, 252, 270, 288, 306, 324, 342, 360, 378, 396, 414, 432, 450, 468, 486, 504, 522, 540, 558, 576, 594, 612, 630, 648, 666, 684, 702, 720, 738, 756, 774, 792, 810, 828, 846, 864, 882, 900, 918, 936, 954, 972, 990]","[23.230931105931184, 23.250938875938953, 22.08893421393427, 21.828930328930362, 21.75267094017103, 23.18144586894594, 23.52491258741263, 26.522905335405376, 25.0164950789951, 22.7492391867392, 22.85798692048694, 21.697455322455415, 20.362988862988892, 19.75785094535099, 20.126375938875977, 21.88676832426835, 21.595732970732996, 21.233925796425865, 21.40593434343437, 21.017207329707343, 20.548109298109356, 19.42170098420108, 19.957443019943025, 22.021173271173275, 21.874967624967724, 26.121600621600543, 27.15496309246312, 27.394214581714593, 25.645169645169588, 22.61910774410778, 20.951534576534605, 20.942696192696225, 20.098452473452515, 22.076906889406843, 21.91423853923854, 19.681818181818212, 21.296781921781925, 21.466783216783234, 21.905303030303056, 23.471963221963208, 22.4576048951049, 21.354733229733167, 19.52755115255118, 18.702619140119204, 18.09031015281015, 17.6884065009065, 17.04584304584303, 17.075320512820507]",0,3.057,ok,roll_pt_b3
6d90e4bed02b7142,2026-10-01T23:14:10,roll,full_Region7_s0.3,pt,ising,e2339dda9b,"{""eim_R"": 16, ""eim_Tmax"": 0.004778562334987127, ""eim_Tmin"": 5.65009413558932e-07, ""eim_anneal"": 0.48645278005217524, ""eim_hscale"": 0.689973517338634, ""eim_moves"": 159234, ""eim_rho"": 15.504304921919466, ""g_scale"": 902.9755641720078, ""p_add"": 0.05480263669113283, ""p_swap"": 0.7323744694634446, ""start"": ""lp"", ""topw"": 19}",3.0,0,6.0,3.0,49,26.082944832944843,170205.0,170205.0,"[20.424987049987067, 20.424987049987063, 21.55139536389545, 21.453007640507717, 20.853405853405857, 20.225135975136006, 23.503820253820262, 23.165064102564166, 24.564102564102562, 23.064863377363345, 21.212024087024112, 22.861548174048256, 22.122118622118705, 20.874012561512608, 19.96825628075628, 20.08349520849525, 21.450676638176706, 21.523925148925212, 21.08292864542865, 21.584774022274075, 20.838998963998957, 20.082977207977248, 19.73052641802648, 19.244010619010616, 22.070512820512846, 22.193813131313018, 25.030124967625014, 26.082944832944843, 25.691514504016535, 24.13843563843565, 22.51630082880087, 20.837882025382065, 22.298254985755065, 21.885392385392457, 21.2644392644393, 20.380552318052345, 19.514779202279243, 19.719049469049477, 20.352855477855485, 20.586052836052843, 21.854247604247444, 21.567064879564814, 21.02704933954935, 19.628723128723205, 18.381798756798815, 18.043382543382542, 20.26919839419843, 20.26919839419843, 18.18881118881116]","[3.024, 3.034, 3.005, 3.031, 3.046, 3.036, 3.009, 3.029, 3.043, 3.025, 3.031, 3.036, 3.032, 3.004, 3.038, 3.046, 3.011, 3.026, 3.004, 3.024, 3.011, 3.018, 3.022, 3.016, 3.007, 3.003, 3.021, 3.025, 3.01, 3.017, 3.039, 3.043, 3.008, 3.023, 3.03, 3.037, 3.023, 3.039, 3.011, 3.003, 3.005, 3.003, 3.016, 3.014, 3.029, 3.022, 3.023, 3.039, 3.013]","[2967, 3146, 3185, 3142, 2972, 2911, 3058, 3251, 3560, 3482, 2997, 3004, 3107, 3011, 2886, 2813, 2981, 3183, 3193, 3284, 3216, 2913, 2853, 2753, 2934, 3201, 3459, 3872, 3940, 3645, 3175, 2942, 3006, 3061, 2973, 2792, 2615, 2711, 2930, 3116, 3356, 3262, 2783, 2560, 2475, 2498, 2669, 1803, 435]","[6207.6, 8782.4, 5918.1, 7391.8, 5425.6, 5291.3, 5181.0, 7497.8, 5669.5, 6612.3, 4299.0, 4039.7, 6150.5, 4554.2, 4950.9, 5133.7, 5171.4, 6834.2, 5495.9, 5329.6, 6332.4, 4849.1, 4964.8, 5158.6, 4936.3, 6979.0, 5312.8, 7324.5, 7003.3, 5626.0, 4760.7, 4464.5, 4225.2, 5899.9, 5388.7, 4859.4, 5058.1, 4681.9, 5993.6, 6678.4, 6075.1, 6817.8, 5427.6, 5095.3, 4274.0, 4159.8, 5256.5, 4511.0, 235.0]","[126, 144, 162, 180, 198, 216, 234, 252, 270, 288, 306, 324, 342, 360, 378, 396, 414, 432, 450, 468, 486, 504, 522, 540, 558, 576, 594, 612, 630, 648, 666, 684, 702, 720, 738, 756, 774, 792, 810, 828, 846, 864, 882, 900, 918, 936, 954, 972, 990]","[20.424987049987063, 21.414659414659422, 21.453007640507717, 20.853405853405857, 20.225135975136006, 23.45135651385653, 23.165064102564166, 24.564102564102562, 23.06486337736334, 21.212024087024112, 22.844065656565704, 22.122118622118705, 20.874012561512608, 19.96825628075628, 20.08349520849525, 21.450676638176702, 21.51419645169649, 21.08292864542865, 21.582993395493453, 20.838998963998957, 20.082977207977248, 19.73052641802648, 19.243524993525014, 22.067841880341877, 22.193813131313014, 25.015345765345774, 26.082944832944843, 25.691514504016535, 24.138435638435652, 22.50995532245533, 20.83788202538206, 22.295988733488773, 21.885392385392457, 21.264439264439297, 20.33807627557631, 19.514665889665924, 19.669677544677516, 20.340860528360597, 20.573313260813258, 21.854247604247444, 21.567064879564814, 21.02704933954935, 19.605445480445507, 18.381798756798815, 18.043382543382542, 20.109039109039166, 20.26919839419843, 18.18881118881116]",0,3.046,ok,roll_pt_b3
96413734400ce289,2026-10-01T23:16:38,roll,full_Region6_s0,pt,ising,e2339dda9b,"{""eim_R"": 16, ""eim_Tmax"": 0.004778562334987127, ""eim_Tmin"": 5.65009413558932e-07, ""eim_anneal"": 0.48645278005217524, ""eim_hscale"": 0.689973517338634, ""eim_moves"": 159234, ""eim_rho"": 15.504304921919466, ""g_scale"": 902.9755641720078, ""p_add"": 0.05480263669113283, ""p_swap"": 0.7323744694634446, ""start"": ""lp"", ""topw"": 19}",3.0,0,6.0,3.0,49,26.678127428127347,170207.0,170207.0,"[21.96529396529395, 22.074818699818696, 22.865708365708524, 22.787069412069485, 21.09280303030315, 23.452505827505778, 24.110997798497866, 23.25639406889416, 22.45347707847707, 23.465310152810147, 22.11428386428389, 20.892757705257683, 20.875825563325474, 19.741663429163488, 19.837784900284912, 18.960648148148138, 19.98272792022801, 20.80929487179486, 19.73738992488992, 19.533750971251003, 19.05536130536132, 20.74885068635073, 20.6209854959855, 20.686107873607916, 21.84744884744882, 21.54887011137009, 20.730251230251174, 20.92854830354817, 22.17331973581975, 21.158330095830166, 19.983100233100274, 20.779817404817738, 22.65062483812483, 22.971072908572918, 23.458592333592343, 25.141090391090373, 26.223096348096284, 26.722125097125094, 24.885991323491368, 20.98776223776228, 20.01834045584049, 19.85434472934474, 18.709968272468235, 18.255309505309462, 17.26931170681168, 16.633433695933732, 15.855170292670337, 15.70732970732969, 15.662182724682705]","[3.011, 3.007, 3.002, 3.03, 3.051, 3.06, 3.042, 3.023, 3.02, 3.057, 3.031, 3.025, 3.027, 3.03, 3.024, 3.004, 3.007, 3.051, 3.022, 3.0, 3.021, 3.045, 3.015, 3.05, 3.01, 3.024, 3.03, 3.044, 3.052, 3.023, 3.043, 3.036, 3.024, 3.011, 3.02, 3.019, 3.007, 3.033, 3.043, 3.056, 3.007, 3.019, 3.017, 3.054, 3.053, 3.032, 3.004, 3.05, 3.035]","[2356, 2478, 2529, 2540, 2332, 2222, 2215, 2089, 2094, 2240, 2203, 2106, 2213, 2263, 2175, 2083, 2181, 2355, 2322, 2289, 2250, 2251, 2293, 2200, 2202, 2238, 2211, 2276, 2346, 2277, 2214, 2213, 2415, 2555, 2580, 2760, 2860, 2801, 2443, 2003, 1983, 2057, 1971, 1935, 1854, 1703, 1654, 1126, 287]","[6161.7, 8874.4, 5843.2, 6032.9, 5526.6, 3845.4, 6622.1, 5767.9, 5174.6, 5208.4, 6086.1, 4203.8, 5129.6, 5364.3, 4877.1, 5772.8, 4960.5, 6269.3, 6457.0, 5001.8, 6004.5, 5389.3, 6750.0, 5869.7, 5416.5, 6410.2, 5405.0, 5012.7, 5944.5, 6768.2, 4660.9, 4964.7, 6335.4, 7075.2, 6157.9, 6164.6, 7007.4, 6859.1, 5859.9, 4145.6, 3272.4, 5439.1, 5197.8, 4512.6, 5125.3, 5077.1, 5018.8, 3141.0, 557.0]","[126, 144, 162, 180, 198, 216, 234, 252, 270, 288, 306, 324, 342, 360, 378, 396, 414, 432, 450, 468, 486, 504, 522, 540, 558, 576, 594, 612, 630, 648, 666, 684, 702, 720, 738, 756, 774, 792, 810, 828, 846, 864, 882, 900, 918, 936, 954, 972, 990]","[22.074818699818696, 22.864963739963713, 22.787069412069485, 21.09280303030314, 23.44782763532764, 24.036519036519085, 23.25639406889416, 22.39894133644139, 23.465310152810147, 22.11428386428389, 20.892757705257686, 20.875825563325478, 19.741663429163488, 19.837784900284912, 18.960648148148138, 19.95588901838907, 20.759469696969756, 19.73738992488992, 19.533750971251003, 19.051573426573412, 20.7047073297074, 20.6209854959855, 20.66159997409994, 21.83831908831915, 21.548870111370086, 20.730251230251174, 20.89970214970216, 22.153603341103356, 21.158330095830163, 19.982323232323264, 20.77261396011399, 22.640232452732484, 22.964128464128493, 23.458592333592335, 25.141090391090376, 26.223096348096284, 26.678127428127347, 24.883352758352657, 20.98776223776228, 20.01834045584049, 19.854344729344742, 18.703169515669543, 18.255309505309462, 17.26931170681168, 16.633433695933732, 15.846817534317497, 15.70707070707072, 15.662182724682705]",0,3.06,ok,roll_pt_b3
8b9340b1d29fe649,2026-10-01T23:19:07,roll,full_Region6_s0.1,pt,ising,e2339dda9b,"{""eim_R"": 16, ""eim_Tmax"": 0.004778562334987127, ""eim_Tmin"": 5.65009413558932e-07, ""eim_anneal"": 0.48645278005217524, ""eim_hscale"": 0.689973517338634, ""eim_moves"": 159234, ""eim_rho"": 15.504304921919466, ""g_scale"": 902.9755641720078, ""p_add"": 0.05480263669113283, ""p_swap"": 0.7323744694634446, ""start"": ""lp"", ""topw"": 19}",3.0,0,6.0,3.0,49,25.007770007770073,170212.0,170212.0,"[19.682109557109495, 19.19989963739962, 20.137885262885284, 21.01048951048956, 20.219227531727544, 21.97071678321675, 22.09568440818471, 23.484508547008478, 22.48065591815589, 21.786486661486656, 19.205209142709215, 18.106351981351988, 18.5116711991712, 18.98934861434871, 18.433550246050206, 18.407601657601727, 19.085324397824333, 20.16231222481221, 19.440300440300526, 18.109799922299967, 18.52258158508161, 19.074446386946494, 18.3169353794354, 17.65098096348097, 18.061237373737395, 18.215132090132055, 19.258854571354437, 19.69617650867661, 19.925326987827095, 19.64152745402747, 18.90476884226885, 18.920551670551657, 21.491809116809144, 21.530788655788633, 21.64168932918927, 22.84914853664857, 24.449187386687434, 25.02737308987313, 23.38626651126655, 20.57268194768198, 20.94662975912971, 20.09073102823107, 19.25670163170165, 18.074980574980582, 18.200433825433862, 16.677949365449404, 15.204286454286468, 14.46307627557628, 14.409430846930842]","[3.039, 3.03, 3.032, 3.05, 3.003, 3.056, 3.01, 3.025, 3.037, 3.055, 3.003, 3.028, 3.054, 3.036, 3.033, 3.051, 3.042, 3.046, 3.046, 3.007, 3.012, 3.037, 3.032, 3.007, 3.068, 3.011, 3.029, 3.052, 3.005, 3.048, 3.013, 3.045, 3.042, 3.017, 3.016, 3.066, 3.04, 3.025, 3.025, 3.053, 3.038, 3.02, 3.055, 3.029, 3.01, 3.048, 3.015, 3.031, 3.025]","[2139, 2199, 2205, 2353, 2316, 2140, 2014, 2021, 2068, 2060, 1948, 1907, 2038, 2166, 2139, 2042, 2132, 2251, 2234, 2062, 2028, 2132, 1998, 1928, 1977, 2001, 2134, 2234, 2211, 2095, 1994, 2086, 2253, 2277, 2286, 2420, 2495, 2563, 2333, 1856, 1859, 1967, 1876, 1803, 1661, 1539, 1506, 964, 220]","[6195.7, 8892.4, 5358.1, 6427.9, 6911.6, 4686.4, 6967.1, 5584.8, 6604.6, 5184.3, 5224.1, 4181.8, 5015.5, 6035.3, 5799.0, 5003.8, 5894.5, 6208.2, 6537.0, 5141.7, 4548.4, 5770.2, 6179.9, 4998.7, 5277.4, 6033.1, 5566.9, 6500.6, 6051.4, 6105.1, 5658.8, 4809.6, 6041.3, 7409.1, 5824.8, 6036.5, 6713.3, 6858.0, 6143.8, 4385.5, 3620.2, 5625.0, 5019.7, 5187.5, 4916.2, 5440.9, 4317.7, 2084.0, 127.0]","[126, 144, 162, 180, 198, 216, 234, 252, 270, 288, 306, 324, 342, 360, 378, 396, 414, 432, 450, 468, 486, 504, 522, 540, 558, 576, 594, 612, 630, 648, 666, 684, 702, 720, 738, 756, 774, 792, 810, 828, 846, 864, 882, 900, 918, 936, 954, 972, 990]","[19.19989963739962, 20.120694120694115, 20.99694055944061, 20.219227531727544, 21.95679551929557, 22.09568440818471, 23.464419839419836, 22.48065591815589, 21.786486661486656, 19.20520914270922, 18.091572779072816, 18.5116711991712, 18.98934861434871, 18.428613053613336, 18.369917119917204, 19.084434084434122, 20.154590779590773, 19.440300440300526, 18.109799922299967, 18.49967624967628, 19.074446386946494, 18.316935379435396, 17.630228567728537, 18.047947422947427, 18.204885392385428, 19.23758417508415, 19.67315786065782, 19.925326987827095, 19.64152745402747, 18.90476884226885, 18.920551670551653, 21.442760942760845, 21.530788655788633, 21.64168932918927, 22.805150867650845, 24.449041699041672, 25.007770007770073, 23.38626651126655, 20.57268194768198, 20.908686221186247, 20.09073102823107, 19.25566563066567, 18.072228697228628, 18.19690494690497, 16.677949365449404, 15.204286454286468, 14.463076275576281, 14.409430846930842]",0,3.068,ok,roll_pt_b3
834931d705ef2c63,2026-10-01T23:21:35,roll,full_Region6_s0.2,pt,ising,e2339dda9b,"{""eim_R"": 16, ""eim_Tmax"": 0.004778562334987127, ""eim_Tmin"": 5.65009413558932e-07, ""eim_anneal"": 0.48645278005217524, ""eim_hscale"": 0.689973517338634, ""eim_moves"": 159234, ""eim_rho"": 15.504304921919466, ""g_scale"": 902.9755641720078, ""p_add"": 0.05480263669113283, ""p_swap"": 0.7323744694634446, ""start"": ""lp"", ""topw"": 19}",3.0,0,6.0,3.0,49,25.763160450660624,170217.0,170217.0,"[20.670956358456362, 21.484718984719052, 21.500048562548564, 22.290161227661326, 20.70596995597013, 22.945868945868977, 23.080710955710984, 24.82517482517485, 24.259987697487716, 23.82949689199685, 21.60466847966846, 19.72031209531211, 19.68523374773369, 20.65970603470606, 20.505439005439, 20.292443667443667, 20.97533022533028, 21.768923206423253, 20.639325951825942, 19.978163040663055, 19.649880212380246, 19.598501036001142, 19.685897435897324, 21.92987567987574, 21.74386493136496, 21.426055426055363, 20.974957912457963, 21.1499773374774, 20.37805944055948, 20.450271950271933, 19.80566886816895, 20.596218596218666, 22.35290404040404, 22.80010036260039, 24.435897435897438, 24.780254467754464, 25.82271432271425, 25.760262885262865, 23.836101398601425, 20.920195545195615, 21.297040922040903, 21.650123025123005, 21.72311253561248, 20.77275964775967, 19.518826081326058, 18.215617715617743, 17.32344276094277, 16.95692501942499, 16.95692501942499]","[3.014, 3.001, 3.036, 3.041, 3.043, 3.038, 3.006, 3.051, 3.056, 3.011, 3.016, 3.045, 3.023, 3.012, 3.053, 3.023, 3.031, 3.038, 3.011, 3.013, 3.034, 3.054, 3.024, 3.015, 3.041, 3.035, 3.0, 3.042, 3.011, 3.029, 3.055, 3.045, 3.054, 3.047, 3.054, 3.027, 3.044, 3.022, 3.041, 3.009, 3.01, 3.053, 3.041, 3.05, 3.015, 3.034, 3.048, 3.036, 3.042]","[2243, 2421, 2447, 2412, 2240, 2178, 2142, 2079, 2266, 2381, 2177, 1994, 2110, 2318, 2266, 2186, 2317, 2438, 2395, 2281, 2231, 2254, 2191, 2228, 2312, 2311, 2353, 2447, 2458, 2268, 2116, 2196, 2486, 2518, 2588, 2870, 2907, 2763, 2415, 2086, 2152, 2230, 2257, 2201, 1917, 1784, 1756, 1128, 266]","[6157.8, 8630.5, 6452.3, 5916.0, 6165.8, 3687.5, 6165.3, 5774.0, 5963.8, 5304.5, 5082.3, 3661.1, 4648.8, 5631.6, 6911.3, 5477.1, 5572.8, 6304.6, 6409.3, 4896.1, 5251.8, 5379.6, 5455.3, 5713.1, 6491.8, 5551.6, 5565.3, 5437.1, 6190.9, 4893.6, 5749.4, 5284.1, 6394.9, 7116.6, 6223.4, 7187.1, 6421.9, 6275.6, 5678.4, 4181.1, 4435.9, 5997.6, 6093.4, 5808.1, 4694.9, 4822.6, 4731.4, 3057.0, 511.0]","[126, 144, 162, 180, 198, 216, 234, 252, 270, 288, 306, 324, 342, 360, 378, 396, 414, 432, 450, 468, 486, 504, 522, 540, 558, 576, 594, 612, 630, 648, 666, 684, 702, 720, 738, 756, 774, 792, 810, 828, 846, 864, 882, 900, 918, 936, 954, 972, 990]","[21.484718984719052, 21.498267935767995, 22.27716265216265, 20.70596995597013, 22.90543253043255, 23.071208883708945, 24.82517482517485, 24.259987697487723, 23.82949689199685, 21.60466847966846, 19.720312095312106, 19.68523374773369, 20.62792994042995, 20.505439005439, 20.292443667443667, 20.94510813260816, 21.76892320642325, 20.639325951825942, 19.93264374514375, 19.62292799792798, 19.594972157472217, 19.685897435897324, 21.876295001294988, 21.743864931364964, 21.426055426055363, 20.94183825433824, 21.149977337477395, 20.37805944055948, 20.439992877492873, 19.804665242165292, 20.57773245273246, 22.34759453509449, 22.80010036260039, 24.4184472934473, 24.780254467754464, 25.763160450660614, 25.76026288526286, 23.83610139860142, 20.920195545195618, 21.2799954674955, 21.650123025123005, 21.72070059570065, 20.77275964775967, 19.518826081326058, 18.215617715617743, 17.32344276094277, 16.951502201502198, 16.956925019424986]",0,3.056,ok,roll_pt_b3
b5e4e202d1afc04f,2026-10-01T23:24:04,roll,full_Region6_s0.3,pt,ising,e2339dda9b,"{""eim_R"": 16, ""eim_Tmax"": 0.004778562334987127, ""eim_Tmin"": 5.65009413558932e-07, ""eim_anneal"": 0.48645278005217524, ""eim_hscale"": 0.689973517338634, ""eim_moves"": 159234, ""eim_rho"": 15.504304921919466, ""g_scale"": 902.9755641720078, ""p_add"": 0.05480263669113283, ""p_swap"": 0.7323744694634446, ""start"": ""lp"", ""topw"": 19}",3.0,0,6.0,3.0,49,26.214112276612383,170189.0,170191.0,"[20.940543253043316, 20.469583657083675, 21.573523698523804, 22.93272468272474, 21.08938746438754, 21.263435638435457, 23.698394198394187, 22.783249158249244, 22.644797332297347, 21.883579383579438, 20.503885003885, 18.891333203833224, 19.619285806785825, 19.677836052836067, 19.165145040145063, 19.54084110334109, 21.181494431492663, 20.786130536130536, 19.35178710178716, 18.5965423465424, 17.815867003366982, 17.751780626780626, 18.26116938616942, 19.74499805749807, 19.867667055167068, 19.351301476301504, 18.882122507122514, 19.30626780626778, 19.537684537684534, 19.833511396011293, 20.028279590779576, 19.52824721574721, 20.239316239316235, 20.955241517741516, 21.834790209790203, 24.863603988604098, 26.095862470862517, 26.214889277389275, 24.248996373996512, 21.96971315721311, 20.99025511525512, 20.93244949494953, 19.532116032116072, 18.426832426832444, 17.984459984459964, 17.090472027972062, 17.281080031079917, 16.635619010618992, 16.67490611240606]","[3.046, 3.005, 3.011, 3.033, 3.038, 3.017, 3.062, 3.05, 3.006, 3.033, 3.024, 3.011, 3.025, 3.023, 3.024, 3.007, 3.037, 3.007, 3.002, 3.042, 3.021, 3.047, 3.025, 3.039, 3.014, 3.037, 3.055, 3.019, 3.016, 3.034, 3.013, 3.041, 3.002, 3.041, 3.005, 3.025, 3.031, 3.05, 3.034, 3.048, 3.034, 3.038, 3.029, 3.031, 3.002, 3.027, 3.02, 3.001, 3.02]","[2330, 2369, 2309, 2454, 2287, 2139, 2136, 2029, 2235, 2372, 2168, 2047, 2109, 2264, 2183, 2022, 2187, 2264, 2142, 2099, 2001, 2034, 2065, 2074, 2209, 2191, 2124, 2147, 2158, 2098, 2030, 2128, 2304, 2357, 2442, 2757, 2905, 2757, 2462, 2068, 2047, 2107, 1989, 1860, 1713, 1676, 1676, 1084, 251]","[6160.7, 8746.5, 5108.2, 6448.0, 7254.7, 3818.4, 6117.2, 7183.9, 5061.7, 6069.4, 5254.2, 4906.9, 4790.7, 6120.4, 5719.2, 4885.9, 5904.7, 7276.4, 4977.1, 4733.9, 4864.6, 4982.4, 5618.1, 6462.9, 6998.6, 5867.4, 4965.1, 5534.9, 6051.6, 6145.4, 6128.1, 5975.8, 5265.6, 6174.3, 6399.1, 6331.8, 7640.6, 6706.3, 5733.1, 4038.8, 4262.6, 5240.3, 5546.1, 4376.8, 4911.5, 5511.3, 4974.0, 4058.0, 267.0]","[126, 144, 162, 180, 198, 216, 234, 252, 270, 288, 306, 324, 342, 360, 378, 396, 414, 432, 450, 468, 486, 504, 522, 540, 558, 576, 594, 612, 630, 648, 666, 684, 702, 720, 738, 756, 774, 792, 810, 828, 846, 864, 882, 900, 918, 936, 954, 972, 990]","[20.469583657083675, 21.557821807821803, 22.93272468272474, 21.089387464387542, 21.25556850556854, 23.68558987308989, 22.759000259000327, 22.644797332297347, 21.870580808080895, 20.503885003884996, 18.89133320383322, 19.59092527842529, 19.67783605283607, 19.165145040145063, 19.54084110334109, 21.177188552188614, 20.786130536130536, 19.28172753172761, 18.5965423465424, 17.815867003366982, 17.751780626780626, 18.234103859103897, 19.68994431494435, 19.867667055167068, 19.351301476301504, 18.882122507122514, 19.277939652939686, 19.516041828541855, 19.814766252266253, 19.987406112406077, 19.528247215747204, 20.21870953120956, 20.928434990935006, 21.818748381248383, 24.85852110852113, 26.095862470862517, 26.21411227661238, 24.24899637399652, 21.969713157213114, 20.99025511525512, 20.9168932918933, 19.532116032116072, 18.426832426832444, 17.97280497280496, 17.08152033152028, 17.224796037296038, 16.635619010618992, 16.67490611240606]",0,3.062,ok,roll_pt_b3
565528eff7a62f17,2026-10-01T23:26:32,roll,full_Region7_s0,eim,ising,fea13985a5,"{""eim_R"": 16, ""eim_Tmax"": 0.0007255047403074508, ""eim_Tmin"": 0.00013246974647468452, ""eim_anneal"": 0.7664913525398744, ""eim_eta"": 0.23358825194833557, ""eim_hscale"": 0.6218230782016851, ""eim_moves"": 52984, ""eim_rho"": 4.5566719139214715, ""g_scale"": 1370.4648392849028, ""p_add"": 0.0716766437045232, ""p_swap"": 0.8407909904010871, ""start"": ""lp"", ""topw"": 11}",3.0,0,6.0,3.0,49,27.972724035224058,170204.0,170204.0,"[21.898245273245244, 21.5468628593629, 23.353454415954502, 22.43926443926444, 23.141527454027486, 22.375631313131322, 23.303256928257017, 24.424582362082447, 26.453072390572498, 25.196937321937355, 22.80942437192437, 22.649038461538463, 21.968677156177222, 21.354959854960025, 22.468482905982945, 21.431105931106014, 24.024783087283076, 24.024783087283073, 21.579173141673234, 22.215650090650186, 21.05196192696196, 21.22215747215748, 20.324899637399685, 21.058129370629423, 24.76507057757059, 23.89814814814821, 25.81217624967627, 27.739235301735278, 27.97332297332294, 25.558744496244532, 22.634922947422943, 21.046393421393418, 22.01675407925407, 21.428952991453002, 22.22986272986281, 21.390151515151594, 19.83852952602958, 20.536114348614372, 22.01508676508679, 21.761315073815116, 23.21626521626526, 22.52298627298627, 21.474213286713283, 20.408621471121492, 19.34128140378141, 19.539983164983195, 19.70779914529918, 18.98363442113445, 18.93670681170682]","[3.016, 3.003, 3.008, 3.009, 3.015, 3.004, 3.004, 3.011, 3.011, 3.013, 3.009, 3.005, 3.001, 3.008, 3.013, 3.001, 3.015, 3.011, 3.009, 3.008, 3.006, 3.002, 3.004, 3.004, 3.008, 3.006, 3.004, 3.004, 3.019, 3.008, 3.007, 3.013, 3.004, 3.008, 3.001, 3.006, 3.004, 3.01, 3.005, 3.0, 3.007, 3.009, 3.008, 3.002, 3.01, 3.003, 3.01, 3.012, 3.002]","[3096, 3238, 3212, 3177, 3145, 3100, 3118, 3366, 3790, 3595, 3107, 3093, 3115, 3089, 3074, 2977, 3069, 3327, 3381, 3356, 3178, 2964, 2907, 2921, 3218, 3349, 3493, 3895, 3912, 3528, 3192, 3074, 3076, 3076, 3037, 2957, 2766, 2825, 3210, 3451, 3518, 3326, 2900, 2703, 2586, 2636, 2767, 1818, 416]","[6209.7, 8747.4, 4967.2, 7002.9, 4779.7, 6214.4, 4940.2, 6153.9, 6766.7, 6975.4, 4257.1, 4307.9, 5568.6, 4833.4, 5130.1, 6679.9, 4392.6, 6169.4, 4779.1, 4573.8, 6114.6, 4364.3, 5414.1, 4999.8, 6437.6, 8085.3, 4440.1, 6476.8, 6787.5, 6085.3, 3963.0, 4324.8, 4186.5, 6488.3, 5037.0, 6702.7, 4608.5, 4369.2, 5927.0, 7241.7, 5673.5, 6997.2, 4846.0, 5065.7, 4738.4, 4943.2, 5603.9, 3696.0, 173.0]","[126, 144, 162, 180, 198, 216, 234, 252, 270, 288, 306, 324, 342, 360, 378, 396, 414, 432, 450, 468, 486, 504, 522, 540, 558, 576, 594, 612, 630, 648, 666, 684, 702, 720, 738, 756, 774, 792, 810, 828, 846, 864, 882, 900, 918, 936, 954, 972, 990]","[21.5468628593629, 23.353454415954502, 22.43926443926444, 23.122296684796794, 22.355170292670312, 23.303256928257017, 24.424582362082447, 26.453072390572498, 25.18683631183634, 22.80942437192437, 22.649038461538463, 21.96867715617722, 21.335615773115812, 22.468482905982945, 21.43110593110601, 23.9617812742813, 24.024783087283073, 21.579173141673238, 22.215650090650186, 21.051961926961955, 21.22215747215748, 20.31305037555044, 21.055345117845167, 24.752007252007324, 23.89814814814821, 25.804454804454867, 27.73923530173523, 27.972724035224058, 25.55799987049983, 22.61238992488992, 21.04487179487185, 21.965747215747253, 21.428062678062744, 22.216054778554792, 21.390151515151594, 19.83852952602958, 20.5344470344471, 21.988134550634545, 21.76131507381511, 23.21170033670032, 22.522986272986273, 21.46938940688947, 20.408621471121492, 19.327101139601172, 19.51314426314427, 19.707799145299177, 18.983634421134447, 18.93670681170682]",0,3.019,ok,roll_eim_b3
e7652fd61f1c9d77,2026-10-01T23:28:59,roll,full_Region7_s0.1,eim,ising,fea13985a5,"{""eim_R"": 16, ""eim_Tmax"": 0.0007255047403074508, ""eim_Tmin"": 0.00013246974647468452, ""eim_anneal"": 0.7664913525398744, ""eim_eta"": 0.23358825194833557, ""eim_hscale"": 0.6218230782016851, ""eim_moves"": 52984, ""eim_rho"": 4.5566719139214715, ""g_scale"": 1370.4648392849028, ""p_add"": 0.0716766437045232, ""p_swap"": 0.8407909904010871, ""start"": ""lp"", ""topw"": 11}",3.0,0,6.0,3.0,49,27.10275835275838,170214.0,170214.0,"[21.776094276094426, 21.967819217819248, 22.171798109298134, 21.46552059052059, 20.672332297332353, 20.54380341880343, 21.58109945609948, 21.29436998187002, 25.99305555555555, 25.023148148148227, 22.873170810670796, 22.61884874384877, 21.91988798238801, 21.24164724164725, 20.63249481999487, 20.1629111629112, 21.97892385392389, 21.78203509453512, 21.1004921004921, 22.171911421911513, 22.021982646982654, 20.653700466200537, 20.765378140378196, 21.298675861175916, 21.8351301476302, 21.964662652162627, 27.152065527065503, 26.947601010100936, 26.80213998963993, 25.320237632737665, 22.490125615125617, 20.254726754726757, 22.226965164465213, 20.853438228438254, 22.403991841491884, 21.243945868945957, 19.116177803677797, 20.09121665371667, 21.09458365708364, 21.601074851074905, 22.972966847966855, 22.186463998964037, 20.654218466718543, 19.143987956487962, 18.19033281533285, 17.100864413364423, 17.612406112406163, 17.55916537166542, 17.506037943537958]","[3.003, 3.002, 3.0, 3.002, 3.003, 3.008, 3.008, 3.005, 3.008, 3.005, 3.0, 3.007, 3.004, 3.008, 3.004, 3.001, 3.002, 3.008, 3.007, 3.002, 3.007, 3.008, 3.004, 3.003, 3.002, 3.002, 3.002, 3.004, 3.002, 3.011, 3.004, 3.008, 3.01, 3.012, 3.003, 3.004, 3.005, 3.01, 3.007, 3.012, 3.008, 3.013, 3.007, 3.011, 3.011, 3.013, 3.003, 3.01, 3.011]","[3191, 3391, 3274, 3145, 3000, 2894, 3005, 3181, 3545, 3668, 3271, 3151, 3192, 3163, 3067, 2869, 3023, 3323, 3274, 3253, 3167, 2963, 3044, 3045, 3089, 3251, 3660, 3994, 3853, 3601, 3165, 2909, 2944, 2941, 2938, 2846, 2577, 2656, 3028, 3248, 3376, 3203, 2820, 2614, 2497, 2498, 2572, 1754, 443]","[6210.8, 8909.5, 5901.3, 6128.0, 5000.8, 5413.5, 5517.3, 6328.0, 5421.8, 7956.5, 4731.3, 4130.0, 5523.8, 4827.5, 5065.3, 5318.0, 5235.8, 7371.5, 5501.3, 4567.0, 6734.8, 5642.5, 4471.3, 5739.0, 6293.8, 6700.5, 5432.3, 7750.0, 5723.8, 5678.5, 4384.3, 3558.0, 3991.8, 6604.5, 3991.3, 6275.0, 3892.8, 4158.5, 6319.3, 7003.0, 6138.8, 7127.5, 5043.3, 4110.0, 4396.8, 4715.5, 4613.3, 4038.0, 620.0]","[126, 144, 162, 180, 198, 216, 234, 252, 270, 288, 306, 324, 342, 360, 378, 396, 414, 432, 450, 468, 486, 504, 522, 540, 558, 576, 594, 612, 630, 648, 666, 684, 702, 720, 738, 756, 774, 792, 810, 828, 846, 864, 882, 900, 918, 936, 954, 972, 990]","[21.96781921781925, 22.171798109298134, 21.465520590520594, 20.67233229733235, 20.528133903133945, 21.58109945609948, 21.29258935508936, 25.919515669515715, 25.023148148148227, 22.873170810670796, 22.615918803418843, 21.91988798238801, 21.24138824138796, 20.63168544418551, 20.15493071743076, 21.97892385392389, 21.78203509453512, 21.094178969179037, 22.171911421911513, 22.021982646982654, 20.65135327635333, 20.765378140378193, 21.298675861175916, 21.8351301476302, 21.964662652162627, 27.10275835275838, 26.947601010100936, 26.793188293188205, 25.320237632737665, 22.490125615125617, 20.254726754726757, 22.213270525770547, 20.853438228438254, 22.379079254079272, 21.243945868945957, 19.116177803677797, 20.09121665371667, 21.09142709142707, 21.601074851074905, 22.972966847966855, 22.143615643615576, 20.62844794094797, 19.143987956487962, 18.19033281533285, 17.100427350427417, 17.60264504014507, 17.55916537166542, 17.506037943537955]",0,3.013,ok,roll_eim_b3
4a3815bf5b12ec3b,2026-10-01T23:31:26,roll,full_Region7_s0.2,eim,ising,fea13985a5,"{""eim_R"": 16, ""eim_Tmax"": 0.0007255047403074508, ""eim_Tmin"": 0.00013246974647468452, ""eim_anneal"": 0.7664913525398744, ""eim_eta"": 0.23358825194833557, ""eim_hscale"": 0.6218230782016851, ""eim_moves"": 52984, ""eim_rho"": 4.5566719139214715, ""g_scale"": 1370.4648392849028, ""p_add"": 0.0716766437045232, ""p_swap"": 0.8407909904010871, ""start"": ""lp"", ""topw"": 11}",3.0,0,6.0,3.0,49,27.489445739445753,170213.0,170213.0,"[23.005455192955168, 23.315170940170958, 23.349294224294326, 22.20417314167317, 21.873818311318328, 21.78036778036785, 23.271772209272267, 23.5965585340586, 26.710842398342418, 25.157844470344514, 22.805636493136507, 22.900608650608714, 21.894230769230866, 20.511460761460818, 19.838157213157256, 20.270946645946673, 22.09531209531207, 21.75798044548054, 21.22448847448851, 21.405529655529698, 21.185023310023325, 20.47363053613063, 19.400462962962944, 20.041650479150537, 22.12438487438488, 21.901660839160897, 26.214079901579773, 27.093774281274275, 27.489445739445756, 25.806057368557333, 22.599990287490318, 20.966718466718497, 20.946888759388806, 20.186269748769803, 22.139131701631655, 21.936043123543154, 19.99231092981094, 21.362713675213687, 21.58663558663561, 21.94918738668741, 23.516106578606585, 22.528554778554735, 21.35154428904432, 19.522613960113954, 18.734362859362925, 18.115854053354145, 17.69698588448589, 17.030804843304907, 16.980089355089348]","[3.001, 3.001, 3.012, 3.007, 3.003, 3.005, 3.003, 3.003, 3.002, 3.003, 3.001, 3.006, 3.006, 3.008, 3.006, 3.008, 3.011, 3.003, 3.001, 3.003, 3.002, 3.004, 3.003, 3.006, 3.005, 3.007, 3.003, 3.006, 3.01, 3.0, 3.005, 3.001, 3.004, 3.002, 3.008, 3.007, 3.014, 3.003, 3.005, 3.01, 3.002, 3.004, 3.004, 3.012, 3.008, 3.008, 3.008, 3.003, 3.001]","[3221, 3547, 3469, 3296, 3117, 3033, 3150, 3420, 3716, 3691, 3245, 3109, 3175, 3094, 2888, 2794, 3110, 3292, 3292, 3347, 3154, 2967, 2890, 2859, 3185, 3311, 3564, 4035, 4033, 3566, 3194, 3125, 3103, 3065, 3101, 3080, 2796, 2896, 3238, 3445, 3595, 3403, 2927, 2646, 2603, 2709, 2722, 1767, 426]","[6161.7, 8741.4, 6283.2, 5843.9, 4332.6, 5618.4, 5773.1, 6792.9, 6020.6, 7636.4, 4414.1, 4096.8, 5723.6, 4606.3, 4639.1, 5175.8, 5694.6, 7053.3, 5236.0, 5271.8, 5843.5, 5162.3, 5510.0, 4605.8, 6191.5, 7748.2, 5460.0, 7476.7, 6435.5, 6316.2, 3611.9, 4419.7, 3829.4, 5872.2, 4370.9, 6504.7, 4258.4, 4179.1, 6167.9, 6094.6, 6173.4, 7285.1, 4837.9, 4793.6, 3822.3, 5365.1, 5275.8, 3304.0, 212.0]","[126, 144, 162, 180, 198, 216, 234, 252, 270, 288, 306, 324, 342, 360, 378, 396, 414, 432, 450, 468, 486, 504, 522, 540, 558, 576, 594, 612, 630, 648, 666, 684, 702, 720, 738, 756, 774, 792, 810, 828, 846, 864, 882, 900, 918, 936, 954, 972, 990]","[23.315170940170958, 23.349294224294326, 22.20417314167317, 21.873818311318328, 21.766964516964613, 23.267466329966375, 23.5965585340586, 26.69640313390319, 25.157245532245554, 22.805636493136507, 22.897937710437763, 21.894230769230862, 20.511460761460818, 19.837121212121236, 20.24815462315466, 22.069250194250273, 21.749773374773433, 21.22448847448851, 21.4055296555297, 21.185023310023325, 20.467657342657386, 19.39908702408706, 20.032893032893075, 22.113506863506853, 21.901660839160897, 26.21000064750062, 27.078477078477054, 27.489445739445753, 25.79851398601395, 22.599472286972297, 20.966718466718497, 20.909689847189885, 20.169224294224286, 22.139131701631655, 21.92921199171198, 19.99231092981094, 21.32800764050764, 21.552738927738968, 21.94918738668741, 23.50270331520334, 22.528554778554735, 21.35065397565397, 19.522613960113958, 18.734362859362925, 18.115854053354145, 17.69698588448589, 17.030804843304907, 16.980089355089348]",0,3.014,ok,roll_eim_b3
206667bddbd95865,2026-10-01T23:33:54,roll,full_Region7_s0.3,eim,ising,fea13985a5,"{""eim_R"": 16, ""eim_Tmax"": 0.0007255047403074508, ""eim_Tmin"": 0.00013246974647468452, ""eim_anneal"": 0.7664913525398744, ""eim_eta"": 0.23358825194833557, ""eim_hscale"": 0.6218230782016851, ""eim_moves"": 52984, ""eim_rho"": 4.5566719139214715, ""g_scale"": 1370.4648392849028, ""p_add"": 0.0716766437045232, ""p_swap"": 0.8407909904010871, ""start"": ""lp"", ""topw"": 11}",3.0,0,6.0,3.0,49,26.146804584304594,170205.0,170205.0,"[20.424987049987067, 20.424987049987063, 21.618120305620366, 21.60868298368306, 20.922688422688502, 20.331245143745196, 23.612195674695688, 23.27997927997928, 24.638095700595628, 23.1289821289821, 21.231400543900588, 22.859249546749602, 22.13552188552185, 20.91600297850302, 20.06730769230764, 20.00318894068895, 21.30639730639736, 21.476625226625266, 21.1137820512821, 21.535580160580214, 20.83443408443409, 20.13145881895887, 19.75380406630408, 19.2940947940948, 22.091378528878412, 22.293868168868183, 25.115481740481776, 26.146804584304597, 25.786778036778475, 24.223161098162997, 22.55031080031081, 20.952942890442912, 22.397047397047427, 21.950773763273837, 21.156436156436175, 20.425585988086013, 19.618735431235407, 19.74608262108262, 20.41585729085739, 20.71340002590002, 21.92430717430717, 21.634566822066827, 21.109362859362907, 19.651628464128496, 18.33906371406374, 18.01579901579903, 20.26919839419843, 20.26919839419843, 18.225087412587442]","[3.008, 3.018, 3.007, 3.006, 3.01, 3.007, 3.005, 3.001, 3.008, 3.015, 3.007, 3.004, 3.0, 3.004, 3.014, 3.008, 3.006, 3.015, 3.001, 3.007, 3.013, 3.005, 3.011, 3.001, 3.006, 3.006, 3.004, 3.015, 3.009, 3.01, 3.0, 3.003, 3.001, 3.008, 3.006, 3.007, 3.007, 3.007, 3.005, 3.01, 3.003, 3.002, 3.004, 3.004, 3.003, 3.001, 3.008, 3.002, 3.001]","[2967, 3146, 3185, 3142, 2972, 2911, 3058, 3251, 3560, 3482, 2997, 3004, 3107, 3011, 2886, 2813, 2981, 3183, 3193, 3284, 3216, 2913, 2853, 2753, 2934, 3201, 3459, 3872, 3940, 3645, 3175, 2942, 3006, 3061, 2973, 2792, 2615, 2711, 2930, 3116, 3356, 3262, 2783, 2560, 2475, 2498, 2669, 1803, 435]","[6207.6, 8683.4, 5712.1, 7160.8, 5334.6, 5229.3, 5130.0, 7412.8, 5654.5, 6577.3, 4315.0, 4063.7, 6206.5, 4644.2, 4875.9, 5083.7, 5045.4, 6721.2, 5686.9, 5424.6, 6377.4, 4861.1, 4934.8, 5080.6, 4891.3, 6822.0, 5351.8, 7290.5, 6971.3, 5597.0, 4704.7, 4548.5, 4196.2, 5993.9, 5359.7, 4913.4, 5028.1, 4582.9, 5947.6, 6552.4, 6091.1, 6901.8, 5409.6, 5049.3, 4309.0, 4138.8, 5272.5, 4462.0, 211.0]","[126, 144, 162, 180, 198, 216, 234, 252, 270, 288, 306, 324, 342, 360, 378, 396, 414, 432, 450, 468, 486, 504, 522, 540, 558, 576, 594, 612, 630, 648, 666, 684, 702, 720, 738, 756, 774, 792, 810, 828, 846, 864, 882, 900, 918, 936, 954, 972, 990]","[20.424987049987063, 21.599666537166602, 21.608682983683064, 20.90690559440569, 20.3312451437452, 23.612195674695688, 23.27997927997928, 24.631345506345554, 23.12898212898209, 21.19917119917126, 22.837979150479146, 22.13552188552185, 20.916002978503027, 20.018486143486218, 20.00318894068895, 21.306397306397336, 21.476625226625266, 21.1137820512821, 21.502687127687132, 20.820027195027237, 20.1171328671329, 19.75365837865843, 19.28614672364671, 22.039254726754752, 22.25715488215492, 25.106902356902367, 26.146804584304597, 25.781581844083174, 24.223161098162997, 22.55031080031081, 20.94889601139601, 22.36200142450145, 21.950773763273837, 21.15643615643618, 20.402793965294006, 19.611531986532015, 19.74608262108262, 20.399265086765098, 20.713400025900025, 21.904040404040497, 21.634566822066827, 21.109362859362907, 19.651628464128496, 18.33108326858327, 17.994156306656315, 20.124336311836366, 20.26919839419843, 18.225087412587442]",0,3.018,ok,roll_eim_b3
59786dc16863bbfd,2026-10-01T23:36:21,roll,full_Region6_s0,eim,ising,fea13985a5,"{""eim_R"": 16, ""eim_Tmax"": 0.0007255047403074508, ""eim_Tmin"": 0.00013246974647468452, ""eim_anneal"": 0.7664913525398744, ""eim_eta"": 0.23358825194833557, ""eim_hscale"": 0.6218230782016851, ""eim_moves"": 52984, ""eim_rho"": 4.5566719139214715, ""g_scale"": 1370.4648392849028, ""p_add"": 0.0716766437045232, ""p_swap"": 0.8407909904010871, ""start"": ""lp"", ""topw"": 11}",3.0,0,6.0,3.0,49,26.648390960890946,170207.0,170207.0,"[21.980364542864525, 22.0404364154364, 22.883190883190967, 22.845069282569426, 21.16033734783744, 23.434311059311078, 23.987584175084223, 23.362875550375552, 22.461943149443147, 23.48896011396002, 22.090002590002616, 20.836214711214726, 20.734443796943825, 19.803548303548332, 19.799469049469124, 18.97809829059827, 19.87030562030566, 20.679762367262388, 19.688196063196102, 19.497474747474815, 19.042330354830415, 20.699138824138842, 20.594405594405682, 20.6806850556851, 21.82973970473968, 21.54887011137009, 20.812969437969464, 20.87783281533268, 22.12969437969445, 21.22218984718984, 20.032035094535097, 20.83710502460506, 22.708657083657123, 22.98410385910381, 23.479717042217093, 25.17673530173529, 26.24206811706805, 26.65180652680655, 24.807206682206722, 20.947633385133443, 20.098420098420124, 19.818813131313153, 18.6709077959078, 18.16200466200462, 17.220344470344426, 16.633433695933732, 15.936480186480177, 15.764358326858337, 15.695189070189072]","[3.001, 3.004, 3.008, 3.004, 3.014, 3.016, 3.002, 3.011, 3.006, 3.01, 3.013, 3.011, 3.008, 3.003, 3.0, 3.001, 3.015, 3.001, 3.007, 3.013, 3.001, 3.005, 3.009, 3.01, 3.009, 3.005, 3.008, 3.006, 3.003, 3.004, 3.004, 3.014, 3.011, 3.01, 3.009, 3.004, 3.01, 3.009, 3.006, 3.003, 3.002, 3.014, 3.002, 3.008, 3.007, 3.009, 3.006, 3.011, 3.01]","[2356, 2478, 2529, 2540, 2332, 2222, 2215, 2089, 2094, 2240, 2203, 2106, 2213, 2263, 2175, 2083, 2181, 2355, 2322, 2289, 2250, 2251, 2293, 2200, 2202, 2238, 2211, 2276, 2346, 2277, 2214, 2213, 2415, 2555, 2580, 2760, 2860, 2801, 2443, 2003, 1983, 2057, 1971, 1935, 1854, 1703, 1654, 1126, 287]","[6161.7, 8873.4, 5807.2, 6084.9, 5473.6, 3843.4, 6573.1, 5648.9, 5144.6, 5189.4, 6112.1, 4173.8, 5095.6, 5424.3, 4950.1, 5752.8, 5030.5, 6448.3, 6507.0, 5047.8, 6010.5, 5464.3, 6732.0, 5958.7, 5509.5, 6535.2, 5438.0, 5175.7, 5969.5, 6865.2, 4761.9, 4988.7, 6346.4, 7068.2, 6129.9, 6183.6, 7069.4, 6971.1, 5890.9, 4124.6, 3275.4, 5454.1, 5106.8, 4448.6, 5302.3, 5165.1, 5075.8, 3107.0, 532.0]","[126, 144, 162, 180, 198, 216, 234, 252, 270, 288, 306, 324, 342, 360, 378, 396, 414, 432, 450, 468, 486, 504, 522, 540, 558, 576, 594, 612, 630, 648, 666, 684, 702, 720, 738, 756, 774, 792, 810, 828, 846, 864, 882, 900, 918, 936, 954, 972, 990]","[22.0404364154364, 22.84829059829056, 22.844324656824742, 21.16033734783744, 23.42532698782698, 23.972400284900328, 23.362875550375552, 22.46179746179747, 23.486030173530242, 22.090002590002616, 20.83621471121472, 20.72783929033931, 19.803548303548332, 19.799469049469124, 18.97809829059827, 19.859654234654236, 20.679762367262388, 19.688196063196095, 19.48989898989903, 19.042330354830415, 20.699138824138842, 20.594405594405682, 20.67092398342404, 21.815041440041487, 21.548870111370086, 20.812969437969464, 20.866809116809126, 22.123122248122115, 21.21260683760675, 20.032035094535097, 20.83179551929556, 22.708657083657123, 22.98410385910381, 23.479717042217093, 25.15007446257445, 26.24206811706805, 26.648390960890943, 24.801524864024763, 20.947633385133443, 20.08895040145041, 19.818813131313153, 18.6709077959078, 18.162004662004623, 17.220344470344426, 16.633433695933732, 15.936480186480178, 15.764358326858341, 15.695189070189072]",0,3.016,ok,roll_eim_b3
f05689e759357dcc,2026-10-01T23:38:49,roll,full_Region6_s0.1,eim,ising,fea13985a5,"{""eim_R"": 16, ""eim_Tmax"": 0.0007255047403074508, ""eim_Tmin"": 0.00013246974647468452, ""eim_anneal"": 0.7664913525398744, ""eim_eta"": 0.23358825194833557, ""eim_hscale"": 0.6218230782016851, ""eim_moves"": 52984, ""eim_rho"": 4.5566719139214715, ""g_scale"": 1370.4648392849028, ""p_add"": 0.0716766437045232, ""p_swap"": 0.8407909904010871, ""start"": ""lp"", ""topw"": 11}",3.0,0,6.0,3.0,49,24.86816886816886,170212.0,170212.0,"[19.682109557109495, 19.234799922299896, 20.149135586635634, 21.02578671328673, 20.27220927220931, 21.985787360787388, 22.035758223258224, 23.48881442631442, 22.48355348355347, 21.70707070707071, 19.51299857549866, 18.19073750323754, 18.55859880859885, 19.123785936286243, 18.556478243978287, 18.39597902097901, 19.153231028231065, 20.20972545972562, 19.487632737632705, 18.149119399119424, 18.343741906241938, 18.975573038072966, 18.229684667184596, 17.67704286454288, 18.027972027972012, 18.118638306138273, 19.25291375291378, 19.69617650867661, 19.920762108261982, 19.636735949236005, 18.890734265734274, 18.942680005180012, 21.4931041181041, 21.558226495726526, 21.521286583786594, 22.99558080808082, 24.50710631960637, 24.87741193991196, 23.19023569023574, 20.51005244755247, 20.952457264957307, 20.14423076923081, 19.28562872312875, 18.151757964257982, 18.031241906241927, 16.66380147630152, 15.140653328153345, 14.438536001035972, 14.34620240870241]","[3.002, 3.002, 3.008, 3.01, 3.004, 3.005, 3.013, 3.007, 3.01, 3.009, 3.007, 3.001, 3.005, 3.014, 3.001, 3.007, 3.008, 3.008, 3.007, 3.005, 3.003, 3.008, 3.011, 3.01, 3.01, 3.009, 3.009, 3.001, 3.01, 3.01, 3.002, 3.005, 3.004, 3.006, 3.002, 3.009, 3.001, 3.01, 3.01, 3.006, 3.005, 3.006, 3.004, 3.007, 3.007, 3.001, 3.01, 3.007, 3.004]","[2139, 2199, 2205, 2353, 2316, 2140, 2014, 2021, 2068, 2060, 1948, 1907, 2038, 2166, 2139, 2042, 2132, 2251, 2234, 2062, 2028, 2132, 1998, 1928, 1977, 2001, 2134, 2234, 2211, 2095, 1994, 2086, 2253, 2277, 2286, 2420, 2495, 2563, 2333, 1856, 1859, 1967, 1876, 1803, 1661, 1539, 1506, 964, 220]","[6195.7, 8892.4, 5320.1, 6546.9, 6910.6, 4701.4, 6972.1, 5577.8, 6601.6, 5150.3, 5372.1, 4000.8, 4962.5, 5938.3, 5780.0, 5010.8, 5839.5, 6110.2, 6563.0, 5148.7, 4445.4, 5896.2, 6209.9, 5105.7, 5367.4, 6271.1, 5600.9, 6505.6, 6043.4, 6109.1, 5706.8, 4800.6, 5985.3, 7436.1, 5842.8, 5910.5, 6718.3, 6821.0, 5982.8, 4388.5, 3579.2, 5703.0, 5055.7, 5216.5, 4945.2, 5533.9, 4249.7, 2178.0, 146.0]","[126, 144, 162, 180, 198, 216, 234, 252, 270, 288, 306, 324, 342, 360, 378, 396, 414, 432, 450, 468, 486, 504, 522, 540, 558, 576, 594, 612, 630, 648, 666, 684, 702, 720, 738, 756, 774, 792, 810, 828, 846, 864, 882, 900, 918, 936, 954, 972, 990]","[19.234799922299896, 20.149135586635634, 21.02578671328673, 20.26537814037826, 21.985787360787388, 22.03268259518256, 23.488814426314416, 22.48329448329478, 21.70707070707071, 19.508611758611774, 18.190737503237546, 18.55013273763275, 19.11391155141187, 18.556478243978287, 18.389374514374534, 19.153231028231062, 20.190235690235706, 19.485852110852093, 18.149119399119428, 18.343741906241938, 18.964177026677017, 18.229684667184596, 17.673368298368334, 17.997749935249942, 18.112325174825163, 19.25135975135979, 19.691870629370587, 19.920762108261982, 19.636735949236005, 18.890734265734274, 18.942680005180012, 21.4646302771303, 21.558226495726526, 21.521286583786594, 22.99558080808082, 24.504176379176354, 24.868168868168855, 23.19023569023574, 20.51005244755247, 20.93296749546752, 20.14423076923081, 19.285628723128752, 18.149232711732743, 18.031241906241927, 16.663801476301522, 15.137610075110096, 14.438536001035972, 14.34620240870241]",0,3.014,ok,roll_eim_b3
152b27eb3579d28e,2026-10-01T23:41:16,roll,full_Region6_s0.2,eim,ising,fea13985a5,"{""eim_R"": 16, ""eim_Tmax"": 0.0007255047403074508, ""eim_Tmin"": 0.00013246974647468452, ""eim_anneal"": 0.7664913525398744, ""eim_eta"": 0.23358825194833557, ""eim_hscale"": 0.6218230782016851, ""eim_moves"": 52984, ""eim_rho"": 4.5566719139214715, ""g_scale"": 1370.4648392849028, ""p_add"": 0.0716766437045232, ""p_swap"": 0.8407909904010871, ""start"": ""lp"", ""topw"": 11}",3.0,0,6.0,3.0,49,25.84031015281014,170217.0,170217.0,"[20.614413364413302, 21.399248899248832, 21.52533346283343, 22.307271432271442, 20.79373866873878, 22.958640896140924, 23.054535742035824, 24.821759259259267, 24.228502978503037, 23.86718142968139, 22.202084952084927, 19.82337801087802, 19.799210049210057, 20.71840196840197, 20.56272662522662, 20.2777777777778, 21.006329318829334, 21.65609621859622, 20.72456941206941, 20.042913105413113, 19.706164206164214, 19.648844211344265, 19.729037166537207, 21.924452861952844, 21.63600751100754, 21.335243460243525, 21.05173530173533, 21.165792540792502, 20.404493654493645, 20.435945998446016, 19.80176767676766, 20.608990546490613, 22.347076534576555, 22.85928192178199, 24.49203574203581, 24.856772856772878, 25.842463092463067, 25.840310152810147, 23.762108262108285, 21.138209013209064, 21.30706099456103, 21.69883126133128, 21.78418803418809, 20.75108456358454, 19.54247604247607, 18.341847966848018, 17.4010780885781, 17.067340067340076, 17.046587671587638]","[3.013, 3.015, 3.015, 3.009, 3.005, 3.005, 3.008, 3.001, 3.0, 3.006, 3.015, 3.011, 3.011, 3.007, 3.012, 3.009, 3.001, 3.005, 3.001, 3.01, 3.004, 3.006, 3.006, 3.003, 3.0, 3.008, 3.008, 3.005, 3.006, 3.002, 3.004, 3.001, 3.004, 3.006, 3.002, 3.002, 3.009, 3.007, 3.001, 3.006, 3.006, 3.002, 3.01, 3.003, 3.003, 3.006, 3.007, 3.009, 3.006]","[2243, 2421, 2447, 2412, 2240, 2178, 2142, 2079, 2266, 2381, 2177, 1994, 2110, 2318, 2266, 2186, 2317, 2438, 2395, 2281, 2231, 2254, 2191, 2228, 2312, 2311, 2353, 2447, 2458, 2268, 2116, 2196, 2486, 2518, 2588, 2870, 2907, 2763, 2415, 2086, 2152, 2230, 2257, 2201, 1917, 1784, 1756, 1128, 266]","[6157.8, 8751.5, 6492.3, 5909.0, 6378.8, 3691.5, 6146.3, 5813.0, 5825.8, 5412.5, 5243.3, 3657.1, 4580.8, 5535.6, 6859.3, 5488.1, 5655.8, 6317.6, 6293.3, 4793.1, 5285.8, 5374.6, 5393.3, 5756.1, 6494.8, 5614.6, 5525.3, 5376.1, 6144.9, 5037.6, 5869.4, 5258.1, 6384.9, 7130.6, 6220.4, 7152.1, 6421.9, 6293.6, 5609.4, 4167.1, 4412.9, 5940.6, 6168.4, 5838.1, 4747.9, 4830.6, 4715.4, 3077.0, 539.0]","[126, 144, 162, 180, 198, 216, 234, 252, 270, 288, 306, 324, 342, 360, 378, 396, 414, 432, 450, 468, 486, 504, 522, 540, 558, 576, 594, 612, 630, 648, 666, 684, 702, 720, 738, 756, 774, 792, 810, 828, 846, 864, 882, 900, 918, 936, 954, 972, 990]","[21.39924889924883, 21.52533346283343, 22.307271432271445, 20.79373866873878, 22.943489380989398, 23.054535742035828, 24.819978632478655, 24.22850297850303, 23.86718142968139, 22.202084952084927, 19.82337801087802, 19.795535483035472, 20.702149702149818, 20.562726625226624, 20.2777777777778, 21.006329318829334, 21.640054390054434, 20.72456941206941, 20.042913105413113, 19.706164206164214, 19.648844211344265, 19.729037166537207, 21.924452861952844, 21.63600751100754, 21.322989510489727, 21.051735301735288, 21.155027842527858, 20.404493654493645, 20.435945998446016, 19.80176767676766, 20.60580160580159, 22.34707653457655, 22.85865060865058, 24.48420098420099, 24.856772856772878, 25.80210761460778, 25.84031015281014, 23.762108262108285, 21.138209013209064, 21.30706099456103, 21.698685573685506, 21.78418803418809, 20.74316886816889, 19.537166537166517, 18.341847966848018, 17.400074462574523, 17.06734006734008, 17.046587671587638]",0,3.015,ok,roll_eim_b3
899124ef8d4cf772,2026-10-01T23:43:43,roll,full_Region6_s0.3,eim,ising,fea13985a5,"{""eim_R"": 16, ""eim_Tmax"": 0.0007255047403074508, ""eim_Tmin"": 0.00013246974647468452, ""eim_anneal"": 0.7664913525398744, ""eim_eta"": 0.23358825194833557, ""eim_hscale"": 0.6218230782016851, ""eim_moves"": 52984, ""eim_rho"": 4.5566719139214715, ""g_scale"": 1370.4648392849028, ""p_add"": 0.0716766437045232, ""p_swap"": 0.8407909904010871, ""start"": ""lp"", ""topw"": 11}",3.0,0,6.0,3.0,49,26.22409997409994,170186.0,170191.0,"[20.992521367521427, 20.52282439782434, 21.60716135716131, 22.96691271691272, 21.132041569541638, 21.263322325822386, 23.70407601657604, 22.776337088837106, 22.616841491841473, 21.911162911162887, 20.49423724423728, 18.866161616161627, 19.48332685832685, 19.582604895104886, 19.144538332038323, 19.510651385651443, 21.209191271689527, 20.86294030043859, 19.31094599844608, 18.594130406630487, 17.830451955451995, 17.74391349391354, 18.257494819994797, 19.736904299404316, 19.91686091686093, 19.40339290339286, 18.868573556073624, 19.22254597254598, 19.445124320124293, 19.793155918155882, 20.023196710696737, 19.55969955969958, 20.251602564102587, 20.95056332556334, 21.830516705516676, 24.897241647241614, 26.069428256928234, 26.22903716653705, 24.175893550893534, 21.815672753172734, 20.912878787878846, 20.89665889665893, 19.521011396011392, 18.412393162393155, 17.911470473970454, 17.09047202797199, 17.281080031079917, 16.635619010618992, 16.585243460243404]","[3.001, 3.004, 3.002, 3.01, 3.007, 3.012, 3.008, 3.007, 3.015, 3.004, 3.014, 3.019, 3.008, 3.007, 3.004, 3.006, 3.001, 3.009, 3.015, 3.005, 3.007, 3.012, 3.009, 3.009, 3.006, 3.001, 3.006, 3.003, 3.015, 3.01, 3.009, 3.012, 3.004, 3.009, 3.009, 3.01, 3.016, 3.007, 3.009, 3.018, 3.01, 3.0, 3.002, 3.009, 3.001, 3.001, 3.007, 3.006, 3.003]","[2330, 2369, 2309, 2454, 2287, 2139, 2136, 2029, 2235, 2372, 2168, 2047, 2109, 2264, 2183, 2022, 2187, 2264, 2142, 2099, 2001, 2034, 2065, 2074, 2209, 2191, 2124, 2147, 2158, 2098, 2030, 2128, 2304, 2357, 2442, 2757, 2905, 2757, 2462, 2068, 2047, 2107, 1989, 1860, 1713, 1676, 1676, 1084, 251]","[6160.7, 8721.5, 5125.2, 6485.0, 7187.7, 3842.4, 6112.2, 7212.9, 5105.7, 6057.4, 5320.2, 4866.9, 4846.7, 6206.4, 5768.2, 4954.9, 5909.7, 7230.4, 5125.1, 4871.9, 4881.6, 5048.4, 5682.1, 6490.9, 7091.6, 5905.4, 5022.1, 5572.9, 6016.6, 6239.4, 6174.1, 6019.8, 5235.6, 6171.3, 6490.1, 6416.8, 7762.6, 6789.3, 5772.1, 4014.8, 4432.6, 5314.3, 5543.1, 4447.8, 5110.5, 5606.3, 4892.0, 4077.0, 274.0]","[126, 144, 162, 180, 198, 216, 234, 252, 270, 288, 306, 324, 342, 360, 378, 396, 414, 432, 450, 468, 486, 504, 522, 540, 558, 576, 594, 612, 630, 648, 666, 684, 702, 720, 738, 756, 774, 792, 810, 828, 846, 864, 882, 900, 918, 936, 954, 972, 990]","[20.521561771561775, 21.594729344729284, 22.96613571613582, 21.132041569541638, 21.262771950271983, 23.680652680652724, 22.776337088837106, 22.612422299922326, 21.91116291116289, 20.49375161875167, 18.86489898989905, 19.479765604765614, 19.570464257964254, 19.144538332038323, 19.490902615902662, 21.206115643615714, 20.86294030043859, 19.31094599844608, 18.594130406630487, 17.830451955451995, 17.7172526547527, 18.257494819994797, 19.71485690235694, 19.91686091686093, 19.40339290339286, 18.868573556073624, 19.210259647759674, 19.445124320124293, 19.791261978762005, 20.00511525511522, 19.55969955969958, 20.23816692566693, 20.95056332556334, 21.82506151256151, 24.857145169645154, 26.06942825692823, 26.22409997409994, 24.175893550893534, 21.815672753172734, 20.91083916083917, 20.886671199171207, 19.521011396011392, 18.412393162393155, 17.91147047397046, 17.078736078735936, 17.25717106967109, 16.635619010618992, 16.585243460243404]",0,3.019,ok,roll_eim_b3
e3a88c9c3876e419,2026-10-01T23:46:11,roll,full_Region7_s0,ls,classical,cf76477493,"{""g_scale"": 138.69861245357328, ""ls_T0"": 0.0025766385746135885, ""ls_T1"": 3.895706556508577e-06, ""ls_chains"": 16, ""ls_moves"": 23860, ""ls_restart_every"": 0, ""p_add"": 0.32294705653332806, ""p_swap"": 0.38687290659310525, ""start"": ""pgreedy"", ""topw"": 43}",3.0,0,6.0,3.0,49,27.975880600880622,170204.0,170204.0,"[22.040954415954456, 21.550909738409782, 23.49613118363128, 22.501003626003616, 23.131539756539784, 22.336052836052914, 23.28770072520081, 24.379726754726853, 26.58334952084952, 25.248656436156434, 22.87368881118884, 22.690688940688993, 22.063163688163744, 21.383142320642403, 22.553095053095145, 21.428208365708453, 24.024783087283076, 24.024783087283073, 21.515944703444692, 22.200757575757656, 21.090909090909133, 21.324592074592083, 20.288137788137856, 21.09005115255126, 24.926978114478135, 24.015054390054416, 25.931170681170745, 27.832799145299077, 27.97788785288782, 25.615773115773127, 22.617586117585937, 21.047283734783726, 22.143842268842334, 21.416553354053423, 22.36148342398344, 21.35094535094543, 19.70991970991974, 20.445820383320402, 21.90332815332819, 21.783184408184443, 23.299728049728095, 22.682109557109566, 21.504322066822095, 20.482096607096633, 19.35445804195804, 19.495467495467526, 19.70843045843049, 19.01652745402749, 18.875890313390347]","[3.003, 3.007, 3.007, 3.004, 3.004, 3.001, 3.005, 3.0, 3.003, 3.003, 3.004, 3.004, 3.004, 3.004, 3.002, 3.004, 3.001, 3.003, 3.001, 3.001, 3.0, 3.001, 3.004, 3.003, 3.003, 3.004, 3.004, 3.004, 3.001, 3.004, 3.001, 3.004, 3.004, 3.003, 3.003, 3.005, 3.0, 3.002, 3.0, 3.003, 3.001, 3.004, 3.005, 3.002, 3.003, 3.001, 3.001, 3.004, 3.004]","[3096, 3238, 3212, 3177, 3145, 3100, 3118, 3366, 3790, 3595, 3107, 3093, 3115, 3089, 3074, 2977, 3069, 3327, 3381, 3356, 3178, 2964, 2907, 2921, 3218, 3349, 3493, 3895, 3912, 3528, 3192, 3074, 3076, 3076, 3037, 2957, 2766, 2825, 3210, 3451, 3518, 3326, 2900, 2703, 2586, 2636, 2767, 1818, 416]","[6209.7, 8699.4, 4922.2, 6935.9, 4774.7, 6253.4, 4942.2, 6293.9, 6754.7, 7094.4, 3983.1, 4255.9, 5582.6, 4860.4, 5044.1, 6647.9, 4378.6, 6103.4, 5138.1, 4799.8, 6220.6, 4414.3, 5650.1, 4993.8, 6382.6, 8030.3, 4501.1, 6545.8, 6876.5, 6109.3, 3970.0, 4392.8, 4194.5, 6336.3, 4939.0, 6502.7, 4499.5, 4459.2, 6123.0, 7374.7, 5839.5, 7084.2, 4853.0, 5184.7, 4893.4, 4983.2, 5669.9, 3764.0, 121.0]","[126, 144, 162, 180, 198, 216, 234, 252, 270, 288, 306, 324, 342, 360, 378, 396, 414, 432, 450, 468, 486, 504, 522, 540, 558, 576, 594, 612, 630, 648, 666, 684, 702, 720, 738, 756, 774, 792, 810, 828, 846, 864, 882, 900, 918, 936, 954, 972, 990]","[21.550909738409782, 23.353227790727836, 22.50100362600362, 23.111013986014072, 22.336052836052914, 23.28770072520081, 24.379726754726853, 26.53842916342927, 25.248656436156434, 22.873688811188845, 22.627428127428168, 22.063163688163744, 21.383142320642403, 22.535499222999263, 21.428208365708457, 23.567081067081098, 24.024783087283073, 21.515944703444692, 22.102596477596542, 21.090909090909133, 21.324592074592083, 20.288137788137853, 21.053855866355924, 24.84612147112158, 24.01505439005441, 25.931170681170745, 27.832799145299074, 27.975880600880622, 25.615773115773127, 22.61758611758594, 21.047283734783722, 22.06419968919976, 21.416553354053423, 22.36148342398344, 21.350945350945427, 19.70991970991974, 20.371713934213926, 21.89319476819479, 21.783184408184443, 23.20449689199691, 22.682109557109566, 21.50383644133644, 20.482096607096633, 19.35445804195804, 19.444347319347326, 19.70843045843049, 19.016527454027493, 18.875890313390347]",0,3.007,ok,roll_ls_b3
00afa401be1b8528,2026-10-01T23:48:38,roll,full_Region7_s0.1,ls,classical,cf76477493,"{""g_scale"": 138.69861245357328, ""ls_T0"": 0.0025766385746135885, ""ls_T1"": 3.895706556508577e-06, ""ls_chains"": 16, ""ls_moves"": 23860, ""ls_restart_every"": 0, ""p_add"": 0.32294705653332806, ""p_swap"": 0.38687290659310525, ""start"": ""pgreedy"", ""topw"": 43}",3.0,0,6.0,3.0,49,27.42157148407151,170214.0,170214.0,"[21.825919450919425, 21.997668997668896, 22.24894781144771, 21.49132349132354, 20.745920745920795, 20.5807433307434, 21.634340196840224, 21.35002266252266, 26.079788267288293, 25.02470214970217, 22.929163429163527, 22.71645946645949, 21.975022662522687, 21.205710955710973, 20.657893032893043, 20.267239704739733, 22.116291116291087, 21.944946257446297, 21.145817145817208, 22.23505892255885, 22.033945221445247, 20.60766317016324, 20.82596801346803, 21.268858456358437, 21.93518518518519, 22.016640766640794, 27.54980898730884, 27.20630989380984, 26.859427609427556, 25.347044159544016, 22.58851333851331, 20.350475912975934, 22.33218401968406, 20.86483423983429, 22.61264892514901, 21.33145558145562, 19.075077700077692, 20.077959077959058, 21.18665824915823, 21.646853146853203, 23.085761460761432, 22.243265993265922, 20.64991258741258, 19.258563196063214, 18.17437192437195, 17.200369075369103, 17.69713157213158, 17.719033281533306, 17.643631831131874]","[3.004, 3.002, 3.002, 3.003, 3.003, 3.001, 3.004, 3.005, 3.008, 3.002, 3.005, 3.004, 3.004, 3.001, 3.001, 3.002, 3.002, 3.003, 3.001, 3.003, 3.001, 3.001, 3.0, 3.002, 3.004, 3.002, 3.005, 3.007, 3.0, 3.001, 3.001, 3.003, 3.004, 3.003, 3.001, 3.004, 3.004, 3.001, 3.003, 3.003, 3.001, 3.002, 3.002, 3.003, 3.002, 3.004, 3.001, 3.001, 3.001]","[3191, 3391, 3274, 3145, 3000, 2894, 3005, 3181, 3545, 3668, 3271, 3151, 3192, 3163, 3067, 2869, 3023, 3323, 3274, 3253, 3167, 2963, 3044, 3045, 3089, 3251, 3660, 3994, 3853, 3601, 3165, 2909, 2944, 2941, 2938, 2846, 2577, 2656, 3028, 3248, 3376, 3203, 2820, 2614, 2497, 2498, 2572, 1754, 443]","[6210.8, 8877.5, 5861.3, 6116.0, 4938.8, 5413.5, 5471.3, 6380.0, 5512.8, 8007.5, 4822.3, 4192.0, 5462.8, 4799.5, 5018.3, 5386.0, 5246.8, 7402.5, 5562.3, 4638.0, 6813.8, 5702.5, 4418.3, 5498.0, 6322.8, 6629.5, 5301.3, 7666.0, 5683.8, 5730.5, 4359.3, 3551.0, 4040.8, 6674.5, 3987.3, 6251.0, 3803.8, 4204.5, 6330.3, 7006.0, 6123.8, 7198.5, 5173.3, 4059.0, 4465.8, 4671.5, 4622.3, 4071.0, 617.0]","[126, 144, 162, 180, 198, 216, 234, 252, 270, 288, 306, 324, 342, 360, 378, 396, 414, 432, 450, 468, 486, 504, 522, 540, 558, 576, 594, 612, 630, 648, 666, 684, 702, 720, 738, 756, 774, 792, 810, 828, 846, 864, 882, 900, 918, 936, 954, 972, 990]","[21.98386104636102, 22.24894781144771, 21.49132349132354, 20.74454480704486, 20.55408249158253, 21.634340196840224, 21.35002266252266, 25.835680523180486, 25.024702149702165, 22.929163429163527, 22.714565527065556, 21.975022662522687, 21.205710955710973, 20.657893032893043, 20.267239704739733, 22.027227402227442, 21.944946257446297, 21.145817145817208, 22.215909090909182, 22.033945221445247, 20.597189847189895, 20.733747733747805, 21.268858456358444, 21.907893032893075, 21.99072455322464, 27.421571484071507, 27.20630989380984, 26.820253820253736, 25.34704415954402, 22.58851333851331, 20.343499093499098, 22.232242294742317, 20.86483423983429, 22.501489251489193, 21.33145558145562, 19.075077700077692, 19.996875809375826, 21.18665824915823, 21.646853146853203, 22.951696451696467, 22.243265993265922, 20.649912587412587, 19.25856319606321, 18.17437192437195, 17.200369075369103, 17.697131572131582, 17.719033281533306, 17.643631831131874]",0,3.008,ok,roll_ls_b3
d100631bc77a3ca4,2026-10-01T23:51:05,roll,full_Region7_s0.2,ls,classical,cf76477493,"{""g_scale"": 138.69861245357328, ""ls_T0"": 0.0025766385746135885, ""ls_T1"": 3.895706556508577e-06, ""ls_chains"": 16, ""ls_moves"": 23860, ""ls_restart_every"": 0, ""p_add"": 0.32294705653332806, ""p_swap"": 0.38687290659310525, ""start"": ""pgreedy"", ""topw"": 43}",3.0,0,6.0,3.0,49,27.5684893809894,170213.0,170213.0,"[23.10662716912729, 23.447714322714393, 23.455176767676846, 22.198863636363672, 21.96425796425798, 21.858407795907826, 23.33095376845386, 23.696807821807877, 26.64342139342145, 25.15179033929029, 22.91070966070968, 23.005568505568565, 21.919887982387998, 20.629564879564914, 19.95551670551675, 20.213659026159053, 21.996406371406398, 21.748170810670782, 21.12796231546234, 21.352839290339308, 21.070448070448084, 20.530400155400233, 19.45485301735305, 20.0944055944056, 22.15991647241626, 21.9448005698006, 26.376036001035917, 27.166245791245768, 27.568489380989405, 25.895185832685776, 22.61821743071742, 20.91155141155146, 21.01921458171466, 20.292443667443706, 22.06776094276094, 21.957232582232585, 19.725848225848253, 21.18680393680395, 21.580354830354842, 21.93076599326604, 23.58226495726493, 22.561706811706777, 21.369253431753435, 19.645574333074347, 18.74219761719767, 18.085858585858592, 17.761396011396066, 17.097303159803143, 16.951129888629886]","[3.001, 3.001, 3.002, 3.003, 3.001, 3.002, 3.003, 3.001, 3.002, 3.002, 3.004, 3.0, 3.006, 3.004, 3.003, 3.003, 3.003, 3.001, 3.001, 3.0, 3.003, 3.002, 3.001, 3.002, 3.001, 3.003, 3.004, 3.001, 3.004, 3.001, 3.001, 3.004, 3.004, 3.002, 3.002, 3.001, 3.0, 3.005, 3.001, 3.004, 3.004, 3.002, 3.004, 3.004, 3.004, 3.003, 3.004, 3.004, 3.005]","[3221, 3547, 3469, 3296, 3117, 3033, 3150, 3420, 3716, 3691, 3245, 3109, 3175, 3094, 2888, 2794, 3110, 3292, 3292, 3347, 3154, 2967, 2890, 2859, 3185, 3311, 3564, 4035, 4033, 3566, 3194, 3125, 3103, 3065, 3101, 3080, 2796, 2896, 3238, 3445, 3595, 3403, 2927, 2646, 2603, 2709, 2722, 1767, 426]","[6161.7, 8731.4, 6377.2, 5912.9, 4366.6, 5579.4, 5704.1, 6770.9, 6118.6, 7652.4, 4419.1, 4123.8, 5772.6, 4579.3, 4728.1, 5245.8, 5665.6, 7031.3, 5438.0, 5315.8, 6028.5, 5070.3, 5640.0, 4595.8, 6279.5, 7764.2, 5477.0, 7588.7, 6621.5, 6540.2, 3636.9, 4569.7, 4015.4, 5894.2, 4463.9, 6305.7, 5035.4, 4453.1, 6464.9, 6404.6, 6418.4, 7457.1, 4839.9, 4777.6, 3946.3, 5388.1, 5280.8, 3384.0, 237.0]","[126, 144, 162, 180, 198, 216, 234, 252, 270, 288, 306, 324, 342, 360, 378, 396, 414, 432, 450, 468, 486, 504, 522, 540, 558, 576, 594, 612, 630, 648, 666, 684, 702, 720, 738, 756, 774, 792, 810, 828, 846, 864, 882, 900, 918, 936, 954, 972, 990]","[23.436285936286012, 23.455176767676846, 22.198863636363672, 21.96425796425798, 21.828703703703777, 23.33095376845386, 23.67204092204098, 26.643421393421452, 25.15179033929029, 22.910709660709678, 22.95244107744113, 21.919887982388, 20.611483423983454, 19.95551670551675, 20.04785029785036, 21.996406371406398, 21.748170810670782, 21.11938293188298, 21.31664400414403, 21.070448070448084, 20.53040015540023, 19.45485301735305, 20.0944055944056, 22.128172753172752, 21.9448005698006, 26.376036001035917, 27.166245791245768, 27.568489380989405, 25.895185832685776, 22.61821743071742, 20.91155141155146, 21.00213675213679, 20.292443667443706, 21.708009583009535, 21.95723258223258, 19.725848225848257, 21.028684278684302, 21.580354830354842, 21.900883838383837, 23.580856643356686, 22.561706811706777, 21.36925343175344, 19.645574333074347, 18.718175343175343, 18.027081714581712, 17.761396011396066, 17.097303159803143, 16.951129888629882]",0,3.006,ok,roll_ls_b3
1957b3df8e817169,2026-10-01T23:53:33,roll,full_Region7_s0.3,ls,classical,cf76477493,"{""g_scale"": 138.69861245357328, ""ls_T0"": 0.0025766385746135885, ""ls_T1"": 3.895706556508577e-06, ""ls_chains"": 16, ""ls_moves"": 23860, ""ls_restart_every"": 0, ""p_add"": 0.32294705653332806, ""p_swap"": 0.38687290659310525, ""start"": ""pgreedy"", ""topw"": 43}",3.0,0,6.0,3.0,49,26.46624902874904,170205.0,170205.0,"[20.478227790727807, 20.424987049987063, 21.754370629370694, 21.60868298368306, 20.936269748769796, 20.295600233100252, 23.788655788655852, 23.426589614089675, 24.718741906241945, 23.210955710955638, 21.340407277907378, 23.018971768971827, 22.145881895881896, 21.041828541828586, 20.11345830095831, 20.07035094535102, 21.38369269619272, 21.52960696710702, 21.115449365449383, 21.614996114996174, 20.918188293188344, 20.21540727790734, 19.739510489510508, 19.37555037555037, 22.68196386946375, 22.70639083139085, 25.35224035224036, 26.46624902874904, 25.814329189329197, 24.302318052319954, 22.563341750841786, 20.92702667702673, 22.698264698264737, 22.175877363377438, 21.22864866614869, 20.406840844340888, 19.572698135198188, 19.747604247604308, 20.39220732970733, 20.678273115773123, 22.057481869981803, 21.658848096348144, 21.16490222740223, 19.657569282569337, 18.19564232064232, 17.783346283346297, 20.26919839419843, 20.26919839419843, 17.769311706811727]","[3.004, 3.002, 3.0, 3.002, 3.004, 3.005, 3.003, 3.003, 3.003, 3.004, 3.002, 3.002, 3.001, 3.005, 3.004, 3.001, 3.001, 3.001, 3.004, 3.002, 3.003, 3.007, 3.004, 3.004, 3.0, 3.001, 3.004, 3.002, 3.001, 3.002, 3.004, 3.0, 3.002, 3.004, 3.001, 3.003, 3.004, 3.002, 3.004, 3.001, 3.0, 3.003, 3.003, 3.0, 3.005, 3.001, 3.005, 3.001, 3.002]","[2967, 3146, 3185, 3142, 2972, 2911, 3058, 3251, 3560, 3482, 2997, 3004, 3107, 3011, 2886, 2813, 2981, 3183, 3193, 3284, 3216, 2913, 2853, 2753, 2934, 3201, 3459, 3872, 3940, 3645, 3175, 2942, 3006, 3061, 2973, 2792, 2615, 2711, 2930, 3116, 3356, 3262, 2783, 2560, 2475, 2498, 2669, 1803, 435]","[6207.6, 8733.4, 5562.1, 7151.8, 5388.6, 5389.3, 5250.0, 7586.8, 5806.5, 6672.3, 4293.0, 4165.7, 6250.5, 4479.2, 4896.9, 5075.7, 5035.4, 6679.2, 5717.9, 5393.6, 6420.4, 4969.1, 5226.8, 5261.6, 5062.3, 7100.0, 5187.8, 7241.5, 7135.3, 5665.0, 4812.7, 4482.5, 4172.2, 6072.9, 5522.7, 5051.4, 5188.1, 4746.9, 6089.6, 6687.4, 6102.1, 6850.8, 5364.6, 5093.3, 4305.0, 4277.8, 5374.5, 4523.0, 415.0]","[126, 144, 162, 180, 198, 216, 234, 252, 270, 288, 306, 324, 342, 360, 378, 396, 414, 432, 450, 468, 486, 504, 522, 540, 558, 576, 594, 612, 630, 648, 666, 684, 702, 720, 738, 756, 774, 792, 810, 828, 846, 864, 882, 900, 918, 936, 954, 972, 990]","[20.424987049987063, 21.65695415695422, 21.608682983683064, 20.936269748769796, 20.28101528101536, 23.60996179746181, 23.426589614089675, 24.718741906241945, 23.210955710955638, 21.34040727790738, 22.999109686609728, 22.145881895881892, 21.041828541828586, 20.11345830095831, 20.07035094535102, 21.3353567728568, 21.526596089096117, 21.115449365449383, 21.614996114996174, 20.918188293188347, 20.21540727790734, 19.689539627039675, 19.351155788655863, 22.60555879305882, 22.702942890442824, 25.27156177156178, 26.46624902874904, 25.814329189329197, 24.30231805231995, 22.53627622377623, 20.927026677026728, 22.69826469826474, 22.175877363377438, 21.22864866614869, 20.406840844340888, 19.572698135198188, 19.747604247604308, 20.390426702926703, 20.640329577829572, 22.049647112147117, 21.653943278943242, 21.160596348096323, 19.657569282569337, 18.195642320642325, 17.783346283346297, 19.288671976171997, 20.26919839419843, 17.769311706811727]",0,3.007,ok,roll_ls_b3
29704e917ade1d7e,2026-10-01T23:56:00,roll,full_Region6_s0,ls,classical,cf76477493,"{""g_scale"": 138.69861245357328, ""ls_T0"": 0.0025766385746135885, ""ls_T1"": 3.895706556508577e-06, ""ls_chains"": 16, ""ls_moves"": 23860, ""ls_restart_every"": 0, ""p_add"": 0.32294705653332806, ""p_swap"": 0.38687290659310525, ""start"": ""pgreedy"", ""topw"": 43}",3.0,0,6.0,3.0,49,26.740206552706503,170207.0,170207.0,"[22.122749935249974, 22.184084434084472, 22.943635068635146, 22.886347448847523, 21.185249935250024, 23.49486855736851, 23.92231610981606, 23.292783605283656, 22.463691401191472, 23.546879046878953, 22.084207459207366, 20.909722222222292, 20.832200207200238, 19.862325174825244, 19.826793576793552, 18.9902389277389, 19.89533152033154, 20.786535224035216, 19.699187386687377, 19.560962185962254, 19.082281144781163, 20.805021367521352, 20.67775511525517, 20.691190753690776, 21.887885262885305, 21.438196063196127, 20.765005827505806, 20.95346089096076, 22.365821678321666, 21.342592592592627, 20.05999093499093, 20.96611952861959, 22.742181429681427, 23.095522533022525, 23.629338254338244, 25.166974229474235, 26.23319735819728, 26.740206552706493, 24.873737373737274, 21.135052447552507, 20.191498316498343, 19.851819476819454, 18.681640119140077, 18.213464775964745, 17.27837671587673, 16.664028101528086, 15.9237082362082, 15.627913752913797, 15.622976560476541]","[3.003, 3.003, 3.002, 3.003, 3.004, 3.003, 3.001, 3.002, 3.001, 3.001, 3.004, 3.0, 3.002, 3.003, 3.003, 3.004, 3.003, 3.002, 3.001, 3.003, 3.0, 3.009, 3.003, 3.001, 3.003, 3.0, 3.004, 3.002, 3.003, 3.005, 3.006, 3.002, 3.002, 3.008, 3.003, 3.004, 3.002, 3.005, 3.001, 3.001, 3.001, 3.001, 3.001, 3.005, 3.004, 3.005, 3.004, 3.002, 3.001]","[2356, 2478, 2529, 2540, 2332, 2222, 2215, 2089, 2094, 2240, 2203, 2106, 2213, 2263, 2175, 2083, 2181, 2355, 2322, 2289, 2250, 2251, 2293, 2200, 2202, 2238, 2211, 2276, 2346, 2277, 2214, 2213, 2415, 2555, 2580, 2760, 2860, 2801, 2443, 2003, 1983, 2057, 1971, 1935, 1854, 1703, 1654, 1126, 287]","[6161.7, 8877.4, 5744.2, 5953.9, 5462.6, 3850.4, 6610.1, 5684.9, 5205.6, 5219.4, 6077.1, 4152.8, 5065.6, 5550.3, 4993.1, 5797.8, 5012.5, 6367.3, 6481.0, 5018.8, 5998.5, 5417.3, 6757.0, 5943.7, 5744.5, 6356.2, 5361.0, 5206.7, 5850.5, 6731.2, 4797.9, 4969.7, 6288.4, 7028.2, 6182.9, 6307.6, 7148.4, 6921.1, 5922.9, 4212.6, 3248.4, 5482.1, 5139.8, 4426.6, 5279.3, 5083.1, 5015.8, 3197.0, 589.0]","[126, 144, 162, 180, 198, 216, 234, 252, 270, 288, 306, 324, 342, 360, 378, 396, 414, 432, 450, 468, 486, 504, 522, 540, 558, 576, 594, 612, 630, 648, 666, 684, 702, 720, 738, 756, 774, 792, 810, 828, 846, 864, 882, 900, 918, 936, 954, 972, 990]","[22.184084434084475, 22.939588189588108, 22.886347448847527, 21.185249935250027, 23.44782763532764, 23.922316109816062, 23.292783605283653, 22.460275835275887, 23.519036519036582, 22.084207459207363, 20.909722222222292, 20.828379953379972, 19.862325174825244, 19.80982905982911, 18.9902389277389, 19.89533152033154, 20.772095959595973, 19.699187386687377, 19.558064620564657, 19.082281144781163, 20.774135586635662, 20.666164853664835, 20.691190753690776, 21.887885262885305, 21.438196063196127, 20.744803807303832, 20.94989963739962, 22.270703833203875, 21.342592592592624, 20.05999093499093, 20.939798627298654, 22.698523698524028, 23.095522533022528, 23.619463869463917, 25.12839937839928, 26.23319735819728, 26.740206552706493, 24.873737373737274, 21.135052447552507, 20.160644910644972, 19.848403910903922, 18.677625615125645, 18.213464775964745, 17.27298627298632, 16.651628464128475, 15.9237082362082, 15.627913752913797, 15.622976560476541]",0,3.009,ok,roll_ls_b3
7094034ed8870d86,2026-10-01T23:58:27,roll,full_Region6_s0.1,ls,classical,cf76477493,"{""g_scale"": 138.69861245357328, ""ls_T0"": 0.0025766385746135885, ""ls_T1"": 3.895706556508577e-06, ""ls_chains"": 16, ""ls_moves"": 23860, ""ls_restart_every"": 0, ""p_add"": 0.32294705653332806, ""p_swap"": 0.38687290659310525, ""start"": ""pgreedy"", ""topw"": 43}",3.0,0,6.0,3.0,49,23.990255115255167,170212.0,170212.0,"[19.757365319865347, 19.276418026418067, 20.209094146594133, 21.07791051541053, 20.315025252525352, 22.056332556332524, 22.136266511266477, 23.5541958041958, 22.47683566433567, 21.67977855477859, 19.255698005698033, 18.080581455581413, 18.57682595182581, 19.12467624967629, 18.539028101528142, 18.34793447293447, 19.179665242165182, 20.223015410515675, 19.532634032634036, 18.22095959595962, 18.311107873607842, 19.02335858585878, 18.229684667184596, 17.654024216524235, 18.023552836052854, 18.148747086247088, 19.226074851074827, 19.69617650867661, 19.95376845376833, 19.683145558145565, 18.947131572131575, 18.913607226107253, 21.539659414659354, 21.552803677803617, 21.524961149961165, 22.769991582491564, 23.826599326599304, 23.99025511525517, 22.449284511784494, 20.181510619010666, 20.729101916601874, 19.864996114996156, 19.12033799533803, 17.97562160062162, 17.83446645946648, 16.568457005957043, 15.007737632737625, 14.258951696451717, 14.131976819476822]","[3.001, 3.001, 3.001, 3.003, 3.001, 3.002, 3.004, 3.003, 3.004, 3.001, 3.005, 3.001, 3.002, 3.005, 3.005, 3.004, 3.008, 3.0, 3.004, 3.004, 3.004, 3.001, 3.004, 3.003, 3.004, 3.002, 3.003, 3.001, 3.0, 3.001, 3.003, 3.004, 3.006, 3.002, 3.004, 3.002, 3.001, 3.002, 3.002, 3.002, 3.002, 3.002, 3.003, 3.005, 3.0, 3.0, 3.001, 3.0, 3.0]","[2139, 2199, 2205, 2353, 2316, 2140, 2014, 2021, 2068, 2060, 1948, 1907, 2038, 2166, 2139, 2042, 2132, 2251, 2234, 2062, 2028, 2132, 1998, 1928, 1977, 2001, 2134, 2234, 2211, 2095, 1994, 2086, 2253, 2277, 2286, 2420, 2495, 2563, 2333, 1856, 1859, 1967, 1876, 1803, 1661, 1539, 1506, 964, 220]","[6195.7, 8924.4, 5342.1, 6423.9, 6845.6, 4757.4, 6923.1, 5562.8, 6431.6, 5131.3, 5194.1, 4106.8, 4963.5, 6050.3, 5811.0, 4948.8, 5841.5, 6088.2, 6532.0, 5194.7, 4548.4, 5899.2, 6273.9, 5074.7, 5321.4, 6305.1, 5628.9, 6515.6, 6114.4, 6088.1, 5618.8, 4765.6, 6020.3, 7458.1, 5858.8, 5902.5, 6390.3, 6432.0, 5865.8, 4525.5, 3662.2, 5670.0, 5004.7, 5181.5, 4977.2, 5487.9, 4194.7, 1983.0, 159.0]","[126, 144, 162, 180, 198, 216, 234, 252, 270, 288, 306, 324, 342, 360, 378, 396, 414, 432, 450, 468, 486, 504, 522, 540, 558, 576, 594, 612, 630, 648, 666, 684, 702, 720, 738, 756, 774, 792, 810, 828, 846, 864, 882, 900, 918, 936, 954, 972, 990]","[19.27641802641807, 20.194282569282613, 21.076874514374534, 20.31502525252535, 21.915096477596506, 22.109718984719002, 23.554195804195796, 22.422477984978, 21.662927350427356, 19.25569800569803, 18.070334757834804, 18.576825951825807, 19.113166925666206, 18.539028101528142, 18.34793447293447, 19.170940170940177, 20.190235690235628, 19.532634032634032, 18.22095959595962, 18.311107873607842, 19.02335858585878, 18.229684667184596, 17.653392903392923, 18.023552836052854, 18.14874708624709, 19.226074851074827, 19.678580678580662, 19.953768453768326, 19.67809505309511, 18.947131572131575, 18.90195221445222, 21.527114089613995, 21.552803677803617, 21.506879694379638, 22.76999158249156, 23.82659932659931, 23.990255115255167, 22.449284511784494, 20.181510619010666, 20.694460631960656, 19.864996114996156, 19.112762237762276, 17.97562160062162, 17.83446645946648, 16.568457005957043, 15.007737632737625, 14.258951696451716, 14.13197681947682]",0,3.008,ok,roll_ls_b3
5b773de9a1e68fec,2026-10-02T00:00:54,roll,full_Region6_s0.2,ls,classical,cf76477493,"{""g_scale"": 138.69861245357328, ""ls_T0"": 0.0025766385746135885, ""ls_T1"": 3.895706556508577e-06, ""ls_chains"": 16, ""ls_moves"": 23860, ""ls_restart_every"": 0, ""p_add"": 0.32294705653332806, ""p_swap"": 0.38687290659310525, ""start"": ""pgreedy"", ""topw"": 43}",3.0,0,6.0,3.0,49,25.873316498316488,170217.0,170217.0,"[20.76477920227914, 21.533313908313904, 21.547202797202765, 22.33619852369862, 20.818278943278973, 22.97230315980322, 23.104360916861, 24.935962185962193, 24.28935185185186, 23.904752654752542, 21.98076923076921, 19.58840002590004, 19.697924760424787, 20.818796943796965, 20.661114348614344, 20.372749935249956, 21.08359233359236, 21.734249546749524, 20.8167573167573, 20.011056073556077, 19.706164206164214, 19.677172364672423, 19.78799210049209, 22.038769101269192, 21.638387075887128, 21.37964581714589, 21.061577311577377, 21.203218078218086, 20.4650835275835, 20.491485366485378, 19.89317858067866, 20.66954804454803, 22.423886298886384, 22.882187257187343, 24.529234654234717, 24.91305685055686, 25.873316498316488, 25.873316498316488, 23.748963998964, 21.095732970733003, 21.357258482258512, 21.720813908313936, 21.802237114737007, 20.828784641284667, 19.499255374255373, 18.260910385910396, 17.329124579124574, 16.95692501942499, 16.95692501942499]","[3.004, 3.002, 3.004, 3.001, 3.004, 3.002, 3.005, 3.001, 3.004, 3.005, 3.004, 3.001, 3.001, 3.005, 3.0, 3.004, 3.0, 3.003, 3.003, 3.002, 3.0, 3.002, 3.001, 3.004, 3.002, 3.004, 3.004, 3.002, 3.002, 3.003, 3.001, 3.001, 3.0, 3.002, 3.004, 3.001, 3.003, 3.002, 3.002, 3.003, 3.004, 3.001, 3.003, 3.002, 3.004, 3.001, 3.004, 3.001, 3.001]","[2243, 2421, 2447, 2412, 2240, 2178, 2142, 2079, 2266, 2381, 2177, 1994, 2110, 2318, 2266, 2186, 2317, 2438, 2395, 2281, 2231, 2254, 2191, 2228, 2312, 2311, 2353, 2447, 2458, 2268, 2116, 2196, 2486, 2518, 2588, 2870, 2907, 2763, 2415, 2086, 2152, 2230, 2257, 2201, 1917, 1784, 1756, 1128, 266]","[6157.8, 8745.5, 6561.3, 5900.0, 6226.8, 3755.5, 6214.3, 5817.0, 5954.8, 5240.5, 5176.3, 3652.1, 4759.8, 5399.6, 6858.3, 5439.1, 5593.8, 6266.6, 6301.3, 4827.1, 5303.8, 5330.6, 5401.3, 5738.1, 6517.8, 5482.6, 5463.3, 5289.1, 6175.9, 5016.6, 5774.4, 5211.1, 6349.9, 7073.6, 6220.4, 7177.1, 6350.9, 6264.6, 5613.4, 4090.1, 4350.9, 5971.6, 6261.4, 5703.1, 4786.9, 4756.6, 4796.4, 3125.0, 523.0]","[126, 144, 162, 180, 198, 216, 234, 252, 270, 288, 306, 324, 342, 360, 378, 396, 414, 432, 450, 468, 486, 504, 522, 540, 558, 576, 594, 612, 630, 648, 666, 684, 702, 720, 738, 756, 774, 792, 810, 828, 846, 864, 882, 900, 918, 936, 954, 972, 990]","[21.497895622895715, 21.547202797202765, 22.330144392644403, 20.818278943278973, 22.71433890183892, 23.104360916861005, 24.8669548044547, 24.28935185185186, 23.89918414918419, 21.98076923076921, 19.58840002590004, 19.697924760424787, 20.650835275835338, 20.661114348614348, 20.372749935249956, 21.08359233359236, 21.731238668738715, 20.8167573167573, 20.011056073556077, 19.706164206164214, 19.677172364672423, 19.780383967884006, 22.036907536907524, 21.63838707588713, 21.334498834498792, 21.06157731157737, 21.18223905723909, 20.465083527583502, 20.491485366485378, 19.87334887334883, 20.63843563843564, 22.41690947940955, 22.882187257187343, 24.489138176638185, 24.91305685055686, 25.75076081326098, 25.873316498316488, 23.748963998964, 21.030723905723914, 21.357258482258516, 21.68728956228955, 21.802237114737007, 20.828784641284667, 19.499255374255373, 18.258126133126183, 17.31950919450921, 16.942631442631416, 16.956925019424986]",0,3.005,ok,roll_ls_b3
eeff7803f38cb970,2026-10-02T00:03:21,roll,full_Region6_s0.3,ls,classical,cf76477493,"{""g_scale"": 138.69861245357328, ""ls_T0"": 0.0025766385746135885, ""ls_T1"": 3.895706556508577e-06, ""ls_chains"": 16, ""ls_moves"": 23860, ""ls_restart_every"": 0, ""p_add"": 0.32294705653332806, ""p_swap"": 0.38687290659310525, ""start"": ""pgreedy"", ""topw"": 43}",3.0,0,6.0,3.0,49,26.302026677026657,170191.0,170191.0,"[21.08270202020208, 20.493751618751677, 21.676330613830565, 23.01596089096097, 21.164011914012068, 21.320836570836594, 23.79649054649057, 22.77099520849535, 22.636962574462753, 21.991096866096953, 20.528166278166317, 18.921700984201024, 19.5497118622119, 19.67984330484334, 19.233682983683043, 19.57310282310288, 21.232468919969016, 20.90871859621688, 19.35824592074595, 18.65282634032636, 17.852207977208014, 17.805247992748036, 18.291391478891512, 19.924954674954684, 20.096817534317548, 19.33749352499356, 18.867197617197622, 19.305231805231887, 19.5615934990935, 19.912555037554935, 20.122215747215712, 19.4737114737115, 20.22732128982131, 20.99545130795133, 21.837946775446774, 24.902551152551162, 26.07258482258477, 26.309602434602432, 24.18803418803417, 21.933291245791203, 21.00592463092462, 20.971396658896666, 19.525430587930543, 18.473727661227656, 18.180231805231767, 17.16966135716138, 17.39565527065515, 16.741323491323467, 16.741323491323467]","[3.002, 3.002, 3.002, 3.004, 3.004, 3.004, 3.005, 3.0, 3.005, 3.005, 3.003, 3.003, 3.002, 3.004, 3.006, 3.001, 3.001, 3.003, 3.003, 3.002, 3.002, 3.003, 3.004, 3.002, 3.002, 3.003, 3.001, 3.003, 3.003, 3.004, 3.003, 3.001, 3.004, 3.002, 3.003, 3.003, 3.002, 3.001, 3.002, 3.003, 3.003, 3.002, 3.006, 3.002, 3.001, 3.005, 3.001, 3.001, 3.004]","[2330, 2369, 2309, 2454, 2287, 2139, 2136, 2029, 2235, 2372, 2168, 2047, 2109, 2264, 2183, 2022, 2187, 2264, 2142, 2099, 2001, 2034, 2065, 2074, 2209, 2191, 2124, 2147, 2158, 2098, 2030, 2128, 2304, 2357, 2442, 2757, 2905, 2757, 2462, 2068, 2047, 2107, 1989, 1860, 1713, 1676, 1676, 1084, 251]","[6160.7, 8801.5, 5112.2, 6448.0, 7283.7, 3843.4, 6105.2, 7136.9, 5014.7, 6008.4, 5180.2, 4829.9, 4846.7, 6236.4, 5898.2, 4976.9, 5903.7, 7275.4, 5228.1, 4913.9, 5110.6, 5103.4, 5749.1, 6528.9, 6983.6, 5974.4, 4967.1, 5584.9, 6067.6, 6201.4, 6190.1, 6074.8, 5383.6, 6212.3, 6544.1, 6436.8, 7661.6, 6771.3, 5537.1, 4031.8, 4458.6, 5292.3, 5527.1, 4436.8, 4948.5, 5679.3, 4869.0, 4050.0, 246.0]","[126, 144, 162, 180, 198, 216, 234, 252, 270, 288, 306, 324, 342, 360, 378, 396, 414, 432, 450, 468, 486, 504, 522, 540, 558, 576, 594, 612, 630, 648, 666, 684, 702, 720, 738, 756, 774, 792, 810, 828, 846, 864, 882, 900, 918, 936, 954, 972, 990]","[20.493751618751677, 21.652907277907286, 23.000291375291358, 21.164011914012065, 21.28211603211606, 23.796490546490567, 22.759000259000327, 22.593709531209676, 21.991096866096953, 20.52133514633514, 18.92170098420102, 19.530367780367797, 19.67984330484334, 19.233682983683043, 19.57310282310288, 21.125210437710418, 20.90871859621688, 19.358245920745947, 18.652826340326364, 17.852207977208014, 17.77049339549344, 18.291391478891512, 19.634437321937366, 20.09681753431754, 19.333074333074332, 18.867197617197622, 19.305231805231887, 19.5615934990935, 19.868006993006993, 20.122215747215712, 19.452959077959026, 20.164206164206195, 20.99545130795133, 21.754111629111637, 24.840731028230998, 26.07258482258477, 26.30202667702666, 24.188034188034173, 21.933291245791203, 21.00592463092463, 20.971396658896666, 19.525430587930543, 18.473727661227652, 18.180231805231767, 17.157893032893, 17.375420875420858, 16.717187904687787, 16.741323491323467]",0,3.006,ok,roll_ls_b3
28a15c11147b540b,2026-10-02T00:03:22,roll,full_Region7_s0,pgreedy,classical,bf21a9e8fb,{},3.0,0,6.0,3.0,49,31.53465747215749,170204.0,170204.0,"[23.026547526547624, 22.442307692307697, 24.58106708106718, 24.101350038850107, 26.904946904946975, 24.88696257446261, 24.519214581714667, 25.80115255115266, 28.080063455063375, 26.341313778813788, 26.003010878010873, 25.142547267547318, 26.26995920745926, 22.94319800569805, 23.084353146853232, 21.779914529914556, 23.753868816368854, 23.279153716653703, 22.68660968660978, 25.315041440041522, 23.363215488215513, 24.571565009065075, 21.014617327117328, 22.186949624449674, 28.008336570836676, 24.50859557109559, 30.31666019166012, 31.607420357420377, 31.122021497021485, 29.456682206682036, 25.61606449106451, 21.81162587412593, 22.809683372183446, 23.207167832167883, 21.882575757575772, 24.015993265993288, 21.581957394457415, 20.222238409738427, 24.89041051541055, 25.193376068376157, 27.643890831390838, 24.049922299922308, 23.17754467754471, 21.036292411292436, 19.615951178451184, 20.149022274022286, 20.247264309764343, 21.736256798756834, 17.034560347060395]","[0.003, 0.002, 0.001, 0.001, 0.001, 0.001, 0.001, 0.001, 0.002, 0.002, 0.001, 0.001, 0.001, 0.001, 0.001, 0.001, 0.001, 0.001, 0.001, 0.001, 0.001, 0.001, 0.001, 0.001, 0.001, 0.001, 0.001, 0.002, 0.002, 0.001, 0.001, 0.001, 0.001, 0.001, 0.001, 0.001, 0.001, 0.001, 0.001, 0.001, 0.001, 0.001, 0.001, 0.001, 0.001, 0.001, 0.001, 0.0, 0.0]","[3096, 3238, 3212, 3177, 3145, 3100, 3118, 3366, 3790, 3595, 3107, 3093, 3115, 3089, 3074, 2977, 3069, 3327, 3381, 3356, 3178, 2964, 2907, 2921, 3218, 3349, 3493, 3895, 3912, 3528, 3192, 3074, 3076, 3076, 3037, 2957, 2766, 2825, 3210, 3451, 3518, 3326, 2900, 2703, 2586, 2636, 2767, 1818, 416]","[6209.7, 8558.4, 5023.2, 7219.9, 5364.7, 5476.4, 5482.2, 6381.9, 7152.7, 7202.4, 4332.1, 4617.9, 6068.6, 6276.4, 6100.1, 7559.9, 4561.6, 6384.4, 5605.1, 5289.8, 6068.6, 5264.3, 5842.1, 4830.8, 6584.6, 8069.3, 4514.1, 6450.8, 6465.5, 5750.3, 5112.0, 4613.8, 4283.5, 6816.3, 6060.0, 7457.7, 6496.5, 5999.2, 7216.0, 8089.7, 6816.5, 7164.2, 5055.0, 5175.7, 4490.4, 4318.2, 5699.9, 3995.0, 769.0]","[126, 144, 162, 180, 198, 216, 234, 252, 270, 288, 306, 324, 342, 360, 378, 396, 414, 432, 450, 468, 486, 504, 522, 540, 558, 576, 594, 612, 630, 648, 666, 684, 702, 720, 738, 756, 774, 792, 810, 828, 846, 864, 882, 900, 918, 936, 954, 972, 990]","[22.416877104377186, 24.49300699300707, 24.029428904429004, 23.73386104636116, 24.886962574462608, 24.519214581714667, 25.792654105154153, 28.059650997151003, 26.341313778813785, 26.003010878010873, 24.758093758093768, 26.26995920745926, 22.94319800569805, 23.084353146853232, 21.76740157990168, 23.744771432271463, 23.279153716653703, 22.656387593887686, 23.159576534576626, 23.36321548821551, 22.60719373219374, 21.012011137011175, 22.186949624449674, 28.008336570836676, 24.50859557109559, 27.09856578606585, 31.53465747215749, 31.07319994819992, 29.43918350168343, 25.616064491064506, 21.81162587412593, 22.809683372183446, 23.207167832167883, 21.870289432789505, 24.015993265993288, 21.581957394457415, 20.20754014504008, 23.03274734524737, 25.193376068376157, 25.642725330225332, 24.04992229992231, 23.034414659414658, 21.036292411292436, 19.61428386428392, 20.11836311836316, 20.24232711732715, 21.73625679875683, 17.034560347060395]",0,0.003,ok,roll_pgreedy_b3
dc4df24fc106a3ba,2026-10-02T00:03:22,roll,full_Region7_s0.1,pgreedy,classical,bf21a9e8fb,{},3.0,0,6.0,3.0,49,33.979085729085654,170214.0,170214.0,"[22.96851528101539, 23.21336765086775, 23.519036519036522, 23.46590909090914, 21.74498186998192, 21.331601269101295, 24.827149702149722, 22.690284252784302, 28.597804972804997, 29.722837347837338, 23.824932012432114, 24.102645040145084, 22.81814944314916, 23.880778943278962, 22.552836052836096, 21.95085470085474, 23.091362341362355, 22.730785418285457, 21.916844729344795, 22.52309958559968, 23.39091232841238, 21.6731740481741, 21.702133514633502, 22.505908443408497, 23.046522921522975, 22.985593110593133, 32.056818181818066, 33.979085729085654, 28.487017612017645, 28.969340844340696, 23.155416342916375, 20.425699300699375, 23.398115773115833, 21.85866679616683, 24.76681882931887, 22.460389147889217, 22.620224682724675, 20.456471768971753, 24.14070189070194, 24.391122766122773, 24.527340714840683, 25.906630406630505, 23.031112406112438, 21.265410515410533, 18.299711862211897, 17.645040145040173, 19.84424371924374, 18.592608780108808, 18.46058339808341]","[0.001, 0.001, 0.001, 0.001, 0.001, 0.001, 0.001, 0.002, 0.001, 0.001, 0.001, 0.001, 0.001, 0.001, 0.001, 0.001, 0.001, 0.001, 0.001, 0.001, 0.001, 0.001, 0.001, 0.001, 0.001, 0.001, 0.001, 0.001, 0.002, 0.001, 0.001, 0.001, 0.001, 0.001, 0.001, 0.001, 0.0, 0.001, 0.001, 0.001, 0.001, 0.001, 0.001, 0.001, 0.001, 0.001, 0.0, 0.0, 0.0]","[3191, 3391, 3274, 3145, 3000, 2894, 3005, 3181, 3545, 3668, 3271, 3151, 3192, 3163, 3067, 2869, 3023, 3323, 3274, 3253, 3167, 2963, 3044, 3045, 3089, 3251, 3660, 3994, 3853, 3601, 3165, 2909, 2944, 2941, 2938, 2846, 2577, 2656, 3028, 3248, 3376, 3203, 2820, 2614, 2497, 2498, 2572, 1754, 443]","[6210.8, 8925.5, 5577.3, 6177.0, 5292.8, 5740.5, 5524.3, 7127.0, 5474.8, 8057.5, 5330.3, 4697.0, 5825.8, 5053.5, 5396.3, 6280.0, 5630.8, 8011.5, 6111.3, 4817.0, 7155.8, 5963.5, 4568.3, 5746.0, 6403.8, 6704.5, 5337.3, 6705.0, 6717.8, 6444.5, 5511.3, 3881.0, 4165.8, 6700.5, 3984.3, 6138.0, 3817.8, 4763.5, 6920.3, 7392.0, 5998.8, 7299.5, 5340.3, 5799.0, 5892.8, 5638.5, 4438.3, 3841.0, 508.0]","[126, 144, 162, 180, 198, 216, 234, 252, 270, 288, 306, 324, 342, 360, 378, 396, 414, 432, 450, 468, 486, 504, 522, 540, 558, 576, 594, 612, 630, 648, 666, 684, 702, 720, 738, 756, 774, 792, 810, 828, 846, 864, 882, 900, 918, 936, 954, 972, 990]","[23.194622507122652, 23.439847189847086, 23.465909090909143, 21.69905788655792, 21.30929487179493, 23.92874255374262, 22.690284252784302, 28.205112017612063, 29.72283734783734, 23.824932012432114, 23.840973840973916, 22.740627428127414, 23.880778943278965, 22.310508935508956, 21.622571872571914, 23.086878399378442, 22.730785418285457, 21.9168447293448, 22.486790986790986, 23.249303936803944, 21.673174048174104, 21.693602693602767, 22.497442372442418, 23.046522921522975, 22.937435249935223, 25.416359103859126, 33.979085729085654, 28.487017612017652, 28.9693408443407, 23.111192048692054, 20.42569930069937, 23.081309893809912, 21.85866679616683, 24.025608650608593, 22.455338642838726, 22.620224682724675, 20.30822649572651, 24.14070189070194, 24.29106772856777, 24.47915047915043, 25.198976948976895, 23.03111240611244, 21.265410515410533, 18.299711862211897, 17.645040145040173, 18.484605672105673, 18.592608780108808, 18.460583398083408]",0,0.002,ok,roll_pgreedy_b3
8f0d1a759a6a2a1e,2026-10-02T00:03:22,roll,full_Region7_s0.2,pgreedy,classical,bf21a9e8fb,{},3.0,0,6.0,3.0,49,29.803289303289283,170213.0,170213.0,"[24.68246568246576, 25.1058987308988, 25.700757575757613, 23.278603341103363, 24.282083657083685, 22.7901936026937, 24.58218401968409, 25.32012432012438, 28.702424889924913, 27.220376845376812, 27.284349909349924, 23.867812742812774, 24.878124190624284, 20.850993913493973, 20.807481869981896, 20.99694055944058, 24.646448458948438, 22.658945221445276, 22.305604118104142, 22.712703962703976, 21.742310929810987, 21.667055167055242, 20.368783993784007, 22.85508935508935, 23.5038202538203, 24.901142838642865, 27.319881507381517, 28.71226689976689, 29.810606060606094, 27.216070966070966, 24.526239963739926, 23.775365837865902, 21.71702602952611, 21.594616032116026, 23.40000971250978, 22.343839031339034, 23.611337736337767, 21.843223905723907, 22.724812224812247, 23.837558275058296, 25.412457912457878, 25.686237373737338, 22.07430069930072, 20.44734200984202, 23.035385910386, 20.93850362600372, 20.149103211603215, 17.62781662781662, 17.510861823361818]","[0.001, 0.001, 0.001, 0.001, 0.001, 0.001, 0.001, 0.002, 0.002, 0.002, 0.001, 0.001, 0.001, 0.001, 0.001, 0.001, 0.001, 0.001, 0.001, 0.001, 0.001, 0.001, 0.001, 0.0, 0.001, 0.001, 0.002, 0.002, 0.002, 0.002, 0.001, 0.001, 0.001, 0.001, 0.001, 0.001, 0.001, 0.001, 0.002, 0.002, 0.001, 0.001, 0.001, 0.001, 0.0, 0.001, 0.001, 0.0, 0.0]","[3221, 3547, 3469, 3296, 3117, 3033, 3150, 3420, 3716, 3691, 3245, 3109, 3175, 3094, 2888, 2794, 3110, 3292, 3292, 3347, 3154, 2967, 2890, 2859, 3185, 3311, 3564, 4035, 4033, 3566, 3194, 3125, 3103, 3065, 3101, 3080, 2796, 2896, 3238, 3445, 3595, 3403, 2927, 2646, 2603, 2709, 2722, 1767, 426]","[6161.7, 8409.4, 6290.2, 5755.9, 4394.6, 5512.4, 5975.1, 7221.9, 6300.6, 7656.4, 4230.1, 4632.8, 6343.6, 5284.3, 4995.1, 5814.8, 6320.6, 6915.3, 5690.0, 5563.8, 6037.5, 5616.3, 5541.0, 4579.8, 5724.5, 7657.2, 6489.0, 8826.7, 7292.5, 6586.2, 3250.9, 4217.7, 4427.4, 6146.2, 5116.9, 6780.7, 4944.4, 5311.1, 6908.9, 6561.6, 6377.4, 7716.1, 5929.9, 5253.6, 4018.3, 5194.1, 5341.8, 3818.0, 211.0]","[126, 144, 162, 180, 198, 216, 234, 252, 270, 288, 306, 324, 342, 360, 378, 396, 414, 432, 450, 468, 486, 504, 522, 540, 558, 576, 594, 612, 630, 648, 666, 684, 702, 720, 738, 756, 774, 792, 810, 828, 846, 864, 882, 900, 918, 936, 954, 972, 990]","[25.1058987308988, 25.03862341362349, 23.258368945868995, 24.282083657083685, 22.7901936026937, 24.57561188811198, 25.320124320124375, 28.697940947941003, 27.220376845376812, 27.284349909349924, 23.8631021756022, 24.878124190624284, 20.845571095571124, 20.807481869981896, 20.96924371924376, 24.608618233618312, 22.658945221445276, 22.287635975136034, 22.50464581714585, 21.728163040663038, 21.667055167055242, 20.34858197358205, 21.24409155659156, 23.503820253820304, 24.901142838642865, 27.264827764827682, 28.665630665630644, 29.803289303289283, 27.184472934472904, 24.526239963739926, 23.775365837865905, 21.544127169127197, 21.594616032116026, 22.609314296814247, 22.343839031339034, 23.611337736337767, 21.752039627039675, 22.715083527583573, 23.837558275058296, 25.40496309246309, 25.686237373737338, 22.074300699300696, 20.44734200984202, 19.756070318570316, 20.938503626003715, 20.149103211603222, 17.62781662781662, 17.510861823361818]",0,0.002,ok,roll_pgreedy_b3
717ff02a80f2272e,2026-10-02T00:03:22,roll,full_Region7_s0.3,pgreedy,classical,bf21a9e8fb,{},3.0,0,6.0,3.0,49,30.307854182854157,170205.0,170205.0,"[21.024410774410818, 22.479506604506618, 24.65543253043261, 22.46265540015545, 22.45545195545205, 21.519619269619273, 29.136153198653265, 29.136153198653254, 26.520007770007734, 24.4115028490028, 24.034333721833733, 23.33084045584054, 22.86455905205911, 22.52447552447505, 21.450191012691082, 21.175148925149, 22.05785418285422, 22.20480445480449, 22.416391478891523, 24.787312224812307, 21.724375161875248, 21.145412457912524, 20.65080290080295, 20.10283929033932, 22.47758029008034, 22.979765604765657, 26.44044612794616, 29.900382025382036, 30.307854182854157, 24.673141673141632, 23.98161098161091, 21.351430976430976, 23.355494042994028, 24.155141155141227, 22.054843304843335, 21.428175990676042, 20.55965099715102, 21.798594923594987, 21.691886816886814, 23.06879694379704, 24.09785353535354, 23.31666019166022, 22.103373478373538, 20.456844081844114, 20.173643486143543, 18.09217171717168, 20.3906047656048, 20.26919839419843, 17.766786454286482]","[0.001, 0.001, 0.001, 0.001, 0.001, 0.001, 0.001, 0.001, 0.002, 0.001, 0.001, 0.001, 0.001, 0.001, 0.001, 0.001, 0.001, 0.001, 0.001, 0.001, 0.001, 0.001, 0.001, 0.001, 0.001, 0.001, 0.002, 0.001, 0.001, 0.002, 0.001, 0.001, 0.001, 0.001, 0.001, 0.001, 0.001, 0.001, 0.001, 0.001, 0.001, 0.001, 0.001, 0.001, 0.0, 0.001, 0.001, 0.0, 0.0]","[2967, 3146, 3185, 3142, 2972, 2911, 3058, 3251, 3560, 3482, 2997, 3004, 3107, 3011, 2886, 2813, 2981, 3183, 3193, 3284, 3216, 2913, 2853, 2753, 2934, 3201, 3459, 3872, 3940, 3645, 3175, 2942, 3006, 3061, 2973, 2792, 2615, 2711, 2930, 3116, 3356, 3262, 2783, 2560, 2475, 2498, 2669, 1803, 435]","[6207.6, 8804.4, 6741.1, 6723.8, 5146.6, 5442.3, 5754.0, 6991.8, 6257.5, 7549.3, 3639.0, 4643.7, 6601.5, 4772.2, 5628.9, 5087.7, 5029.4, 6906.2, 5861.9, 6089.6, 6733.4, 5404.1, 5408.8, 5227.6, 5208.3, 7251.0, 5728.8, 8131.5, 7861.3, 7159.0, 4873.7, 4880.5, 4262.2, 6488.9, 5752.7, 5519.4, 5583.1, 4840.9, 6041.6, 6843.4, 6535.1, 6998.8, 5449.6, 5161.3, 4371.0, 4905.8, 5676.5, 4874.0, 458.0]","[126, 144, 162, 180, 198, 216, 234, 252, 270, 288, 306, 324, 342, 360, 378, 396, 414, 432, 450, 468, 486, 504, 522, 540, 558, 576, 594, 612, 630, 648, 666, 684, 702, 720, 738, 756, 774, 792, 810, 828, 846, 864, 882, 900, 918, 936, 954, 972, 990]","[22.479506604506618, 22.07452732452738, 22.46265540015545, 22.45545195545205, 21.519619269619273, 22.5396917896918, 29.136153198653254, 26.51811383061384, 24.4115028490028, 24.034333721833733, 23.312354312354305, 22.86455905205911, 22.524475524475054, 21.450191012691082, 21.175148925149, 22.042670292670323, 22.204804454804492, 22.384502072002135, 23.672931235431317, 21.724375161875244, 21.145412457912517, 20.650802900802955, 20.10283929033932, 22.453444703444735, 22.979765604765657, 26.425407925407917, 29.900382025382036, 30.307854182854165, 24.673141673141636, 23.98161098161091, 21.331342268842306, 23.263937451437492, 24.155141155141223, 22.054843304843338, 21.383142320642357, 20.55965099715102, 21.79859492359498, 21.682643745143814, 23.06879694379704, 24.097853535353543, 23.28999935249929, 22.103373478373538, 20.456844081844114, 20.173643486143543, 18.0758708883709, 20.201858326858382, 20.26919839419843, 17.766786454286482]",0,0.002,ok,roll_pgreedy_b3
564edc5902568b57,2026-10-02T00:03:22,roll,full_Region6_s0,pgreedy,classical,bf21a9e8fb,{},3.0,0,6.0,3.0,49,29.13796620046614,170207.0,170207.0,"[25.109492359492368, 25.298513986014026, 24.623688811188885, 24.397549210049288, 22.723581973582018, 25.315219502719525, 28.913267288267374, 26.801800051800104, 25.257931882931953, 25.50998769748769, 24.49418868168871, 23.18285418285405, 23.18285418285405, 22.212525900025955, 21.360560735560735, 20.57825045325044, 20.961182336182333, 21.904331779331873, 21.28909285159289, 20.805879305879344, 21.68580031080039, 22.28273115773126, 22.145363895363985, 22.037878787878842, 24.223938098938078, 22.780092592592652, 23.183145558145586, 23.385602823102694, 23.77725977725981, 24.57460826210818, 22.582944832944825, 24.32648601398634, 24.728794353794356, 26.34372571872577, 26.508126133126133, 27.771043771043743, 29.137966200466135, 29.079933954933953, 27.45320189070193, 23.122183372183443, 21.04717042217039, 21.079658767158776, 20.39220732970736, 20.146982646982597, 20.09994172494177, 17.56722675472682, 16.960081585081568, 16.42578023828023, 16.252395752395756]","[0.001, 0.001, 0.001, 0.001, 0.001, 0.001, 0.001, 0.001, 0.001, 0.001, 0.001, 0.001, 0.001, 0.001, 0.001, 0.001, 0.001, 0.001, 0.001, 0.001, 0.001, 0.001, 0.001, 0.001, 0.001, 0.001, 0.001, 0.001, 0.001, 0.001, 0.001, 0.0, 0.001, 0.001, 0.001, 0.001, 0.001, 0.001, 0.001, 0.001, 0.001, 0.001, 0.001, 0.001, 0.0, 0.001, 0.0, 0.0, 0.0]","[2356, 2478, 2529, 2540, 2332, 2222, 2215, 2089, 2094, 2240, 2203, 2106, 2213, 2263, 2175, 2083, 2181, 2355, 2322, 2289, 2250, 2251, 2293, 2200, 2202, 2238, 2211, 2276, 2346, 2277, 2214, 2213, 2415, 2555, 2580, 2760, 2860, 2801, 2443, 2003, 1983, 2057, 1971, 1935, 1854, 1703, 1654, 1126, 287]","[6161.7, 8781.4, 5921.2, 5319.9, 5391.6, 3744.4, 6627.1, 6379.9, 5549.6, 4853.4, 5873.1, 4614.8, 5938.6, 5712.3, 4808.1, 5786.8, 5224.5, 6650.3, 6459.0, 5571.8, 6375.5, 6073.3, 7176.0, 5987.7, 5374.5, 6503.2, 5506.0, 5543.7, 6428.5, 6593.2, 5288.9, 5433.7, 5836.4, 6669.2, 5873.9, 6467.6, 7067.4, 7431.1, 5674.9, 3986.6, 3519.4, 5650.1, 5314.8, 5357.6, 5302.3, 5207.1, 5037.8, 3098.0, 497.0]","[126, 144, 162, 180, 198, 216, 234, 252, 270, 288, 306, 324, 342, 360, 378, 396, 414, 432, 450, 468, 486, 504, 522, 540, 558, 576, 594, 612, 630, 648, 666, 684, 702, 720, 738, 756, 774, 792, 810, 828, 846, 864, 882, 900, 918, 936, 954, 972, 990]","[25.298513986014026, 24.223565786065745, 24.395023957523918, 22.723581973582018, 25.078833203833213, 27.291731416731448, 26.8018000518001, 25.242667055167058, 25.509987697487688, 24.49418868168871, 23.04399766899746, 23.18285418285405, 22.212525900025955, 21.34965034965036, 20.55103923853923, 20.920713545713532, 21.83527583527585, 21.288574851074955, 20.805879305879344, 20.87668350168355, 22.24426961926969, 22.145363895363985, 22.037878787878842, 23.912587412587474, 22.780092592592652, 23.183145558145583, 23.36536842786844, 23.777259777259797, 24.57460826210818, 22.582944832944825, 22.90985172235176, 24.5393356643357, 25.26550764050767, 26.365481740481787, 27.771043771043743, 29.137966200466135, 29.07978826728826, 27.451971639471537, 23.122183372183443, 20.988701113701012, 21.06599650349653, 20.39220732970736, 20.1469826469826, 20.09994172494177, 17.556348743848744, 16.960081585081568, 16.425780238280225, 16.252395752395756]",0,0.001,ok,roll_pgreedy_b3
9783ff8ebc1ee698,2026-10-02T00:03:22,roll,full_Region6_s0.1,pgreedy,classical,bf21a9e8fb,{},3.0,0,6.0,3.0,49,28.114769489769493,170208.0,170212.0,"[22.860398860398888, 21.796846671846637, 21.444994819994847, 22.490724553224574, 21.785855348355373, 24.144263144263114, 24.99944962444993, 26.927398989898965, 28.114769489769493, 22.83852952602945, 21.660515410515334, 19.463205775705735, 21.745758870758976, 21.146820771821062, 20.014843952344226, 20.171522921523007, 20.667281792281738, 21.833899896399842, 21.196532634032618, 19.338642838642848, 19.65541634291634, 20.9124740999743, 20.359346671846694, 18.88906695156696, 19.378367003367025, 19.11149961149961, 20.82358844858845, 21.450223387723366, 21.507511007511063, 21.4814167314166, 21.32755439005439, 20.000550375550382, 23.63516576016574, 23.215407277907307, 26.28164659414661, 24.7314652939653, 26.97176897176898, 26.0246859621859, 25.048870111370153, 21.890669515669497, 20.778927091427065, 21.104943667443685, 20.813455063455063, 19.006021756021767, 19.891138953638986, 18.01267482517482, 16.22711085211087, 15.453784641284644, 15.176816239316233]","[0.001, 0.001, 0.001, 0.001, 0.001, 0.001, 0.001, 0.001, 0.001, 0.001, 0.0, 0.001, 0.001, 0.001, 0.001, 0.001, 0.001, 0.001, 0.001, 0.001, 0.001, 0.001, 0.001, 0.001, 0.001, 0.001, 0.001, 0.001, 0.001, 0.001, 0.001, 0.001, 0.001, 0.001, 0.0, 0.001, 0.001, 0.001, 0.001, 0.001, 0.001, 0.001, 0.001, 0.001, 0.0, 0.0, 0.0, 0.0, 0.0]","[2139, 2199, 2205, 2353, 2316, 2140, 2014, 2021, 2068, 2060, 1948, 1907, 2038, 2166, 2139, 2042, 2132, 2251, 2234, 2062, 2028, 2132, 1998, 1928, 1977, 2001, 2134, 2234, 2211, 2095, 1994, 2086, 2253, 2277, 2286, 2420, 2495, 2563, 2333, 1856, 1859, 1967, 1876, 1803, 1661, 1539, 1506, 964, 220]","[6195.7, 8110.4, 5441.1, 6457.9, 6887.6, 4906.4, 7202.1, 6292.8, 7437.6, 6011.3, 5673.1, 4855.8, 4750.5, 6086.3, 5115.0, 4515.8, 5856.5, 6459.2, 6814.0, 5079.7, 4480.4, 5578.2, 6790.9, 5567.7, 5334.4, 6237.1, 5893.9, 7048.6, 6811.4, 6108.1, 5732.8, 5525.6, 6911.3, 7529.1, 5858.8, 5997.5, 6743.3, 6764.0, 5912.8, 4824.5, 4460.2, 6096.0, 5640.7, 5999.5, 5009.2, 5414.9, 4410.7, 1896.0, 152.0]","[126, 144, 162, 180, 198, 216, 234, 252, 270, 288, 306, 324, 342, 360, 378, 396, 414, 432, 450, 468, 486, 504, 522, 540, 558, 576, 594, 612, 630, 648, 666, 684, 702, 720, 738, 756, 774, 792, 810, 828, 846, 864, 882, 900, 918, 936, 954, 972, 990]","[21.76298238798233, 21.419855607355572, 22.490724553224574, 21.785855348355373, 23.87579318829322, 24.99944962444992, 26.88351463351463, 28.114769489769497, 22.829950142450148, 21.660515410515334, 19.204577829577868, 21.709709272209338, 21.005665630665654, 20.014843952344226, 20.171522921523007, 20.657666407666436, 21.83389989639984, 21.196532634032618, 19.33864283864285, 19.65452602952608, 20.9124740999743, 20.355931105931113, 18.85049210049212, 19.362665112665102, 19.067874255374257, 20.786761849261847, 21.450223387723373, 21.355995855995857, 21.424161486661493, 21.32755439005439, 20.000550375550382, 23.589468401968425, 23.19721250971252, 23.797235172235236, 24.681753431753418, 26.97176897176898, 26.0246859621859, 25.048870111370153, 21.8906695156695, 20.704674954675006, 21.07891414141415, 20.813455063455063, 19.006021756021767, 19.003609816109837, 17.9926670551671, 16.21864478114476, 15.449737762237735, 15.176816239316233]",0,0.001,ok,roll_pgreedy_b3
95d432c82c2799a1,2026-10-02T00:03:22,roll,full_Region6_s0.2,pgreedy,classical,bf21a9e8fb,{},3.0,0,6.0,3.0,49,28.370435120435104,170212.0,170217.0,"[23.068829318829387, 24.928985366485367, 23.05702861952859, 24.457961020460882, 22.43863312613322, 25.161923724423808, 25.346590909090892, 27.32373413623416, 26.57595182595183, 26.643194768194697, 24.356740481740463, 21.44769813519815, 21.275657213157327, 22.377525252525363, 22.08495208495211, 21.953638953638976, 22.837898212898242, 24.54883773633778, 22.962461149961193, 21.442647630147643, 21.232695545195526, 21.785936285936398, 22.362406112406102, 24.343709531209583, 24.143631831131913, 23.247150997151213, 22.537425537425598, 22.31306656306662, 22.507834757834793, 22.701534576534467, 21.668091168091127, 22.800585988086002, 24.567777130277115, 24.403182465682555, 25.955112017612002, 28.370435120435104, 27.297639860139867, 27.233925796425808, 25.603324915824885, 22.74935249935252, 23.31023374773378, 23.918641543641538, 23.09864672364645, 22.075676638176674, 21.06748575498568, 22.134858197358202, 17.988247863247835, 17.748219373219346, 17.805733618233596]","[0.001, 0.001, 0.001, 0.001, 0.001, 0.001, 0.001, 0.001, 0.001, 0.001, 0.001, 0.001, 0.001, 0.001, 0.001, 0.001, 0.001, 0.001, 0.001, 0.001, 0.001, 0.001, 0.001, 0.001, 0.001, 0.001, 0.001, 0.001, 0.001, 0.001, 0.001, 0.001, 0.001, 0.001, 0.001, 0.001, 0.001, 0.001, 0.001, 0.001, 0.001, 0.001, 0.001, 0.001, 0.001, 0.0, 0.001, 0.0, 0.0]","[2243, 2421, 2447, 2412, 2240, 2178, 2142, 2079, 2266, 2381, 2177, 1994, 2110, 2318, 2266, 2186, 2317, 2438, 2395, 2281, 2231, 2254, 2191, 2228, 2312, 2311, 2353, 2447, 2458, 2268, 2116, 2196, 2486, 2518, 2588, 2870, 2907, 2763, 2415, 2086, 2152, 2230, 2257, 2201, 1917, 1784, 1756, 1128, 266]","[6157.8, 8704.5, 6947.3, 5854.0, 6661.8, 4346.5, 5972.3, 6015.0, 6458.8, 5883.5, 5763.3, 3327.1, 4707.8, 5638.6, 7153.3, 5564.1, 5573.8, 6427.6, 6434.3, 4852.1, 5684.8, 5477.6, 6277.3, 5997.1, 6454.8, 6009.6, 5297.3, 5377.1, 6189.9, 5662.6, 6499.4, 5606.1, 6343.9, 7972.6, 6533.4, 7695.1, 8175.9, 7327.6, 5971.4, 4467.1, 4129.9, 6167.6, 6019.4, 6136.1, 4929.9, 4870.6, 5286.4, 3543.0, 473.0]","[126, 144, 162, 180, 198, 216, 234, 252, 270, 288, 306, 324, 342, 360, 378, 396, 414, 432, 450, 468, 486, 504, 522, 540, 558, 576, 594, 612, 630, 648, 666, 684, 702, 720, 738, 756, 774, 792, 810, 828, 846, 864, 882, 900, 918, 936, 954, 972, 990]","[24.711344211344144, 23.057028619528595, 24.44410450660454, 22.438633126133222, 22.31659544159546, 25.346590909090892, 27.32373413623416, 26.57595182595183, 26.643194768194697, 24.35432854182862, 21.44769813519815, 21.01643032893032, 22.37752525252537, 22.08495208495211, 21.952004014504052, 22.83789821289824, 24.54883773633778, 22.940850815850805, 21.41024022274024, 21.232695545195526, 21.776320901320943, 22.29480704480696, 24.343709531209583, 24.143631831131913, 23.247150997151213, 22.524653587153633, 22.31306656306662, 22.507834757834797, 22.60076728826734, 21.668091168091127, 22.759226884226972, 24.567777130277115, 24.403182465682555, 25.940332815332752, 28.370435120435104, 27.297639860139874, 27.23280885780883, 25.603324915824885, 22.733051670551653, 23.31023374773378, 23.850216912716974, 23.05599261849251, 22.07162975912977, 21.06748575498568, 22.1348581973582, 17.979781792281784, 17.748219373219346, 17.805733618233592]",0,0.001,ok,roll_pgreedy_b3
773e003b8da0b39f,2026-10-02T00:03:22,roll,full_Region6_s0.3,pgreedy,classical,bf21a9e8fb,{},3.0,0,6.0,3.0,49,30.467981092981145,170191.0,170191.0,"[22.911260036259925, 22.522095959595934, 23.657747345247298, 24.91554972804985, 23.085243460243586, 23.75642644392626, 29.082345894845954, 27.99184149184153, 24.29603729603735, 23.476932789432826, 22.14134939134939, 20.907132219632256, 21.440721315721355, 20.938277000777024, 21.071969696969724, 20.68217430717437, 22.712218337218424, 22.049420486918816, 20.739979927479983, 19.92529461279469, 20.92981092981097, 19.76976495726494, 19.660240222740264, 21.11734330484328, 21.23447617197618, 20.565219502719522, 20.29496891996892, 20.429746179746203, 21.477515540015588, 22.406517094017143, 22.14094470344467, 21.197163947163954, 21.827845765345778, 23.249935249935252, 23.74910968660969, 27.610026547526527, 30.46798109298114, 30.04383579383579, 27.401256151256142, 24.078509453509447, 22.726511914011912, 22.720911033410992, 22.284738409738363, 19.255924630924607, 19.6851204351203, 18.833640896140757, 18.854279979279987, 17.638807951307896, 17.638807951307896]","[0.001, 0.001, 0.001, 0.001, 0.001, 0.001, 0.001, 0.001, 0.001, 0.001, 0.001, 0.001, 0.001, 0.001, 0.001, 0.001, 0.001, 0.001, 0.001, 0.001, 0.001, 0.001, 0.001, 0.001, 0.001, 0.001, 0.001, 0.001, 0.001, 0.001, 0.001, 0.001, 0.001, 0.001, 0.001, 0.001, 0.001, 0.001, 0.001, 0.001, 0.001, 0.001, 0.001, 0.001, 0.001, 0.001, 0.0, 0.0, 0.0]","[2330, 2369, 2309, 2454, 2287, 2139, 2136, 2029, 2235, 2372, 2168, 2047, 2109, 2264, 2183, 2022, 2187, 2264, 2142, 2099, 2001, 2034, 2065, 2074, 2209, 2191, 2124, 2147, 2158, 2098, 2030, 2128, 2304, 2357, 2442, 2757, 2905, 2757, 2462, 2068, 2047, 2107, 1989, 1860, 1713, 1676, 1676, 1084, 251]","[6160.7, 8841.5, 5099.2, 6810.0, 6615.7, 3561.4, 6138.2, 6839.9, 5113.7, 5785.4, 5402.2, 4867.9, 5323.7, 6732.4, 5643.2, 5747.9, 6391.7, 7612.4, 5140.1, 5203.9, 4966.6, 5686.4, 6307.1, 6376.9, 6707.6, 5674.4, 4810.1, 5863.9, 6378.6, 6300.4, 7215.1, 5943.8, 5066.6, 6363.3, 6374.1, 6192.8, 8578.6, 7729.3, 6089.1, 4379.8, 4578.6, 5303.3, 6008.1, 5425.8, 5547.5, 6255.3, 4542.0, 4211.0, 55.0]","[126, 144, 162, 180, 198, 216, 234, 252, 270, 288, 306, 324, 342, 360, 378, 396, 414, 432, 450, 468, 486, 504, 522, 540, 558, 576, 594, 612, 630, 648, 666, 684, 702, 720, 738, 756, 774, 792, 810, 828, 846, 864, 882, 900, 918, 936, 954, 972, 990]","[22.522095959595934, 23.635473322973265, 24.87990481740485, 23.085243460243586, 23.66710372960376, 29.082345894845954, 27.991841491841534, 24.11808793058802, 23.470732970733025, 22.14134939134939, 20.907132219632256, 21.34132996632999, 20.932854182854204, 21.071969696969724, 20.662457912457935, 22.680960243460213, 22.049420486918816, 20.699770137270143, 19.92529461279469, 20.929810929810966, 19.689054001553924, 19.45347707847711, 21.11734330484328, 21.23447617197618, 20.565219502719522, 20.2914076664077, 20.427884615384613, 21.442469567469594, 22.406517094017143, 22.14094470344467, 21.184505309505354, 21.755115255115285, 23.213513338513366, 23.74910968660969, 27.587865837865863, 30.46798109298114, 30.018032893033, 27.401256151256142, 23.984767547267527, 22.54069541569542, 22.50768907018908, 22.284738409738363, 19.255406630406608, 19.642903392903367, 18.833640896140757, 18.854279979279983, 17.625663688163684, 17.638807951307896]",0,0.001,ok,roll_pgreedy_b3
67e172a80d5fed18,2026-10-03T00:37:47,roll,full_Region7_s0,milp,classical,4ca5e84684,"{""eps_tie"": 0.0, ""mip_heuristic_effort"": 0.3864458389180624, ""presolve"": ""off"", ""start"": ""lp""}",3.0,0,6.0,3.0,49,27.834239834239856,170204.0,170204.0,"[21.827149702149764, 21.43633449883454, 23.36069023569028, 22.312807562807674, 22.852305102305134, 22.05076405076409, 23.043625356125375, 24.124255374255522, 26.229377104377026, 24.951081326081326, 22.683712121212228, 22.472643097643104, 21.818829318829373, 21.177933177933184, 22.373138435638527, 21.230283605283685, 24.024783087283076, 24.024783087283073, 21.464225589225542, 22.149410774410857, 20.96671846671851, 21.11556267806274, 20.186820124320185, 20.99983812483816, 24.78002784252787, 23.860463610463626, 25.82936739186732, 27.645493395493414, 27.834239834239856, 25.38090844340843, 22.450773763273798, 20.88265669515677, 21.909786972287023, 21.25568181818185, 22.186722999223065, 21.26087801087808, 19.703833203833263, 20.41634291634289, 21.822876197876223, 21.56706487956492, 23.10246697746699, 22.43992812742814, 21.376570189070275, 20.335178710178713, 19.231983294483324, 19.462946775446788, 19.556138306138337, 18.929131054131084, 18.91294353794357]","[2.456, 0.237, 2.452, 2.452, 2.455, 2.455, 2.454, 2.453, 2.453, 2.453, 2.454, 2.452, 2.452, 2.452, 2.453, 2.453, 0.039, 0.005, 2.452, 2.453, 2.46, 2.452, 2.455, 2.453, 2.452, 2.452, 2.453, 2.453, 2.454, 2.453, 2.452, 2.453, 2.454, 2.453, 2.453, 2.453, 2.452, 2.459, 2.453, 2.453, 2.455, 2.453, 2.452, 2.452, 2.454, 2.452, 2.452, 2.452, 0.003]","[3096, 3238, 3212, 3177, 3145, 3100, 3118, 3366, 3790, 3595, 3107, 3093, 3115, 3089, 3074, 2977, 3069, 3327, 3381, 3356, 3178, 2964, 2907, 2921, 3218, 3349, 3493, 3895, 3912, 3528, 3192, 3074, 3076, 3076, 3037, 2957, 2766, 2825, 3210, 3451, 3518, 3326, 2900, 2703, 2586, 2636, 2767, 1818, 416]","[6209.7, 8747.4, 4801.2, 6896.9, 4614.7, 6090.4, 4937.2, 6312.9, 6799.7, 6967.4, 3963.1, 4153.9, 5565.6, 4816.4, 5182.1, 6707.9, 4395.6, 6241.4, 4818.1, 4628.8, 6145.6, 4367.3, 5507.1, 4882.8, 6391.6, 8122.3, 4322.1, 6384.8, 6717.5, 6041.3, 3936.0, 4338.8, 4111.5, 6444.3, 4917.0, 6640.7, 4665.5, 4341.2, 5933.0, 7223.7, 5704.5, 7027.2, 4906.0, 5112.7, 4769.4, 4821.2, 5671.9, 3682.0, 120.0]","[126, 144, 162, 180, 198, 216, 234, 252, 270, 288, 306, 324, 342, 360, 378, 396, 414, 432, 450, 468, 486, 504, 522, 540, 558, 576, 594, 612, 630, 648, 666, 684, 702, 720, 738, 756, 774, 792, 810, 828, 846, 864, 882, 900, 918, 936, 954, 972, 990]","[21.43633449883454, 23.36069023569028, 22.29687904687908, 22.845214970215082, 22.050764050764094, 23.042880730380773, 24.120435120435136, 26.21066433566431, 24.951081326081326, 22.683712121212228, 22.472643097643104, 21.818829318829373, 21.177933177933184, 22.361370111370114, 21.230283605283685, 23.893987956487987, 24.024783087283073, 21.464225589225542, 22.144700207200298, 20.96671846671851, 21.113523051023083, 20.18682012432018, 20.99834887334891, 24.774766899766973, 23.860463610463626, 25.828736078736146, 27.645493395493414, 27.834239834239856, 25.38090844340843, 22.450773763273798, 20.88236531986537, 21.906371406371484, 21.254645817145892, 22.184683372183382, 21.26087801087808, 19.703833203833263, 20.397856772856837, 21.822876197876223, 21.567064879564917, 23.09155659155661, 22.439928127428136, 21.376570189070275, 20.327716265216303, 19.22819541569547, 19.450401450401476, 19.556138306138337, 18.929131054131084, 18.91294353794357]",0,2.46,ok,roll_milp_b3
d8800f6709214432,2026-10-03T00:39:45,roll,full_Region7_s0.1,milp,classical,4ca5e84684,"{""eps_tie"": 0.0, ""mip_heuristic_effort"": 0.3864458389180624, ""presolve"": ""off"", ""start"": ""lp""}",3.0,0,6.0,3.0,49,26.98818311318314,170214.0,170214.0,"[21.733731546231628, 21.84207459207467, 22.13147500647506, 21.31946063196068, 20.568716006216064, 20.46174889924895, 21.441320253820304, 21.204707329707382, 25.748462185962193, 24.80301411551413, 22.751392126392204, 22.472756410256398, 21.762804325304362, 21.08597189847193, 20.482614607614632, 20.098420098420142, 21.95493395493397, 21.734508547008566, 20.90371665371671, 22.209887334887256, 21.98073685573678, 20.553564491064567, 20.708349520849573, 21.132009194509255, 21.75545519295525, 21.893194768194792, 27.075029137529125, 26.81227337477324, 26.548076923076888, 25.021140896140757, 22.392741517741527, 20.222465034965104, 22.19332750582755, 20.76299857549862, 22.39701502201507, 21.21547202797202, 19.002606190106228, 20.070237632737683, 21.024524087024073, 21.501424501424555, 22.80968337218334, 22.059116809116905, 20.546846671846684, 19.043447293447294, 17.941805879305914, 16.93494237244239, 17.493897306397304, 17.47796879046878, 17.459628334628377]","[2.453, 2.455, 2.454, 2.454, 2.452, 2.452, 2.453, 2.453, 2.453, 2.453, 2.452, 2.46, 2.452, 2.454, 2.453, 2.453, 2.453, 2.453, 2.452, 2.454, 2.453, 2.454, 2.454, 2.453, 2.452, 2.452, 2.452, 2.453, 2.453, 2.453, 2.453, 2.452, 2.452, 2.453, 2.452, 2.453, 2.452, 2.452, 2.453, 2.454, 2.455, 2.453, 2.457, 2.452, 2.453, 2.453, 2.454, 2.453, 0.005]","[3191, 3391, 3274, 3145, 3000, 2894, 3005, 3181, 3545, 3668, 3271, 3151, 3192, 3163, 3067, 2869, 3023, 3323, 3274, 3253, 3167, 2963, 3044, 3045, 3089, 3251, 3660, 3994, 3853, 3601, 3165, 2909, 2944, 2941, 2938, 2846, 2577, 2656, 3028, 3248, 3376, 3203, 2820, 2614, 2497, 2498, 2572, 1754, 443]","[6210.8, 8868.5, 5842.3, 6018.0, 4903.8, 5353.5, 5478.3, 6258.0, 5413.8, 7960.5, 4718.3, 4147.0, 5477.8, 4839.5, 5089.3, 5371.0, 5166.8, 7354.5, 5503.3, 4294.0, 6609.8, 5638.5, 4340.3, 5754.0, 6296.8, 6667.5, 5382.3, 7721.0, 5709.8, 5684.5, 4391.3, 3497.0, 4069.8, 6740.5, 3991.3, 6357.0, 3805.8, 4062.5, 6246.3, 6876.0, 6114.8, 7168.5, 5052.3, 4096.0, 4287.8, 4660.5, 4478.3, 4092.0, 599.0]","[126, 144, 162, 180, 198, 216, 234, 252, 270, 288, 306, 324, 342, 360, 378, 396, 414, 432, 450, 468, 486, 504, 522, 540, 558, 576, 594, 612, 630, 648, 666, 684, 702, 720, 738, 756, 774, 792, 810, 828, 846, 864, 882, 900, 918, 936, 954, 972, 990]","[21.841847966847883, 22.130034317534378, 21.319460631960684, 20.56619075369079, 20.46174889924895, 21.432854182854243, 21.204707329707386, 25.74690818440815, 24.80301411551413, 22.751392126392204, 22.469858844858877, 21.756863506863525, 21.083187645687367, 20.482614607614632, 20.09359621859626, 21.95248963998968, 21.734508547008566, 20.89881183631189, 22.201243201243294, 21.98073685573678, 20.553564491064567, 20.692939005439012, 21.132009194509255, 21.75545519295525, 21.875631313131287, 26.98818311318314, 26.812273374773234, 26.548076923076888, 25.021140896140754, 22.392741517741527, 20.222465034965108, 22.166860916860937, 20.76299857549862, 22.366679616679555, 21.21532634032642, 18.977693602693673, 20.036680911680943, 21.019327894327922, 21.501424501424555, 22.79360916860914, 22.046603859103875, 20.52598096348095, 19.034867909867987, 17.941805879305914, 16.93494237244239, 17.493897306397308, 17.47796879046878, 17.459628334628377]",0,2.46,ok,roll_milp_b3
b220924c224f5a08,2026-10-03T00:41:34,roll,full_Region7_s0.2,milp,classical,4ca5e84684,"{""eps_tie"": 0.0, ""mip_heuristic_effort"": 0.3864458389180624, ""presolve"": ""off"", ""start"": ""lp""}",3.0,0,6.0,3.0,49,27.19781144781153,170213.0,170213.0,"[22.90918803418811, 23.21589290339292, 23.225734913234962, 22.07096607096616, 21.731206293706368, 21.723711473711546, 23.109006734006766, 23.524281274281314, 26.491906241906253, 24.913542476042497, 22.7428936803937, 22.763905076405084, 21.687321937321954, 20.339419839419843, 19.69803807303812, 20.107177544677572, 21.85992942242944, 21.543932918932953, 21.123138435638477, 21.295551670551685, 21.017207329707343, 20.5272435897436, 19.38085988085986, 19.932012432012428, 22.016640766640677, 21.825806138306167, 26.026806526806507, 26.7936739186739, 27.202894327894295, 25.514487826987867, 22.57192113442114, 20.9400252525253, 20.85644910644912, 20.045179357679352, 21.914238539238536, 21.91423853923854, 19.309278684278695, 20.983423983424014, 21.180345117845135, 21.75066368816368, 23.400042087542055, 22.369463869463825, 21.232663170163164, 19.436998186998217, 18.656840844340884, 18.000615125615152, 17.638727013727067, 17.003965941465935, 16.972885910385905]","[2.452, 2.453, 2.453, 2.453, 2.455, 2.455, 2.453, 2.456, 2.453, 2.46, 2.452, 2.453, 2.456, 2.452, 2.459, 2.452, 2.452, 2.452, 2.453, 2.453, 0.261, 2.453, 2.454, 2.452, 2.453, 2.456, 2.452, 2.453, 2.455, 2.453, 2.454, 2.454, 2.452, 2.455, 0.102, 0.067, 2.453, 2.453, 2.453, 2.452, 2.454, 2.453, 2.454, 2.453, 2.452, 2.453, 2.452, 0.778, 0.004]","[3221, 3547, 3469, 3296, 3117, 3033, 3150, 3420, 3716, 3691, 3245, 3109, 3175, 3094, 2888, 2794, 3110, 3292, 3292, 3347, 3154, 2967, 2890, 2859, 3185, 3311, 3564, 4035, 4033, 3566, 3194, 3125, 3103, 3065, 3101, 3080, 2796, 2896, 3238, 3445, 3595, 3403, 2927, 2646, 2603, 2709, 2722, 1767, 426]","[6161.7, 8766.4, 6276.2, 5818.9, 4366.6, 5574.4, 5864.1, 6768.9, 6045.6, 7661.4, 4404.1, 4101.8, 5740.6, 4576.3, 4581.1, 5178.8, 5690.6, 7105.3, 5153.0, 5282.8, 5864.5, 4887.3, 5414.0, 4596.8, 6237.5, 7696.2, 5472.0, 7585.7, 6529.5, 6437.2, 3529.9, 4491.7, 3881.4, 5867.2, 4413.9, 6625.7, 4818.4, 4304.1, 6452.9, 6145.6, 6289.4, 7338.1, 4793.9, 4743.6, 3832.3, 5374.1, 5321.8, 3249.0, 256.0]","[126, 144, 162, 180, 198, 216, 234, 252, 270, 288, 306, 324, 342, 360, 378, 396, 414, 432, 450, 468, 486, 504, 522, 540, 558, 576, 594, 612, 630, 648, 666, 684, 702, 720, 738, 756, 774, 792, 810, 828, 846, 864, 882, 900, 918, 936, 954, 972, 990]","[23.215892903392923, 23.221574721574818, 22.07096607096616, 21.728276353276367, 21.721445221445208, 23.107970732970802, 23.524281274281314, 26.471558534058573, 24.913542476042497, 22.7428936803937, 22.75492100492103, 21.687321937321954, 20.339419839419843, 19.698038073038116, 20.10172235172241, 21.853211603211626, 21.543787231287222, 21.098743848743936, 21.292848355348397, 21.017207329707343, 20.516365578865653, 19.377816627816706, 19.918317793317833, 22.012415824915887, 21.825806138306167, 25.980850168350084, 26.793010230510227, 27.19781144781153, 25.514487826987864, 22.57180782180781, 20.9400252525253, 20.856449106449123, 20.045179357679352, 21.893534706034657, 21.91423853923854, 19.309278684278695, 20.982128982128973, 21.180345117845135, 21.746357808857805, 23.390022015022016, 22.369463869463825, 21.227240352240376, 19.436998186998217, 18.641511266511223, 17.99883449883451, 17.638727013727067, 17.003965941465935, 16.972885910385905]",0,2.46,ok,roll_milp_b3
73e629ad311e2113,2026-10-03T00:43:20,roll,full_Region7_s0.3,milp,classical,4ca5e84684,"{""eps_tie"": 0.0, ""mip_heuristic_effort"": 0.3864458389180624, ""presolve"": ""off"", ""start"": ""lp""}",3.0,0,6.0,3.0,49,26.032342657342678,170205.0,170205.0,"[20.424987049987067, 20.424987049987063, 21.550132737632804, 21.454982517482545, 20.90690559440569, 20.291375291375328, 23.495095182595193, 23.1268291893292, 24.568149443149412, 23.019085081585033, 21.193602693602717, 22.859249546749602, 21.996778684278716, 20.951793576793623, 19.94515669515676, 19.962202149702165, 21.47889147889151, 21.438309375809414, 20.99567793317797, 21.531533281533335, 20.785499222999285, 20.003188940688975, 19.65062483812486, 19.173578736078735, 21.969567469567515, 22.12453056203057, 24.93819606319607, 26.04916148666147, 25.516381766381787, 24.065964128464138, 22.359735172235204, 20.731513856513896, 22.29268648018656, 21.884210696710728, 21.004403004403038, 20.31758288008291, 19.453185703185742, 19.64264439264441, 20.27900802900809, 20.534479409479413, 21.8136331261331, 21.55225330225333, 20.970765345765397, 19.58142320642326, 18.320464257964257, 18.071338383838437, 20.26919839419843, 20.26919839419843, 18.10534835534833]","[0.042, 0.051, 2.456, 0.525, 2.453, 2.453, 2.452, 2.453, 2.453, 2.453, 2.453, 2.452, 2.452, 2.452, 2.453, 2.452, 2.454, 2.452, 2.453, 2.453, 2.46, 2.455, 2.453, 2.452, 2.452, 2.452, 2.453, 2.453, 2.454, 2.453, 2.452, 2.454, 2.455, 2.452, 2.453, 2.454, 2.452, 2.453, 2.452, 2.453, 2.454, 2.453, 2.452, 2.453, 2.455, 2.455, 0.004, 0.003, 0.017]","[2967, 3146, 3185, 3142, 2972, 2911, 3058, 3251, 3560, 3482, 2997, 3004, 3107, 3011, 2886, 2813, 2981, 3183, 3193, 3284, 3216, 2913, 2853, 2753, 2934, 3201, 3459, 3872, 3940, 3645, 3175, 2942, 3006, 3061, 2973, 2792, 2615, 2711, 2930, 3116, 3356, 3262, 2783, 2560, 2475, 2498, 2669, 1803, 435]","[6207.6, 8785.4, 5742.1, 7328.8, 5354.6, 5290.3, 5211.0, 7524.8, 5712.5, 6689.3, 4299.0, 4035.7, 6222.5, 4415.2, 4807.9, 5118.7, 5041.4, 6788.2, 5576.9, 5277.6, 6306.4, 4852.1, 4988.8, 5156.6, 4930.3, 7008.0, 5333.8, 7238.5, 7108.3, 5620.0, 4803.7, 4550.5, 4255.2, 5996.9, 5335.7, 4882.4, 5098.1, 4623.9, 6067.6, 6691.4, 6063.1, 6861.8, 5444.6, 5067.3, 4334.0, 4235.8, 5274.5, 4721.0, 235.0]","[126, 144, 162, 180, 198, 216, 234, 252, 270, 288, 306, 324, 342, 360, 378, 396, 414, 432, 450, 468, 486, 504, 522, 540, 558, 576, 594, 612, 630, 648, 666, 684, 702, 720, 738, 756, 774, 792, 810, 828, 846, 864, 882, 900, 918, 936, 954, 972, 990]","[20.424987049987063, 21.53592009842014, 21.454982517482545, 20.90690559440569, 20.291375291375328, 23.487114737114787, 23.1268291893292, 24.567890442890516, 23.019085081585036, 21.193602693602717, 22.837979150479146, 21.996778684278716, 20.951793576793623, 19.94515669515676, 19.962202149702165, 21.47889147889151, 21.43830937580941, 20.99189005439012, 21.519020331520416, 20.785385910385912, 20.003188940688972, 19.64680458430464, 19.16006216006216, 21.965407277907275, 22.11209854959859, 24.922267547267555, 26.032342657342678, 25.516381766381787, 24.058096995598692, 22.351382413882416, 20.72746697746703, 22.25704156954159, 21.88323944573951, 21.004403004403038, 20.313795001295034, 19.44839419839423, 19.64134939134936, 20.27636946386947, 20.528878528878554, 21.8136331261331, 21.55124967624962, 20.9707653457654, 19.58142320642326, 18.31211149961152, 18.05867974617975, 20.224504662004684, 20.26919839419843, 18.10534835534833]",0,2.46,ok,roll_milp_b3
b919ca892f6eca05,2026-10-03T00:45:18,roll,full_Region6_s0,milp,classical,4ca5e84684,"{""eps_tie"": 0.0, ""mip_heuristic_effort"": 0.3864458389180624, ""presolve"": ""off"", ""start"": ""lp""}",3.0,0,6.0,3.0,49,26.616161616161534,170207.0,170207.0,"[21.946953509453525, 21.98816692566693, 22.807821807821806, 22.677285677285635, 21.06309893809895, 23.314021626521654, 23.720635845635872, 23.216556591556568, 22.347740222740224, 23.41140572390575, 22.001084563584588, 20.762512950012816, 20.67003367003372, 19.67921199171206, 19.710324397824373, 18.87503237503236, 19.828800828800844, 20.666650479150572, 19.626829189329204, 19.480137917637947, 18.994140119140123, 20.704966329966375, 20.545616420616415, 20.662085599585602, 21.811399248899285, 21.371179746179774, 20.662085599585634, 20.858084045584057, 22.103519166019197, 21.08812483812484, 19.918609168609194, 20.808922558922617, 22.626974876974874, 22.93465099715096, 23.38942307692308, 25.04686285936282, 26.126084563584534, 26.61768324268326, 24.75942113442116, 20.918673918673978, 20.01834045584049, 19.76000388500391, 18.573782698782672, 18.054519554519533, 17.14066951566952, 16.578412328412327, 15.806866744366733, 15.604895104895085, 15.604895104895085]","[2.452, 2.455, 2.457, 2.452, 2.453, 2.452, 2.453, 2.453, 2.454, 2.457, 2.453, 2.454, 2.453, 2.463, 2.452, 2.463, 2.453, 2.455, 2.452, 2.453, 2.453, 2.453, 2.454, 2.459, 2.454, 2.453, 2.453, 2.455, 2.455, 2.452, 2.452, 2.453, 2.452, 2.453, 2.452, 2.462, 2.452, 2.455, 2.452, 2.452, 2.452, 2.454, 2.453, 2.453, 2.453, 2.455, 2.452, 2.454, 0.029]","[2356, 2478, 2529, 2540, 2332, 2222, 2215, 2089, 2094, 2240, 2203, 2106, 2213, 2263, 2175, 2083, 2181, 2355, 2322, 2289, 2250, 2251, 2293, 2200, 2202, 2238, 2211, 2276, 2346, 2277, 2214, 2213, 2415, 2555, 2580, 2760, 2860, 2801, 2443, 2003, 1983, 2057, 1971, 1935, 1854, 1703, 1654, 1126, 287]","[6161.7, 8895.4, 5804.2, 6061.9, 5471.6, 3814.4, 6592.1, 5742.9, 5151.6, 5240.4, 6060.1, 4170.8, 5041.6, 5528.3, 4969.1, 5797.8, 4916.5, 6363.3, 6574.0, 4929.8, 6010.5, 5396.3, 6710.0, 5902.7, 5691.5, 6465.2, 5341.0, 5179.7, 5969.5, 6871.2, 4713.9, 4905.7, 6196.4, 7017.2, 6165.9, 6124.6, 7069.4, 6886.1, 5944.9, 4124.6, 3264.4, 5413.1, 5091.8, 4413.6, 5250.3, 5074.1, 5042.8, 3154.0, 556.0]","[126, 144, 162, 180, 198, 216, 234, 252, 270, 288, 306, 324, 342, 360, 378, 396, 414, 432, 450, 468, 486, 504, 522, 540, 558, 576, 594, 612, 630, 648, 666, 684, 702, 720, 738, 756, 774, 792, 810, 828, 846, 864, 882, 900, 918, 936, 954, 972, 990]","[21.97895622895621, 22.78451178451179, 22.67728567728564, 21.053078865578946, 23.314021626521626, 23.720635845635872, 23.215892903393183, 22.347740222740224, 23.41140572390576, 22.001084563584588, 20.760619010619084, 20.670033670033714, 19.67921199171206, 19.70475589225592, 18.87503237503236, 19.8262755762756, 20.66665047915057, 19.626829189329204, 19.476350038850047, 18.98630536130541, 20.7047073297074, 20.543058793058822, 20.662085599585602, 21.782925407925422, 21.346267158767134, 20.662085599585634, 20.858084045584057, 22.100103600103644, 21.077020202020233, 19.916941854441884, 20.80751424501429, 22.6148018648019, 22.93465099715096, 23.38942307692308, 25.046862859362825, 26.12608456358454, 26.616161616161534, 24.75942113442116, 20.918673918673978, 20.01834045584049, 19.760003885003915, 18.573782698782676, 18.05374255374252, 17.125777000776978, 16.578412328412327, 15.795988733488693, 15.600103600103589, 15.604895104895085]",0,2.463,ok,roll_milp_b3
ebc681489dc09186,2026-10-03T00:47:16,roll,full_Region6_s0.1,milp,classical,4ca5e84684,"{""eps_tie"": 0.0, ""mip_heuristic_effort"": 0.3864458389180624, ""presolve"": ""off"", ""start"": ""lp""}",3.0,0,6.0,3.0,49,24.96930846930849,170212.0,170212.0,"[19.63165306915304, 19.148811836311808, 20.05089355089361, 20.963189588189643, 20.178240740740858, 21.95125938875944, 21.9883126133126, 23.47529785029786, 22.447018259518263, 21.596024346024333, 19.440559440559518, 18.11533605283614, 18.54786648536635, 19.034123284123588, 18.423044548044647, 18.328703703703734, 19.075223387723415, 20.107922170422075, 19.40365190365205, 18.057044807044775, 18.301265863765888, 18.929276741776768, 18.189215876715913, 17.52185314685312, 17.90073815073818, 18.075271950271958, 19.194104506604376, 19.619658119658077, 19.82957782957784, 19.601317663817625, 18.786340973840893, 18.84440559440561, 21.426573426573363, 21.441644004143942, 21.493476430976457, 22.917427479927493, 24.432854182854197, 24.976026288526267, 23.276369463869493, 20.577360139860126, 20.895282957782985, 20.071613571613547, 19.246568246568177, 18.079658767158772, 17.94852369852368, 16.646092333592346, 15.102078477078493, 14.35251554001552, 14.352143227143221]","[2.452, 2.453, 2.457, 2.452, 2.452, 2.452, 2.452, 2.452, 2.453, 2.463, 2.453, 2.453, 2.452, 2.453, 2.455, 2.453, 2.452, 2.453, 2.452, 2.452, 2.455, 2.452, 2.452, 2.452, 2.453, 2.453, 2.459, 2.452, 2.452, 2.452, 2.453, 2.453, 2.452, 2.452, 2.461, 2.453, 2.453, 2.452, 2.452, 2.452, 2.452, 2.452, 2.452, 2.454, 2.429, 2.452, 2.452, 2.454, 0.005]","[2139, 2199, 2205, 2353, 2316, 2140, 2014, 2021, 2068, 2060, 1948, 1907, 2038, 2166, 2139, 2042, 2132, 2251, 2234, 2062, 2028, 2132, 1998, 1928, 1977, 2001, 2134, 2234, 2211, 2095, 1994, 2086, 2253, 2277, 2286, 2420, 2495, 2563, 2333, 1856, 1859, 1967, 1876, 1803, 1661, 1539, 1506, 964, 220]","[6195.7, 8928.4, 5360.1, 6520.9, 6859.6, 4678.4, 6969.1, 5592.8, 6467.6, 5171.3, 5384.1, 3992.8, 4969.5, 5928.3, 5750.0, 4952.8, 5855.5, 6133.2, 6573.0, 5158.7, 4534.4, 5834.2, 6259.9, 5051.7, 5282.4, 6256.1, 5616.9, 6535.6, 6092.4, 6148.1, 5653.8, 4707.6, 5991.3, 7454.1, 5823.8, 5913.5, 6683.3, 6865.0, 6042.8, 4336.5, 3586.2, 5635.0, 5080.7, 5152.5, 4969.2, 5586.9, 4243.7, 2022.0, 140.0]","[126, 144, 162, 180, 198, 216, 234, 252, 270, 288, 306, 324, 342, 360, 378, 396, 414, 432, 450, 468, 486, 504, 522, 540, 558, 576, 594, 612, 630, 648, 666, 684, 702, 720, 738, 756, 774, 792, 810, 828, 846, 864, 882, 900, 918, 936, 954, 972, 990]","[19.139083139083166, 20.04937192437192, 20.963189588189643, 20.178240740740858, 21.918625356125375, 21.987794612794662, 23.444039756539723, 22.447018259518266, 21.596024346024326, 19.440559440559518, 18.11533605283614, 18.547866485366345, 19.032083657083675, 18.421150608650905, 18.31682206682203, 19.075223387723415, 20.107922170422075, 19.403651903652058, 18.046425796425805, 18.28886622636623, 18.927641802641826, 18.17718855218854, 17.52185314685312, 17.88937451437452, 18.058825433825483, 19.185719373219367, 19.619658119658077, 19.828428515928472, 19.601317663817625, 18.786340973840893, 18.844405594405607, 21.425310800310704, 21.441644004143942, 21.49347643097646, 22.917427479927493, 24.432854182854197, 24.969308469308494, 23.276369463869486, 20.577360139860126, 20.895282957782985, 20.071613571613547, 19.243152680652678, 18.07156500906502, 17.94852369852368, 16.640005827505817, 15.101220538720552, 14.35251554001552, 14.352143227143221]",0,2.463,ok,roll_milp_b3
ab6c6ba60967d272,2026-10-03T00:49:12,roll,full_Region6_s0.2,milp,classical,4ca5e84684,"{""eps_tie"": 0.0, ""mip_heuristic_effort"": 0.3864458389180624, ""presolve"": ""off"", ""start"": ""lp""}",3.0,0,6.0,3.0,49,25.763160450660624,170217.0,170217.0,"[20.581925019425118, 21.345862470862496, 21.391786454286464, 22.200271950271986, 20.65410515410523, 22.872021497021564, 22.924404299404287, 24.81188487438493, 24.126845376845385, 23.77866809116798, 22.248753561253537, 19.85879629629631, 19.707653457653446, 20.66854441854445, 20.505293317793342, 20.262221574721572, 20.99834887334885, 21.5982905982907, 20.659188034187952, 19.92176573426577, 19.60180328930331, 19.526061901061954, 19.63621794871791, 21.87310606060606, 21.51549145299142, 21.26581520331527, 20.95825239575239, 21.067663817663856, 20.3126780626781, 20.381588319088298, 19.72562160062149, 20.575352887852958, 22.270331520331567, 22.66172947422946, 24.29704092204093, 24.69552900802901, 25.766430328930355, 25.712817275317228, 23.64957264957262, 20.953833203833234, 21.225718725718718, 21.62041893291893, 21.664934602434617, 20.68013468013464, 19.525430587930586, 18.227645040145084, 17.374643874643844, 16.962347837347814, 16.96234783734781]","[2.452, 2.452, 2.452, 2.454, 2.457, 2.452, 2.452, 2.455, 2.46, 2.453, 0.12, 2.456, 2.452, 2.453, 2.452, 2.456, 2.452, 2.453, 2.453, 2.453, 2.453, 2.453, 2.456, 2.452, 2.454, 2.454, 2.452, 2.454, 2.452, 2.452, 2.452, 2.458, 2.453, 2.452, 2.455, 2.457, 2.453, 2.453, 2.453, 2.477, 2.463, 2.452, 2.453, 2.454, 2.455, 2.461, 2.453, 2.452, 0.028]","[2243, 2421, 2447, 2412, 2240, 2178, 2142, 2079, 2266, 2381, 2177, 1994, 2110, 2318, 2266, 2186, 2317, 2438, 2395, 2281, 2231, 2254, 2191, 2228, 2312, 2311, 2353, 2447, 2458, 2268, 2116, 2196, 2486, 2518, 2588, 2870, 2907, 2763, 2415, 2086, 2152, 2230, 2257, 2201, 1917, 1784, 1756, 1128, 266]","[6157.8, 8676.5, 6565.3, 5950.0, 6251.8, 3699.5, 6226.3, 5802.0, 5885.8, 5350.5, 5237.3, 3600.1, 4619.8, 5379.6, 6901.3, 5473.1, 5493.8, 6249.6, 6301.3, 4816.1, 5230.8, 5378.6, 5519.3, 5785.1, 6479.8, 5573.6, 5557.3, 5350.1, 6167.9, 5039.6, 5825.4, 5252.1, 6435.9, 7181.6, 6268.4, 7310.1, 6436.9, 6294.6, 5620.4, 4101.1, 4355.9, 5957.6, 6244.4, 5838.1, 4837.9, 4689.6, 4740.4, 3078.0, 543.0]","[126, 144, 162, 180, 198, 216, 234, 252, 270, 288, 306, 324, 342, 360, 378, 396, 414, 432, 450, 468, 486, 504, 522, 540, 558, 576, 594, 612, 630, 648, 666, 684, 702, 720, 738, 756, 774, 792, 810, 828, 846, 864, 882, 900, 918, 936, 954, 972, 990]","[21.341847966848064, 21.385732323232315, 22.200271950271986, 20.65410515410523, 22.8658216783217, 22.923141673141657, 24.757640507640534, 24.12684537684538, 23.75576275576282, 22.248753561253537, 19.85879629629631, 19.707653457653446, 20.666990416990537, 20.505293317793342, 20.26222157472158, 20.954351204351195, 21.59765928515926, 20.659188034187952, 19.92176573426577, 19.60180328930331, 19.51960308210308, 19.63621794871791, 21.87310606060606, 21.51549145299142, 21.259987697487723, 20.94183825433824, 21.066401191401226, 20.3126780626781, 20.38058469308471, 19.72562160062149, 20.558501683501657, 22.26550764050766, 22.66172947422946, 24.29704092204093, 24.695529008029006, 25.763160450660614, 25.71281727531723, 23.64957264957262, 20.953833203833238, 21.211538461538535, 21.617116679616736, 21.664934602434617, 20.670956358456383, 19.525430587930586, 18.227645040145084, 17.372636622636687, 16.962121212121183, 16.962347837347814]",0,2.477,ok,roll_milp_b3
f9ad2a5ff5499343,2026-10-03T00:51:09,roll,full_Region6_s0.3,milp,classical,4ca5e84684,"{""eps_tie"": 0.0, ""mip_heuristic_effort"": 0.3864458389180624, ""presolve"": ""off"", ""start"": ""lp""}",3.0,0,6.0,3.0,49,26.137108262108363,170191.0,170191.0,"[20.928515928515903, 20.387124449624466, 21.60360010360014, 22.93272468272474, 21.064620564620512, 21.242683242683267, 23.674711862211776, 22.737988862988775, 22.55260942760945, 21.869059181559166, 20.417637917637947, 18.841653716653756, 19.398196710696745, 19.501036001036024, 19.089630277130276, 19.449316886816945, 21.066287878786113, 20.70622895622899, 19.307530432530513, 18.54103535353537, 17.70585664335656, 17.69297138047138, 18.214241776741837, 19.695804195804207, 19.83158508158514, 19.36128917378918, 18.80586311836312, 19.201680264180265, 19.455516705516715, 19.772144522144522, 19.979312354312178, 19.431203056203085, 20.160159285159313, 20.8778328153328, 21.742861305361306, 24.711716524216573, 26.000890313390364, 26.14379370629369, 24.169321419321562, 21.93481287231285, 21.00101981351987, 20.93222286972293, 19.498850686350675, 18.418366355866322, 17.984459984459964, 17.04822261072265, 17.278927091426972, 16.635619010618992, 16.629759129759076]","[2.453, 2.461, 2.453, 2.453, 2.452, 2.453, 2.452, 2.454, 2.452, 2.454, 2.452, 2.452, 2.453, 2.453, 2.452, 2.453, 2.452, 2.453, 2.452, 2.452, 2.452, 2.452, 2.453, 2.453, 2.453, 2.453, 2.452, 2.452, 2.453, 2.453, 2.452, 2.452, 2.453, 2.452, 2.454, 2.454, 2.459, 2.465, 2.453, 2.452, 2.452, 2.452, 2.454, 2.452, 2.458, 2.457, 2.452, 2.452, 0.037]","[2330, 2369, 2309, 2454, 2287, 2139, 2136, 2029, 2235, 2372, 2168, 2047, 2109, 2264, 2183, 2022, 2187, 2264, 2142, 2099, 2001, 2034, 2065, 2074, 2209, 2191, 2124, 2147, 2158, 2098, 2030, 2128, 2304, 2357, 2442, 2757, 2905, 2757, 2462, 2068, 2047, 2107, 1989, 1860, 1713, 1676, 1676, 1084, 251]","[6160.7, 8749.5, 5049.2, 6429.0, 7243.7, 3769.4, 6081.2, 7177.9, 4963.7, 6070.4, 5288.2, 4887.9, 4833.7, 6225.4, 5711.2, 4946.9, 5999.7, 7322.4, 5172.1, 4773.9, 4890.6, 5052.4, 5630.1, 6459.9, 7101.6, 5848.4, 4904.1, 5601.9, 5953.6, 6222.4, 6166.1, 6000.8, 5312.6, 6196.3, 6476.1, 6468.8, 7660.6, 6792.3, 5849.1, 4039.8, 4404.6, 5246.3, 5544.1, 4369.8, 4865.5, 5501.3, 4827.0, 4080.0, 271.0]","[126, 144, 162, 180, 198, 216, 234, 252, 270, 288, 306, 324, 342, 360, 378, 396, 414, 432, 450, 468, 486, 504, 522, 540, 558, 576, 594, 612, 630, 648, 666, 684, 702, 720, 738, 756, 774, 792, 810, 828, 846, 864, 882, 900, 918, 936, 954, 972, 990]","[20.38221963221969, 21.590828153328147, 22.93272468272474, 21.064620564620512, 21.22965229215229, 23.668026418026244, 22.737988862988775, 22.55260942760945, 21.869059181559162, 20.417637917637947, 18.841653716653756, 19.398196710696745, 19.487373737373733, 19.089630277130276, 19.44297138047139, 21.06321225071232, 20.68677156176983, 19.307530432530513, 18.53546684796687, 17.700806138306138, 17.69297138047138, 18.21424177674184, 19.695253820253853, 19.83158508158514, 19.353195415695442, 18.80586311836312, 19.192809505309587, 19.455516705516715, 19.772144522144522, 19.979312354312178, 19.431203056203085, 20.160159285159313, 20.877832815332802, 21.742861305361302, 24.692599067599094, 26.000890313390364, 26.13710826210836, 24.169321419321562, 21.934812872312843, 20.972286972287044, 20.93222286972293, 19.485220797720807, 18.39026482776482, 17.975589225589182, 17.04822261072265, 17.27651515151515, 16.635619010618992, 16.629759129759076]",0,2.465,ok,roll_milp_b3
3f60edb9096c021e,2026-10-03T00:53:08,roll,full_Region7_s0,cpsat,classical,bfc872591a,"{""cp_model_presolve"": false, ""linearization_level"": 2, ""repair_hint"": false, ""start"": ""lp""}",3.0,0,6.0,3.0,49,27.740870240870212,170204.0,170204.0,"[21.827149702149764, 21.43633449883454, 23.329723517223606, 22.24932012432024, 22.852305102305138, 22.044191919192006, 23.042330354830444, 24.174938487438506, 26.204982517482538, 24.90719696969697, 22.674355736855752, 22.475799663299743, 21.808954933954997, 21.179827117327157, 22.371875809375886, 21.230283605283685, 24.024783087283076, 24.024783087283073, 21.400220150220214, 22.148148148148188, 20.97581585081583, 21.115077052577117, 20.113862988863026, 20.931931494431552, 24.718693343693367, 23.79763986013987, 25.809246309246266, 27.607501295001317, 27.740870240870212, 25.311026936026906, 22.437742812742872, 20.90010683760683, 21.923902486402564, 21.280885780885832, 22.222885910385934, 21.291618104118168, 19.782731157731224, 20.473258223258266, 21.842333592333617, 21.566287878787893, 23.093078218078233, 22.440413752913756, 21.38937451437455, 20.351366226366228, 19.270072520072546, 19.454594017094024, 19.563487438487467, 18.93432724682728, 18.859702797202832]","[0.425, 0.25, 2.656, 2.658, 2.667, 2.659, 2.659, 2.659, 2.66, 2.667, 2.657, 2.66, 2.75, 2.659, 2.659, 2.659, 0.039, 0.018, 2.73, 2.666, 2.66, 2.659, 2.662, 2.658, 2.662, 2.7, 2.658, 2.66, 2.661, 2.659, 2.659, 2.757, 2.659, 2.674, 2.658, 2.758, 2.733, 2.66, 2.66, 2.66, 2.66, 2.695, 2.659, 2.659, 2.661, 2.659, 2.657, 2.656, 0.006]","[3096, 3238, 3212, 3177, 3145, 3100, 3118, 3366, 3790, 3595, 3107, 3093, 3115, 3089, 3074, 2977, 3069, 3327, 3381, 3356, 3178, 2964, 2907, 2921, 3218, 3349, 3493, 3895, 3912, 3528, 3192, 3074, 3076, 3076, 3037, 2957, 2766, 2825, 3210, 3451, 3518, 3326, 2900, 2703, 2586, 2636, 2767, 1818, 416]","[6209.7, 8748.4, 4852.2, 6849.9, 4578.7, 6117.4, 4928.2, 6177.9, 6787.7, 6993.4, 3959.1, 4142.9, 5527.6, 4920.4, 5225.1, 6715.9, 4481.6, 6470.4, 4955.1, 4640.8, 6153.6, 4368.3, 5436.1, 4835.8, 6385.6, 8044.3, 4339.1, 6416.8, 6754.5, 6061.3, 3931.0, 4342.8, 4119.5, 6443.3, 4910.0, 6658.7, 4654.5, 4290.2, 5907.0, 7139.7, 5660.5, 7011.2, 4872.0, 5107.7, 4825.4, 4900.2, 5695.9, 3696.0, 127.0]","[126, 144, 162, 180, 198, 216, 234, 252, 270, 288, 306, 324, 342, 360, 378, 396, 414, 432, 450, 468, 486, 504, 522, 540, 558, 576, 594, 612, 630, 648, 666, 684, 702, 720, 738, 756, 774, 792, 810, 828, 846, 864, 882, 900, 918, 936, 954, 972, 990]","[21.43633449883454, 23.327052577052626, 22.246535871535883, 22.8511557886559, 22.044191919192006, 23.040468790468875, 24.174938487438503, 26.19878269878271, 24.90719696969697, 22.672947422947452, 22.475799663299735, 21.808954933954997, 21.173740611240653, 22.36946386946387, 21.230283605283685, 24.00351269101272, 24.024783087283073, 21.39887658637666, 22.144700207200298, 20.975815850815827, 21.11378205128204, 20.113862988863026, 20.928920616420648, 24.710049210049316, 23.79763986013987, 25.77463739963744, 27.59833916083909, 27.740870240870212, 25.311026936026902, 22.437143874643894, 20.90010683760683, 21.918738668738666, 21.280885780885832, 22.220732970732985, 21.291618104118168, 19.778716653716682, 20.47032828282835, 21.83776871276875, 21.562726625226656, 23.093078218078233, 22.440413752913756, 21.388629888629886, 20.347027972028012, 19.266317016317018, 19.453817016317043, 19.556138306138337, 18.93432724682728, 18.85970279720283]",0,2.758,ok,roll_cpsat_b3
aa7f21cf8741fb06,2026-10-03T00:55:14,roll,full_Region7_s0.1,cpsat,classical,bfc872591a,"{""cp_model_presolve"": false, ""linearization_level"": 2, ""repair_hint"": false, ""start"": ""lp""}",3.0,0,6.0,3.0,49,27.04547073297076,170214.0,170214.0,"[21.73054260554271, 21.843110593110637, 22.11599974099982, 21.31946063196068, 20.5627751877752, 20.459709272209288, 21.441579254079258, 21.138953638953634, 25.74177674177674, 24.780999093499076, 22.751392126392204, 22.517045454545478, 21.793544418544453, 21.08597189847193, 20.488782051282023, 20.105850168350177, 21.96466265216262, 21.754338254338304, 20.92179810929811, 22.219502719502756, 21.98073685573678, 20.576923076923116, 20.710907148407134, 21.15072196322194, 21.770558145558233, 21.88283475783483, 27.080516705516633, 26.835259647759656, 26.502929940429972, 25.037441724941555, 22.421296296296326, 20.18073361823369, 22.208074333074364, 20.76325757575761, 22.415614478114474, 21.17043835793844, 18.995775058275097, 20.04878917378928, 21.009226884226866, 21.446435508935515, 22.757591945091878, 22.02280821030817, 20.525349650349657, 19.01222157472155, 18.054114866614903, 17.0626618751619, 17.5221121471122, 17.49783087283092, 17.492634680134692]","[2.658, 2.66, 2.684, 2.658, 2.657, 2.658, 2.659, 2.659, 2.658, 2.659, 2.658, 2.657, 2.673, 2.689, 2.658, 2.742, 2.657, 2.661, 2.658, 2.679, 2.657, 2.658, 2.658, 2.669, 2.702, 2.692, 2.657, 2.663, 2.678, 2.66, 2.659, 2.658, 1.249, 2.659, 2.658, 2.662, 2.659, 2.656, 2.659, 2.661, 2.663, 2.659, 2.688, 2.692, 2.659, 2.658, 2.658, 1.47, 0.009]","[3191, 3391, 3274, 3145, 3000, 2894, 3005, 3181, 3545, 3668, 3271, 3151, 3192, 3163, 3067, 2869, 3023, 3323, 3274, 3253, 3167, 2963, 3044, 3045, 3089, 3251, 3660, 3994, 3853, 3601, 3165, 2909, 2944, 2941, 2938, 2846, 2577, 2656, 3028, 3248, 3376, 3203, 2820, 2614, 2497, 2498, 2572, 1754, 443]","[6210.8, 8865.5, 5801.3, 6034.0, 4916.8, 5359.5, 5478.3, 6253.0, 5423.8, 7986.5, 4711.3, 4133.0, 5505.8, 4861.5, 5061.3, 5331.0, 5160.8, 7355.5, 5518.3, 4269.0, 6698.8, 5590.5, 4364.3, 5733.0, 6265.8, 6650.5, 5360.3, 7661.0, 5688.8, 5654.5, 4384.3, 3532.0, 4030.8, 6704.5, 3985.3, 6322.0, 3819.8, 4079.5, 6257.3, 6928.0, 6105.8, 7176.5, 5103.3, 4029.0, 4421.8, 4687.5, 4605.3, 4045.0, 678.0]","[126, 144, 162, 180, 198, 216, 234, 252, 270, 288, 306, 324, 342, 360, 378, 396, 414, 432, 450, 468, 486, 504, 522, 540, 558, 576, 594, 612, 630, 648, 666, 684, 702, 720, 738, 756, 774, 792, 810, 828, 846, 864, 882, 900, 918, 936, 954, 972, 990]","[21.843110593110637, 22.115999740999822, 21.319460631960684, 20.56214387464391, 20.459709272209288, 21.43537943537945, 21.138953638953637, 25.720878658378698, 24.780367780367815, 22.751392126392204, 22.515378140378214, 21.791763791763813, 21.08381895881868, 20.485738798238856, 20.1017223517224, 21.940349002848965, 21.753188940688943, 20.9205678580679, 22.219502719502756, 21.98073685573678, 20.576923076923112, 20.710389147889167, 21.150236337736356, 21.769748769748823, 21.878642191142234, 27.045470732970756, 26.831471768971642, 26.498883061383026, 25.037441724941555, 22.419175731675733, 20.18073361823369, 22.18442437192437, 20.76325757575761, 22.409527972028, 21.170438357938437, 18.98819930069929, 20.036680911680943, 21.009226884226866, 21.445512820512832, 22.7570739445739, 22.02280821030817, 20.525349650349657, 19.012221574721554, 18.054114866614903, 17.0626618751619, 17.519068894068894, 17.49783087283092, 17.49263468013469]",0,2.742,ok,roll_cpsat_b3
59eede6590bbb2e9,2026-10-03T00:57:14,roll,full_Region7_s0.2,cpsat,classical,bfc872591a,"{""cp_model_presolve"": false, ""linearization_level"": 2, ""repair_hint"": false, ""start"": ""lp""}",3.0,0,6.0,3.0,49,27.13862988862997,170213.0,170213.0,"[22.90918803418811, 23.197698135198205, 23.221574721574818, 22.06390831390836, 21.728276353276367, 21.703104765604852, 23.092220279720348, 23.451842139342116, 26.478357290857307, 24.962736337736356, 22.76186544936547, 22.763905076405084, 21.691368816368882, 20.33399702149701, 19.690947940947986, 20.1084401709402, 21.90611240611243, 21.61344211344218, 21.189928127428214, 21.388451825951773, 21.017207329707343, 20.536599974100042, 19.37859362859366, 19.931607744107755, 21.997296684796595, 21.81771238021241, 26.026806526806507, 26.788591038591115, 27.14334045584049, 25.510440947940936, 22.57192113442114, 20.915112665112712, 20.866550116550105, 20.08134226884229, 21.914238539238536, 21.91423853923854, 19.472303159803158, 21.032990157990177, 21.208673271173293, 21.748510748510743, 23.38471250971255, 22.36957718207719, 21.250518000517992, 19.47244884744886, 18.67024410774417, 18.02047720797727, 17.63921263921264, 17.00385262885261, 16.972885910385905]","[2.671, 2.661, 2.658, 2.662, 2.676, 2.659, 2.659, 2.742, 2.659, 2.662, 2.658, 2.659, 2.66, 2.659, 2.679, 2.664, 2.682, 2.658, 2.675, 2.666, 0.392, 2.66, 2.672, 2.66, 2.659, 2.659, 2.659, 2.663, 2.659, 2.659, 2.658, 2.659, 2.695, 2.658, 0.239, 0.02, 2.659, 2.661, 2.659, 2.764, 2.708, 2.659, 2.659, 2.658, 2.659, 2.658, 2.658, 2.012, 0.006]","[3221, 3547, 3469, 3296, 3117, 3033, 3150, 3420, 3716, 3691, 3245, 3109, 3175, 3094, 2888, 2794, 3110, 3292, 3292, 3347, 3154, 2967, 2890, 2859, 3185, 3311, 3564, 4035, 4033, 3566, 3194, 3125, 3103, 3065, 3101, 3080, 2796, 2896, 3238, 3445, 3595, 3403, 2927, 2646, 2603, 2709, 2722, 1767, 426]","[6161.7, 8702.4, 6272.2, 5828.9, 4355.6, 5565.4, 5797.1, 6736.9, 5969.6, 7584.4, 4368.1, 4121.8, 5746.6, 4575.3, 4552.1, 5161.8, 5732.6, 7183.3, 5231.0, 5290.8, 5837.5, 4905.3, 5414.0, 4650.8, 6256.5, 7718.2, 5440.0, 7614.7, 6546.5, 6449.2, 3530.9, 4435.7, 3905.4, 5881.2, 4358.9, 6600.7, 4709.4, 4263.1, 6450.9, 6108.6, 6288.4, 7361.1, 4789.9, 4722.6, 3822.3, 5367.1, 5320.8, 3259.0, 253.0]","[126, 144, 162, 180, 198, 216, 234, 252, 270, 288, 306, 324, 342, 360, 378, 396, 414, 432, 450, 468, 486, 504, 522, 540, 558, 576, 594, 612, 630, 648, 666, 684, 702, 720, 738, 756, 774, 792, 810, 828, 846, 864, 882, 900, 918, 936, 954, 972, 990]","[23.197552447552415, 23.221574721574818, 22.06390831390836, 21.728276353276367, 21.70310476560485, 23.079415954416, 23.442599067599073, 26.478357290857307, 24.962736337736356, 22.76186544936547, 22.758708883708934, 21.691368816368882, 20.33399702149701, 19.690947940947982, 20.103616291116353, 21.90611240611243, 21.61306980056986, 21.189928127428214, 21.379354441854517, 21.017207329707343, 20.53659997410001, 19.37859362859366, 19.93149443149445, 21.994739057239062, 21.81771238021241, 26.00516381766388, 26.788591038591115, 27.13862988862997, 25.5063940688941, 22.57180782180781, 20.91511266511271, 20.856449106449123, 20.077554390054384, 21.89227207977213, 21.91423853923854, 19.472303159803158, 21.02853859103859, 21.208673271173293, 21.748510748510743, 23.384712509712553, 22.369463869463825, 21.250518000517992, 19.47244884744886, 18.67024410774417, 18.02047720797727, 17.639212639212637, 17.00385262885261, 16.972885910385905]",0,2.764,ok,roll_cpsat_b3
9ff821a5509cf175,2026-10-03T00:59:09,roll,full_Region7_s0.3,cpsat,classical,bfc872591a,"{""cp_model_presolve"": false, ""linearization_level"": 2, ""repair_hint"": false, ""start"": ""lp""}",3.0,0,6.0,3.0,49,25.958721833721835,170205.0,170205.0,"[20.424987049987067, 20.424987049987063, 21.494107744107826, 21.453007640507717, 20.74766899766905, 20.200968013468092, 23.41444897694904, 23.101803289303287, 24.507591945091878, 22.955597643097654, 21.162603600103647, 22.835712898213004, 21.969713157213214, 20.94748769748724, 19.967398342398386, 19.95766964516971, 21.250145687645798, 21.30702861952868, 20.940575628075713, 21.508368945868988, 20.768793706293756, 20.008385133385193, 19.645541958041967, 19.160062160062164, 21.96807821807824, 22.127800440300465, 24.933145558145583, 25.969373219373203, 25.466410903910898, 24.061803936803962, 22.400203962704, 20.746552059052057, 22.287781662781665, 21.879678192178215, 21.005924630924667, 20.311269748769778, 19.46658896658899, 19.6708592333593, 20.28446322196323, 20.500210437710436, 21.815446127946093, 21.521772209272207, 20.970765345765397, 19.577263014763012, 18.361936674436677, 18.080290080290098, 20.26919839419843, 20.26919839419843, 18.10241841491844]","[0.046, 0.022, 2.661, 0.213, 2.732, 2.68, 2.661, 2.673, 2.669, 2.661, 2.665, 2.658, 2.741, 2.677, 2.659, 2.659, 2.659, 2.661, 2.711, 2.658, 2.82, 2.745, 2.667, 2.658, 2.659, 2.773, 2.659, 2.661, 2.659, 2.659, 2.669, 2.713, 2.708, 2.683, 2.657, 2.722, 2.66, 2.658, 2.658, 2.657, 2.678, 2.661, 2.658, 2.66, 2.666, 2.657, 0.016, 0.011, 0.007]","[2967, 3146, 3185, 3142, 2972, 2911, 3058, 3251, 3560, 3482, 2997, 3004, 3107, 3011, 2886, 2813, 2981, 3183, 3193, 3284, 3216, 2913, 2853, 2753, 2934, 3201, 3459, 3872, 3940, 3645, 3175, 2942, 3006, 3061, 2973, 2792, 2615, 2711, 2930, 3116, 3356, 3262, 2783, 2560, 2475, 2498, 2669, 1803, 435]","[6207.6, 8724.4, 5892.1, 7482.8, 5603.6, 5476.3, 5225.0, 7538.8, 5741.5, 6651.3, 4319.0, 4060.7, 6211.5, 4452.2, 4836.9, 5078.7, 5030.4, 6662.2, 5629.9, 5273.6, 6379.4, 4868.1, 4985.8, 5161.6, 4933.3, 7054.0, 5269.8, 7249.5, 7058.3, 5590.0, 4785.7, 4523.5, 4241.2, 5924.9, 5362.7, 4884.4, 5107.1, 4606.9, 6022.6, 6605.4, 6137.1, 6855.8, 5437.6, 5126.3, 4320.0, 4187.8, 5261.5, 4714.0, 245.0]","[126, 144, 162, 180, 198, 216, 234, 252, 270, 288, 306, 324, 342, 360, 378, 396, 414, 432, 450, 468, 486, 504, 522, 540, 558, 576, 594, 612, 630, 648, 666, 684, 702, 720, 738, 756, 774, 792, 810, 828, 846, 864, 882, 900, 918, 936, 954, 972, 990]","[20.424987049987063, 21.493039368039422, 21.453007640507717, 20.747668997669045, 20.200968013468096, 23.399605024605076, 23.101544289044302, 24.50176443926445, 22.942825692825647, 21.15591815591822, 22.833932271432268, 21.969713157213214, 20.947487697487233, 19.960308210308284, 19.957151644651688, 21.249595312095373, 21.30639730639736, 20.937240999741004, 21.50480769230774, 20.768793706293756, 20.008385133385193, 19.64554195804197, 19.16006216006216, 21.965407277907275, 22.12780044030046, 24.931996244496236, 25.958721833721842, 25.466410903910898, 24.060395622897524, 22.394635457135497, 20.743363118363124, 22.27638565138569, 21.879046879046882, 21.004548692048658, 20.311269748769785, 19.46658896658899, 19.6654040404041, 20.28446322196323, 20.50021043771043, 21.808582621082664, 21.521772209272207, 20.9707653457654, 19.57611370111367, 18.354992229992224, 18.080290080290094, 20.224504662004684, 20.26919839419843, 18.10241841491844]",0,2.82,ok,roll_cpsat_b3
755c41b191fd0f0d,2026-10-03T01:01:17,roll,full_Region6_s0,cpsat,classical,bfc872591a,"{""cp_model_presolve"": false, ""linearization_level"": 2, ""repair_hint"": false, ""start"": ""lp""}",3.0,0,6.0,3.0,49,26.64107420357417,170207.0,170207.0,"[21.94416925666927, 21.962137399637395, 22.829950142450226, 22.695221445221556, 21.075239575239586, 23.308080808080884, 23.73831261331269, 23.148390960891053, 22.313956876456928, 23.38586182336185, 22.02054195804197, 20.7734718984719, 20.664125226625092, 19.68437580937577, 19.732825045325033, 18.888435638435613, 19.79998704998705, 20.665128852628897, 19.592592592592606, 19.457637270137337, 18.984929422429406, 20.7047073297074, 20.530545843045694, 20.61771561771564, 21.799744237244262, 21.354474229474263, 20.660563973064, 20.85960567210566, 22.102887852887886, 21.077020202020233, 19.918609168609194, 20.80751424501429, 22.615578865578833, 22.908589096088978, 23.3870435120435, 25.06089743589744, 26.131879694379666, 26.64107420357417, 24.797445609945623, 20.94221056721064, 20.02000777000779, 19.790371665371698, 18.5830257705258, 18.06599650349648, 17.131054131054128, 16.57020525770522, 15.837088837088903, 15.619819994819977, 15.619819994819974]","[2.678, 2.659, 2.658, 2.663, 2.682, 2.656, 2.657, 2.675, 2.695, 2.66, 2.657, 2.657, 2.042, 2.66, 2.658, 2.66, 2.66, 2.693, 2.687, 2.659, 2.683, 2.656, 2.677, 2.689, 2.66, 2.662, 2.662, 2.657, 2.657, 2.667, 2.657, 2.656, 2.659, 2.659, 2.719, 2.706, 2.677, 2.668, 2.671, 2.664, 2.655, 2.659, 2.671, 2.67, 2.66, 2.658, 2.659, 2.657, 0.008]","[2356, 2478, 2529, 2540, 2332, 2222, 2215, 2089, 2094, 2240, 2203, 2106, 2213, 2263, 2175, 2083, 2181, 2355, 2322, 2289, 2250, 2251, 2293, 2200, 2202, 2238, 2211, 2276, 2346, 2277, 2214, 2213, 2415, 2555, 2580, 2760, 2860, 2801, 2443, 2003, 1983, 2057, 1971, 1935, 1854, 1703, 1654, 1126, 287]","[6161.7, 8897.4, 5807.2, 6012.9, 5509.6, 3823.4, 6611.1, 5749.9, 5162.6, 5229.4, 6182.1, 4190.8, 5029.6, 5514.3, 4932.1, 5738.8, 4992.5, 6349.3, 6544.0, 4985.8, 6010.5, 5403.3, 6676.0, 5897.7, 5703.5, 6487.2, 5327.0, 5166.7, 5971.5, 6872.2, 4707.9, 4891.7, 6203.4, 7046.2, 6179.9, 6122.6, 7019.4, 6871.1, 5994.9, 4109.6, 3270.4, 5449.1, 5031.8, 4405.6, 5253.3, 5122.1, 5001.8, 3081.0, 599.0]","[126, 144, 162, 180, 198, 216, 234, 252, 270, 288, 306, 324, 342, 360, 378, 396, 414, 432, 450, 468, 486, 504, 522, 540, 558, 576, 594, 612, 630, 648, 666, 684, 702, 720, 738, 756, 774, 792, 810, 828, 846, 864, 882, 900, 918, 936, 954, 972, 990]","[21.962137399637395, 22.820561383061314, 22.694104506604464, 21.07256863506862, 23.301508676508686, 23.73831261331269, 23.14839096089105, 22.313956876456928, 23.38244625744629, 22.01842139342138, 20.769570707070717, 20.664125226625092, 19.68437580937577, 19.730413105413156, 18.888435638435613, 19.79984136234135, 20.665128852628893, 19.592592592592606, 19.457378269878276, 18.984929422429406, 20.7047073297074, 20.520558145558116, 20.61771561771564, 21.799744237244262, 21.354474229474263, 20.660563973064, 20.85960567210566, 22.097691660191682, 21.077020202020233, 19.91642385392375, 20.80751424501429, 22.6148018648019, 22.908589096088974, 23.383482258482307, 25.05960243460242, 26.130908443408448, 26.641074203574178, 24.797445609945626, 20.94221056721064, 20.010764698264687, 19.790080290080304, 18.5830257705258, 18.06599650349648, 17.125777000776978, 16.56538137788136, 15.837088837088903, 15.61517417767422, 15.619819994819975]",0,2.719,ok,roll_cpsat_b3
9572fc9c700d05e0,2026-10-03T01:03:22,roll,full_Region6_s0.1,cpsat,classical,bfc872591a,"{""cp_model_presolve"": false, ""linearization_level"": 2, ""repair_hint"": false, ""start"": ""lp""}",3.0,0,6.0,3.0,49,24.98716329966335,170212.0,170212.0,"[19.628496503496518, 19.116436803936853, 20.056462056462045, 20.96798109298122, 20.184812872312897, 21.95556526806529, 21.997927997927963, 23.426330613830675, 22.395412457912443, 21.624870499870514, 19.396707459207473, 18.06034706034702, 18.494221056721056, 18.98934861434871, 18.40281015281025, 18.295551670551706, 19.05168673918669, 20.083640896140864, 19.3693829318832, 18.098662911162922, 18.321354571354604, 18.944832944832985, 18.19148212898215, 17.534511784511775, 17.871665371665358, 18.047057109557144, 19.170049857549827, 19.61876780626779, 19.828201890701887, 19.601317663817625, 18.78711797461798, 18.857695545195423, 21.419887982387987, 21.44212962962957, 21.44565850815849, 22.921474358974386, 24.410725848225873, 24.98879823879828, 23.29318829318832, 20.59391996891999, 20.900187775187753, 20.076809764309765, 19.24909349909352, 18.081067081067037, 17.954351204351223, 16.646092333592346, 15.191741129241146, 14.439798627298645, 14.4327084952085]","[2.705, 2.714, 2.657, 2.659, 2.659, 2.658, 2.687, 2.659, 2.699, 2.701, 2.657, 2.682, 2.659, 2.697, 2.657, 2.669, 2.694, 2.661, 2.66, 2.657, 2.656, 2.72, 2.675, 2.687, 2.657, 2.737, 2.689, 2.663, 2.66, 2.664, 2.662, 2.657, 2.264, 2.661, 2.659, 2.677, 2.655, 2.686, 2.698, 2.657, 1.863, 2.657, 2.657, 2.658, 2.665, 2.696, 2.667, 0.767, 0.006]","[2139, 2199, 2205, 2353, 2316, 2140, 2014, 2021, 2068, 2060, 1948, 1907, 2038, 2166, 2139, 2042, 2132, 2251, 2234, 2062, 2028, 2132, 1998, 1928, 1977, 2001, 2134, 2234, 2211, 2095, 1994, 2086, 2253, 2277, 2286, 2420, 2495, 2563, 2333, 1856, 1859, 1967, 1876, 1803, 1661, 1539, 1506, 964, 220]","[6195.7, 8930.4, 5332.1, 6497.9, 6855.6, 4694.4, 6953.1, 5577.8, 6563.6, 5185.3, 5363.1, 4029.8, 5036.5, 6035.3, 5793.0, 4983.8, 5870.5, 6164.2, 6587.0, 5125.7, 4514.4, 5780.2, 6247.9, 5047.7, 5324.4, 6278.1, 5639.9, 6558.6, 6098.4, 6144.1, 5651.8, 4727.6, 5993.3, 7458.1, 5843.8, 5922.5, 6678.3, 6835.0, 6023.8, 4332.5, 3578.2, 5627.0, 5043.7, 5151.5, 4968.2, 5585.9, 4305.7, 1974.0, 135.0]","[126, 144, 162, 180, 198, 216, 234, 252, 270, 288, 306, 324, 342, 360, 378, 396, 414, 432, 450, 468, 486, 504, 522, 540, 558, 576, 594, 612, 630, 648, 666, 684, 702, 720, 738, 756, 774, 792, 810, 828, 846, 864, 882, 900, 918, 936, 954, 972, 990]","[19.116064491064506, 20.056462056462045, 20.96634615384617, 20.184812872312893, 21.92849974099977, 21.994512432012453, 23.42633061383058, 22.39374514374518, 21.62446581196582, 19.396707459207477, 18.0504726754727, 18.494221056721056, 18.98934861434871, 18.400657213157267, 18.295551670551706, 19.043333980834014, 20.081860269360288, 19.3693829318832, 18.098662911162922, 18.317566692566704, 18.944832944832985, 18.191482128982145, 17.533362470862432, 17.86962574462577, 18.047057109557144, 19.167524605024614, 19.618767806267787, 19.821743071742944, 19.601317663817625, 18.786340973840893, 18.844405594405607, 21.400398212898118, 21.441644004143942, 21.441239316239347, 22.917427479927493, 24.410725848225876, 24.98716329966335, 23.29318829318832, 20.592026029525982, 20.895282957782985, 20.076809764309765, 19.24909349909352, 18.078428515928447, 17.954351204351223, 16.645315332815255, 15.190883190883204, 14.439798627298646, 14.432708495208498]",0,2.737,ok,roll_cpsat_b3
aa904bbd7a7dbab8,2026-10-03T01:05:27,roll,full_Region6_s0.2,cpsat,classical,bfc872591a,"{""cp_model_presolve"": false, ""linearization_level"": 2, ""repair_hint"": false, ""start"": ""lp""}",3.0,0,6.0,3.0,49,25.691287878787893,170217.0,170217.0,"[20.549549987050092, 21.320577570577488, 21.400770525770586, 22.19734200984212, 20.689491064491136, 22.883417508417544, 22.95488539238538, 24.78433372183373, 24.114704739704745, 23.77562483812489, 21.904137529137508, 19.57158119658118, 19.65515734265731, 20.62589031339043, 20.463642838642897, 20.250566563066595, 20.950789950790004, 21.59650997151002, 20.654509842009787, 19.9069541569542, 19.63354700854703, 19.529849779849826, 19.647581585081472, 21.87789756539758, 21.52737308987312, 21.248883061383275, 20.94373219373226, 21.06640119140123, 20.297121859621893, 20.388937451437414, 19.74166342916341, 20.57368557368566, 22.255439005439094, 22.66172947422946, 24.312969437969436, 24.662522662522665, 25.691465941465918, 25.66462703962707, 23.63616938616938, 20.971024346024357, 21.23547979797986, 21.617116679616736, 21.639131701631698, 20.667508417508458, 19.47583203833209, 18.21398277648279, 17.29459660709662, 16.946451696451714, 16.92997280497278]","[2.696, 2.7, 2.663, 2.668, 2.673, 2.68, 2.657, 2.691, 2.662, 2.702, 0.16, 2.669, 2.706, 2.659, 2.66, 2.661, 2.658, 2.657, 2.657, 2.659, 2.657, 2.658, 2.658, 2.68, 2.659, 2.658, 2.672, 2.709, 2.658, 2.662, 2.659, 2.683, 2.659, 2.658, 2.703, 2.727, 2.695, 2.661, 2.664, 2.657, 2.658, 2.656, 2.66, 2.66, 2.655, 2.658, 2.664, 1.707, 0.012]","[2243, 2421, 2447, 2412, 2240, 2178, 2142, 2079, 2266, 2381, 2177, 1994, 2110, 2318, 2266, 2186, 2317, 2438, 2395, 2281, 2231, 2254, 2191, 2228, 2312, 2311, 2353, 2447, 2458, 2268, 2116, 2196, 2486, 2518, 2588, 2870, 2907, 2763, 2415, 2086, 2152, 2230, 2257, 2201, 1917, 1784, 1756, 1128, 266]","[6157.8, 8676.5, 6582.3, 5954.0, 6327.8, 3685.5, 6211.3, 5733.0, 5912.8, 5323.5, 5111.3, 3601.1, 4671.8, 5490.6, 6969.3, 5503.1, 5499.8, 6268.6, 6306.3, 4825.1, 5272.8, 5315.6, 5488.3, 5776.1, 6462.8, 5635.6, 5561.3, 5356.1, 6174.9, 5022.6, 5814.4, 5241.1, 6411.9, 7176.6, 6269.4, 7302.1, 6421.9, 6289.6, 5710.4, 4150.1, 4335.9, 6041.6, 6304.4, 5843.1, 4842.9, 4697.6, 4707.4, 3037.0, 534.0]","[126, 144, 162, 180, 198, 216, 234, 252, 270, 288, 306, 324, 342, 360, 378, 396, 414, 432, 450, 468, 486, 504, 522, 540, 558, 576, 594, 612, 630, 648, 666, 684, 702, 720, 738, 756, 774, 792, 810, 828, 846, 864, 882, 900, 918, 936, 954, 972, 990]","[21.319428256928244, 21.400770525770582, 22.192550505050534, 20.68949106449114, 22.8658216783217, 22.95488539238538, 24.762950012950036, 24.11470473970475, 23.770169645169705, 21.904137529137508, 19.570690883190892, 19.65515734265731, 20.62589031339043, 20.46014633514636, 20.250566563066595, 20.94904169904171, 21.59650997151002, 20.654509842009787, 19.9069541569542, 19.633547008547026, 19.528069153069172, 19.647581585081472, 21.87310606060606, 21.52737308987312, 21.248883061383275, 20.94373219373226, 21.066401191401226, 20.297121859621893, 20.386897824397824, 19.74166342916341, 20.57368557368566, 22.252509065009136, 22.66172947422946, 24.312969437969436, 24.662522662522665, 25.69128787878789, 25.66462703962707, 23.63616938616938, 20.96597384097387, 21.22724035224035, 21.617116679616736, 21.639131701631698, 20.667508417508454, 19.47505503755503, 18.21398277648279, 17.29459660709662, 16.946451696451714, 16.929972804972778]",0,2.727,ok,roll_cpsat_b3
24b9a8755800c560,2026-10-03T01:07:32,roll,full_Region6_s0.3,cpsat,classical,bfc872591a,"{""cp_model_presolve"": false, ""linearization_level"": 2, ""repair_hint"": false, ""start"": ""lp""}",3.0,0,6.0,3.0,49,26.12040274540285,170191.0,170191.0,"[20.91020784770791, 20.347578347578274, 21.58058145558149, 22.926557239057345, 21.04954998705003, 21.23499417249423, 23.63085988085994, 22.67149054649047, 22.528700466200522, 21.844146594146682, 20.415743978243974, 18.803564491064503, 19.488862988862977, 19.595376845376872, 19.121632996633032, 19.496212121212128, 21.070820383320388, 20.732177544677644, 19.307530432530513, 18.542783605283645, 17.72345247345249, 17.691077441077475, 18.21019489769488, 19.695804195804207, 19.82386363636368, 19.339792152292144, 18.761978761978735, 19.19280950530959, 19.455516705516715, 19.772144522144522, 19.975038850038835, 19.431203056203085, 20.166213416213417, 20.889228826728843, 21.741339678839662, 24.681494431494418, 25.920211732711696, 26.12040274540286, 24.16805879305894, 21.890038202538133, 20.969502719502724, 20.91198847448854, 19.4844437969438, 18.418366355866322, 17.984459984459964, 17.06768000518001, 17.264228826728836, 16.633174695674672, 16.629759129759076]","[2.657, 2.661, 2.687, 2.658, 2.657, 2.657, 2.658, 2.658, 2.657, 2.656, 2.657, 2.684, 2.656, 2.659, 2.661, 2.658, 2.657, 2.704, 2.67, 2.672, 2.672, 2.672, 2.657, 2.659, 2.662, 2.66, 2.661, 2.673, 2.667, 2.657, 1.224, 2.692, 2.656, 2.672, 2.695, 2.659, 2.663, 2.661, 2.671, 2.661, 2.655, 2.658, 2.675, 2.657, 2.656, 2.658, 2.657, 0.785, 0.008]","[2330, 2369, 2309, 2454, 2287, 2139, 2136, 2029, 2235, 2372, 2168, 2047, 2109, 2264, 2183, 2022, 2187, 2264, 2142, 2099, 2001, 2034, 2065, 2074, 2209, 2191, 2124, 2147, 2158, 2098, 2030, 2128, 2304, 2357, 2442, 2757, 2905, 2757, 2462, 2068, 2047, 2107, 1989, 1860, 1713, 1676, 1676, 1084, 251]","[6160.7, 8742.5, 5023.2, 6475.0, 7253.7, 3768.4, 6045.2, 7135.9, 4981.7, 6075.4, 5282.2, 4887.9, 4833.7, 6277.4, 5729.2, 4853.9, 5959.7, 7283.4, 5106.1, 4793.9, 4884.6, 5048.4, 5667.1, 6481.9, 7072.6, 5840.4, 4898.1, 5602.9, 5997.6, 6217.4, 6171.1, 5998.8, 5314.6, 6186.3, 6502.1, 6480.8, 7678.6, 6795.3, 5816.1, 4012.8, 4409.6, 5249.3, 5574.1, 4448.8, 4837.5, 5499.3, 4929.0, 4039.0, 255.0]","[126, 144, 162, 180, 198, 216, 234, 252, 270, 288, 306, 324, 342, 360, 378, 396, 414, 432, 450, 468, 486, 504, 522, 540, 558, 576, 594, 612, 630, 648, 666, 684, 702, 720, 738, 756, 774, 792, 810, 828, 846, 864, 882, 900, 918, 936, 954, 972, 990]","[20.347578347578274, 21.580435767935818, 22.926557239057345, 21.04954998705003, 21.231028231028258, 23.62703962703964, 22.67149054649047, 22.52491258741261, 21.844146594146682, 20.415743978243974, 18.800893550893587, 19.4887496762497, 19.58817340067342, 19.121632996633032, 19.496212121212128, 21.064507252007235, 20.73217754467764, 19.307530432530513, 18.53546684796687, 17.72345247345249, 17.68989575239572, 18.210194897694883, 19.679956617456682, 19.81505762755764, 19.333964646464636, 18.759825822325816, 19.192809505309587, 19.455516705516715, 19.772144522144522, 19.95428645428635, 19.431203056203085, 20.16142191142194, 20.889228826728843, 21.72908572908573, 24.67856449106447, 25.918690106190112, 26.120402745402856, 24.168058793058936, 21.890038202538133, 20.965455840455835, 20.91198847448854, 19.483440170940177, 18.415582103082105, 17.98078541828536, 17.06768000518001, 17.257430069930056, 16.633174695674672, 16.629759129759076]",0,2.704,ok,roll_cpsat_b3
dd8a2994ad3bd926,2026-10-03T01:07:32,roll,full_Region7_s0,lp,classical,2f39b383fb,"{""lexi"": false}",3.0,0,6.0,3.0,49,28.10408572908572,170204.0,170204.0,"[21.905707718207744, 21.697568635068606, 23.32162975912984, 22.325984200984195, 22.893146205646318, 22.127169127169157, 23.204205516705606, 24.393615643615714, 26.48533411033426, 25.196937321937355, 22.862665112665113, 22.752250064750108, 21.9951437451438, 21.341961279461312, 22.493395493395532, 21.327813390313487, 23.350702538202558, 23.279153716653703, 21.299193861693816, 22.003609816109925, 20.932336182336293, 21.179050116550105, 20.92205710955716, 21.230251230251287, 24.977774540274538, 23.985172235172247, 25.920179357679352, 27.8221801346802, 28.108618233618284, 25.64387464387447, 22.65248640248644, 20.987697487697517, 21.956423206423274, 21.42568311318316, 22.306753431753513, 21.458511396011396, 19.703833203833263, 20.446338383838413, 21.957799145299173, 21.76406695156697, 23.15897759647764, 22.566352628852652, 21.416925666925664, 20.418609168609205, 19.344065656565633, 19.676168738668753, 19.66554972804977, 19.057773245273278, 19.18345312095315]","[0.028, 0.005, 0.004, 0.004, 0.004, 0.004, 0.004, 0.004, 0.004, 0.004, 0.003, 0.003, 0.003, 0.003, 0.003, 0.003, 0.004, 0.004, 0.003, 0.003, 0.003, 0.004, 0.004, 0.003, 0.003, 0.004, 0.004, 0.006, 0.005, 0.004, 0.003, 0.003, 0.004, 0.004, 0.004, 0.003, 0.004, 0.003, 0.005, 0.005, 0.004, 0.004, 0.003, 0.003, 0.003, 0.003, 0.003, 0.002, 0.001]","[3096, 3238, 3212, 3177, 3145, 3100, 3118, 3366, 3790, 3595, 3107, 3093, 3115, 3089, 3074, 2977, 3069, 3327, 3381, 3356, 3178, 2964, 2907, 2921, 3218, 3349, 3493, 3895, 3912, 3528, 3192, 3074, 3076, 3076, 3037, 2957, 2766, 2825, 3210, 3451, 3518, 3326, 2900, 2703, 2586, 2636, 2767, 1818, 416]","[6209.7, 8747.4, 4950.2, 7012.9, 4710.7, 6183.4, 4968.2, 6219.9, 6741.7, 6962.4, 4283.1, 4154.9, 5451.6, 4816.4, 5155.1, 6711.9, 4388.6, 6390.4, 6076.1, 4973.8, 6318.6, 4404.3, 5535.1, 4834.8, 6155.6, 7876.3, 4386.1, 6452.8, 6738.5, 6071.3, 4075.0, 4333.8, 4109.5, 6447.3, 4905.0, 6694.7, 4767.5, 4443.2, 5929.0, 7283.7, 5687.5, 6947.2, 4884.0, 5131.7, 4796.4, 4827.2, 5586.9, 3541.0, 135.0]","[126, 144, 162, 180, 198, 216, 234, 252, 270, 288, 306, 324, 342, 360, 378, 396, 414, 432, 450, 468, 486, 504, 522, 540, 558, 576, 594, 612, 630, 648, 666, 684, 702, 720, 738, 756, 774, 792, 810, 828, 846, 864, 882, 900, 918, 936, 954, 972, 990]","[21.697568635068606, 23.30492424242429, 22.32598420098419, 22.893146205646318, 22.127169127169157, 23.19425019425028, 24.370823620823668, 26.485334110334257, 25.18479668479669, 22.862665112665113, 22.752250064750104, 21.9951437451438, 21.307287619787665, 22.49339549339553, 21.327813390313487, 23.35070253820256, 23.279153716653703, 21.299193861693816, 21.998640248640342, 20.93233618233629, 21.158929033929024, 20.866809116809108, 21.189410126910175, 24.972432659932736, 23.98517223517225, 25.86797461797466, 27.822180134680202, 28.10408572908572, 25.634340196840245, 22.65248640248644, 20.95334757834757, 21.91061253561257, 21.425683113183165, 22.288898601398618, 21.458511396011392, 19.703833203833263, 20.442744755244767, 21.949851074851104, 21.727386039886078, 23.157828282828287, 22.566352628852655, 21.376570189070275, 20.418609168609205, 19.344065656565636, 19.670195545195554, 19.646059958559974, 19.057773245273278, 19.183453120953153]",0,0.028,ok,roll_lp_b3
d225669eec72cefe,2026-10-03T01:07:32,roll,full_Region7_s0.1,lp,classical,2f39b383fb,"{""lexi"": false}",3.0,0,6.0,3.0,49,27.135133385133408,170214.0,170214.0,"[21.83275058275052, 21.949624449624448, 22.171798109298134, 21.46552059052059, 20.70478826728833, 20.57517482517484, 21.755714193214256, 21.33966265216269, 26.244042994043085, 25.10538073038083, 22.83912846412845, 22.5626780626781, 21.953007640507664, 21.255795130795153, 20.643599456099487, 20.477936415436456, 21.609395234395272, 21.574786324786345, 20.814831002331072, 22.25663688163697, 22.021982646982654, 20.67341686091689, 20.828719891219897, 21.224488474488513, 21.840439652939708, 21.96314102564108, 27.247927997927885, 26.959595959595926, 27.109816109816116, 25.17454998704995, 22.440786065786114, 20.32541763791763, 22.176217301217324, 20.83179551929558, 22.59241452991452, 21.258093758093807, 19.26906889406887, 20.129386816886875, 21.23240416990421, 21.66126003626001, 23.00709013209015, 22.133708883708895, 20.64334045584047, 19.128949753949783, 18.188552188552205, 17.173708236208252, 17.714840714840726, 17.620354182854218, 17.599116161616173]","[0.002, 0.003, 0.004, 0.004, 0.003, 0.003, 0.004, 0.004, 0.004, 0.004, 0.004, 0.004, 0.004, 0.003, 0.003, 0.004, 0.003, 0.003, 0.003, 0.003, 0.004, 0.004, 0.003, 0.004, 0.004, 0.005, 0.004, 0.004, 0.004, 0.004, 0.004, 0.003, 0.003, 0.004, 0.003, 0.003, 0.003, 0.003, 0.004, 0.006, 0.004, 0.004, 0.004, 0.004, 0.003, 0.003, 0.003, 0.002, 0.001]","[3191, 3391, 3274, 3145, 3000, 2894, 3005, 3181, 3545, 3668, 3271, 3151, 3192, 3163, 3067, 2869, 3023, 3323, 3274, 3253, 3167, 2963, 3044, 3045, 3089, 3251, 3660, 3994, 3853, 3601, 3165, 2909, 2944, 2941, 2938, 2846, 2577, 2656, 3028, 3248, 3376, 3203, 2820, 2614, 2497, 2498, 2572, 1754, 443]","[6210.8, 8855.5, 5900.3, 6129.0, 5000.8, 5414.5, 5521.3, 6108.0, 5384.8, 7888.5, 4870.3, 4168.0, 5554.8, 4898.5, 5108.3, 5409.0, 5416.8, 7454.5, 5767.3, 4454.0, 6733.8, 5639.5, 4403.3, 5657.0, 6273.8, 6681.5, 5419.3, 7700.0, 5694.8, 5800.5, 4373.3, 3554.0, 4079.8, 6732.5, 3992.3, 6174.0, 3872.8, 4035.5, 6211.3, 6953.0, 6138.8, 7191.5, 5073.3, 4153.0, 4360.8, 4709.5, 4625.3, 3996.0, 648.0]","[126, 144, 162, 180, 198, 216, 234, 252, 270, 288, 306, 324, 342, 360, 378, 396, 414, 432, 450, 468, 486, 504, 522, 540, 558, 576, 594, 612, 630, 648, 666, 684, 702, 720, 738, 756, 774, 792, 810, 828, 846, 864, 882, 900, 918, 936, 954, 972, 990]","[21.949624449624448, 22.171798109298134, 21.465520590520594, 20.66409285159289, 20.57517482517484, 21.755714193214263, 21.335955710955705, 26.05714193214198, 25.074268324268353, 22.83912846412845, 22.562678062678106, 21.95300764050766, 21.25579513079515, 20.62069412069424, 20.459709272209288, 21.609395234395276, 21.57478632478634, 20.814831002331072, 22.25663688163697, 22.021982646982654, 20.673416860916895, 20.828719891219897, 21.210534835534837, 21.840439652939708, 21.96314102564108, 27.135133385133408, 26.955484330484317, 27.091621341621288, 25.17454998704995, 22.440786065786117, 20.321225071225122, 22.176217301217324, 20.83179551929558, 22.57192113442108, 21.258093758093807, 19.192550505050512, 20.093968531468565, 21.194055944056046, 21.659333721833743, 23.007090132090145, 22.13170163170166, 20.62844794094797, 19.123381248381264, 18.145299145299145, 17.173708236208256, 17.714840714840722, 17.620354182854218, 17.599116161616173]",0,0.006,ok,roll_lp_b3
12c38559a7d5de39,2026-10-03T01:07:33,roll,full_Region7_s0.2,lp,classical,2f39b383fb,"{""lexi"": false}",3.0,0,6.0,3.0,49,28.182352369852378,170213.0,170213.0,"[23.060962185962218, 23.321597384097487, 23.349294224294326, 22.187467624967674, 21.937823750323833, 21.76507057757066, 23.21511590261595, 23.746632996632975, 26.75963157213158, 25.338950401450443, 23.0298497798498, 23.227110852110908, 21.885473322973404, 20.491080678580733, 19.849925537425584, 20.232339419839466, 22.033572908572932, 21.803936803936814, 21.344972157472167, 21.5584531209532, 21.24087024087031, 20.76905270655278, 19.566903004403034, 20.07465682465682, 22.12438487438488, 21.91762173012164, 26.23012173012174, 28.182352369852378, 27.684990934990925, 25.822876197876163, 22.60900673400673, 20.98264698264701, 20.923837736337724, 20.087056462056537, 22.1108035483035, 21.935557498057527, 20.209693084693182, 21.454610204610265, 21.52214452214457, 22.010813260813254, 23.464614089614034, 22.51957070707072, 21.35154428904432, 19.522613960113954, 18.7959563584564, 18.115854053354145, 17.783750971250996, 17.122847060347052, 17.075320512820504]","[0.002, 0.004, 0.003, 0.004, 0.004, 0.004, 0.004, 0.004, 0.004, 0.004, 0.004, 0.003, 0.003, 0.003, 0.003, 0.003, 0.004, 0.004, 0.003, 0.004, 0.004, 0.003, 0.003, 0.003, 0.004, 0.004, 0.004, 0.004, 0.004, 0.005, 0.003, 0.003, 0.003, 0.004, 0.004, 0.004, 0.003, 0.004, 0.004, 0.004, 0.005, 0.005, 0.003, 0.003, 0.003, 0.003, 0.003, 0.002, 0.001]","[3221, 3547, 3469, 3296, 3117, 3033, 3150, 3420, 3716, 3691, 3245, 3109, 3175, 3094, 2888, 2794, 3110, 3292, 3292, 3347, 3154, 2967, 2890, 2859, 3185, 3311, 3564, 4035, 4033, 3566, 3194, 3125, 3103, 3065, 3101, 3080, 2796, 2896, 3238, 3445, 3595, 3403, 2927, 2646, 2603, 2709, 2722, 1767, 426]","[6161.7, 8709.4, 6280.2, 5841.9, 4377.6, 5594.4, 5829.1, 6682.9, 5936.6, 7537.4, 4320.1, 4065.8, 5762.6, 4558.3, 4499.1, 5176.8, 5730.6, 6963.3, 5019.0, 5262.8, 5855.5, 4713.3, 5429.0, 4562.8, 6255.5, 7785.2, 5455.0, 7465.7, 6197.5, 6251.2, 3581.9, 4422.7, 3901.4, 5897.2, 4476.9, 6687.7, 4274.4, 4123.1, 6135.9, 5960.6, 6238.4, 7298.1, 4837.9, 4793.6, 3820.3, 5317.1, 5258.8, 3186.0, 278.0]","[126, 144, 162, 180, 198, 216, 234, 252, 270, 288, 306, 324, 342, 360, 378, 396, 414, 432, 450, 468, 486, 504, 522, 540, 558, 576, 594, 612, 630, 648, 666, 684, 702, 720, 738, 756, 774, 792, 810, 828, 846, 864, 882, 900, 918, 936, 954, 972, 990]","[23.321597384097487, 23.349294224294326, 22.187467624967677, 21.913914788914838, 21.76507057757066, 23.21511590261595, 23.653150090650122, 26.759631572131582, 25.318716006216025, 23.026693214193248, 23.227110852110908, 21.885473322973404, 20.46858003108006, 19.849925537425584, 20.219081844081906, 22.033572908572932, 21.799776612276588, 21.344972157472167, 21.514908702408743, 21.239380989381065, 20.74020655270661, 19.566903004403034, 20.07161357161359, 22.113506863506853, 21.91762173012164, 26.21000064750062, 28.182352369852378, 27.684990934990925, 25.81521950271954, 22.60900673400673, 20.98264698264701, 20.909689847189885, 20.087056462056537, 22.1108035483035, 21.92921199171198, 19.95388176638179, 21.436642061642054, 21.522144522144565, 22.010813260813254, 23.46286583786588, 22.51957070707072, 21.35065397565397, 19.522613960113958, 18.793803418803485, 18.115854053354145, 17.75887075887081, 17.122847060347052, 17.075320512820507]",0,0.005,ok,roll_lp_b3
b75396fb975f002c,2026-10-03T01:07:33,roll,full_Region7_s0.3,lp,classical,2f39b383fb,"{""lexi"": false}",3.0,0,6.0,3.0,49,26.156937969437998,170205.0,170205.0,"[20.446856384356426, 20.46327052577056, 21.618120305620366, 21.62558275058278, 20.862988862988924, 20.243217430717447, 23.60005503755505, 23.141122766122812, 24.694234006734003, 23.126197876197885, 21.231400543900588, 22.861548174048256, 22.17254273504282, 20.947601010101096, 20.004710567210513, 20.202975265475317, 21.541601916601984, 21.556300181300244, 21.155286842786907, 21.69564232064237, 20.911616161616212, 20.133433695933736, 19.73052641802648, 19.2940947940948, 22.09312678062682, 22.301670551670547, 25.145703833203854, 26.162506475006474, 25.78017353017352, 24.223161098162997, 22.642126392126393, 20.864688552188586, 22.390960890960894, 21.950773763273837, 21.2644392644393, 20.48502654752658, 19.56954156954159, 19.737503237503233, 20.505115255115292, 20.692534317534328, 22.08176314426315, 21.677334239834213, 21.122280497280524, 19.698669386169374, 18.532423594923593, 18.208899896399938, 20.26919839419843, 20.26919839419843, 18.208899896399917]","[0.003, 0.004, 0.005, 0.003, 0.003, 0.003, 0.003, 0.004, 0.005, 0.004, 0.003, 0.004, 0.004, 0.003, 0.003, 0.003, 0.003, 0.004, 0.003, 0.003, 0.003, 0.003, 0.004, 0.003, 0.003, 0.003, 0.004, 0.004, 0.005, 0.004, 0.003, 0.003, 0.003, 0.004, 0.004, 0.003, 0.003, 0.004, 0.004, 0.004, 0.004, 0.004, 0.003, 0.003, 0.003, 0.003, 0.003, 0.002, 0.001]","[2967, 3146, 3185, 3142, 2972, 2911, 3058, 3251, 3560, 3482, 2997, 3004, 3107, 3011, 2886, 2813, 2981, 3183, 3193, 3284, 3216, 2913, 2853, 2753, 2934, 3201, 3459, 3872, 3940, 3645, 3175, 2942, 3006, 3061, 2973, 2792, 2615, 2711, 2930, 3116, 3356, 3262, 2783, 2560, 2475, 2498, 2669, 1803, 435]","[6207.6, 8762.4, 5668.1, 7168.8, 5513.6, 5416.3, 5191.0, 7482.8, 5642.5, 6584.3, 4311.0, 4061.7, 6207.5, 4648.2, 4858.9, 5152.7, 5124.4, 6921.2, 5585.9, 5319.6, 6306.4, 4830.1, 4930.8, 5146.6, 4996.3, 7001.0, 5357.8, 7434.5, 6956.3, 5608.0, 4713.7, 4460.5, 4232.2, 5895.9, 5391.7, 4783.4, 5007.1, 4653.9, 5987.6, 6622.4, 6049.1, 6684.8, 5399.6, 5191.3, 4264.0, 4146.8, 5233.5, 4667.0, 237.0]","[126, 144, 162, 180, 198, 216, 234, 252, 270, 288, 306, 324, 342, 360, 378, 396, 414, 432, 450, 468, 486, 504, 522, 540, 558, 576, 594, 612, 630, 648, 666, 684, 702, 720, 738, 756, 774, 792, 810, 828, 846, 864, 882, 900, 918, 936, 954, 972, 990]","[20.463270525770557, 21.60649766899773, 21.62558275058278, 20.860236985236988, 20.238506863506927, 23.60005503755505, 23.141122766122816, 24.694234006734003, 23.116129241129187, 21.19917119917126, 22.837979150479146, 22.153198653198753, 20.947601010101096, 19.998624061124087, 20.202975265475317, 21.541601916601984, 21.552366614866667, 21.155286842786907, 21.69564232064237, 20.911616161616216, 20.13343369593374, 19.73052641802648, 19.291569541569572, 22.06339031339031, 22.285337347837412, 25.094761719761735, 26.156937969437998, 25.769441206941156, 24.223161098162997, 22.642126392126393, 20.864688552188586, 22.390960890960894, 21.950773763273837, 21.264439264439297, 20.485026547526584, 19.563196063196063, 19.718385780885782, 20.494755244755257, 20.674566174566202, 22.08176314426315, 21.67733423983421, 21.122280497280524, 19.698669386169374, 18.532423594923593, 18.182724682724697, 20.195917508417562, 20.26919839419843, 18.208899896399917]",0,0.005,ok,roll_lp_b3
fce7e5035ed9f918,2026-10-03T01:07:33,roll,full_Region6_s0,lp,classical,2f39b383fb,"{""lexi"": false}",3.0,0,6.0,3.0,49,26.855558793058712,170204.0,170207.0,"[22.139568764568764, 22.196225071225047, 23.10321160321156, 23.029704092204234, 21.331941206941263, 23.693424630924675, 24.685363247863155, 23.428111240611187, 22.533119658119602, 23.54305879305881, 22.18494237244238, 21.09421134421122, 21.085599585599656, 19.90331196581187, 19.903538591038647, 19.13655788655786, 20.071613571613582, 20.800456487956495, 19.94389406889408, 19.686415436415444, 19.385942760942804, 20.68725718725726, 21.339436026936095, 20.930215617715582, 22.465957653457696, 21.394829707329738, 20.905270655270687, 20.958770396270264, 22.275641025641043, 21.27836052836044, 20.38660644910633, 20.936496373996377, 22.74103211603208, 23.174566174566202, 23.530173530173542, 25.298918673918656, 26.52204739704739, 26.855558793058705, 24.954674954674953, 21.391527454027447, 20.449203574203477, 20.13194444444447, 18.822244884744773, 18.52088189588179, 17.363765863765863, 16.700110075110075, 15.915873478373522, 15.855056980056974, 15.629176379176396]","[0.002, 0.004, 0.003, 0.006, 0.006, 0.006, 0.007, 0.01, 0.003, 0.003, 0.003, 0.003, 0.004, 0.004, 0.003, 0.004, 0.003, 0.003, 0.003, 0.003, 0.003, 0.003, 0.003, 0.003, 0.003, 0.003, 0.003, 0.003, 0.003, 0.003, 0.003, 0.003, 0.003, 0.003, 0.003, 0.003, 0.004, 0.004, 0.003, 0.003, 0.003, 0.003, 0.003, 0.003, 0.003, 0.003, 0.003, 0.002, 0.001]","[2356, 2478, 2529, 2540, 2332, 2222, 2215, 2089, 2094, 2240, 2203, 2106, 2213, 2263, 2175, 2083, 2181, 2355, 2322, 2289, 2250, 2251, 2293, 2200, 2202, 2238, 2211, 2276, 2346, 2277, 2214, 2213, 2415, 2555, 2580, 2760, 2860, 2801, 2443, 2003, 1983, 2057, 1971, 1935, 1854, 1703, 1654, 1126, 287]","[6161.7, 8881.4, 5791.2, 6065.9, 5536.6, 3822.4, 6641.1, 5676.9, 5212.6, 5134.4, 6210.1, 4163.8, 5192.6, 5441.3, 4916.1, 5760.8, 5031.5, 6371.3, 6557.0, 5073.8, 5990.5, 5557.3, 6889.0, 5951.7, 5499.5, 6521.2, 5345.0, 5150.7, 5940.5, 6811.2, 4631.9, 4806.7, 6161.4, 6956.2, 6281.9, 6148.6, 7033.4, 6932.1, 5855.9, 4212.6, 3472.4, 5516.1, 4986.8, 4515.6, 5152.3, 5120.1, 5088.8, 3173.0, 568.0]","[126, 144, 162, 180, 198, 216, 234, 252, 270, 288, 306, 324, 342, 360, 378, 396, 414, 432, 450, 468, 486, 504, 522, 540, 558, 576, 594, 612, 630, 648, 666, 684, 702, 720, 738, 756, 774, 792, 810, 828, 846, 864, 882, 900, 918, 936, 954, 972, 990]","[22.135635198135216, 23.056429681429655, 23.009874384874546, 21.331941206941263, 23.623624061124058, 24.52292152292155, 23.40167702667707, 22.533119658119606, 23.536373348873365, 22.171943796943786, 21.022112147112157, 21.04917767417772, 19.90331196581187, 19.881151256151362, 19.13655788655786, 20.060476560476555, 20.798416860916905, 19.934909997410056, 19.686415436415444, 19.385942760942804, 20.68725718725726, 21.339436026936095, 20.930215617715582, 22.465957653457696, 21.394829707329738, 20.905270655270684, 20.95687645687641, 22.275641025641043, 21.27836052836044, 20.38660644910633, 20.936496373996377, 22.7274831649835, 23.174566174566205, 23.530173530173535, 25.29891867391866, 26.48220991970984, 26.85555879305871, 24.954674954674953, 21.391527454027443, 20.449203574203477, 20.112195674695688, 18.805086117586125, 18.52088189588179, 17.340892903392948, 16.700110075110075, 15.876295001294974, 15.855056980056972, 15.629176379176396]",0,0.01,ok,roll_lp_b3
3b528c57e812f6df,2026-10-03T01:07:33,roll,full_Region6_s0.1,lp,classical,2f39b383fb,"{""lexi"": false}",3.0,0,6.0,3.0,49,25.156873219373285,170210.0,170212.0,"[19.729037166537196, 19.39845571095575, 20.318359880859894, 21.15996503496506, 20.283200595700617, 22.128431753431805, 22.128431753431805, 23.64701502201495, 22.634437321937327, 22.001084563584484, 19.25569800569803, 18.46451696451698, 18.64180264180265, 19.167929292928584, 18.58328477078477, 18.55937580937583, 19.216232841232838, 20.173675861175816, 19.521383708883736, 18.218175343175393, 19.07444638694649, 19.2901936026938, 18.431769619269655, 17.74810606060608, 18.33438552188555, 18.27620758870764, 19.38961732711731, 19.76597707847706, 19.935055685055563, 19.727920227920283, 19.25741388241382, 19.358100233100263, 21.87284706034704, 21.75195868945867, 21.93099261849256, 23.11509324009327, 24.552253302253238, 25.156873219373285, 23.442113442113428, 20.65473646723645, 21.178192178192226, 20.301654364154338, 19.517822455322495, 18.18631831131833, 18.38228438228432, 18.891899766899694, 15.232727920227891, 14.51261007511006, 14.51123413623413]","[0.002, 0.003, 0.003, 0.003, 0.003, 0.003, 0.003, 0.003, 0.004, 0.003, 0.003, 0.003, 0.002, 0.003, 0.003, 0.004, 0.003, 0.004, 0.003, 0.003, 0.003, 0.004, 0.004, 0.003, 0.003, 0.003, 0.003, 0.004, 0.003, 0.003, 0.003, 0.003, 0.003, 0.003, 0.003, 0.003, 0.003, 0.004, 0.004, 0.003, 0.003, 0.003, 0.003, 0.003, 0.003, 0.003, 0.003, 0.002, 0.001]","[2139, 2199, 2205, 2353, 2316, 2140, 2014, 2021, 2068, 2060, 1948, 1907, 2038, 2166, 2139, 2042, 2132, 2251, 2234, 2062, 2028, 2132, 1998, 1928, 1977, 2001, 2134, 2234, 2211, 2095, 1994, 2086, 2253, 2277, 2286, 2420, 2495, 2563, 2333, 1856, 1859, 1967, 1876, 1803, 1661, 1539, 1506, 964, 220]","[6195.7, 8851.4, 5313.1, 6360.9, 6966.6, 4751.4, 6951.1, 5597.8, 6594.6, 5170.3, 5188.1, 4103.8, 5189.5, 5967.3, 5732.0, 4918.8, 5843.5, 6220.2, 6519.0, 5048.7, 4518.4, 5732.2, 6066.9, 4978.7, 5266.4, 6171.1, 5579.9, 6460.6, 6075.4, 6076.1, 5648.8, 4812.6, 5946.3, 7363.1, 5886.8, 5971.5, 6793.3, 6878.0, 6034.8, 4371.5, 3673.2, 5712.0, 5058.7, 5246.5, 5045.2, 5400.9, 4353.7, 2066.0, 114.0]","[126, 144, 162, 180, 198, 216, 234, 252, 270, 288, 306, 324, 342, 360, 378, 396, 414, 432, 450, 468, 486, 504, 522, 540, 558, 576, 594, 612, 630, 648, 666, 684, 702, 720, 738, 756, 774, 792, 810, 828, 846, 864, 882, 900, 918, 936, 954, 972, 990]","[19.398455710955755, 20.313163688163637, 21.159965034965065, 20.283200595700617, 22.102483164983216, 22.128431753431805, 23.623510748510743, 22.634437321937334, 21.96581196581196, 19.25569800569803, 18.439976689976717, 18.64180264180265, 19.167929292928577, 18.581504144004143, 18.51887464387466, 19.180555555555568, 20.173675861175816, 19.512286324786306, 18.218175343175393, 19.020574333074357, 19.2901936026938, 18.43087930587924, 17.74810606060608, 18.228422040922048, 18.25675019425018, 19.3779623154623, 19.76597707847706, 19.93505568505556, 19.727920227920283, 19.257154882154865, 19.240336052835993, 21.63675213675216, 21.75195868945868, 21.88558663558661, 23.081309893809856, 24.550213675213705, 25.156873219373285, 23.38385457135462, 20.65473646723645, 21.060168997669045, 20.301654364154338, 19.517822455322495, 18.18631831131833, 18.38228438228432, 18.83742877492879, 15.217948717948731, 14.512610075110063, 14.51123413623413]",0,0.004,ok,roll_lp_b3
cd45c41daf9ba466,2026-10-03T01:07:33,roll,full_Region6_s0.2,lp,classical,2f39b383fb,"{""lexi"": false}",3.0,0,6.0,3.0,49,25.95875420875424,170217.0,170217.0,"[20.716734654234752, 21.61169386169387, 21.626505439005477, 22.38275382025385, 20.845279720279795, 23.06415112665117, 23.37802706552715, 25.00691206941207, 24.52139989639992, 24.144295519295476, 22.377476689976685, 20.1114510489511, 20.03203509453515, 21.013128075628117, 20.688519813519825, 20.37627881377881, 21.168058793058844, 22.320496632996576, 20.917038979538994, 20.128156565656553, 19.729296166796168, 19.739542864542894, 19.85236985236984, 22.178289303289176, 22.079723517223623, 21.55897112147119, 20.989769489769476, 21.31021756021761, 20.546506734006726, 20.874417249417135, 19.955112017611984, 20.619868557368534, 22.698669386169428, 23.01529720279715, 24.4902551152552, 25.050650738150715, 25.98306785806779, 25.91872248122247, 24.215957653457682, 21.144263144263228, 21.447406759906738, 21.817340067340073, 21.897241647241643, 20.88655788655761, 19.740773115773113, 18.28430134680136, 17.54487179487179, 16.962121212121183, 16.946451696451668]","[0.002, 0.005, 0.003, 0.003, 0.003, 0.003, 0.003, 0.004, 0.004, 0.003, 0.003, 0.003, 0.003, 0.004, 0.003, 0.003, 0.003, 0.004, 0.003, 0.003, 0.003, 0.003, 0.003, 0.003, 0.003, 0.003, 0.003, 0.003, 0.004, 0.003, 0.005, 0.003, 0.003, 0.003, 0.003, 0.004, 0.004, 0.004, 0.004, 0.003, 0.003, 0.003, 0.003, 0.003, 0.003, 0.002, 0.003, 0.002, 0.001]","[2243, 2421, 2447, 2412, 2240, 2178, 2142, 2079, 2266, 2381, 2177, 1994, 2110, 2318, 2266, 2186, 2317, 2438, 2395, 2281, 2231, 2254, 2191, 2228, 2312, 2311, 2353, 2447, 2458, 2268, 2116, 2196, 2486, 2518, 2588, 2870, 2907, 2763, 2415, 2086, 2152, 2230, 2257, 2201, 1917, 1784, 1756, 1128, 266]","[6157.8, 8627.5, 6392.3, 5930.0, 6181.8, 3666.5, 6136.3, 5748.0, 5895.8, 5326.5, 5091.3, 3538.1, 4616.8, 5299.6, 6699.3, 5381.1, 5494.8, 6159.6, 6365.3, 4874.1, 5316.8, 5328.6, 5371.3, 5759.1, 6383.8, 5697.6, 5653.3, 5455.1, 6154.9, 4907.6, 5796.4, 5346.1, 6462.9, 7260.6, 6314.4, 7232.1, 6260.9, 6253.6, 5680.4, 4231.1, 4386.9, 6027.6, 6163.4, 5806.1, 4694.9, 4881.6, 4798.4, 3090.0, 552.0]","[126, 144, 162, 180, 198, 216, 234, 252, 270, 288, 306, 324, 342, 360, 378, 396, 414, 432, 450, 468, 486, 504, 522, 540, 558, 576, 594, 612, 630, 648, 666, 684, 702, 720, 738, 756, 774, 792, 810, 828, 846, 864, 882, 900, 918, 936, 954, 972, 990]","[21.611693861693865, 21.62650543900546, 22.38275382025385, 20.845279720279795, 22.9337606837607, 23.37802706552715, 24.95682789432792, 24.52139989639992, 24.144295519295476, 22.377476689976685, 20.1114510489511, 19.975977725977668, 21.01212444962444, 20.672073297073258, 20.32277907277908, 21.083851333851346, 22.062937062937046, 20.917038979538994, 20.124109686609657, 19.67757705257703, 19.73954286454289, 19.82174307174303, 22.168269230769283, 22.079723517223623, 21.51568570318571, 20.989769489769476, 21.30516705516709, 20.546506734006726, 20.83380277130279, 19.955112017611984, 20.60580160580159, 22.638079513079564, 23.000663688163698, 24.4902551152552, 24.98107679357685, 25.95875420875424, 25.91872248122247, 24.210939523439524, 21.090423465423473, 21.430587930587954, 21.817340067340073, 21.897241647241643, 20.886557886557615, 19.713820901320883, 18.28430134680136, 17.54487179487179, 16.962121212121183, 16.94645169645167]",0,0.005,ok,roll_lp_b3
dc20a2d37f6dc95a,2026-10-03T01:07:34,roll,full_Region6_s0.3,lp,classical,2f39b383fb,"{""lexi"": false}",3.0,0,6.0,3.0,49,26.331471768971877,170190.0,170191.0,"[21.100006475006502, 20.663979538979596, 21.81607744107745, 22.958818958818963, 21.196386946386976, 21.367618492618558, 23.916148666148725, 22.956034706034732, 22.672089484589574, 21.973128723128784, 20.767790080290133, 18.941158378658432, 20.3422364672365, 19.847659285159345, 19.23546361046359, 19.623785936285966, 21.3078056203056, 20.841297591297607, 19.388095700595695, 18.73324592074597, 17.959320771820813, 17.99800893550897, 18.389892514892562, 19.798465423465476, 19.99070836570839, 19.540096477596553, 19.085583398083397, 19.86812030562033, 19.651482776482798, 19.869042994043014, 20.065300440300458, 19.617278554778547, 20.32975589225581, 21.163639601139597, 21.93028036778035, 24.951113701113595, 26.270881895881885, 26.331471768971873, 24.513791763791748, 22.316223128723124, 21.150462962963, 21.136056073556105, 19.608262108262117, 18.583624708624743, 18.21877428127426, 17.298271173271196, 17.3750161875162, 16.772953897953784, 16.64505633255628]","[0.002, 0.003, 0.004, 0.003, 0.003, 0.003, 0.004, 0.004, 0.003, 0.004, 0.003, 0.003, 0.004, 0.003, 0.003, 0.003, 0.003, 0.004, 0.003, 0.004, 0.003, 0.003, 0.003, 0.003, 0.005, 0.004, 0.003, 0.003, 0.003, 0.004, 0.004, 0.004, 0.003, 0.003, 0.004, 0.003, 0.004, 0.003, 0.003, 0.003, 0.003, 0.003, 0.003, 0.003, 0.003, 0.003, 0.003, 0.002, 0.001]","[2330, 2369, 2309, 2454, 2287, 2139, 2136, 2029, 2235, 2372, 2168, 2047, 2109, 2264, 2183, 2022, 2187, 2264, 2142, 2099, 2001, 2034, 2065, 2074, 2209, 2191, 2124, 2147, 2158, 2098, 2030, 2128, 2304, 2357, 2442, 2757, 2905, 2757, 2462, 2068, 2047, 2107, 1989, 1860, 1713, 1676, 1676, 1084, 251]","[6160.7, 8758.5, 5280.2, 6589.0, 7347.7, 3804.4, 6125.2, 7256.9, 4988.7, 6041.4, 5227.2, 4898.9, 4783.7, 6091.4, 5759.2, 4970.9, 5955.7, 7343.4, 5081.1, 4714.9, 4818.6, 4984.4, 5713.1, 6435.9, 6996.6, 5864.4, 4998.1, 5593.9, 6048.6, 6229.4, 6198.1, 6067.8, 5377.6, 6270.3, 6509.1, 6551.8, 7724.6, 6672.3, 5782.1, 4098.8, 4529.6, 5339.3, 5615.1, 4385.8, 4941.5, 5485.3, 5016.0, 4025.0, 206.0]","[126, 144, 162, 180, 198, 216, 234, 252, 270, 288, 306, 324, 342, 360, 378, 396, 414, 432, 450, 468, 486, 504, 522, 540, 558, 576, 594, 612, 630, 648, 666, 684, 702, 720, 738, 756, 774, 792, 810, 828, 846, 864, 882, 900, 918, 936, 954, 972, 990]","[20.663979538979596, 21.77520396270397, 22.908961408961442, 21.144036519036646, 21.362049987050018, 23.91614866614873, 22.956034706034732, 22.672089484589574, 21.958867521367562, 20.759728697228727, 18.941158378658432, 20.3422364672365, 19.827538202538282, 19.233310670810695, 19.61951243201243, 21.28062678062683, 20.841297591297607, 19.387351074851075, 18.732242294742314, 17.95932077182081, 17.99760424760417, 18.389892514892562, 19.798465423465476, 19.990708365708386, 19.506345506345532, 19.078897953897943, 19.843434343434303, 19.6514827764828, 19.869042994043017, 20.06481481481471, 19.617278554778547, 20.273326210826205, 21.163639601139597, 21.879305879305885, 24.90344146594146, 26.267984330484335, 26.331471768971873, 24.503804066304017, 22.316223128723127, 21.10011978761972, 21.092204092204156, 19.608262108262117, 18.577942890442877, 18.2173659673659, 17.272063584563554, 17.361985236985248, 16.772953897953784, 16.645056332556276]",0,0.005,ok,roll_lp_b3
